troco_id,distancia_inicio_m,distancia_fim_m,comprimento_troco_m,altitude_inicio_m,altitude_fim_m,altitude_media_m,altitude_normalizada,declive_pct,distancia_inicio_km,subida_acumulada_m,zona_ordem,zona_limite_inferior_bpm,zona_limite_superior_bpm,zona_aberta,ritmo_previsto_s_km,previsao_valida,pouco_suporte,n_amostras_suporte,n_atividades_suporte,ritmo_previsto_mmss_km,tempo_troco_previsto_s
0,0.0,50.0,50.0,279.51320754716977,280.69875559294815,280.2090418227329,0.2802090418227329,2.371096091556751,0.0,1.1855480457783756,1,103,124,0,457.6689750573254,True,False,10,7,07:38/km,22.88344875286627
1,50.0,100.0,50.0,280.69875559294815,280.0,280.34127296136245,0.28034127296136246,-1.3975111858962919,0.05,1.1855480457783756,1,103,124,0,444.79062922090225,True,False,12,8,07:25/km,22.239531461045114
2,100.0,150.0,50.0,280.0,279.56000000000006,279.7533333333333,0.2797533333333333,-0.8799999999998818,0.1,1.1855480457783756,1,103,124,0,444.79062922090225,True,False,10,7,07:25/km,22.239531461045114
3,150.0,200.0,50.0,279.56000000000006,278.8,279.25333333333333,0.27925333333333335,-1.5200000000000955,0.15,1.1855480457783756,1,103,124,0,444.79062922090225,True,False,13,8,07:25/km,22.239531461045114
4,200.0,250.0,50.0,278.8,277.82019834710746,278.2726997245179,0.2782726997245179,-1.9596033057850946,0.2,1.1855480457783756,1,103,124,0,444.79062922090225,True,False,11,6,07:25/km,22.239531461045114
5,250.0,300.0,50.0,277.82019834710746,277.4131274131274,277.5896865247775,0.2775896865247775,-0.8141418679600747,0.25,1.1855480457783756,1,103,124,0,444.79062922090225,True,False,10,7,07:25/km,22.239531461045114
6,300.0,350.0,50.0,277.4131274131274,276.8948972224269,277.215191088827,0.277215191088827,-1.0364603814010707,0.3,1.1855480457783756,1,103,124,0,444.79062922090225,True,False,9,6,07:25/km,22.239531461045114
7,350.0,400.0,50.0,276.8948972224269,275.66014184397164,276.2507402071871,0.2762507402071871,-2.469510756910495,0.35,1.1855480457783756,1,103,124,0,444.79062922090225,True,False,10,6,07:25/km,22.239531461045114
8,400.0,450.0,50.0,275.66014184397164,274.4448093656067,275.10436358148735,0.2751043635814873,-2.4306649567298564,0.4,1.1855480457783756,1,103,124,0,444.79062922090225,True,False,10,6,07:25/km,22.239531461045114
9,450.0,500.0,50.0,274.4448093656067,273.0623216574282,273.6172159494311,0.2736172159494311,-2.7649754163570606,0.45,1.1855480457783756,1,103,124,0,444.79062922090225,True,False,10,7,07:25/km,22.239531461045114
10,500.0,550.0,50.0,273.0623216574282,274.1552000415266,273.6204074265502,0.2736204074265502,2.185756768196825,0.5,2.278426429876788,1,103,124,0,455.0622842634801,True,False,10,7,07:35/km,22.753114213174005
11,550.0,600.0,50.0,274.1552000415266,272.63671936339523,273.53466901883223,0.2735346690188322,-3.0369613562627364,0.55,2.278426429876788,1,103,124,0,444.79062922090225,True,False,10,7,07:25/km,22.239531461045114
12,600.0,650.0,50.0,272.63671936339523,270.6532351858668,271.7019411809002,0.2717019411809002,-3.966968355056906,0.6,2.278426429876788,1,103,124,0,444.79062922090225,True,False,14,5,07:25/km,22.239531461045114
13,650.0,700.0,50.0,270.6532351858668,268.7387692307692,269.5497870199976,0.2695497870199976,-3.828931910195138,0.65,2.278426429876788,1,103,124,0,444.79062922090225,True,False,14,5,07:25/km,22.239531461045114
14,700.0,750.0,50.0,268.7387692307692,268.76186440677964,268.73062755323775,0.26873062755323773,0.04619035202085797,0.7,2.301521605887217,1,103,124,0,444.79062922090225,True,False,11,7,07:25/km,22.239531461045114
15,750.0,800.0,50.0,268.76186440677964,268.79115942028983,268.7399209858348,0.26873992098583477,0.058590027020386515,0.75,2.3308166193974102,1,103,124,0,444.79062922090225,True,False,11,7,07:25/km,22.239531461045114
16,800.0,850.0,50.0,268.79115942028983,268.62350989412187,268.800214582705,0.268800214582705,-0.3352990523359267,0.8,2.3308166193974102,1,103,124,0,444.79062922090225,True,False,12,7,07:25/km,22.239531461045114
17,850.0,900.0,50.0,268.62350989412187,266.7224894256916,267.7673802864545,0.2677673802864545,-3.8020409368605215,0.85,2.3308166193974102,1,103,124,0,444.79062922090225,True,False,14,5,07:25/km,22.239531461045114
18,900.0,950.0,50.0,266.7224894256916,263.93837072215376,265.36460369983575,0.2653646036998358,-5.568237407075685,0.9,2.3308166193974102,1,103,124,0,445.621135209899,True,False,12,4,07:26/km,22.281056760494952
19,950.0,1000.0,50.0,263.93837072215376,260.8917087881512,262.42871696047916,0.26242871696047915,-6.093323868005086,0.95,2.3308166193974102,1,103,124,0,441.5777008966833,True,False,12,5,07:22/km,22.078885044834166
20,1000.0,1050.0,50.0,260.8917087881512,257.73974188708615,259.3136735217907,0.2593136735217907,-6.303933802130132,1.0,2.3308166193974102,1,103,124,0,441.5777008966833,True,False,13,5,07:22/km,22.078885044834166
21,1050.0,1100.0,50.0,257.73974188708615,254.55537852358717,256.1379989769628,0.2561379989769628,-6.368726726997977,1.05,2.3308166193974102,1,103,124,0,441.5777008966833,True,False,12,5,07:22/km,22.078885044834166
22,1100.0,1150.0,50.0,254.55537852358717,252.1565087815517,253.28916739032266,0.25328916739032264,-4.797739484070917,1.1,2.3308166193974102,1,103,124,0,440.74719490768655,True,False,16,5,07:21/km,22.03735974538433
23,1150.0,1200.0,50.0,252.1565087815517,250.99321637426902,251.42549281906528,0.2514254928190653,-2.326584814565365,1.15,2.3308166193974102,1,103,124,0,440.74719490768655,True,False,10,6,07:21/km,22.03735974538433
24,1200.0,1250.0,50.0,250.99321637426902,249.75774806053056,250.66200857374497,0.250662008573745,-2.470936627476931,1.2,2.3308166193974102,1,103,124,0,440.74719490768655,True,False,10,6,07:21/km,22.03735974538433
25,1250.0,1300.0,50.0,249.75774806053056,246.01916666666665,247.74391443805266,0.24774391443805266,-7.477162787727821,1.25,2.3308166193974102,1,103,124,0,445.2119047026893,True,False,10,5,07:25/km,22.260595235134463
26,1300.0,1350.0,50.0,246.01916666666665,244.34464944229086,245.18098542799996,0.24518098542799996,-3.3490344487515813,1.3,2.3308166193974102,1,103,124,0,440.74719490768655,True,False,11,6,07:21/km,22.03735974538433
27,1350.0,1400.0,50.0,244.34464944229086,242.22262393520458,243.28151818968539,0.24328151818968538,-4.244051014172555,1.35,2.3308166193974102,1,103,124,0,440.74719490768655,True,False,17,5,07:21/km,22.03735974538433
28,1400.0,1450.0,50.0,242.22262393520458,242.31451025746938,242.04596282741304,0.24204596282741303,0.18377264452959707,1.4,2.422702941662209,1,103,124,0,440.74719490768655,True,False,11,7,07:21/km,22.03735974538433
29,1450.0,1500.0,50.0,242.31451025746938,242.07882718274476,242.51285761909415,0.24251285761909414,-0.4713661494492385,1.45,2.422702941662209,1,103,124,0,440.74719490768655,True,False,11,7,07:21/km,22.03735974538433
30,1500.0,1550.0,50.0,242.07882718274476,236.80080262271395,239.65452051114653,0.23965452051114652,-10.55604912006163,1.5,2.422702941662209,1,103,124,0,445.33440926826313,True,True,3,3,07:25/km,22.266720463413154
31,1550.0,1600.0,50.0,236.80080262271395,231.61362847549412,234.06372535966878,0.23406372535966877,-10.374348294439642,1.55,2.422702941662209,1,103,124,0,445.33440926826313,True,True,3,3,07:25/km,22.266720463413154
32,1600.0,1650.0,50.0,231.61362847549412,229.13389961389962,230.11024943693727,0.23011024943693725,-4.9594577231890185,1.6,2.422702941662209,1,103,124,0,440.74719490768655,True,False,17,6,07:21/km,22.03735974538433
33,1650.0,1700.0,50.0,229.13389961389962,228.4199553475449,228.84696001663073,0.22884696001663074,-1.427888532709403,1.65,2.422702941662209,1,103,124,0,440.74719490768655,True,False,13,9,07:21/km,22.03735974538433
34,1700.0,1750.0,50.0,228.4199553475449,225.43093393583732,227.06936746817553,0.22706936746817552,-5.978042823415194,1.7,2.422702941662209,1,103,124,0,441.5777008966833,True,False,12,5,07:22/km,22.078885044834166
35,1750.0,1800.0,50.0,225.43093393583732,221.57105279182852,223.4616999120733,0.2234616999120733,-7.719762288017591,1.75,2.422702941662209,1,103,124,0,445.2119047026893,True,False,8,5,07:25/km,22.260595235134463
36,1800.0,1850.0,50.0,221.57105279182852,217.53601526978315,219.5193782710203,0.21951937827102028,-8.070075044090743,1.8,2.422702941662209,1,103,124,0,445.2119047026893,True,False,6,4,07:25/km,22.260595235134463
37,1850.0,1900.0,50.0,217.53601526978315,216.90282010071792,217.12098856942103,0.21712098856942103,-1.2663903381304635,1.85,2.422702941662209,1,103,124,0,440.74719490768655,True,False,17,11,07:21/km,22.03735974538433
38,1900.0,1950.0,50.0,216.90282010071792,215.69947267570097,216.28546749493796,0.21628546749493796,-2.4066948500338867,1.9,2.422702941662209,1,103,124,0,440.74719490768655,True,False,17,8,07:21/km,22.03735974538433
39,1950.0,2000.0,50.0,215.69947267570097,215.31644444444447,215.4369272136927,0.2154369272136927,-0.7660564625130064,1.95,2.422702941662209,1,103,124,0,500.91700064396474,True,False,16,10,08:21/km,25.045850032198235
40,2000.0,2050.0,50.0,215.31644444444447,214.01292058266208,215.00654032125996,0.21500654032125996,-2.60704772356479,2.0,2.422702941662209,1,103,124,0,500.91700064396474,True,False,19,9,08:21/km,25.045850032198235
41,2050.0,2100.0,50.0,214.01292058266208,209.56968450292442,211.64662691685882,0.21164662691685882,-8.886472159475318,2.05,2.422702941662209,1,103,124,0,501.03950520953856,True,False,5,5,08:21/km,25.051975260476926
42,2100.0,2150.0,50.0,209.56968450292442,207.5604485235021,208.4697651054249,0.2084697651054249,-4.018471958844657,2.1,2.422702941662209,1,103,124,0,500.91700064396474,True,False,21,7,08:21/km,25.045850032198235
43,2150.0,2200.0,50.0,207.5604485235021,206.7946368387477,207.11908004713828,0.20711908004713828,-1.531623369508793,2.15,2.422702941662209,1,103,124,0,500.91700064396474,True,False,19,11,08:21/km,25.045850032198235
44,2200.0,2250.0,50.0,206.7946368387477,207.20446153846152,206.89538745886375,0.20689538745886374,0.8196493994276466,2.2,2.832527641376032,1,103,124,0,500.91700064396474,True,False,14,8,08:21/km,25.045850032198235
45,2250.0,2300.0,50.0,207.20446153846152,204.4262117282971,206.26845467130386,0.20626845467130386,-5.55649962032885,2.25,2.832527641376032,1,103,124,0,500.91700064396474,True,False,17,5,08:21/km,25.045850032198235
46,2300.0,2350.0,50.0,204.4262117282971,201.6280254358574,202.7089469051687,0.2027089469051687,-5.5963725848793615,2.3,2.832527641376032,1,103,124,0,500.91700064396474,True,False,17,5,08:21/km,25.045850032198235
47,2350.0,2400.0,50.0,201.6280254358574,201.04000000000002,201.2998099466563,0.2012998099466563,-1.1760508717147786,2.35,2.832527641376032,1,103,124,0,500.91700064396474,True,False,17,10,08:21/km,25.045850032198235
48,2400.0,2450.0,50.0,201.04000000000002,199.92185087958168,200.53332694297694,0.20053332694297693,-2.2362982408366747,2.4,2.832527641376032,1,103,124,0,500.91700064396474,True,False,16,8,08:21/km,25.045850032198235
49,2450.0,2500.0,50.0,199.92185087958168,198.95999999999998,199.4018572699381,0.1994018572699381,-1.9237017591634071,2.45,2.832527641376032,1,103,124,0,500.91700064396474,True,False,19,9,08:21/km,25.045850032198235
50,2500.0,2550.0,50.0,198.95999999999998,199.74030291540848,199.22497068147848,0.19922497068147849,1.5606058308169963,2.5,3.6128305567845302,1,103,124,0,500.91700064396474,True,False,19,9,08:21/km,25.045850032198235
51,2550.0,2600.0,50.0,199.74030291540848,198.1050676269738,199.174584590811,0.199174584590811,-3.270470576869343,2.55,3.6128305567845302,1,103,124,0,500.91700064396474,True,False,20,9,08:21/km,25.045850032198235
52,2600.0,2650.0,50.0,198.1050676269738,197.08,197.46581527009278,0.19746581527009277,-2.0501352539475874,2.6,3.6128305567845302,1,103,124,0,500.91700064396474,True,False,18,8,08:21/km,25.045850032198235
53,2650.0,2700.0,50.0,197.08,196.4806092691112,196.80166009790275,0.19680166009790276,-1.198781461777628,2.65,3.6128305567845302,1,103,124,0,500.91700064396474,True,False,17,10,08:21/km,25.045850032198235
54,2700.0,2750.0,50.0,196.4806092691112,195.6911842105263,196.08747987296283,0.19608747987296282,-1.578850117169793,2.7,3.6128305567845302,1,103,124,0,500.91700064396474,True,False,18,10,08:21/km,25.045850032198235
55,2750.0,2800.0,50.0,195.6911842105263,195.57735849056607,195.47510633896061,0.19547510633896062,-0.22765143992046433,2.75,3.6128305567845302,1,103,124,0,500.91700064396474,True,False,17,10,08:21/km,25.045850032198235
56,2800.0,2850.0,50.0,195.57735849056607,198.2372311992478,196.8007595164189,0.1968007595164189,5.3197454173634355,2.8,6.272703265466248,1,103,124,0,546.482373179176,True,False,9,7,09:06/km,27.3241186589588
57,2850.0,2900.0,50.0,198.2372311992478,201.1311559303036,199.7075674656787,0.1997075674656787,5.787849462111637,2.85,9.166627996522067,1,103,124,0,546.2860550183931,True,False,7,6,09:06/km,27.314302750919655
58,2900.0,2950.0,50.0,201.1311559303036,203.697171669155,202.4531755722314,0.20245317557223141,5.13203147770281,2.9,11.732643735373472,1,103,124,0,546.482373179176,True,False,12,7,09:06/km,27.3241186589588
59,2950.0,3000.0,50.0,203.697171669155,205.6614376721763,204.72717385379062,0.2047271738537906,3.9285320060425875,2.95,13.696909738394766,1,103,124,0,544.3923991935687,True,False,13,7,09:04/km,27.219619959678436
60,3000.0,3050.0,50.0,205.6614376721763,207.0741077027009,206.37182238779067,0.20637182238779067,2.8253400610491894,3.0,15.10957976891936,1,103,124,0,544.0906861288028,True,False,16,10,09:04/km,27.204534306440138
61,3050.0,3100.0,50.0,207.0741077027009,208.4435563839702,207.76108730397178,0.20776108730397178,2.73889736253858,3.05,16.47902845018865,1,103,124,0,544.0906861288028,True,False,16,10,09:04/km,27.204534306440138
62,3100.0,3150.0,50.0,208.4435563839702,210.1547940635697,209.25556624510384,0.20925556624510383,3.4224753591990407,3.1,18.19026612978817,1,103,124,0,544.0906861288028,True,False,14,8,09:04/km,27.204534306440138
63,3150.0,3200.0,50.0,210.1547940635697,212.61657223652983,211.32451339528384,0.21132451339528385,4.923556345920247,3.15,20.652044302748294,1,103,124,0,550.227471559862,True,False,13,7,09:10/km,27.5113735779931
64,3200.0,3250.0,50.0,212.61657223652983,215.5855918678626,214.08698888343554,0.21408698888343553,5.938039262665541,3.2,23.621063934081064,1,103,124,0,551.3659231113801,True,False,7,6,09:11/km,27.568296155569005
65,3250.0,3300.0,50.0,215.5855918678626,218.96451573409132,217.2516802865964,0.21725168028659642,6.757847732457435,3.25,26.999987800309782,1,103,124,0,553.8653108242971,True,False,5,4,09:14/km,27.693265541214856
66,3300.0,3350.0,50.0,218.96451573409132,222.35944696716797,220.6762590043735,0.2206762590043735,6.789862466153295,3.3,30.39491903338643,1,103,124,0,553.8653108242971,True,False,6,4,09:14/km,27.693265541214856
67,3350.0,3400.0,50.0,222.35944696716797,225.66137094484347,224.01283050382506,0.22401283050382506,6.603847955351,3.35,33.69684301106193,1,103,124,0,558.5923109923934,True,False,6,4,09:19/km,27.929615549619673
68,3400.0,3450.0,50.0,225.66137094484347,229.20568425460505,227.43116811859454,0.22743116811859454,7.088626619523154,3.4,37.24115632082351,1,103,124,0,561.0512303759016,True,False,5,3,09:21/km,28.05256151879508
69,3450.0,3500.0,50.0,229.20568425460505,232.76578221904597,230.97734121270614,0.23097734121270613,7.120195928881856,3.45,40.801254285264434,1,103,124,0,581.2116152662726,True,False,6,3,09:41/km,29.060580763313627
70,3500.0,3550.0,50.0,232.76578221904597,235.74126037806133,234.27977750211008,0.23427977750211007,5.9509563180307055,3.5,43.77673244427979,1,103,124,0,588.8494758147859,True,True,4,3,09:49/km,29.442473790739296
71,3550.0,3600.0,50.0,235.74126037806133,238.90850420270135,237.31237023555488,0.23731237023555488,6.3344876492800495,3.55,46.94397626891981,1,103,124,0,591.348863527703,True,True,4,3,09:51/km,29.56744317638515
72,3600.0,3650.0,50.0,238.90850420270135,242.02757063727412,240.48919234688765,0.24048919234688765,6.238132869145545,3.6,50.063042703492584,1,103,124,0,591.348863527703,True,True,3,2,09:51/km,29.56744317638515
73,3650.0,3700.0,50.0,242.02757063727412,244.32916962123286,243.24842145847495,0.24324842145847494,4.603197967917481,3.65,52.364641687451325,1,103,124,0,584.0453565656438,True,True,4,3,09:44/km,29.202267828282192
74,3700.0,3750.0,50.0,244.32916962123286,245.86069786746816,245.1239078224236,0.2451239078224236,3.0630564924705936,3.7,53.89616993368662,1,103,124,0,581.5742388322086,True,True,4,4,09:42/km,29.07871194161043
75,3750.0,3800.0,50.0,245.86069786746816,246.96026936026936,246.49243700397903,0.24649243700397905,2.199142985602407,3.75,54.995741426487825,1,103,124,0,567.9686853990125,True,True,4,4,09:28/km,28.398434269950627
76,3800.0,3850.0,50.0,246.96026936026936,247.24,247.0800897867565,0.2470800897867565,0.5594612794612885,3.8,55.27547206621847,1,103,124,0,557.6970303564349,True,True,4,4,09:18/km,27.88485151782174
77,3850.0,3900.0,50.0,247.24,247.72937499999998,247.4744791666666,0.24747447916666662,0.9787499999999341,3.85,55.76484706621844,1,103,124,0,554.0003298915466,True,True,4,4,09:14/km,27.70001649457733
78,3900.0,3950.0,50.0,247.72937499999998,248.28845528455287,248.0005326897019,0.2480005326897019,1.1181605691057825,3.9,56.32392735077133,1,103,124,0,554.0003298915466,True,True,4,4,09:14/km,27.70001649457733
79,3950.0,4000.0,50.0,248.28845528455287,249.08057971014492,248.69644161659008,0.24869644161659007,1.5842488511840997,3.95,57.11605177636338,1,103,124,0,557.993007701793,True,True,4,4,09:18/km,27.899650385089647
80,4000.0,4050.0,50.0,249.08057971014492,249.3419533799534,249.18162551940813,0.24918162551940812,0.5227473396169557,4.0,57.377425446171856,1,103,124,0,554.0003298915466,True,True,4,4,09:14/km,27.70001649457733
81,4050.0,4100.0,50.0,249.3419533799534,250.23662447257385,249.7917006973336,0.24979170069733359,1.789342185240912,4.05,58.27209653879231,1,103,124,0,558.7144801016846,True,False,5,5,09:19/km,27.935724005084225
82,4100.0,4150.0,50.0,250.23662447257385,251.4,250.79220815752464,0.2507922081575246,2.326751054852309,4.1,59.435472066218466,1,103,124,0,564.8871178242753,True,True,2,2,09:25/km,28.244355891213765
83,4150.0,4200.0,50.0,251.4,252.44573770491803,251.95715846994537,0.2519571584699454,2.0914754098360504,4.15,60.48120977113649,1,103,124,0,562.28042703043,True,True,2,2,09:22/km,28.1140213515215
84,4200.0,4250.0,50.0,252.44573770491803,252.95274044471506,252.72616822544197,0.25272616822544197,1.0140054795940614,4.2,60.98821251093352,1,103,124,0,552.0087719878524,True,True,3,3,09:12/km,27.600438599392618
85,4250.0,4300.0,50.0,252.95274044471506,253.0,253.00848478757908,0.2530084847875791,0.09451911056987683,4.25,61.03547206621846,1,103,124,0,552.0087719878524,True,True,3,3,09:12/km,27.600438599392618
86,4300.0,4350.0,50.0,253.0,252.67633233248839,252.85346657238392,0.25285346657238394,-0.6473353350232287,4.3,61.03547206621846,1,103,124,0,552.0087719878524,True,True,4,3,09:12/km,27.600438599392618
87,4350.0,4400.0,50.0,252.67633233248839,252.48000000000002,252.56286576010447,0.25256286576010445,-0.3926646649767349,4.35,61.03547206621846,1,103,124,0,552.0087719878524,True,True,4,3,09:12/km,27.600438599392618
88,4400.0,4450.0,50.0,252.48000000000002,252.72458204334367,252.5689576883385,0.2525689576883385,0.4891640866873104,4.4,61.280054109562116,1,103,124,0,552.0087719878524,True,True,3,3,09:12/km,27.600438599392618
89,4450.0,4500.0,50.0,252.72458204334367,254.17833149799972,253.3325618462509,0.2533325618462509,2.907498909312096,4.45,62.733803564218164,1,103,124,0,564.8871178242753,True,True,2,2,09:25/km,28.244355891213765
90,4500.0,4550.0,50.0,254.17833149799972,256.85881284334425,255.48173195724817,0.25548173195724816,5.360962690689064,4.5,65.4142849095627,1,103,124,0,572.4010733075506,True,True,3,2,09:32/km,28.62005366537753
91,4550.0,4600.0,50.0,256.85881284334425,259.69081006775724,258.3018544864307,0.2583018544864307,5.663994448825974,4.55,68.24628213397568,1,103,124,0,585.0064852937419,True,True,3,2,09:45/km,29.250324264687094
92,4600.0,4650.0,50.0,259.69081006775724,262.3911423499763,261.00098999052284,0.26100098999052285,5.400664564438102,4.6,70.94661441619473,1,103,124,0,586.5636701583055,True,True,3,2,09:47/km,29.328183507915277
93,4650.0,4700.0,50.0,262.3911423499763,265.45435807500655,263.9159838971287,0.26391598389712867,6.126431450060522,4.65,74.009830141225,1,103,124,0,600.9970688459025,True,True,3,2,10:01/km,30.049853442295127
94,4700.0,4750.0,50.0,265.45435807500655,268.4583166246649,267.0031997273741,0.26700319972737413,6.007917099316728,4.7,77.01378869088336,1,103,124,0,591.8615736222766,True,True,3,2,09:52/km,29.59307868111383
95,4750.0,4800.0,50.0,268.4583166246649,270.49558232931724,269.537392516563,0.269537392516563,4.0745314093046545,4.75,79.05105439553569,1,103,124,0,581.5632327483804,True,True,3,2,09:42/km,29.07816163741902
96,4800.0,4850.0,50.0,270.49558232931724,271.08000000000004,270.8825970548862,0.2708825970548862,1.1688353413655932,4.8,79.63547206621848,1,103,124,0,566.2137691785216,True,True,3,3,09:26/km,28.31068845892608
97,4850.0,4900.0,50.0,271.08000000000004,271.0126481726431,271.0492009881196,0.2710492009881196,-0.13470365471391688,4.85,79.63547206621848,1,103,124,0,563.3054115671847,True,True,3,3,09:23/km,28.165270578359234
98,4900.0,4950.0,50.0,271.0126481726431,271.05470079690895,271.01248863988855,0.2710124886398885,0.08410524853172774,4.9,79.67752469048435,1,103,124,0,562.5119338241503,True,True,3,3,09:23/km,28.125596691207516
99,4950.0,5000.0,50.0,271.05470079690895,272.9567347851362,271.8655220612148,0.2718655220612148,3.804067976454462,4.95,81.57955867871158,1,103,124,0,577.8613973940089,True,True,3,2,09:38/km,28.893069869700444
100,5000.0,5050.0,50.0,272.9567347851362,274.9668433971527,273.9898470286464,0.2739898470286464,4.02021722403299,5.0,83.58966729072807,1,103,124,0,577.8613973940089,True,True,3,2,09:38/km,28.893069869700444
101,5050.0,5100.0,50.0,274.9668433971527,276.5723063973064,275.8886467729165,0.2758886467729165,3.210926000307495,5.05,85.19513029088182,1,103,124,0,575.3902796605737,True,True,2,2,09:35/km,28.769513983028688
102,5100.0,5150.0,50.0,276.5723063973064,275.5891604180057,276.1733841844296,0.2761733841844296,-1.9662919586014596,5.1,85.19513029088182,1,103,124,0,562.5119338241503,True,True,2,2,09:23/km,28.125596691207516
103,5150.0,5199.35,49.350000000000364,275.5891604180057,276.5146691823899,275.8258670371174,0.2758258670371174,1.8753976988535486,5.15,86.12063905526605,1,103,124,0,576.7661190835584,True,True,2,2,09:37/km,28.463407976773816
0,0.0,50.0,50.0,279.51320754716977,280.69875559294815,280.2090418227329,0.2802090418227329,2.371096091556751,0.0,1.1855480457783756,2,124,144,0,449.4968108031196,True,False,76,16,07:29/km,22.47484054015598
1,50.0,100.0,50.0,280.69875559294815,280.0,280.34127296136245,0.28034127296136246,-1.3975111858962919,0.05,1.1855480457783756,2,124,144,0,436.6184649666965,True,False,181,16,07:17/km,21.830923248334823
2,100.0,150.0,50.0,280.0,279.56000000000006,279.7533333333333,0.2797533333333333,-0.8799999999998818,0.1,1.1855480457783756,2,124,144,0,436.6184649666965,True,False,172,16,07:17/km,21.830923248334823
3,150.0,200.0,50.0,279.56000000000006,278.8,279.25333333333333,0.27925333333333335,-1.5200000000000955,0.15,1.1855480457783756,2,124,144,0,436.6184649666965,True,False,183,16,07:17/km,21.830923248334823
4,200.0,250.0,50.0,278.8,277.82019834710746,278.2726997245179,0.2782726997245179,-1.9596033057850946,0.2,1.1855480457783756,2,124,144,0,436.6184649666965,True,False,172,16,07:17/km,21.830923248334823
5,250.0,300.0,50.0,277.82019834710746,277.4131274131274,277.5896865247775,0.2775896865247775,-0.8141418679600747,0.25,1.1855480457783756,2,124,144,0,436.6184649666965,True,False,171,16,07:17/km,21.830923248334823
6,300.0,350.0,50.0,277.4131274131274,276.8948972224269,277.215191088827,0.277215191088827,-1.0364603814010707,0.3,1.1855480457783756,2,124,144,0,436.6184649666965,True,False,182,16,07:17/km,21.830923248334823
7,350.0,400.0,50.0,276.8948972224269,275.66014184397164,276.2507402071871,0.2762507402071871,-2.469510756910495,0.35,1.1855480457783756,2,124,144,0,436.6184649666965,True,False,174,16,07:17/km,21.830923248334823
8,400.0,450.0,50.0,275.66014184397164,274.4448093656067,275.10436358148735,0.2751043635814873,-2.4306649567298564,0.4,1.1855480457783756,2,124,144,0,436.6184649666965,True,False,173,16,07:17/km,21.830923248334823
9,450.0,500.0,50.0,274.4448093656067,273.0623216574282,273.6172159494311,0.2736172159494311,-2.7649754163570606,0.45,1.1855480457783756,2,124,144,0,436.6184649666965,True,False,163,16,07:17/km,21.830923248334823
10,500.0,550.0,50.0,273.0623216574282,274.1552000415266,273.6204074265502,0.2736204074265502,2.185756768196825,0.5,2.278426429876788,2,124,144,0,446.8901200092743,True,False,100,16,07:27/km,22.344506000463717
11,550.0,600.0,50.0,274.1552000415266,272.63671936339523,273.53466901883223,0.2735346690188322,-3.0369613562627364,0.55,2.278426429876788,2,124,144,0,436.6184649666965,True,False,159,16,07:17/km,21.830923248334823
12,600.0,650.0,50.0,272.63671936339523,270.6532351858668,271.7019411809002,0.2717019411809002,-3.966968355056906,0.6,2.278426429876788,2,124,144,0,436.6184649666965,True,False,154,16,07:17/km,21.830923248334823
13,650.0,700.0,50.0,270.6532351858668,268.7387692307692,269.5497870199976,0.2695497870199976,-3.828931910195138,0.65,2.278426429876788,2,124,144,0,436.6184649666965,True,False,157,16,07:17/km,21.830923248334823
14,700.0,750.0,50.0,268.7387692307692,268.76186440677964,268.73062755323775,0.26873062755323773,0.04619035202085797,0.7,2.301521605887217,2,124,144,0,436.6184649666965,True,False,159,17,07:17/km,21.830923248334823
15,750.0,800.0,50.0,268.76186440677964,268.79115942028983,268.7399209858348,0.26873992098583477,0.058590027020386515,0.75,2.3308166193974102,2,124,144,0,436.6184649666965,True,False,160,17,07:17/km,21.830923248334823
16,800.0,850.0,50.0,268.79115942028983,268.62350989412187,268.800214582705,0.268800214582705,-0.3352990523359267,0.8,2.3308166193974102,2,124,144,0,436.6184649666965,True,False,168,17,07:17/km,21.830923248334823
17,850.0,900.0,50.0,268.62350989412187,266.7224894256916,267.7673802864545,0.2677673802864545,-3.8020409368605215,0.85,2.3308166193974102,2,124,144,0,436.6184649666965,True,False,162,16,07:17/km,21.830923248334823
18,900.0,950.0,50.0,266.7224894256916,263.93837072215376,265.36460369983575,0.2653646036998358,-5.568237407075685,0.9,2.3308166193974102,2,124,144,0,437.44897095569326,True,False,130,15,07:17/km,21.87244854778466
19,950.0,1000.0,50.0,263.93837072215376,260.8917087881512,262.42871696047916,0.26242871696047915,-6.093323868005086,0.95,2.3308166193974102,2,124,144,0,433.40553664247756,True,False,123,14,07:13/km,21.670276832123875
20,1000.0,1050.0,50.0,260.8917087881512,257.73974188708615,259.3136735217907,0.2593136735217907,-6.303933802130132,1.0,2.3308166193974102,2,124,144,0,433.40553664247756,True,False,115,14,07:13/km,21.670276832123875
21,1050.0,1100.0,50.0,257.73974188708615,254.55537852358717,256.1379989769628,0.2561379989769628,-6.368726726997977,1.05,2.3308166193974102,2,124,144,0,433.40553664247756,True,False,117,14,07:13/km,21.670276832123875
22,1100.0,1150.0,50.0,254.55537852358717,252.1565087815517,253.28916739032266,0.25328916739032264,-4.797739484070917,1.1,2.3308166193974102,2,124,144,0,432.5750306534808,True,False,149,15,07:13/km,21.62875153267404
23,1150.0,1200.0,50.0,252.1565087815517,250.99321637426902,251.42549281906528,0.2514254928190653,-2.326584814565365,1.15,2.3308166193974102,2,124,144,0,432.5750306534808,True,False,183,18,07:13/km,21.62875153267404
24,1200.0,1250.0,50.0,250.99321637426902,249.75774806053056,250.66200857374497,0.250662008573745,-2.470936627476931,1.2,2.3308166193974102,2,124,144,0,432.5750306534808,True,False,184,18,07:13/km,21.62875153267404
25,1250.0,1300.0,50.0,249.75774806053056,246.01916666666665,247.74391443805266,0.24774391443805266,-7.477162787727821,1.25,2.3308166193974102,2,124,144,0,437.03974044848354,True,False,98,15,07:17/km,21.85198702242418
26,1300.0,1350.0,50.0,246.01916666666665,244.34464944229086,245.18098542799996,0.24518098542799996,-3.3490344487515813,1.3,2.3308166193974102,2,124,144,0,432.5750306534808,True,False,169,17,07:13/km,21.62875153267404
27,1350.0,1400.0,50.0,244.34464944229086,242.22262393520458,243.28151818968539,0.24328151818968538,-4.244051014172555,1.35,2.3308166193974102,2,124,144,0,432.5750306534808,True,False,171,18,07:13/km,21.62875153267404
28,1400.0,1450.0,50.0,242.22262393520458,242.31451025746938,242.04596282741304,0.24204596282741303,0.18377264452959707,1.4,2.422702941662209,2,124,144,0,432.5750306534808,True,False,192,20,07:13/km,21.62875153267404
29,1450.0,1500.0,50.0,242.31451025746938,242.07882718274476,242.51285761909415,0.24251285761909414,-0.4713661494492385,1.45,2.422702941662209,2,124,144,0,432.5750306534808,True,False,208,20,07:13/km,21.62875153267404
30,1500.0,1550.0,50.0,242.07882718274476,236.80080262271395,239.65452051114653,0.23965452051114652,-10.55604912006163,1.5,2.422702941662209,2,124,144,0,437.16224501405736,True,False,41,10,07:17/km,21.858112250702867
31,1550.0,1600.0,50.0,236.80080262271395,231.61362847549412,234.06372535966878,0.23406372535966877,-10.374348294439642,1.55,2.422702941662209,2,124,144,0,437.16224501405736,True,False,45,10,07:17/km,21.858112250702867
32,1600.0,1650.0,50.0,231.61362847549412,229.13389961389962,230.11024943693727,0.23011024943693725,-4.9594577231890185,1.6,2.422702941662209,2,124,144,0,432.5750306534808,True,False,159,18,07:13/km,21.62875153267404
33,1650.0,1700.0,50.0,229.13389961389962,228.4199553475449,228.84696001663073,0.22884696001663074,-1.427888532709403,1.65,2.422702941662209,2,124,144,0,432.5750306534808,True,False,238,22,07:13/km,21.62875153267404
34,1700.0,1750.0,50.0,228.4199553475449,225.43093393583732,227.06936746817553,0.22706936746817552,-5.978042823415194,1.7,2.422702941662209,2,124,144,0,433.40553664247756,True,False,144,19,07:13/km,21.670276832123875
35,1750.0,1800.0,50.0,225.43093393583732,221.57105279182852,223.4616999120733,0.2234616999120733,-7.719762288017591,1.75,2.422702941662209,2,124,144,0,437.03974044848354,True,False,110,19,07:17/km,21.85198702242418
36,1800.0,1850.0,50.0,221.57105279182852,217.53601526978315,219.5193782710203,0.21951937827102028,-8.070075044090743,1.8,2.422702941662209,2,124,144,0,437.03974044848354,True,False,94,17,07:17/km,21.85198702242418
37,1850.0,1900.0,50.0,217.53601526978315,216.90282010071792,217.12098856942103,0.21712098856942103,-1.2663903381304635,1.85,2.422702941662209,2,124,144,0,432.5750306534808,True,False,265,24,07:13/km,21.62875153267404
38,1900.0,1950.0,50.0,216.90282010071792,215.69947267570097,216.28546749493796,0.21628546749493796,-2.4066948500338867,1.9,2.422702941662209,2,124,144,0,432.5750306534808,True,False,227,24,07:13/km,21.62875153267404
39,1950.0,2000.0,50.0,215.69947267570097,215.31644444444447,215.4369272136927,0.2154369272136927,-0.7660564625130064,1.95,2.422702941662209,2,124,144,0,455.95155507792373,True,False,275,24,07:36/km,22.797577753896185
40,2000.0,2050.0,50.0,215.31644444444447,214.01292058266208,215.00654032125996,0.21500654032125996,-2.60704772356479,2.0,2.422702941662209,2,124,144,0,455.95155507792373,True,False,225,24,07:36/km,22.797577753896185
41,2050.0,2100.0,50.0,214.01292058266208,209.56968450292442,211.64662691685882,0.21164662691685882,-8.886472159475318,2.05,2.422702941662209,2,124,144,0,456.07405964349755,True,False,71,14,07:36/km,22.803702982174876
42,2100.0,2150.0,50.0,209.56968450292442,207.5604485235021,208.4697651054249,0.2084697651054249,-4.018471958844657,2.1,2.422702941662209,2,124,144,0,455.95155507792373,True,False,198,24,07:36/km,22.797577753896185
43,2150.0,2200.0,50.0,207.5604485235021,206.7946368387477,207.11908004713828,0.20711908004713828,-1.531623369508793,2.15,2.422702941662209,2,124,144,0,455.95155507792373,True,False,260,24,07:36/km,22.797577753896185
44,2200.0,2250.0,50.0,206.7946368387477,207.20446153846152,206.89538745886375,0.20689538745886374,0.8196493994276466,2.2,2.832527641376032,2,124,144,0,455.95155507792373,True,False,262,24,07:36/km,22.797577753896185
45,2250.0,2300.0,50.0,207.20446153846152,204.4262117282971,206.26845467130386,0.20626845467130386,-5.55649962032885,2.25,2.832527641376032,2,124,144,0,455.95155507792373,True,False,164,24,07:36/km,22.797577753896185
46,2300.0,2350.0,50.0,204.4262117282971,201.6280254358574,202.7089469051687,0.2027089469051687,-5.5963725848793615,2.3,2.832527641376032,2,124,144,0,455.95155507792373,True,False,163,24,07:36/km,22.797577753896185
47,2350.0,2400.0,50.0,201.6280254358574,201.04000000000002,201.2998099466563,0.2012998099466563,-1.1760508717147786,2.35,2.832527641376032,2,124,144,0,455.95155507792373,True,False,282,24,07:36/km,22.797577753896185
48,2400.0,2450.0,50.0,201.04000000000002,199.92185087958168,200.53332694297694,0.20053332694297693,-2.2362982408366747,2.4,2.832527641376032,2,124,144,0,455.95155507792373,True,False,243,24,07:36/km,22.797577753896185
49,2450.0,2500.0,50.0,199.92185087958168,198.95999999999998,199.4018572699381,0.1994018572699381,-1.9237017591634071,2.45,2.832527641376032,2,124,144,0,455.95155507792373,True,False,249,24,07:36/km,22.797577753896185
50,2500.0,2550.0,50.0,198.95999999999998,199.74030291540848,199.22497068147848,0.19922497068147849,1.5606058308169963,2.5,3.6128305567845302,2,124,144,0,455.95155507792373,True,False,260,24,07:36/km,22.797577753896185
51,2550.0,2600.0,50.0,199.74030291540848,198.1050676269738,199.174584590811,0.199174584590811,-3.270470576869343,2.55,3.6128305567845302,2,124,144,0,455.95155507792373,True,False,214,24,07:36/km,22.797577753896185
52,2600.0,2650.0,50.0,198.1050676269738,197.08,197.46581527009278,0.19746581527009277,-2.0501352539475874,2.6,3.6128305567845302,2,124,144,0,455.95155507792373,True,False,249,24,07:36/km,22.797577753896185
53,2650.0,2700.0,50.0,197.08,196.4806092691112,196.80166009790275,0.19680166009790276,-1.198781461777628,2.65,3.6128305567845302,2,124,144,0,455.95155507792373,True,False,285,24,07:36/km,22.797577753896185
54,2700.0,2750.0,50.0,196.4806092691112,195.6911842105263,196.08747987296283,0.19608747987296282,-1.578850117169793,2.7,3.6128305567845302,2,124,144,0,455.95155507792373,True,False,272,25,07:36/km,22.797577753896185
55,2750.0,2800.0,50.0,195.6911842105263,195.57735849056607,195.47510633896061,0.19547510633896062,-0.22765143992046433,2.75,3.6128305567845302,2,124,144,0,455.95155507792373,True,False,287,24,07:36/km,22.797577753896185
56,2800.0,2850.0,50.0,195.57735849056607,198.2372311992478,196.8007595164189,0.1968007595164189,5.3197454173634355,2.8,6.272703265466248,2,124,144,0,501.5169276131351,True,False,128,16,08:22/km,25.075846380656756
57,2850.0,2900.0,50.0,198.2372311992478,201.1311559303036,199.7075674656787,0.1997075674656787,5.787849462111637,2.85,9.166627996522067,2,124,144,0,501.3206094523522,True,False,116,16,08:21/km,25.066030472617612
58,2900.0,2950.0,50.0,201.1311559303036,203.697171669155,202.4531755722314,0.20245317557223141,5.13203147770281,2.9,11.732643735373472,2,124,144,0,501.5169276131351,True,False,132,16,08:22/km,25.075846380656756
59,2950.0,3000.0,50.0,203.697171669155,205.6614376721763,204.72717385379062,0.2047271738537906,3.9285320060425875,2.95,13.696909738394766,2,124,144,0,499.4269536275278,True,False,167,20,08:19/km,24.97134768137639
60,3000.0,3050.0,50.0,205.6614376721763,207.0741077027009,206.37182238779067,0.20637182238779067,2.8253400610491894,3.0,15.10957976891936,2,124,144,0,499.1252405627617,True,False,196,22,08:19/km,24.956262028138084
61,3050.0,3100.0,50.0,207.0741077027009,208.4435563839702,207.76108730397178,0.20776108730397178,2.73889736253858,3.05,16.47902845018865,2,124,144,0,499.1252405627617,True,False,209,22,08:19/km,24.956262028138084
62,3100.0,3150.0,50.0,208.4435563839702,210.1547940635697,209.25556624510384,0.20925556624510383,3.4224753591990407,3.1,18.19026612978817,2,124,144,0,499.1252405627617,True,False,177,22,08:19/km,24.956262028138084
63,3150.0,3200.0,50.0,210.1547940635697,212.61657223652983,211.32451339528384,0.21132451339528385,4.923556345920247,3.15,20.652044302748294,2,124,144,0,505.262025993821,True,False,145,16,08:25/km,25.26310129969105
64,3200.0,3250.0,50.0,212.61657223652983,215.5855918678626,214.08698888343554,0.21408698888343553,5.938039262665541,3.2,23.621063934081064,2,124,144,0,506.40047754533896,True,False,115,16,08:26/km,25.320023877266948
65,3250.0,3300.0,50.0,215.5855918678626,218.96451573409132,217.2516802865964,0.21725168028659642,6.757847732457435,3.25,26.999987800309782,2,124,144,0,508.899865258256,True,False,96,16,08:29/km,25.444993262912803
66,3300.0,3350.0,50.0,218.96451573409132,222.35944696716797,220.6762590043735,0.2206762590043735,6.789862466153295,3.3,30.39491903338643,2,124,144,0,508.899865258256,True,False,98,16,08:29/km,25.444993262912803
67,3350.0,3400.0,50.0,222.35944696716797,225.66137094484347,224.01283050382506,0.22401283050382506,6.603847955351,3.35,33.69684301106193,2,124,144,0,513.6268654263523,True,False,100,15,08:34/km,25.681343271317616
68,3400.0,3450.0,50.0,225.66137094484347,229.20568425460505,227.43116811859454,0.22743116811859454,7.088626619523154,3.4,37.24115632082351,2,124,144,0,516.0857848098608,True,False,86,14,08:36/km,25.804289240493038
69,3450.0,3500.0,50.0,229.20568425460505,232.76578221904597,230.97734121270614,0.23097734121270613,7.120195928881856,3.45,40.801254285264434,2,124,144,0,536.2461697002316,True,False,84,13,08:56/km,26.812308485011577
70,3500.0,3550.0,50.0,232.76578221904597,235.74126037806133,234.27977750211008,0.23427977750211007,5.9509563180307055,3.5,43.77673244427979,2,124,144,0,543.884030248745,True,False,109,14,09:04/km,27.194201512437253
71,3550.0,3600.0,50.0,235.74126037806133,238.90850420270135,237.31237023555488,0.23731237023555488,6.3344876492800495,3.55,46.94397626891981,2,124,144,0,546.3834179616621,True,False,92,14,09:06/km,27.3191708980831
72,3600.0,3650.0,50.0,238.90850420270135,242.02757063727412,240.48919234688765,0.24048919234688765,6.238132869145545,3.6,50.063042703492584,2,124,144,0,546.3834179616621,True,False,95,14,09:06/km,27.3191708980831
73,3650.0,3700.0,50.0,242.02757063727412,244.32916962123286,243.24842145847495,0.24324842145847494,4.603197967917481,3.65,52.364641687451325,2,124,144,0,539.0799109996029,True,False,135,13,08:59/km,26.953995549980146
74,3700.0,3750.0,50.0,244.32916962123286,245.86069786746816,245.1239078224236,0.2451239078224236,3.0630564924705936,3.7,53.89616993368662,2,124,144,0,536.6087932661677,True,False,155,15,08:57/km,26.830439663308386
75,3750.0,3800.0,50.0,245.86069786746816,246.96026936026936,246.49243700397903,0.24649243700397905,2.199142985602407,3.75,54.995741426487825,2,124,144,0,523.0032398329715,True,False,190,18,08:43/km,26.150161991648577
76,3800.0,3850.0,50.0,246.96026936026936,247.24,247.0800897867565,0.2470800897867565,0.5594612794612885,3.8,55.27547206621847,2,124,144,0,512.7315847903938,True,False,206,20,08:33/km,25.636579239519687
77,3850.0,3900.0,50.0,247.24,247.72937499999998,247.4744791666666,0.24747447916666662,0.9787499999999341,3.85,55.76484706621844,2,124,144,0,509.0348843255055,True,False,199,18,08:29/km,25.451744216275273
78,3900.0,3950.0,50.0,247.72937499999998,248.28845528455287,248.0005326897019,0.2480005326897019,1.1181605691057825,3.9,56.32392735077133,2,124,144,0,509.0348843255055,True,False,194,18,08:29/km,25.451744216275273
79,3950.0,4000.0,50.0,248.28845528455287,249.08057971014492,248.69644161659008,0.24869644161659007,1.5842488511840997,3.95,57.11605177636338,2,124,144,0,513.0275621357521,True,False,188,18,08:33/km,25.651378106787604
80,4000.0,4050.0,50.0,249.08057971014492,249.3419533799534,249.18162551940813,0.24918162551940812,0.5227473396169557,4.0,57.377425446171856,2,124,144,0,509.0348843255055,True,False,196,20,08:29/km,25.451744216275273
81,4050.0,4100.0,50.0,249.3419533799534,250.23662447257385,249.7917006973336,0.24979170069733359,1.789342185240912,4.05,58.27209653879231,2,124,144,0,513.7490345356435,True,False,182,18,08:34/km,25.687451726782175
82,4100.0,4150.0,50.0,250.23662447257385,251.4,250.79220815752464,0.2507922081575246,2.326751054852309,4.1,59.435472066218466,2,124,144,0,519.9216722582344,True,False,168,16,08:40/km,25.99608361291172
83,4150.0,4200.0,50.0,251.4,252.44573770491803,251.95715846994537,0.2519571584699454,2.0914754098360504,4.15,60.48120977113649,2,124,144,0,517.3149814643891,True,False,169,17,08:37/km,25.865749073219458
84,4200.0,4250.0,50.0,252.44573770491803,252.95274044471506,252.72616822544197,0.25272616822544197,1.0140054795940614,4.2,60.98821251093352,2,124,144,0,507.0433264218114,True,False,192,18,08:27/km,25.35216632109057
85,4250.0,4300.0,50.0,252.95274044471506,253.0,253.00848478757908,0.2530084847875791,0.09451911056987683,4.25,61.03547206621846,2,124,144,0,507.0433264218114,True,False,191,19,08:27/km,25.35216632109057
86,4300.0,4350.0,50.0,253.0,252.67633233248839,252.85346657238392,0.25285346657238394,-0.6473353350232287,4.3,61.03547206621846,2,124,144,0,507.0433264218114,True,False,188,17,08:27/km,25.35216632109057
87,4350.0,4400.0,50.0,252.67633233248839,252.48000000000002,252.56286576010447,0.25256286576010445,-0.3926646649767349,4.35,61.03547206621846,2,124,144,0,507.0433264218114,True,False,191,18,08:27/km,25.35216632109057
88,4400.0,4450.0,50.0,252.48000000000002,252.72458204334367,252.5689576883385,0.2525689576883385,0.4891640866873104,4.4,61.280054109562116,2,124,144,0,507.0433264218114,True,False,187,18,08:27/km,25.35216632109057
89,4450.0,4500.0,50.0,252.72458204334367,254.17833149799972,253.3325618462509,0.2533325618462509,2.907498909312096,4.45,62.733803564218164,2,124,144,0,519.9216722582344,True,False,152,15,08:40/km,25.99608361291172
90,4500.0,4550.0,50.0,254.17833149799972,256.85881284334425,255.48173195724817,0.25548173195724816,5.360962690689064,4.5,65.4142849095627,2,124,144,0,527.4356277415097,True,False,99,11,08:47/km,26.371781387075487
91,4550.0,4600.0,50.0,256.85881284334425,259.69081006775724,258.3018544864307,0.2583018544864307,5.663994448825974,4.55,68.24628213397568,2,124,144,0,540.0410397277009,True,False,92,11,09:00/km,27.00205198638504
92,4600.0,4650.0,50.0,259.69081006775724,262.3911423499763,261.00098999052284,0.26100098999052285,5.400664564438102,4.6,70.94661441619473,2,124,144,0,541.5982245922645,True,False,97,10,09:02/km,27.079911229613227
93,4650.0,4700.0,50.0,262.3911423499763,265.45435807500655,263.9159838971287,0.26391598389712867,6.126431450060522,4.65,74.009830141225,2,124,144,0,556.0316232798616,True,False,81,10,09:16/km,27.80158116399308
94,4700.0,4750.0,50.0,265.45435807500655,268.4583166246649,267.0031997273741,0.26700319972737413,6.007917099316728,4.7,77.01378869088336,2,124,144,0,546.8961280562357,True,False,85,10,09:07/km,27.344806402811788
95,4750.0,4800.0,50.0,268.4583166246649,270.49558232931724,269.537392516563,0.269537392516563,4.0745314093046545,4.75,79.05105439553569,2,124,144,0,536.5977871823395,True,False,116,11,08:57/km,26.829889359116976
96,4800.0,4850.0,50.0,270.49558232931724,271.08000000000004,270.8825970548862,0.2708825970548862,1.1688353413655932,4.8,79.63547206621848,2,124,144,0,521.2483236124807,True,False,172,15,08:41/km,26.062416180624034
97,4850.0,4900.0,50.0,271.08000000000004,271.0126481726431,271.0492009881196,0.2710492009881196,-0.13470365471391688,4.85,79.63547206621848,2,124,144,0,518.3399660011438,True,False,175,16,08:38/km,25.91699830005719
98,4900.0,4950.0,50.0,271.0126481726431,271.05470079690895,271.01248863988855,0.2710124886398885,0.08410524853172774,4.9,79.67752469048435,2,124,144,0,517.5464882581094,True,False,172,16,08:38/km,25.877324412905473
99,4950.0,5000.0,50.0,271.05470079690895,272.9567347851362,271.8655220612148,0.2718655220612148,3.804067976454462,4.95,81.57955867871158,2,124,144,0,532.895951827968,True,False,115,10,08:53/km,26.6447975913984
100,5000.0,5050.0,50.0,272.9567347851362,274.9668433971527,273.9898470286464,0.2739898470286464,4.02021722403299,5.0,83.58966729072807,2,124,144,0,532.895951827968,True,False,114,10,08:53/km,26.6447975913984
101,5050.0,5100.0,50.0,274.9668433971527,276.5723063973064,275.8886467729165,0.2758886467729165,3.210926000307495,5.05,85.19513029088182,2,124,144,0,532.6607012288649,True,False,121,10,08:53/km,26.633035061443245
102,5100.0,5150.0,50.0,276.5723063973064,275.5891604180057,276.1733841844296,0.2761733841844296,-1.9662919586014596,5.1,85.19513029088182,2,124,144,0,519.7823553924417,True,False,120,14,08:40/km,25.989117769622084
103,5150.0,5199.35,49.350000000000364,275.5891604180057,276.5146691823899,275.8258670371174,0.2758258670371174,1.8753976988535486,5.15,86.12063905526605,2,124,144,0,534.0365406518496,True,False,153,11,08:54/km,26.354703281168973
0,0.0,50.0,50.0,279.51320754716977,280.69875559294815,280.2090418227329,0.2802090418227329,2.371096091556751,0.0,1.1855480457783756,3,144,165,0,416.6351735271478,True,False,17,11,06:57/km,20.83175867635739
1,50.0,100.0,50.0,280.69875559294815,280.0,280.34127296136245,0.28034127296136246,-1.3975111858962919,0.05,1.1855480457783756,3,144,165,0,393.8681974367927,True,False,67,11,06:34/km,19.693409871839634
2,100.0,150.0,50.0,280.0,279.56000000000006,279.7533333333333,0.2797533333333333,-0.8799999999998818,0.1,1.1855480457783756,3,144,165,0,393.8681974367927,True,False,66,10,06:34/km,19.693409871839634
3,150.0,200.0,50.0,279.56000000000006,278.8,279.25333333333333,0.27925333333333335,-1.5200000000000955,0.15,1.1855480457783756,3,144,165,0,393.8681974367927,True,False,66,11,06:34/km,19.693409871839634
4,200.0,250.0,50.0,278.8,277.82019834710746,278.2726997245179,0.2782726997245179,-1.9596033057850946,0.2,1.1855480457783756,3,144,165,0,393.8681974367927,True,False,64,11,06:34/km,19.693409871839634
5,250.0,300.0,50.0,277.82019834710746,277.4131274131274,277.5896865247775,0.2775896865247775,-0.8141418679600747,0.25,1.1855480457783756,3,144,165,0,393.8681974367927,True,False,66,10,06:34/km,19.693409871839634
6,300.0,350.0,50.0,277.4131274131274,276.8948972224269,277.215191088827,0.277215191088827,-1.0364603814010707,0.3,1.1855480457783756,3,144,165,0,393.8681974367927,True,False,65,10,06:34/km,19.693409871839634
7,350.0,400.0,50.0,276.8948972224269,275.66014184397164,276.2507402071871,0.2762507402071871,-2.469510756910495,0.35,1.1855480457783756,3,144,165,0,393.8681974367927,True,False,61,11,06:34/km,19.693409871839634
8,400.0,450.0,50.0,275.66014184397164,274.4448093656067,275.10436358148735,0.2751043635814873,-2.4306649567298564,0.4,1.1855480457783756,3,144,165,0,393.8681974367927,True,False,62,11,06:34/km,19.693409871839634
9,450.0,500.0,50.0,274.4448093656067,273.0623216574282,273.6172159494311,0.2736172159494311,-2.7649754163570606,0.45,1.1855480457783756,3,144,165,0,393.8681974367927,True,False,60,11,06:34/km,19.693409871839634
10,500.0,550.0,50.0,273.0623216574282,274.1552000415266,273.6204074265502,0.2736204074265502,2.185756768196825,0.5,2.278426429876788,3,144,165,0,405.7797248556343,True,False,26,13,06:46/km,20.288986242781714
11,550.0,600.0,50.0,274.1552000415266,272.63671936339523,273.53466901883223,0.2735346690188322,-3.0369613562627364,0.55,2.278426429876788,3,144,165,0,393.8681974367927,True,False,56,11,06:34/km,19.693409871839634
12,600.0,650.0,50.0,272.63671936339523,270.6532351858668,271.7019411809002,0.2717019411809002,-3.966968355056906,0.6,2.278426429876788,3,144,165,0,393.8681974367927,True,False,46,9,06:34/km,19.693409871839634
13,650.0,700.0,50.0,270.6532351858668,268.7387692307692,269.5497870199976,0.2695497870199976,-3.828931910195138,0.65,2.278426429876788,3,144,165,0,393.8681974367927,True,False,49,9,06:34/km,19.693409871839634
14,700.0,750.0,50.0,268.7387692307692,268.76186440677964,268.73062755323775,0.26873062755323773,0.04619035202085797,0.7,2.301521605887217,3,144,165,0,393.8681974367927,True,False,78,14,06:34/km,19.693409871839634
15,750.0,800.0,50.0,268.76186440677964,268.79115942028983,268.7399209858348,0.26873992098583477,0.058590027020386515,0.75,2.3308166193974102,3,144,165,0,393.8681974367927,True,False,80,15,06:34/km,19.693409871839634
16,800.0,850.0,50.0,268.79115942028983,268.62350989412187,268.800214582705,0.268800214582705,-0.3352990523359267,0.8,2.3308166193974102,3,144,165,0,393.8681974367927,True,False,86,16,06:34/km,19.693409871839634
17,850.0,900.0,50.0,268.62350989412187,266.7224894256916,267.7673802864545,0.2677673802864545,-3.8020409368605215,0.85,2.3308166193974102,3,144,165,0,393.8681974367927,True,False,52,9,06:34/km,19.693409871839634
18,900.0,950.0,50.0,266.7224894256916,263.93837072215376,265.36460369983575,0.2653646036998358,-5.568237407075685,0.9,2.3308166193974102,3,144,165,0,394.69870342578946,True,False,32,5,06:35/km,19.73493517128947
19,950.0,1000.0,50.0,263.93837072215376,260.8917087881512,262.42871696047916,0.26242871696047915,-6.093323868005086,0.95,2.3308166193974102,3,144,165,0,390.65526911257376,True,False,29,6,06:31/km,19.532763455628686
20,1000.0,1050.0,50.0,260.8917087881512,257.73974188708615,259.3136735217907,0.2593136735217907,-6.303933802130132,1.0,2.3308166193974102,3,144,165,0,390.65526911257376,True,False,27,7,06:31/km,19.532763455628686
21,1050.0,1100.0,50.0,257.73974188708615,254.55537852358717,256.1379989769628,0.2561379989769628,-6.368726726997977,1.05,2.3308166193974102,3,144,165,0,390.65526911257376,True,False,29,7,06:31/km,19.532763455628686
22,1100.0,1150.0,50.0,254.55537852358717,252.1565087815517,253.28916739032266,0.25328916739032264,-4.797739484070917,1.1,2.3308166193974102,3,144,165,0,389.824763123577,True,False,45,8,06:30/km,19.49123815617885
23,1150.0,1200.0,50.0,252.1565087815517,250.99321637426902,251.42549281906528,0.2514254928190653,-2.326584814565365,1.15,2.3308166193974102,3,144,165,0,389.824763123577,True,False,100,15,06:30/km,19.49123815617885
24,1200.0,1250.0,50.0,250.99321637426902,249.75774806053056,250.66200857374497,0.250662008573745,-2.470936627476931,1.2,2.3308166193974102,3,144,165,0,389.824763123577,True,False,100,15,06:30/km,19.49123815617885
25,1250.0,1300.0,50.0,249.75774806053056,246.01916666666665,247.74391443805266,0.24774391443805266,-7.477162787727821,1.25,2.3308166193974102,3,144,165,0,394.28947291857975,True,False,28,10,06:34/km,19.71447364592899
26,1300.0,1350.0,50.0,246.01916666666665,244.34464944229086,245.18098542799996,0.24518098542799996,-3.3490344487515813,1.3,2.3308166193974102,3,144,165,0,389.824763123577,True,False,80,13,06:30/km,19.49123815617885
27,1350.0,1400.0,50.0,244.34464944229086,242.22262393520458,243.28151818968539,0.24328151818968538,-4.244051014172555,1.35,2.3308166193974102,3,144,165,0,389.824763123577,True,False,65,14,06:30/km,19.49123815617885
28,1400.0,1450.0,50.0,242.22262393520458,242.31451025746938,242.04596282741304,0.24204596282741303,0.18377264452959707,1.4,2.422702941662209,3,144,165,0,389.824763123577,True,False,130,18,06:30/km,19.49123815617885
29,1450.0,1500.0,50.0,242.31451025746938,242.07882718274476,242.51285761909415,0.24251285761909414,-0.4713661494492385,1.45,2.422702941662209,3,144,165,0,389.824763123577,True,False,138,20,06:30/km,19.49123815617885
30,1500.0,1550.0,50.0,242.07882718274476,236.80080262271395,239.65452051114653,0.23965452051114652,-10.55604912006163,1.5,2.422702941662209,3,144,165,0,394.41197748415357,True,False,13,9,06:34/km,19.720598874207678
31,1550.0,1600.0,50.0,236.80080262271395,231.61362847549412,234.06372535966878,0.23406372535966877,-10.374348294439642,1.55,2.422702941662209,3,144,165,0,394.41197748415357,True,False,13,8,06:34/km,19.720598874207678
32,1600.0,1650.0,50.0,231.61362847549412,229.13389961389962,230.11024943693727,0.23011024943693725,-4.9594577231890185,1.6,2.422702941662209,3,144,165,0,389.824763123577,True,False,62,14,06:30/km,19.49123815617885
33,1650.0,1700.0,50.0,229.13389961389962,228.4199553475449,228.84696001663073,0.22884696001663074,-1.427888532709403,1.65,2.422702941662209,3,144,165,0,389.824763123577,True,False,166,22,06:30/km,19.49123815617885
34,1700.0,1750.0,50.0,228.4199553475449,225.43093393583732,227.06936746817553,0.22706936746817552,-5.978042823415194,1.7,2.422702941662209,3,144,165,0,390.65526911257376,True,False,50,14,06:31/km,19.532763455628686
35,1750.0,1800.0,50.0,225.43093393583732,221.57105279182852,223.4616999120733,0.2234616999120733,-7.719762288017591,1.75,2.422702941662209,3,144,165,0,394.28947291857975,True,False,31,13,06:34/km,19.71447364592899
36,1800.0,1850.0,50.0,221.57105279182852,217.53601526978315,219.5193782710203,0.21951937827102028,-8.070075044090743,1.8,2.422702941662209,3,144,165,0,394.28947291857975,True,False,33,15,06:34/km,19.71447364592899
37,1850.0,1900.0,50.0,217.53601526978315,216.90282010071792,217.12098856942103,0.21712098856942103,-1.2663903381304635,1.85,2.422702941662209,3,144,165,0,389.824763123577,True,False,217,22,06:30/km,19.49123815617885
38,1900.0,1950.0,50.0,216.90282010071792,215.69947267570097,216.28546749493796,0.21628546749493796,-2.4066948500338867,1.9,2.422702941662209,3,144,165,0,389.824763123577,True,False,170,22,06:30/km,19.49123815617885
39,1950.0,2000.0,50.0,215.69947267570097,215.31644444444447,215.4369272136927,0.2154369272136927,-0.7660564625130064,1.95,2.422702941662209,3,144,165,0,402.773075288328,True,False,230,22,06:43/km,20.1386537644164
40,2000.0,2050.0,50.0,215.31644444444447,214.01292058266208,215.00654032125996,0.21500654032125996,-2.60704772356479,2.0,2.422702941662209,3,144,165,0,402.773075288328,True,False,171,21,06:43/km,20.1386537644164
41,2050.0,2100.0,50.0,214.01292058266208,209.56968450292442,211.64662691685882,0.21164662691685882,-8.886472159475318,2.05,2.422702941662209,3,144,165,0,402.89557985390184,True,False,34,14,06:43/km,20.144778992695095
42,2100.0,2150.0,50.0,209.56968450292442,207.5604485235021,208.4697651054249,0.2084697651054249,-4.018471958844657,2.1,2.422702941662209,3,144,165,0,402.773075288328,True,False,120,18,06:43/km,20.1386537644164
43,2150.0,2200.0,50.0,207.5604485235021,206.7946368387477,207.11908004713828,0.20711908004713828,-1.531623369508793,2.15,2.422702941662209,3,144,165,0,402.773075288328,True,False,224,23,06:43/km,20.1386537644164
44,2200.0,2250.0,50.0,206.7946368387477,207.20446153846152,206.89538745886375,0.20689538745886374,0.8196493994276466,2.2,2.832527641376032,3,144,165,0,402.773075288328,True,False,222,23,06:43/km,20.1386537644164
45,2250.0,2300.0,50.0,207.20446153846152,204.4262117282971,206.26845467130386,0.20626845467130386,-5.55649962032885,2.25,2.832527641376032,3,144,165,0,402.773075288328,True,False,71,13,06:43/km,20.1386537644164
46,2300.0,2350.0,50.0,204.4262117282971,201.6280254358574,202.7089469051687,0.2027089469051687,-5.5963725848793615,2.3,2.832527641376032,3,144,165,0,402.773075288328,True,False,70,13,06:43/km,20.1386537644164
47,2350.0,2400.0,50.0,201.6280254358574,201.04000000000002,201.2998099466563,0.2012998099466563,-1.1760508717147786,2.35,2.832527641376032,3,144,165,0,402.773075288328,True,False,241,23,06:43/km,20.1386537644164
48,2400.0,2450.0,50.0,201.04000000000002,199.92185087958168,200.53332694297694,0.20053332694297693,-2.2362982408366747,2.4,2.832527641376032,3,144,165,0,402.773075288328,True,False,197,23,06:43/km,20.1386537644164
49,2450.0,2500.0,50.0,199.92185087958168,198.95999999999998,199.4018572699381,0.1994018572699381,-1.9237017591634071,2.45,2.832527641376032,3,144,165,0,402.773075288328,True,False,212,24,06:43/km,20.1386537644164
50,2500.0,2550.0,50.0,198.95999999999998,199.74030291540848,199.22497068147848,0.19922497068147849,1.5606058308169963,2.5,3.6128305567845302,3,144,165,0,402.773075288328,True,False,197,24,06:43/km,20.1386537644164
51,2550.0,2600.0,50.0,199.74030291540848,198.1050676269738,199.174584590811,0.199174584590811,-3.270470576869343,2.55,3.6128305567845302,3,144,165,0,402.773075288328,True,False,151,20,06:43/km,20.1386537644164
52,2600.0,2650.0,50.0,198.1050676269738,197.08,197.46581527009278,0.19746581527009277,-2.0501352539475874,2.6,3.6128305567845302,3,144,165,0,402.773075288328,True,False,209,24,06:43/km,20.1386537644164
53,2650.0,2700.0,50.0,197.08,196.4806092691112,196.80166009790275,0.19680166009790276,-1.198781461777628,2.65,3.6128305567845302,3,144,165,0,402.773075288328,True,False,248,23,06:43/km,20.1386537644164
54,2700.0,2750.0,50.0,196.4806092691112,195.6911842105263,196.08747987296283,0.19608747987296282,-1.578850117169793,2.7,3.6128305567845302,3,144,165,0,402.773075288328,True,False,248,25,06:43/km,20.1386537644164
55,2750.0,2800.0,50.0,195.6911842105263,195.57735849056607,195.47510633896061,0.19547510633896062,-0.22765143992046433,2.75,3.6128305567845302,3,144,165,0,402.773075288328,True,False,265,24,06:43/km,20.1386537644164
56,2800.0,2850.0,50.0,195.57735849056607,198.2372311992478,196.8007595164189,0.1968007595164189,5.3197454173634355,2.8,6.272703265466248,3,144,165,0,458.2270780774714,True,False,110,20,07:38/km,22.911353903873568
57,2850.0,2900.0,50.0,198.2372311992478,201.1311559303036,199.7075674656787,0.1997075674656787,5.787849462111637,2.85,9.166627996522067,3,144,165,0,458.03075991668845,True,False,107,20,07:38/km,22.901537995834424
58,2900.0,2950.0,50.0,201.1311559303036,203.697171669155,202.4531755722314,0.20245317557223141,5.13203147770281,2.9,11.732643735373472,3,144,165,0,458.2270780774714,True,False,115,21,07:38/km,22.911353903873568
59,2950.0,3000.0,50.0,203.697171669155,205.6614376721763,204.72717385379062,0.2047271738537906,3.9285320060425875,2.95,13.696909738394766,3,144,165,0,456.13710409186405,True,False,117,25,07:36/km,22.8068552045932
60,3000.0,3050.0,50.0,205.6614376721763,207.0741077027009,206.37182238779067,0.20637182238779067,2.8253400610491894,3.0,15.10957976891936,3,144,165,0,455.83539102709796,True,False,144,25,07:36/km,22.791769551354896
61,3050.0,3100.0,50.0,207.0741077027009,208.4435563839702,207.76108730397178,0.20776108730397178,2.73889736253858,3.05,16.47902845018865,3,144,165,0,455.83539102709796,True,False,149,25,07:36/km,22.791769551354896
62,3100.0,3150.0,50.0,208.4435563839702,210.1547940635697,209.25556624510384,0.20925556624510383,3.4224753591990407,3.1,18.19026612978817,3,144,165,0,455.83539102709796,True,False,127,25,07:36/km,22.791769551354896
63,3150.0,3200.0,50.0,210.1547940635697,212.61657223652983,211.32451339528384,0.21132451339528385,4.923556345920247,3.15,20.652044302748294,3,144,165,0,461.97217645815726,True,False,119,23,07:42/km,23.098608822907863
64,3200.0,3250.0,50.0,212.61657223652983,215.5855918678626,214.08698888343554,0.21408698888343553,5.938039262665541,3.2,23.621063934081064,3,144,165,0,463.1106280096752,True,False,113,23,07:43/km,23.15553140048376
65,3250.0,3300.0,50.0,215.5855918678626,218.96451573409132,217.2516802865964,0.21725168028659642,6.757847732457435,3.25,26.999987800309782,3,144,165,0,465.61001572259227,True,False,96,19,07:46/km,23.280500786129615
66,3300.0,3350.0,50.0,218.96451573409132,222.35944696716797,220.6762590043735,0.2206762590043735,6.789862466153295,3.3,30.39491903338643,3,144,165,0,465.61001572259227,True,False,94,19,07:46/km,23.280500786129615
67,3350.0,3400.0,50.0,222.35944696716797,225.66137094484347,224.01283050382506,0.22401283050382506,6.603847955351,3.35,33.69684301106193,3,144,165,0,470.33701589068863,True,False,98,19,07:50/km,23.51685079453443
68,3400.0,3450.0,50.0,225.66137094484347,229.20568425460505,227.43116811859454,0.22743116811859454,7.088626619523154,3.4,37.24115632082351,3,144,165,0,472.7959352741969,True,False,81,18,07:53/km,23.639796763709846
69,3450.0,3500.0,50.0,229.20568425460505,232.76578221904597,230.97734121270614,0.23097734121270613,7.120195928881856,3.45,40.801254285264434,3,144,165,0,503.94605205811956,True,False,77,17,08:24/km,25.197302602905978
70,3500.0,3550.0,50.0,232.76578221904597,235.74126037806133,234.27977750211008,0.23427977750211007,5.9509563180307055,3.5,43.77673244427979,3,144,165,0,511.583912606633,True,False,99,21,08:32/km,25.57919563033165
71,3550.0,3600.0,50.0,235.74126037806133,238.90850420270135,237.31237023555488,0.23731237023555488,6.3344876492800495,3.55,46.94397626891981,3,144,165,0,514.0833003195501,True,False,93,20,08:34/km,25.7041650159775
72,3600.0,3650.0,50.0,238.90850420270135,242.02757063727412,240.48919234688765,0.24048919234688765,6.238132869145545,3.6,50.063042703492584,3,144,165,0,514.0833003195501,True,False,93,21,08:34/km,25.7041650159775
73,3650.0,3700.0,50.0,242.02757063727412,244.32916962123286,243.24842145847495,0.24324842145847494,4.603197967917481,3.65,52.364641687451325,3,144,165,0,506.77979335749103,True,False,116,21,08:27/km,25.33898966787455
74,3700.0,3750.0,50.0,244.32916962123286,245.86069786746816,245.1239078224236,0.2451239078224236,3.0630564924705936,3.7,53.89616993368662,3,144,165,0,504.30867562405575,True,False,120,21,08:24/km,25.215433781202787
75,3750.0,3800.0,50.0,245.86069786746816,246.96026936026936,246.49243700397903,0.24649243700397905,2.199142985602407,3.75,54.995741426487825,3,144,165,0,482.4543643131915,True,False,137,19,08:02/km,24.122718215659575
76,3800.0,3850.0,50.0,246.96026936026936,247.24,247.0800897867565,0.2470800897867565,0.5594612794612885,3.8,55.27547206621847,3,144,165,0,470.5428368943499,True,False,181,21,07:51/km,23.527141844717494
77,3850.0,3900.0,50.0,247.24,247.72937499999998,247.4744791666666,0.24747447916666662,0.9787499999999341,3.85,55.76484706621844,3,144,165,0,466.8461364294615,True,False,170,21,07:47/km,23.342306821473077
78,3900.0,3950.0,50.0,247.72937499999998,248.28845528455287,248.0005326897019,0.2480005326897019,1.1181605691057825,3.9,56.32392735077133,3,144,165,0,466.8461364294615,True,False,165,20,07:47/km,23.342306821473077
79,3950.0,4000.0,50.0,248.28845528455287,249.08057971014492,248.69644161659008,0.24869644161659007,1.5842488511840997,3.95,57.11605177636338,3,144,165,0,470.8388142397079,True,False,153,18,07:51/km,23.541940711985397
80,4000.0,4050.0,50.0,249.08057971014492,249.3419533799534,249.18162551940813,0.24918162551940812,0.5227473396169557,4.0,57.377425446171856,3,144,165,0,466.8461364294615,True,False,175,20,07:47/km,23.342306821473077
81,4050.0,4100.0,50.0,249.3419533799534,250.23662447257385,249.7917006973336,0.24979170069733359,1.789342185240912,4.05,58.27209653879231,3,144,165,0,471.5602866395996,True,False,144,17,07:52/km,23.57801433197998
82,4100.0,4150.0,50.0,250.23662447257385,251.4,250.79220815752464,0.2507922081575246,2.326751054852309,4.1,59.435472066218466,3,144,165,0,487.6215546161225,True,False,122,17,08:08/km,24.381077730806126
83,4150.0,4200.0,50.0,251.4,252.44573770491803,251.95715846994537,0.2519571584699454,2.0914754098360504,4.15,60.48120977113649,3,144,165,0,476.766105944609,True,False,133,16,07:57/km,23.838305297230452
84,4200.0,4250.0,50.0,252.44573770491803,252.95274044471506,252.72616822544197,0.25272616822544197,1.0140054795940614,4.2,60.98821251093352,3,144,165,0,464.8545785257674,True,False,167,19,07:45/km,23.242728926288372
85,4250.0,4300.0,50.0,252.95274044471506,253.0,253.00848478757908,0.2530084847875791,0.09451911056987683,4.25,61.03547206621846,3,144,165,0,464.8545785257674,True,False,187,20,07:45/km,23.242728926288372
86,4300.0,4350.0,50.0,253.0,252.67633233248839,252.85346657238392,0.25285346657238394,-0.6473353350232287,4.3,61.03547206621846,3,144,165,0,464.8545785257674,True,False,199,20,07:45/km,23.242728926288372
87,4350.0,4400.0,50.0,252.67633233248839,252.48000000000002,252.56286576010447,0.25256286576010445,-0.3926646649767349,4.35,61.03547206621846,3,144,165,0,464.8545785257674,True,False,192,19,07:45/km,23.242728926288372
88,4400.0,4450.0,50.0,252.48000000000002,252.72458204334367,252.5689576883385,0.2525689576883385,0.4891640866873104,4.4,61.280054109562116,3,144,165,0,464.8545785257674,True,False,175,18,07:45/km,23.242728926288372
89,4450.0,4500.0,50.0,252.72458204334367,254.17833149799972,253.3325618462509,0.2533325618462509,2.907498909312096,4.45,62.733803564218164,3,144,165,0,487.6215546161225,True,False,114,18,08:08/km,24.381077730806126
90,4500.0,4550.0,50.0,254.17833149799972,256.85881284334425,255.48173195724817,0.25548173195724816,5.360962690689064,4.5,65.4142849095627,3,144,165,0,506.15795346884437,True,False,96,21,08:26/km,25.307897673442216
91,4550.0,4600.0,50.0,256.85881284334425,259.69081006775724,258.3018544864307,0.2583018544864307,5.663994448825974,4.55,68.24628213397568,3,144,165,0,523.5557358645218,True,False,95,19,08:44/km,26.17778679322609
92,4600.0,4650.0,50.0,259.69081006775724,262.3911423499763,261.00098999052284,0.26100098999052285,5.400664564438102,4.6,70.94661441619473,3,144,165,0,525.1129207290854,True,False,96,19,08:45/km,26.255646036454273
93,4650.0,4700.0,50.0,262.3911423499763,265.45435807500655,263.9159838971287,0.26391598389712867,6.126431450060522,4.65,74.009830141225,3,144,165,0,539.5463194166825,True,False,89,19,09:00/km,26.977315970834127
94,4700.0,4750.0,50.0,265.45435807500655,268.4583166246649,267.0031997273741,0.26700319972737413,6.007917099316728,4.7,77.01378869088336,3,144,165,0,530.4108241930567,True,False,90,19,08:50/km,26.520541209652833
95,4750.0,4800.0,50.0,268.4583166246649,270.49558232931724,269.537392516563,0.269537392516563,4.0745314093046545,4.75,79.05105439553569,3,144,165,0,520.1124833191604,True,False,96,17,08:40/km,26.00562416595802
96,4800.0,4850.0,50.0,270.49558232931724,271.08000000000004,270.8825970548862,0.2708825970548862,1.1688353413655932,4.8,79.63547206621848,3,144,165,0,494.8743894953704,True,False,134,18,08:15/km,24.743719474768522
97,4850.0,4900.0,50.0,271.08000000000004,271.0126481726431,271.0492009881196,0.2710492009881196,-0.13470365471391688,4.85,79.63547206621848,3,144,165,0,491.9660318840332,True,False,161,20,08:12/km,24.59830159420166
98,4900.0,4950.0,50.0,271.0126481726431,271.05470079690895,271.01248863988855,0.2710124886398885,0.08410524853172774,4.9,79.67752469048435,3,144,165,0,491.17255414099884,True,False,150,19,08:11/km,24.558627707049943
99,4950.0,5000.0,50.0,271.05470079690895,272.9567347851362,271.8655220612148,0.2718655220612148,3.804067976454462,4.95,81.57955867871158,3,144,165,0,516.410647964789,True,False,93,17,08:36/km,25.820532398239447
100,5000.0,5050.0,50.0,272.9567347851362,274.9668433971527,273.9898470286464,0.2739898470286464,4.02021722403299,5.0,83.58966729072807,3,144,165,0,516.410647964789,True,False,93,17,08:36/km,25.820532398239447
101,5050.0,5100.0,50.0,274.9668433971527,276.5723063973064,275.8886467729165,0.2758886467729165,3.210926000307495,5.05,85.19513029088182,3,144,165,0,516.175397365686,True,False,95,16,08:36/km,25.808769868284298
102,5100.0,5150.0,50.0,276.5723063973064,275.5891604180057,276.1733841844296,0.2761733841844296,-1.9662919586014596,5.1,85.19513029088182,3,144,165,0,493.4084212753309,True,False,133,18,08:13/km,24.670421063766547
103,5150.0,5199.35,49.350000000000364,275.5891604180057,276.5146691823899,275.8258670371174,0.2758258670371174,1.8753976988535486,5.15,86.12063905526605,3,144,165,0,509.10901784991745,True,False,115,16,08:29/km,25.124530030893613
0,0.0,50.0,50.0,279.51320754716977,280.69875559294815,280.2090418227329,0.2802090418227329,2.371096091556751,0.0,1.1855480457783756,4,165,185,0,340.44938042999576,True,False,21,6,05:40/km,17.022469021499788
1,50.0,100.0,50.0,280.69875559294815,280.0,280.34127296136245,0.28034127296136246,-1.3975111858962919,0.05,1.1855480457783756,4,165,185,0,317.6824043396406,True,False,32,5,05:18/km,15.88412021698203
2,100.0,150.0,50.0,280.0,279.56000000000006,279.7533333333333,0.2797533333333333,-0.8799999999998818,0.1,1.1855480457783756,4,165,185,0,317.6824043396406,True,False,37,5,05:18/km,15.88412021698203
3,150.0,200.0,50.0,279.56000000000006,278.8,279.25333333333333,0.27925333333333335,-1.5200000000000955,0.15,1.1855480457783756,4,165,185,0,317.6824043396406,True,False,34,5,05:18/km,15.88412021698203
4,200.0,250.0,50.0,278.8,277.82019834710746,278.2726997245179,0.2782726997245179,-1.9596033057850946,0.2,1.1855480457783756,4,165,185,0,317.6824043396406,True,False,33,5,05:18/km,15.88412021698203
5,250.0,300.0,50.0,277.82019834710746,277.4131274131274,277.5896865247775,0.2775896865247775,-0.8141418679600747,0.25,1.1855480457783756,4,165,185,0,317.6824043396406,True,False,38,5,05:18/km,15.88412021698203
6,300.0,350.0,50.0,277.4131274131274,276.8948972224269,277.215191088827,0.277215191088827,-1.0364603814010707,0.3,1.1855480457783756,4,165,185,0,317.6824043396406,True,False,34,5,05:18/km,15.88412021698203
7,350.0,400.0,50.0,276.8948972224269,275.66014184397164,276.2507402071871,0.2762507402071871,-2.469510756910495,0.35,1.1855480457783756,4,165,185,0,317.6824043396406,True,False,28,4,05:18/km,15.88412021698203
8,400.0,450.0,50.0,275.66014184397164,274.4448093656067,275.10436358148735,0.2751043635814873,-2.4306649567298564,0.4,1.1855480457783756,4,165,185,0,317.6824043396406,True,False,28,4,05:18/km,15.88412021698203
9,450.0,500.0,50.0,274.4448093656067,273.0623216574282,273.6172159494311,0.2736172159494311,-2.7649754163570606,0.45,1.1855480457783756,4,165,185,0,317.6824043396406,True,False,29,4,05:18/km,15.88412021698203
10,500.0,550.0,50.0,273.0623216574282,274.1552000415266,273.6204074265502,0.2736204074265502,2.185756768196825,0.5,2.278426429876788,4,165,185,0,329.59393175848226,True,False,37,7,05:30/km,16.479696587924114
11,550.0,600.0,50.0,274.1552000415266,272.63671936339523,273.53466901883223,0.2735346690188322,-3.0369613562627364,0.55,2.278426429876788,4,165,185,0,317.6824043396406,True,False,26,4,05:18/km,15.88412021698203
12,600.0,650.0,50.0,272.63671936339523,270.6532351858668,271.7019411809002,0.2717019411809002,-3.966968355056906,0.6,2.278426429876788,4,165,185,0,317.6824043396406,True,False,14,4,05:18/km,15.88412021698203
13,650.0,700.0,50.0,270.6532351858668,268.7387692307692,269.5497870199976,0.2695497870199976,-3.828931910195138,0.65,2.278426429876788,4,165,185,0,317.6824043396406,True,False,18,5,05:18/km,15.88412021698203
14,700.0,750.0,50.0,268.7387692307692,268.76186440677964,268.73062755323775,0.26873062755323773,0.04619035202085797,0.7,2.301521605887217,4,165,185,0,317.6824043396406,True,False,52,7,05:18/km,15.88412021698203
15,750.0,800.0,50.0,268.76186440677964,268.79115942028983,268.7399209858348,0.26873992098583477,0.058590027020386515,0.75,2.3308166193974102,4,165,185,0,317.6824043396406,True,False,53,7,05:18/km,15.88412021698203
16,800.0,850.0,50.0,268.79115942028983,268.62350989412187,268.800214582705,0.268800214582705,-0.3352990523359267,0.8,2.3308166193974102,4,165,185,0,317.6824043396406,True,False,54,9,05:18/km,15.88412021698203
17,850.0,900.0,50.0,268.62350989412187,266.7224894256916,267.7673802864545,0.2677673802864545,-3.8020409368605215,0.85,2.3308166193974102,4,165,185,0,317.6824043396406,True,False,20,6,05:18/km,15.88412021698203
18,900.0,950.0,50.0,266.7224894256916,263.93837072215376,265.36460369983575,0.2653646036998358,-5.568237407075685,0.9,2.3308166193974102,4,165,185,0,318.51291032863736,True,False,8,3,05:19/km,15.925645516431869
19,950.0,1000.0,50.0,263.93837072215376,260.8917087881512,262.42871696047916,0.26242871696047915,-6.093323868005086,0.95,2.3308166193974102,4,165,185,0,314.46947601542166,True,False,8,3,05:14/km,15.723473800771083
20,1000.0,1050.0,50.0,260.8917087881512,257.73974188708615,259.3136735217907,0.2593136735217907,-6.303933802130132,1.0,2.3308166193974102,4,165,185,0,314.46947601542166,True,False,9,4,05:14/km,15.723473800771083
21,1050.0,1100.0,50.0,257.73974188708615,254.55537852358717,256.1379989769628,0.2561379989769628,-6.368726726997977,1.05,2.3308166193974102,4,165,185,0,314.46947601542166,True,False,9,4,05:14/km,15.723473800771083
22,1100.0,1150.0,50.0,254.55537852358717,252.1565087815517,253.28916739032266,0.25328916739032264,-4.797739484070917,1.1,2.3308166193974102,4,165,185,0,313.6389700264249,True,False,14,6,05:14/km,15.681948501321243
23,1150.0,1200.0,50.0,252.1565087815517,250.99321637426902,251.42549281906528,0.2514254928190653,-2.326584814565365,1.15,2.3308166193974102,4,165,185,0,313.6389700264249,True,False,40,9,05:14/km,15.681948501321243
24,1200.0,1250.0,50.0,250.99321637426902,249.75774806053056,250.66200857374497,0.250662008573745,-2.470936627476931,1.2,2.3308166193974102,4,165,185,0,313.6389700264249,True,False,42,9,05:14/km,15.681948501321243
25,1250.0,1300.0,50.0,249.75774806053056,246.01916666666665,247.74391443805266,0.24774391443805266,-7.477162787727821,1.25,2.3308166193974102,4,165,185,0,318.10367982142765,True,False,10,7,05:18/km,15.905183991071382
26,1300.0,1350.0,50.0,246.01916666666665,244.34464944229086,245.18098542799996,0.24518098542799996,-3.3490344487515813,1.3,2.3308166193974102,4,165,185,0,313.6389700264249,True,False,35,9,05:14/km,15.681948501321243
27,1350.0,1400.0,50.0,244.34464944229086,242.22262393520458,243.28151818968539,0.24328151818968538,-4.244051014172555,1.35,2.3308166193974102,4,165,185,0,313.6389700264249,True,False,25,10,05:14/km,15.681948501321243
28,1400.0,1450.0,50.0,242.22262393520458,242.31451025746938,242.04596282741304,0.24204596282741303,0.18377264452959707,1.4,2.422702941662209,4,165,185,0,313.6389700264249,True,False,151,15,05:14/km,15.681948501321243
29,1450.0,1500.0,50.0,242.31451025746938,242.07882718274476,242.51285761909415,0.24251285761909414,-0.4713661494492385,1.45,2.422702941662209,4,165,185,0,313.6389700264249,True,False,135,15,05:14/km,15.681948501321243
30,1500.0,1550.0,50.0,242.07882718274476,236.80080262271395,239.65452051114653,0.23965452051114652,-10.55604912006163,1.5,2.422702941662209,4,165,185,0,318.22618438700147,True,False,5,4,05:18/km,15.911309219350075
31,1550.0,1600.0,50.0,236.80080262271395,231.61362847549412,234.06372535966878,0.23406372535966877,-10.374348294439642,1.55,2.422702941662209,4,165,185,0,318.22618438700147,True,False,5,5,05:18/km,15.911309219350075
32,1600.0,1650.0,50.0,231.61362847549412,229.13389961389962,230.11024943693727,0.23011024943693725,-4.9594577231890185,1.6,2.422702941662209,4,165,185,0,313.6389700264249,True,False,35,13,05:14/km,15.681948501321243
33,1650.0,1700.0,50.0,229.13389961389962,228.4199553475449,228.84696001663073,0.22884696001663074,-1.427888532709403,1.65,2.422702941662209,4,165,185,0,313.6389700264249,True,False,165,18,05:14/km,15.681948501321243
34,1700.0,1750.0,50.0,228.4199553475449,225.43093393583732,227.06936746817553,0.22706936746817552,-5.978042823415194,1.7,2.422702941662209,4,165,185,0,314.46947601542166,True,False,37,13,05:14/km,15.723473800771083
35,1750.0,1800.0,50.0,225.43093393583732,221.57105279182852,223.4616999120733,0.2234616999120733,-7.719762288017591,1.75,2.422702941662209,4,165,185,0,318.10367982142765,True,False,21,9,05:18/km,15.905183991071382
36,1800.0,1850.0,50.0,221.57105279182852,217.53601526978315,219.5193782710203,0.21951937827102028,-8.070075044090743,1.8,2.422702941662209,4,165,185,0,318.10367982142765,True,False,20,10,05:18/km,15.905183991071382
37,1850.0,1900.0,50.0,217.53601526978315,216.90282010071792,217.12098856942103,0.21712098856942103,-1.2663903381304635,1.85,2.422702941662209,4,165,185,0,313.6389700264249,True,False,200,18,05:14/km,15.681948501321243
38,1900.0,1950.0,50.0,216.90282010071792,215.69947267570097,216.28546749493796,0.21628546749493796,-2.4066948500338867,1.9,2.422702941662209,4,165,185,0,313.6389700264249,True,False,126,18,05:14/km,15.681948501321243
39,1950.0,2000.0,50.0,215.69947267570097,215.31644444444447,215.4369272136927,0.2154369272136927,-0.7660564625130064,1.95,2.422702941662209,4,165,185,0,326.5872821911759,True,False,248,18,05:27/km,16.329364109558796
40,2000.0,2050.0,50.0,215.31644444444447,214.01292058266208,215.00654032125996,0.21500654032125996,-2.60704772356479,2.0,2.422702941662209,4,165,185,0,326.5872821911759,True,False,129,18,05:27/km,16.329364109558796
41,2050.0,2100.0,50.0,214.01292058266208,209.56968450292442,211.64662691685882,0.21164662691685882,-8.886472159475318,2.05,2.422702941662209,4,165,185,0,326.70978675674974,True,False,15,9,05:27/km,16.335489337837487
42,2100.0,2150.0,50.0,209.56968450292442,207.5604485235021,208.4697651054249,0.2084697651054249,-4.018471958844657,2.1,2.422702941662209,4,165,185,0,326.5872821911759,True,False,72,17,05:27/km,16.329364109558796
43,2150.0,2200.0,50.0,207.5604485235021,206.7946368387477,207.11908004713828,0.20711908004713828,-1.531623369508793,2.15,2.422702941662209,4,165,185,0,326.5872821911759,True,False,195,18,05:27/km,16.329364109558796
44,2200.0,2250.0,50.0,206.7946368387477,207.20446153846152,206.89538745886375,0.20689538745886374,0.8196493994276466,2.2,2.832527641376032,4,165,185,0,326.5872821911759,True,False,317,18,05:27/km,16.329364109558796
45,2250.0,2300.0,50.0,207.20446153846152,204.4262117282971,206.26845467130386,0.20626845467130386,-5.55649962032885,2.25,2.832527641376032,4,165,185,0,326.5872821911759,True,False,61,15,05:27/km,16.329364109558796
46,2300.0,2350.0,50.0,204.4262117282971,201.6280254358574,202.7089469051687,0.2027089469051687,-5.5963725848793615,2.3,2.832527641376032,4,165,185,0,326.5872821911759,True,False,66,15,05:27/km,16.329364109558796
47,2350.0,2400.0,50.0,201.6280254358574,201.04000000000002,201.2998099466563,0.2012998099466563,-1.1760508717147786,2.35,2.832527641376032,4,165,185,0,326.5872821911759,True,False,242,19,05:27/km,16.329364109558796
48,2400.0,2450.0,50.0,201.04000000000002,199.92185087958168,200.53332694297694,0.20053332694297693,-2.2362982408366747,2.4,2.832527641376032,4,165,185,0,326.5872821911759,True,False,171,19,05:27/km,16.329364109558796
49,2450.0,2500.0,50.0,199.92185087958168,198.95999999999998,199.4018572699381,0.1994018572699381,-1.9237017591634071,2.45,2.832527641376032,4,165,185,0,326.5872821911759,True,False,191,19,05:27/km,16.329364109558796
50,2500.0,2550.0,50.0,198.95999999999998,199.74030291540848,199.22497068147848,0.19922497068147849,1.5606058308169963,2.5,3.6128305567845302,4,165,185,0,326.5872821911759,True,False,310,18,05:27/km,16.329364109558796
51,2550.0,2600.0,50.0,199.74030291540848,198.1050676269738,199.174584590811,0.199174584590811,-3.270470576869343,2.55,3.6128305567845302,4,165,185,0,326.5872821911759,True,False,114,18,05:27/km,16.329364109558796
52,2600.0,2650.0,50.0,198.1050676269738,197.08,197.46581527009278,0.19746581527009277,-2.0501352539475874,2.6,3.6128305567845302,4,165,185,0,326.5872821911759,True,False,191,19,05:27/km,16.329364109558796
53,2650.0,2700.0,50.0,197.08,196.4806092691112,196.80166009790275,0.19680166009790276,-1.198781461777628,2.65,3.6128305567845302,4,165,185,0,326.5872821911759,True,False,245,19,05:27/km,16.329364109558796
54,2700.0,2750.0,50.0,196.4806092691112,195.6911842105263,196.08747987296283,0.19608747987296282,-1.578850117169793,2.7,3.6128305567845302,4,165,185,0,326.5872821911759,True,False,217,19,05:27/km,16.329364109558796
55,2750.0,2800.0,50.0,195.6911842105263,195.57735849056607,195.47510633896061,0.19547510633896062,-0.22765143992046433,2.75,3.6128305567845302,4,165,185,0,326.5872821911759,True,False,318,18,05:27/km,16.329364109558796
56,2800.0,2850.0,50.0,195.57735849056607,198.2372311992478,196.8007595164189,0.1968007595164189,5.3197454173634355,2.8,6.272703265466248,4,165,185,0,388.9274076095114,True,False,149,19,06:29/km,19.44637038047557
57,2850.0,2900.0,50.0,198.2372311992478,201.1311559303036,199.7075674656787,0.1997075674656787,5.787849462111637,2.85,9.166627996522067,4,165,185,0,392.4646080124975,True,False,139,19,06:32/km,19.623230400624873
58,2900.0,2950.0,50.0,201.1311559303036,203.697171669155,202.4531755722314,0.20245317557223141,5.13203147770281,2.9,11.732643735373472,4,165,185,0,388.9274076095114,True,False,159,19,06:29/km,19.44637038047557
59,2950.0,3000.0,50.0,203.697171669155,205.6614376721763,204.72717385379062,0.2047271738537906,3.9285320060425875,2.95,13.696909738394766,4,165,185,0,377.1992090291213,True,False,186,18,06:17/km,18.859960451456065
60,3000.0,3050.0,50.0,205.6614376721763,207.0741077027009,206.37182238779067,0.20637182238779067,2.8253400610491894,3.0,15.10957976891936,4,165,185,0,370.733676097173,True,False,260,18,06:11/km,18.53668380485865
61,3050.0,3100.0,50.0,207.0741077027009,208.4435563839702,207.76108730397178,0.20776108730397178,2.73889736253858,3.05,16.47902845018865,4,165,185,0,370.733676097173,True,False,271,18,06:11/km,18.53668380485865
62,3100.0,3150.0,50.0,208.4435563839702,210.1547940635697,209.25556624510384,0.20925556624510383,3.4224753591990407,3.1,18.19026612978817,4,165,185,0,370.733676097173,True,False,217,18,06:11/km,18.53668380485865
63,3150.0,3200.0,50.0,210.1547940635697,212.61657223652983,211.32451339528384,0.21132451339528385,4.923556345920247,3.15,20.652044302748294,4,165,185,0,388.4488373609156,True,False,167,19,06:28/km,19.422441868045784
64,3200.0,3250.0,50.0,212.61657223652983,215.5855918678626,214.08698888343554,0.21408698888343553,5.938039262665541,3.2,23.621063934081064,4,165,185,0,395.4733755063861,True,False,136,19,06:35/km,19.773668775319305
65,3250.0,3300.0,50.0,215.5855918678626,218.96451573409132,217.2516802865964,0.21725168028659642,6.757847732457435,3.25,26.999987800309782,4,165,185,0,406.5363050937615,True,False,120,18,06:47/km,20.326815254688075
66,3300.0,3350.0,50.0,218.96451573409132,222.35944696716797,220.6762590043735,0.2206762590043735,6.789862466153295,3.3,30.39491903338643,4,165,185,0,406.5363050937615,True,False,118,18,06:47/km,20.326815254688075
67,3350.0,3400.0,50.0,222.35944696716797,225.66137094484347,224.01283050382506,0.22401283050382506,6.603847955351,3.35,33.69684301106193,4,165,185,0,408.0301632913696,True,False,120,18,06:48/km,20.40150816456848
68,3400.0,3450.0,50.0,225.66137094484347,229.20568425460505,227.43116811859454,0.22743116811859454,7.088626619523154,3.4,37.24115632082351,4,165,185,0,408.68588137345466,True,False,101,16,06:49/km,20.434294068672735
69,3450.0,3500.0,50.0,229.20568425460505,232.76578221904597,230.97734121270614,0.23097734121270613,7.120195928881856,3.45,40.801254285264434,4,165,185,0,436.610131473288,True,False,100,15,07:17/km,21.830506573664398
70,3500.0,3550.0,50.0,232.76578221904597,235.74126037806133,234.27977750211008,0.23427977750211007,5.9509563180307055,3.5,43.77673244427979,4,165,185,0,438.9453679522743,True,False,122,15,07:19/km,21.947268397613716
71,3550.0,3600.0,50.0,235.74126037806133,238.90850420270135,237.31237023555488,0.23731237023555488,6.3344876492800495,3.55,46.94397626891981,4,165,185,0,450.00829753964956,True,False,117,16,07:30/km,22.50041487698248
72,3600.0,3650.0,50.0,238.90850420270135,242.02757063727412,240.48919234688765,0.24048919234688765,6.238132869145545,3.6,50.063042703492584,4,165,185,0,450.00829753964956,True,False,111,15,07:30/km,22.50041487698248
73,3650.0,3700.0,50.0,242.02757063727412,244.32916962123286,243.24842145847495,0.24324842145847494,4.603197967917481,3.65,52.364641687451325,4,165,185,0,421.8576222357002,True,False,154,15,07:02/km,21.092881111785008
74,3700.0,3750.0,50.0,244.32916962123286,245.86069786746816,245.1239078224236,0.2451239078224236,3.0630564924705936,3.7,53.89616993368662,4,165,185,0,414.20566854306117,True,False,195,14,06:54/km,20.71028342715306
75,3750.0,3800.0,50.0,245.86069786746816,246.96026936026936,246.49243700397903,0.24649243700397905,2.199142985602407,3.75,54.995741426487825,4,165,185,0,392.3513572321969,True,False,211,14,06:32/km,19.617567861609846
76,3800.0,3850.0,50.0,246.96026936026936,247.24,247.0800897867565,0.2470800897867565,0.5594612794612885,3.8,55.27547206621847,4,165,185,0,380.43982981335523,True,False,213,14,06:20/km,19.021991490667762
77,3850.0,3900.0,50.0,247.24,247.72937499999998,247.4744791666666,0.24747447916666662,0.9787499999999341,3.85,55.76484706621844,4,165,185,0,376.7431293484669,True,False,206,14,06:17/km,18.837156467423345
78,3900.0,3950.0,50.0,247.72937499999998,248.28845528455287,248.0005326897019,0.2480005326897019,1.1181605691057825,3.9,56.32392735077133,4,165,185,0,376.7431293484669,True,False,202,13,06:17/km,18.837156467423345
79,3950.0,4000.0,50.0,248.28845528455287,249.08057971014492,248.69644161659008,0.24869644161659007,1.5842488511840997,3.95,57.11605177636338,4,165,185,0,380.73580715871327,True,False,204,13,06:21/km,19.036790357935665
80,4000.0,4050.0,50.0,249.08057971014492,249.3419533799534,249.18162551940813,0.24918162551940812,0.5227473396169557,4.0,57.377425446171856,4,165,185,0,376.7431293484669,True,False,204,13,06:17/km,18.837156467423345
81,4050.0,4100.0,50.0,249.3419533799534,250.23662447257385,249.7917006973336,0.24979170069733359,1.789342185240912,4.05,58.27209653879231,4,165,185,0,381.45727955860497,True,False,195,13,06:21/km,19.072863977930247
82,4100.0,4150.0,50.0,250.23662447257385,251.4,250.79220815752464,0.2507922081575246,2.326751054852309,4.1,59.435472066218466,4,165,185,0,397.51854753512794,True,False,206,14,06:38/km,19.875927376756398
83,4150.0,4200.0,50.0,251.4,252.44573770491803,251.95715846994537,0.2519571584699454,2.0914754098360504,4.15,60.48120977113649,4,165,185,0,386.66309886361444,True,False,197,13,06:27/km,19.333154943180723
84,4200.0,4250.0,50.0,252.44573770491803,252.95274044471506,252.72616822544197,0.25272616822544197,1.0140054795940614,4.2,60.98821251093352,4,165,185,0,374.75157144477276,True,False,192,13,06:15/km,18.73757857223864
85,4250.0,4300.0,50.0,252.95274044471506,253.0,253.00848478757908,0.2530084847875791,0.09451911056987683,4.25,61.03547206621846,4,165,185,0,374.75157144477276,True,False,192,13,06:15/km,18.73757857223864
86,4300.0,4350.0,50.0,253.0,252.67633233248839,252.85346657238392,0.25285346657238394,-0.6473353350232287,4.3,61.03547206621846,4,165,185,0,374.75157144477276,True,False,169,14,06:15/km,18.73757857223864
87,4350.0,4400.0,50.0,252.67633233248839,252.48000000000002,252.56286576010447,0.25256286576010445,-0.3926646649767349,4.35,61.03547206621846,4,165,185,0,374.75157144477276,True,False,180,13,06:15/km,18.73757857223864
88,4400.0,4450.0,50.0,252.48000000000002,252.72458204334367,252.5689576883385,0.2525689576883385,0.4891640866873104,4.4,61.280054109562116,4,165,185,0,374.75157144477276,True,False,196,13,06:15/km,18.73757857223864
89,4450.0,4500.0,50.0,252.72458204334367,254.17833149799972,253.3325618462509,0.2533325618462509,2.907498909312096,4.45,62.733803564218164,4,165,185,0,397.51854753512794,True,False,201,14,06:38/km,19.875927376756398
90,4500.0,4550.0,50.0,254.17833149799972,256.85881284334425,255.48173195724817,0.25548173195724816,5.360962690689064,4.5,65.4142849095627,4,165,185,0,429.78589025071653,True,False,155,15,07:10/km,21.489294512535828
91,4550.0,4600.0,50.0,256.85881284334425,259.69081006775724,258.3018544864307,0.2583018544864307,5.663994448825974,4.55,68.24628213397568,4,165,185,0,458.2063220253468,True,False,146,16,07:38/km,22.91031610126734
92,4600.0,4650.0,50.0,259.69081006775724,262.3911423499763,261.00098999052284,0.26100098999052285,5.400664564438102,4.6,70.94661441619473,4,165,185,0,457.72328232053064,True,False,156,16,07:38/km,22.88616411602653
93,4650.0,4700.0,50.0,262.3911423499763,265.45435807500655,263.9159838971287,0.26391598389712867,6.126431450060522,4.65,74.009830141225,4,165,185,0,484.45374144635537,True,False,134,16,08:04/km,24.22268707231777
94,4700.0,4750.0,50.0,265.45435807500655,268.4583166246649,267.0031997273741,0.26700319972737413,6.007917099316728,4.7,77.01378869088336,4,165,185,0,466.75470434827116,True,False,135,16,07:47/km,23.33773521741356
95,4750.0,4800.0,50.0,268.4583166246649,270.49558232931724,269.537392516563,0.269537392516563,4.0745314093046545,4.75,79.05105439553569,4,165,185,0,444.1727370069427,True,False,169,15,07:24/km,22.208636850347133
96,4800.0,4850.0,50.0,270.49558232931724,271.08000000000004,270.8825970548862,0.2708825970548862,1.1688353413655932,4.8,79.63547206621848,4,165,185,0,413.7538072239485,True,False,175,14,06:54/km,20.687690361197426
97,4850.0,4900.0,50.0,271.08000000000004,271.0126481726431,271.0492009881196,0.2710492009881196,-0.13470365471391688,4.85,79.63547206621848,4,165,185,0,410.8454496126114,True,False,159,14,06:51/km,20.54227248063057
98,4900.0,4950.0,50.0,271.0126481726431,271.05470079690895,271.01248863988855,0.2710124886398885,0.08410524853172774,4.9,79.67752469048435,4,165,185,0,410.051971869577,True,False,164,14,06:50/km,20.50259859347885
99,4950.0,5000.0,50.0,271.05470079690895,272.9567347851362,271.8655220612148,0.2718655220612148,3.804067976454462,4.95,81.57955867871158,4,165,185,0,440.47090165257123,True,False,179,15,07:20/km,22.02354508262856
100,5000.0,5050.0,50.0,272.9567347851362,274.9668433971527,273.9898470286464,0.2739898470286464,4.02021722403299,5.0,83.58966729072807,4,165,185,0,440.47090165257123,True,False,172,15,07:20/km,22.02354508262856
101,5050.0,5100.0,50.0,274.9668433971527,276.5723063973064,275.8886467729165,0.2758886467729165,3.210926000307495,5.05,85.19513029088182,4,165,185,0,435.05481509426414,True,False,182,15,07:15/km,21.752740754713205
102,5100.0,5150.0,50.0,276.5723063973064,275.5891604180057,276.1733841844296,0.2761733841844296,-1.9662919586014596,5.1,85.19513029088182,4,165,185,0,412.2878390039091,True,False,113,14,06:52/km,20.614391950195454
103,5150.0,5199.35,49.350000000000364,275.5891604180057,276.5146691823899,275.8258670371174,0.2758258670371174,1.8753976988535486,5.15,86.12063905526605,4,165,185,0,429.4863667881669,True,False,171,14,07:09/km,21.19515220099619
0,0.0,50.0,50.0,279.51320754716977,280.69875559294815,280.2090418227329,0.2802090418227329,2.371096091556751,0.0,1.1855480457783756,5,185,206,0,320.6107730313043,True,True,1,1,05:21/km,16.030538651565216
1,50.0,100.0,50.0,280.69875559294815,280.0,280.34127296136245,0.28034127296136246,-1.3975111858962919,0.05,1.1855480457783756,5,185,206,0,297.84379694094923,True,True,7,1,04:58/km,14.892189847047463
2,100.0,150.0,50.0,280.0,279.56000000000006,279.7533333333333,0.2797533333333333,-0.8799999999998818,0.1,1.1855480457783756,5,185,206,0,297.84379694094923,True,True,9,1,04:58/km,14.892189847047463
3,150.0,200.0,50.0,279.56000000000006,278.8,279.25333333333333,0.27925333333333335,-1.5200000000000955,0.15,1.1855480457783756,5,185,206,0,297.84379694094923,True,False,8,2,04:58/km,14.892189847047463
4,200.0,250.0,50.0,278.8,277.82019834710746,278.2726997245179,0.2782726997245179,-1.9596033057850946,0.2,1.1855480457783756,5,185,206,0,297.84379694094923,True,False,9,2,04:58/km,14.892189847047463
5,250.0,300.0,50.0,277.82019834710746,277.4131274131274,277.5896865247775,0.2775896865247775,-0.8141418679600747,0.25,1.1855480457783756,5,185,206,0,297.84379694094923,True,False,13,2,04:58/km,14.892189847047463
6,300.0,350.0,50.0,277.4131274131274,276.8948972224269,277.215191088827,0.277215191088827,-1.0364603814010707,0.3,1.1855480457783756,5,185,206,0,297.84379694094923,True,False,11,2,04:58/km,14.892189847047463
7,350.0,400.0,50.0,276.8948972224269,275.66014184397164,276.2507402071871,0.2762507402071871,-2.469510756910495,0.35,1.1855480457783756,5,185,206,0,297.84379694094923,True,False,11,3,04:58/km,14.892189847047463
8,400.0,450.0,50.0,275.66014184397164,274.4448093656067,275.10436358148735,0.2751043635814873,-2.4306649567298564,0.4,1.1855480457783756,5,185,206,0,297.84379694094923,True,False,12,3,04:58/km,14.892189847047463
9,450.0,500.0,50.0,274.4448093656067,273.0623216574282,273.6172159494311,0.2736172159494311,-2.7649754163570606,0.45,1.1855480457783756,5,185,206,0,297.84379694094923,True,False,11,3,04:58/km,14.892189847047463
10,500.0,550.0,50.0,273.0623216574282,274.1552000415266,273.6204074265502,0.2736204074265502,2.185756768196825,0.5,2.278426429876788,5,185,206,0,309.7553243597908,True,False,9,4,05:10/km,15.48776621798954
11,550.0,600.0,50.0,274.1552000415266,272.63671936339523,273.53466901883223,0.2735346690188322,-3.0369613562627364,0.55,2.278426429876788,5,185,206,0,297.84379694094923,True,False,10,3,04:58/km,14.892189847047463
12,600.0,650.0,50.0,272.63671936339523,270.6532351858668,271.7019411809002,0.2717019411809002,-3.966968355056906,0.6,2.278426429876788,5,185,206,0,297.84379694094923,True,False,5,3,04:58/km,14.892189847047463
13,650.0,700.0,50.0,270.6532351858668,268.7387692307692,269.5497870199976,0.2695497870199976,-3.828931910195138,0.65,2.278426429876788,5,185,206,0,297.84379694094923,True,False,5,3,04:58/km,14.892189847047463
14,700.0,750.0,50.0,268.7387692307692,268.76186440677964,268.73062755323775,0.26873062755323773,0.04619035202085797,0.7,2.301521605887217,5,185,206,0,297.84379694094923,True,False,15,4,04:58/km,14.892189847047463
15,750.0,800.0,50.0,268.76186440677964,268.79115942028983,268.7399209858348,0.26873992098583477,0.058590027020386515,0.75,2.3308166193974102,5,185,206,0,297.84379694094923,True,False,15,4,04:58/km,14.892189847047463
16,800.0,850.0,50.0,268.79115942028983,268.62350989412187,268.800214582705,0.268800214582705,-0.3352990523359267,0.8,2.3308166193974102,5,185,206,0,297.84379694094923,True,False,19,5,04:58/km,14.892189847047463
17,850.0,900.0,50.0,268.62350989412187,266.7224894256916,267.7673802864545,0.2677673802864545,-3.8020409368605215,0.85,2.3308166193974102,5,185,206,0,297.84379694094923,True,False,6,3,04:58/km,14.892189847047463
18,900.0,950.0,50.0,266.7224894256916,263.93837072215376,265.36460369983575,0.2653646036998358,-5.568237407075685,0.9,2.3308166193974102,5,185,206,0,298.674302929946,True,True,1,1,04:59/km,14.9337151464973
19,950.0,1000.0,50.0,263.93837072215376,260.8917087881512,262.42871696047916,0.26242871696047915,-6.093323868005086,0.95,2.3308166193974102,5,185,206,0,294.6308686167303,True,True,0,0,04:55/km,14.731543430836515
20,1000.0,1050.0,50.0,260.8917087881512,257.73974188708615,259.3136735217907,0.2593136735217907,-6.303933802130132,1.0,2.3308166193974102,5,185,206,0,294.6308686167303,True,True,0,0,04:55/km,14.731543430836515
21,1050.0,1100.0,50.0,257.73974188708615,254.55537852358717,256.1379989769628,0.2561379989769628,-6.368726726997977,1.05,2.3308166193974102,5,185,206,0,294.6308686167303,True,True,0,0,04:55/km,14.731543430836515
22,1100.0,1150.0,50.0,254.55537852358717,252.1565087815517,253.28916739032266,0.25328916739032264,-4.797739484070917,1.1,2.3308166193974102,5,185,206,0,293.80036262773353,True,True,2,2,04:54/km,14.690018131386676
23,1150.0,1200.0,50.0,252.1565087815517,250.99321637426902,251.42549281906528,0.2514254928190653,-2.326584814565365,1.15,2.3308166193974102,5,185,206,0,293.80036262773353,True,False,18,6,04:54/km,14.690018131386676
24,1200.0,1250.0,50.0,250.99321637426902,249.75774806053056,250.66200857374497,0.250662008573745,-2.470936627476931,1.2,2.3308166193974102,5,185,206,0,293.80036262773353,True,False,18,7,04:54/km,14.690018131386676
25,1250.0,1300.0,50.0,249.75774806053056,246.01916666666665,247.74391443805266,0.24774391443805266,-7.477162787727821,1.25,2.3308166193974102,5,185,206,0,298.2650724227363,True,True,0,0,04:58/km,14.913253621136816
26,1300.0,1350.0,50.0,246.01916666666665,244.34464944229086,245.18098542799996,0.24518098542799996,-3.3490344487515813,1.3,2.3308166193974102,5,185,206,0,293.80036262773353,True,False,11,6,04:54/km,14.690018131386676
27,1350.0,1400.0,50.0,244.34464944229086,242.22262393520458,243.28151818968539,0.24328151818968538,-4.244051014172555,1.35,2.3308166193974102,5,185,206,0,293.80036262773353,True,False,5,5,04:54/km,14.690018131386676
28,1400.0,1450.0,50.0,242.22262393520458,242.31451025746938,242.04596282741304,0.24204596282741303,0.18377264452959707,1.4,2.422702941662209,5,185,206,0,293.80036262773353,True,False,40,10,04:54/km,14.690018131386676
29,1450.0,1500.0,50.0,242.31451025746938,242.07882718274476,242.51285761909415,0.24251285761909414,-0.4713661494492385,1.45,2.422702941662209,5,185,206,0,293.80036262773353,True,False,37,10,04:54/km,14.690018131386676
30,1500.0,1550.0,50.0,242.07882718274476,236.80080262271395,239.65452051114653,0.23965452051114652,-10.55604912006163,1.5,2.422702941662209,5,185,206,0,298.3875769883101,True,True,0,0,04:58/km,14.919378849415505
31,1550.0,1600.0,50.0,236.80080262271395,231.61362847549412,234.06372535966878,0.23406372535966877,-10.374348294439642,1.55,2.422702941662209,5,185,206,0,298.3875769883101,True,True,0,0,04:58/km,14.919378849415505
32,1600.0,1650.0,50.0,231.61362847549412,229.13389961389962,230.11024943693727,0.23011024943693725,-4.9594577231890185,1.6,2.422702941662209,5,185,206,0,293.80036262773353,True,False,6,6,04:54/km,14.690018131386676
33,1650.0,1700.0,50.0,229.13389961389962,228.4199553475449,228.84696001663073,0.22884696001663074,-1.427888532709403,1.65,2.422702941662209,5,185,206,0,293.80036262773353,True,False,68,11,04:54/km,14.690018131386676
34,1700.0,1750.0,50.0,228.4199553475449,225.43093393583732,227.06936746817553,0.22706936746817552,-5.978042823415194,1.7,2.422702941662209,5,185,206,0,294.6308686167303,True,True,2,2,04:55/km,14.731543430836515
35,1750.0,1800.0,50.0,225.43093393583732,221.57105279182852,223.4616999120733,0.2234616999120733,-7.719762288017591,1.75,2.422702941662209,5,185,206,0,298.2650724227363,True,True,1,1,04:58/km,14.913253621136816
36,1800.0,1850.0,50.0,221.57105279182852,217.53601526978315,219.5193782710203,0.21951937827102028,-8.070075044090743,1.8,2.422702941662209,5,185,206,0,298.2650724227363,True,True,1,1,04:58/km,14.913253621136816
37,1850.0,1900.0,50.0,217.53601526978315,216.90282010071792,217.12098856942103,0.21712098856942103,-1.2663903381304635,1.85,2.422702941662209,5,185,206,0,293.80036262773353,True,False,76,11,04:54/km,14.690018131386676
38,1900.0,1950.0,50.0,216.90282010071792,215.69947267570097,216.28546749493796,0.21628546749493796,-2.4066948500338867,1.9,2.422702941662209,5,185,206,0,293.80036262773353,True,False,61,10,04:54/km,14.690018131386676
39,1950.0,2000.0,50.0,215.69947267570097,215.31644444444447,215.4369272136927,0.2154369272136927,-0.7660564625130064,1.95,2.422702941662209,5,185,206,0,304.3082536606364,True,False,93,10,05:04/km,15.21541268303182
40,2000.0,2050.0,50.0,215.31644444444447,214.01292058266208,215.00654032125996,0.21500654032125996,-2.60704772356479,2.0,2.422702941662209,5,185,206,0,304.3082536606364,True,False,53,10,05:04/km,15.21541268303182
41,2050.0,2100.0,50.0,214.01292058266208,209.56968450292442,211.64662691685882,0.21164662691685882,-8.886472159475318,2.05,2.422702941662209,5,185,206,0,304.43075822621023,True,True,2,2,05:04/km,15.221537911310511
42,2100.0,2150.0,50.0,209.56968450292442,207.5604485235021,208.4697651054249,0.2084697651054249,-4.018471958844657,2.1,2.422702941662209,5,185,206,0,304.3082536606364,True,False,16,8,05:04/km,15.21541268303182
43,2150.0,2200.0,50.0,207.5604485235021,206.7946368387477,207.11908004713828,0.20711908004713828,-1.531623369508793,2.15,2.422702941662209,5,185,206,0,304.3082536606364,True,False,77,11,05:04/km,15.21541268303182
44,2200.0,2250.0,50.0,206.7946368387477,207.20446153846152,206.89538745886375,0.20689538745886374,0.8196493994276466,2.2,2.832527641376032,5,185,206,0,304.3082536606364,True,False,102,10,05:04/km,15.21541268303182
45,2250.0,2300.0,50.0,207.20446153846152,204.4262117282971,206.26845467130386,0.20626845467130386,-5.55649962032885,2.25,2.832527641376032,5,185,206,0,304.3082536606364,True,True,4,4,05:04/km,15.21541268303182
46,2300.0,2350.0,50.0,204.4262117282971,201.6280254358574,202.7089469051687,0.2027089469051687,-5.5963725848793615,2.3,2.832527641376032,5,185,206,0,304.3082536606364,True,True,4,4,05:04/km,15.21541268303182
47,2350.0,2400.0,50.0,201.6280254358574,201.04000000000002,201.2998099466563,0.2012998099466563,-1.1760508717147786,2.35,2.832527641376032,5,185,206,0,304.3082536606364,True,False,84,11,05:04/km,15.21541268303182
48,2400.0,2450.0,50.0,201.04000000000002,199.92185087958168,200.53332694297694,0.20053332694297693,-2.2362982408366747,2.4,2.832527641376032,5,185,206,0,304.3082536606364,True,False,65,11,05:04/km,15.21541268303182
49,2450.0,2500.0,50.0,199.92185087958168,198.95999999999998,199.4018572699381,0.1994018572699381,-1.9237017591634071,2.45,2.832527641376032,5,185,206,0,304.3082536606364,True,False,69,10,05:04/km,15.21541268303182
50,2500.0,2550.0,50.0,198.95999999999998,199.74030291540848,199.22497068147848,0.19922497068147849,1.5606058308169963,2.5,3.6128305567845302,5,185,206,0,304.3082536606364,True,False,95,11,05:04/km,15.21541268303182
51,2550.0,2600.0,50.0,199.74030291540848,198.1050676269738,199.174584590811,0.199174584590811,-3.270470576869343,2.55,3.6128305567845302,5,185,206,0,304.3082536606364,True,False,34,10,05:04/km,15.21541268303182
52,2600.0,2650.0,50.0,198.1050676269738,197.08,197.46581527009278,0.19746581527009277,-2.0501352539475874,2.6,3.6128305567845302,5,185,206,0,304.3082536606364,True,False,71,10,05:04/km,15.21541268303182
53,2650.0,2700.0,50.0,197.08,196.4806092691112,196.80166009790275,0.19680166009790276,-1.198781461777628,2.65,3.6128305567845302,5,185,206,0,304.3082536606364,True,False,87,11,05:04/km,15.21541268303182
54,2700.0,2750.0,50.0,196.4806092691112,195.6911842105263,196.08747987296283,0.19608747987296282,-1.578850117169793,2.7,3.6128305567845302,5,185,206,0,304.3082536606364,True,False,82,10,05:04/km,15.21541268303182
55,2750.0,2800.0,50.0,195.6911842105263,195.57735849056607,195.47510633896061,0.19547510633896062,-0.22765143992046433,2.75,3.6128305567845302,5,185,206,0,304.3082536606364,True,False,123,11,05:04/km,15.21541268303182
56,2800.0,2850.0,50.0,195.57735849056607,198.2372311992478,196.8007595164189,0.1968007595164189,5.3197454173634355,2.8,6.272703265466248,5,185,206,0,366.6483790789718,True,False,39,10,06:07/km,18.33241895394859
57,2850.0,2900.0,50.0,198.2372311992478,201.1311559303036,199.7075674656787,0.1997075674656787,5.787849462111637,2.85,9.166627996522067,5,185,206,0,370.185579481958,True,False,40,10,06:10/km,18.5092789740979
58,2900.0,2950.0,50.0,201.1311559303036,203.697171669155,202.4531755722314,0.20245317557223141,5.13203147770281,2.9,11.732643735373472,5,185,206,0,366.6483790789718,True,False,43,10,06:07/km,18.33241895394859
59,2950.0,3000.0,50.0,203.697171669155,205.6614376721763,204.72717385379062,0.2047271738537906,3.9285320060425875,2.95,13.696909738394766,5,185,206,0,354.92018049858166,True,False,56,13,05:55/km,17.746009024929084
60,3000.0,3050.0,50.0,205.6614376721763,207.0741077027009,206.37182238779067,0.20637182238779067,2.8253400610491894,3.0,15.10957976891936,5,185,206,0,348.45464756663347,True,False,93,12,05:48/km,17.422732378331673
61,3050.0,3100.0,50.0,207.0741077027009,208.4435563839702,207.76108730397178,0.20776108730397178,2.73889736253858,3.05,16.47902845018865,5,185,206,0,348.45464756663347,True,False,94,12,05:48/km,17.422732378331673
62,3100.0,3150.0,50.0,208.4435563839702,210.1547940635697,209.25556624510384,0.20925556624510383,3.4224753591990407,3.1,18.19026612978817,5,185,206,0,348.45464756663347,True,False,71,12,05:48/km,17.422732378331673
63,3150.0,3200.0,50.0,210.1547940635697,212.61657223652983,211.32451339528384,0.21132451339528385,4.923556345920247,3.15,20.652044302748294,5,185,206,0,366.169808830376,True,False,43,10,06:06/km,18.3084904415188
64,3200.0,3250.0,50.0,212.61657223652983,215.5855918678626,214.08698888343554,0.21408698888343553,5.938039262665541,3.2,23.621063934081064,5,185,206,0,373.1943469758466,True,False,38,9,06:13/km,18.659717348792327
65,3250.0,3300.0,50.0,215.5855918678626,218.96451573409132,217.2516802865964,0.21725168028659642,6.757847732457435,3.25,26.999987800309782,5,185,206,0,384.25727656322186,True,False,33,9,06:24/km,19.212863828161094
66,3300.0,3350.0,50.0,218.96451573409132,222.35944696716797,220.6762590043735,0.2206762590043735,6.789862466153295,3.3,30.39491903338643,5,185,206,0,384.25727656322186,True,False,32,9,06:24/km,19.212863828161094
67,3350.0,3400.0,50.0,222.35944696716797,225.66137094484347,224.01283050382506,0.22401283050382506,6.603847955351,3.35,33.69684301106193,5,185,206,0,385.7511347608301,True,False,32,9,06:26/km,19.287556738041506
68,3400.0,3450.0,50.0,225.66137094484347,229.20568425460505,227.43116811859454,0.22743116811859454,7.088626619523154,3.4,37.24115632082351,5,185,206,0,386.40685284291516,True,False,33,9,06:26/km,19.320342642145757
69,3450.0,3500.0,50.0,229.20568425460505,232.76578221904597,230.97734121270614,0.23097734121270613,7.120195928881856,3.45,40.801254285264434,5,185,206,0,416.994666101836,True,False,33,9,06:57/km,20.8497333050918
70,3500.0,3550.0,50.0,232.76578221904597,235.74126037806133,234.27977750211008,0.23427977750211007,5.9509563180307055,3.5,43.77673244427979,5,185,206,0,419.3299025808223,True,False,37,9,06:59/km,20.966495129041114
71,3550.0,3600.0,50.0,235.74126037806133,238.90850420270135,237.31237023555488,0.23731237023555488,6.3344876492800495,3.55,46.94397626891981,5,185,206,0,430.3928321681976,True,False,32,8,07:10/km,21.519641608409877
72,3600.0,3650.0,50.0,238.90850420270135,242.02757063727412,240.48919234688765,0.24048919234688765,6.238132869145545,3.6,50.063042703492584,5,185,206,0,430.3928321681976,True,False,34,8,07:10/km,21.519641608409877
73,3650.0,3700.0,50.0,242.02757063727412,244.32916962123286,243.24842145847495,0.24324842145847494,4.603197967917481,3.65,52.364641687451325,5,185,206,0,402.2421568642482,True,False,45,9,06:42/km,20.112107843212414
74,3700.0,3750.0,50.0,244.32916962123286,245.86069786746816,245.1239078224236,0.2451239078224236,3.0630564924705936,3.7,53.89616993368662,5,185,206,0,394.5902031716092,True,False,60,9,06:35/km,19.72951015858046
75,3750.0,3800.0,50.0,245.86069786746816,246.96026936026936,246.49243700397903,0.24649243700397905,2.199142985602407,3.75,54.995741426487825,5,185,206,0,372.7358918607449,True,False,63,9,06:13/km,18.636794593037244
76,3800.0,3850.0,50.0,246.96026936026936,247.24,247.0800897867565,0.2470800897867565,0.5594612794612885,3.8,55.27547206621847,5,185,206,0,360.82436444190324,True,False,59,8,06:01/km,18.04121822209516
77,3850.0,3900.0,50.0,247.24,247.72937499999998,247.4744791666666,0.24747447916666662,0.9787499999999341,3.85,55.76484706621844,5,185,206,0,357.1276639770149,True,False,60,8,05:57/km,17.856383198850743
78,3900.0,3950.0,50.0,247.72937499999998,248.28845528455287,248.0005326897019,0.2480005326897019,1.1181605691057825,3.9,56.32392735077133,5,185,206,0,357.1276639770149,True,False,58,8,05:57/km,17.856383198850743
79,3950.0,4000.0,50.0,248.28845528455287,249.08057971014492,248.69644161659008,0.24869644161659007,1.5842488511840997,3.95,57.11605177636338,5,185,206,0,361.1203417872613,True,False,59,8,06:01/km,18.056017089363063
80,4000.0,4050.0,50.0,249.08057971014492,249.3419533799534,249.18162551940813,0.24918162551940812,0.5227473396169557,4.0,57.377425446171856,5,185,206,0,357.1276639770149,True,False,59,8,05:57/km,17.856383198850743
81,4050.0,4100.0,50.0,249.3419533799534,250.23662447257385,249.7917006973336,0.24979170069733359,1.789342185240912,4.05,58.27209653879231,5,185,206,0,361.841814187153,True,False,57,8,06:02/km,18.09209070935765
82,4100.0,4150.0,50.0,250.23662447257385,251.4,250.79220815752464,0.2507922081575246,2.326751054852309,4.1,59.435472066218466,5,185,206,0,377.90308216367595,True,False,64,9,06:18/km,18.895154108183796
83,4150.0,4200.0,50.0,251.4,252.44573770491803,251.95715846994537,0.2519571584699454,2.0914754098360504,4.15,60.48120977113649,5,185,206,0,367.04763349216245,True,False,62,9,06:07/km,18.35238167460812
84,4200.0,4250.0,50.0,252.44573770491803,252.95274044471506,252.72616822544197,0.25272616822544197,1.0140054795940614,4.2,60.98821251093352,5,185,206,0,355.1361060733208,True,False,58,8,05:55/km,17.756805303666038
85,4250.0,4300.0,50.0,252.95274044471506,253.0,253.00848478757908,0.2530084847875791,0.09451911056987683,4.25,61.03547206621846,5,185,206,0,355.1361060733208,True,False,53,7,05:55/km,17.756805303666038
86,4300.0,4350.0,50.0,253.0,252.67633233248839,252.85346657238392,0.25285346657238394,-0.6473353350232287,4.3,61.03547206621846,5,185,206,0,355.1361060733208,True,False,43,7,05:55/km,17.756805303666038
87,4350.0,4400.0,50.0,252.67633233248839,252.48000000000002,252.56286576010447,0.25256286576010445,-0.3926646649767349,4.35,61.03547206621846,5,185,206,0,355.1361060733208,True,False,48,7,05:55/km,17.756805303666038
88,4400.0,4450.0,50.0,252.48000000000002,252.72458204334367,252.5689576883385,0.2525689576883385,0.4891640866873104,4.4,61.280054109562116,5,185,206,0,355.1361060733208,True,False,59,8,05:55/km,17.756805303666038
89,4450.0,4500.0,50.0,252.72458204334367,254.17833149799972,253.3325618462509,0.2533325618462509,2.907498909312096,4.45,62.733803564218164,5,185,206,0,377.90308216367595,True,False,60,9,06:18/km,18.895154108183796
90,4500.0,4550.0,50.0,254.17833149799972,256.85881284334425,255.48173195724817,0.25548173195724816,5.360962690689064,4.5,65.4142849095627,5,185,206,0,410.17042487926454,True,False,38,9,06:50/km,20.508521243963227
91,4550.0,4600.0,50.0,256.85881284334425,259.69081006775724,258.3018544864307,0.2583018544864307,5.663994448825974,4.55,68.24628213397568,5,185,206,0,438.59085665389483,True,False,41,9,07:19/km,21.92954283269474
92,4600.0,4650.0,50.0,259.69081006775724,262.3911423499763,261.00098999052284,0.26100098999052285,5.400664564438102,4.6,70.94661441619473,5,185,206,0,442.44978658160045,True,False,37,9,07:22/km,22.12248932908002
93,4650.0,4700.0,50.0,262.3911423499763,265.45435807500655,263.9159838971287,0.26391598389712867,6.126431450060522,4.65,74.009830141225,5,185,206,0,469.1802457074252,True,False,35,8,07:49/km,23.45901228537126
94,4700.0,4750.0,50.0,265.45435807500655,268.4583166246649,267.0031997273741,0.26700319972737413,6.007917099316728,4.7,77.01378869088336,5,185,206,0,451.48120860934097,True,False,36,8,07:31/km,22.57406043046705
95,4750.0,4800.0,50.0,268.4583166246649,270.49558232931724,269.537392516563,0.269537392516563,4.0745314093046545,4.75,79.05105439553569,5,185,206,0,428.89924126801253,True,False,40,11,07:09/km,21.444962063400627
96,4800.0,4850.0,50.0,270.49558232931724,271.08000000000004,270.8825970548862,0.2708825970548862,1.1688353413655932,4.8,79.63547206621848,5,185,206,0,398.4803114850183,True,False,55,9,06:38/km,19.924015574250916
97,4850.0,4900.0,50.0,271.08000000000004,271.0126481726431,271.0492009881196,0.2710492009881196,-0.13470365471391688,4.85,79.63547206621848,5,185,206,0,395.5719538736812,True,False,50,7,06:36/km,19.77859769368406
98,4900.0,4950.0,50.0,271.0126481726431,271.05470079690895,271.01248863988855,0.2710124886398885,0.08410524853172774,4.9,79.67752469048435,5,185,206,0,394.7784761306468,True,False,53,8,06:35/km,19.73892380653234
99,4950.0,5000.0,50.0,271.05470079690895,272.9567347851362,271.8655220612148,0.2718655220612148,3.804067976454462,4.95,81.57955867871158,5,185,206,0,425.19740591364103,True,False,48,10,07:05/km,21.259870295682052
100,5000.0,5050.0,50.0,272.9567347851362,274.9668433971527,273.9898470286464,0.2739898470286464,4.02021722403299,5.0,83.58966729072807,5,185,206,0,425.19740591364103,True,False,44,11,07:05/km,21.259870295682052
101,5050.0,5100.0,50.0,274.9668433971527,276.5723063973064,275.8886467729165,0.2758886467729165,3.210926000307495,5.05,85.19513029088182,5,185,206,0,419.78131935533395,True,False,55,10,07:00/km,20.9890659677667
102,5100.0,5150.0,50.0,276.5723063973064,275.5891604180057,276.1733841844296,0.2761733841844296,-1.9662919586014596,5.1,85.19513029088182,5,185,206,0,397.0143432649789,True,False,27,6,06:37/km,19.850717163248945
103,5150.0,5199.35,49.350000000000364,275.5891604180057,276.5146691823899,275.8258670371174,0.2758258670371174,1.8753976988535486,5.15,86.12063905526605,5,185,206,0,414.2128710492367,True,False,55,10,06:54/km,20.441405186279983
