amostra_id,atividade_id,troco_id,zona_ordem,zona_limite_inferior_bpm,zona_limite_superior_bpm,zona_aberta,declive_pct,altitude_normalizada,distancia_inicio_km,subida_acumulada_m,comprimento_troco_m,ritmo_alvo_s_km,peso_amostra
21568213058_5_Z1,21568213058,5,1,103,124,0,-3.803194217628743,0.07159069093595528,0.25,1.0614670609085977,50.0,392.77297721916733,0.013157894736842105
21568213058_6_Z1,21568213058,6,1,103,124,0,1.5153975487782532,0.07090029389834433,0.3,1.8191658352977242,50.0,421.3135068153659,0.013157894736842105
21568213058_7_Z1,21568213058,7,1,103,124,0,3.1960526883635794,0.0724139647413531,0.35,3.417192179479514,50.0,412.0879120879117,0.013157894736842105
21568213058_9_Z2,21568213058,9,2,124,144,0,0.5411908909022713,0.07299139608089568,0.45,3.6877876249306496,50.0,437.796424662532,0.013157894736842105
21568213058_10_Z1,21568213058,10,1,103,124,0,5.809794390613575,0.07494863746786358,0.5,6.592684820237437,50.0,466.7157946450493,0.013157894736842105
21568213058_12_Z1,21568213058,12,1,103,124,0,-2.389548112977593,0.07511253782830984,0.6,6.592684820237437,50.0,419.76721999618326,0.013157894736842105
21568213058_13_Z1,21568213058,13,1,103,124,0,-3.7668002449341884,0.07311748631223394,0.65,6.592684820237437,50.0,506.8937550689382,0.013157894736842105
21568213058_14_Z1,21568213058,14,1,103,124,0,3.258993351999237,0.07347514744970533,0.7,8.222181496237056,50.0,372.9146221786061,0.013157894736842105
21568213058_16_Z2,21568213058,16,2,124,144,0,10.655018047910035,0.07308923487159068,0.8,13.549690520192073,50.0,469.73803071364125,0.013157894736842105
21568213058_17_Z2,21568213058,17,2,124,144,0,-0.09769248381115858,0.07660197579661862,0.85,13.549690520192073,50.0,416.9562195969416,0.013157894736842105
21568213058_18_Z2,21568213058,18,2,124,144,0,-1.3056027950650275,0.0755750153819202,0.9,13.549690520192073,50.0,421.77144004820275,0.013157894736842105
21568213058_19_Z2,21568213058,19,2,124,144,0,3.1393601555608086,0.0761126261357179,0.95,15.119370597972477,50.0,415.8724657771614,0.013157894736842105
21568213058_20_Z2,21568213058,20,2,124,144,0,2.3491213369143225,0.07778755834200672,1.0,16.293931266429638,50.0,417.8779069767436,0.013157894736842105
21568213058_21_Z2,21568213058,21,2,124,144,0,-3.435526578251313,0.07740859509756623,1.05,16.293931266429638,50.0,398.17974971558755,0.013157894736842105
21568213058_22_Z2,21568213058,22,2,124,144,0,-6.628374324453432,0.07463335304594397,1.1,16.293931266429638,50.0,527.6050499340478,0.013157894736842105
21568213058_23_Z2,21568213058,23,2,124,144,0,6.3167847915761115,0.07434086633646428,1.15,19.452323662217694,50.0,417.79820346772607,0.013157894736842105
21568213058_24_Z2,21568213058,24,2,124,144,0,12.60886200013897,0.07975003347417532,1.2,25.75675466228718,50.0,426.5578635014831,0.013157894736842105
21568213058_25_Z2,21568213058,25,2,124,144,0,-0.3578710266886276,0.08297183150467957,1.25,25.75675466228718,50.0,443.1314623338269,0.013157894736842105
21568213058_26_Z2,21568213058,26,2,124,144,0,-11.181543306682045,0.07964426124604411,1.3,25.75675466228718,50.0,511.5089514066488,0.013157894736842105
21568213058_27_Z1,21568213058,27,1,103,124,0,-1.8122429235494053,0.07586180866430232,1.35,25.75675466228718,50.0,424.46941323345624,0.013157894736842105
21568213058_28_Z1,21568213058,28,1,103,124,0,9.413097438482424,0.07837057115148531,1.4,30.46330338152839,50.0,450.33112582781456,0.013157894736842105
21568213058_29_Z1,21568213058,29,1,103,124,0,-4.083743728519153,0.08021404131454034,1.45,30.46330338152839,50.0,444.8563484708078,0.013157894736842105
21568213058_30_Z1,21568213058,30,1,103,124,0,-5.901426766534087,0.07679186697720938,1.5,30.46330338152839,50.0,391.9372900335968,0.013157894736842105
21568213058_32_Z1,21568213058,32,1,103,124,0,-4.46125466429686,0.07281121003288768,1.6,30.46330338152839,50.0,386.4319450407888,0.013157894736842105
21568213058_33_Z2,21568213058,33,2,124,144,0,1.4474330671831694,0.07166364979565812,1.65,31.187019915119976,50.0,363.48086380158236,0.013157894736842105
21568213058_34_Z2,21568213058,34,2,124,144,0,5.377200682825105,0.07406368312248177,1.7,33.87562025653253,50.0,349.80323567992997,0.013157894736842105
21568213058_35_Z2,21568213058,35,2,124,144,0,-0.7216035530484817,0.07479344376349843,1.75,33.87562025653253,50.0,378.93141341417225,0.013157894736842105
21568213058_36_Z2,21568213058,36,2,124,144,0,1.8761543431087944,0.07544347013210508,1.8,34.813697428086925,50.0,379.5966785290641,0.013157894736842105
21568213058_37_Z2,21568213058,37,2,124,144,0,-1.2208763261717195,0.07515143451233734,1.85,34.813697428086925,50.0,390.2662993572069,0.013157894736842105
21568213058_40_Z4,21568213058,40,4,165,185,0,-0.8652899880879659,0.07419035930886116,2.0,36.478850473615296,50.0,364.60059661916,0.013157894736842105
21568213058_41_Z5,21568213058,41,5,185,206,0,-1.9143427632724581,0.07382719798749124,2.05,36.478850473615296,50.0,377.5260937152992,0.013157894736842105
21568213058_42_Z4,21568213058,42,4,165,185,0,-2.729613070000852,0.07261715620426254,2.1,36.478850473615296,50.0,386.48966560242127,0.013157894736842105
21568213058_43_Z4,21568213058,43,4,165,185,0,-7.5688536867949665,0.06992709553393153,2.15,36.478850473615296,50.0,373.9482704892473,0.013157894736842105
21568213058_45_Z4,21568213058,45,4,165,185,0,5.16979696700389,0.06905471648185664,2.25,39.06374895711724,50.0,384.180790960452,0.013157894736842105
21568213058_46_Z4,21568213058,46,4,165,185,0,1.3161609834903913,0.0710288198080576,2.3,39.72182944886244,50.0,382.741823242867,0.013157894736842105
21568213058_47_Z4,21568213058,47,4,165,185,0,-2.4277403198498746,0.07030296767002857,2.35,39.72182944886244,50.0,370.54191755442474,0.013157894736842105
21568213058_48_Z4,21568213058,48,4,165,185,0,-1.245441984720344,0.06971211289529407,2.4,39.72182944886244,50.0,400.20010005002484,0.013157894736842105
21568213058_50_Z4,21568213058,50,4,165,185,0,1.2808952489837395,0.06784202531198234,2.5,40.362277073354306,50.0,404.40350483037736,0.013157894736842105
21568213058_51_Z4,21568213058,51,4,165,185,0,4.277710142933358,0.06955503041093106,2.55,42.501132144820986,50.0,521.2620027434804,0.013157894736842105
21568213058_53_Z4,21568213058,53,4,165,185,0,6.358700948037921,0.07240013466184826,2.65,46.172228918052554,50.0,394.79795633999123,0.013157894736842105
21568213058_55_Z5,21568213058,55,5,185,206,0,3.5360344994094532,0.07690164230670235,2.75,49.81294764623158,50.0,394.76418034490206,0.013157894736842105
21568213058_56_Z5,21568213058,56,5,185,206,0,1.228833427529537,0.07827186959019697,2.8,50.427364359996346,50.0,398.84777309993257,0.013157894736842105
21568213058_57_Z5,21568213058,57,5,185,206,0,-1.7539873024281576,0.07809732732321642,2.85,50.427364359996346,50.0,404.3807919123848,0.013157894736842105
21568213058_58_Z5,21568213058,58,5,185,206,0,-1.9452553707186553,0.07702681485843689,2.9,50.427364359996346,50.0,415.7043879907604,0.013157894736842105
21568213058_59_Z5,21568213058,59,5,185,206,0,2.420248965173954,0.07712155790054846,2.95,51.63748884258332,50.0,402.4144869215306,0.013157894736842105
21568213058_60_Z5,21568213058,60,5,185,206,0,3.316381314850503,0.07866861906761416,3.0,53.295679500008575,50.0,390.1767271058053,0.013157894736842105
21568213058_61_Z5,21568213058,61,5,185,206,0,0.2184901376609787,0.07957470956813244,3.05,53.404924568839064,50.0,398.4063745019916,0.013157894736842105
21568213058_62_Z5,21568213058,62,5,185,206,0,1.389286789724224,0.0799650562984701,3.1,54.099567963701176,50.0,388.55528081949916,0.013157894736842105
21568213058_63_Z5,21568213058,63,5,185,206,0,1.2109836034618695,0.08059360029732078,3.15,54.70505976543211,50.0,381.5080789946145,0.013157894736842105
21568213058_64_Z5,21568213058,64,5,185,206,0,-0.6004270684489654,0.08085297813200737,3.2,54.70505976543211,50.0,403.79213483146043,0.013157894736842105
21568213058_65_Z5,21568213058,65,5,185,206,0,-0.5920511986474253,0.08034456222777624,3.25,54.70505976543211,50.0,376.97052775873806,0.013157894736842105
21568213058_66_Z5,21568213058,66,5,185,206,0,7.08146885597165,0.0817419706371975,3.3,58.245794193417936,50.0,364.7859922178998,0.013157894736842105
21568213058_67_Z5,21568213058,67,5,185,206,0,2.8825313158563404,0.08490805329702236,3.35,59.687059851346106,50.0,369.30652441526286,0.013157894736842105
21568213058_68_Z5,21568213058,68,5,185,206,0,1.3113337983224937,0.08560717045028104,3.4,60.34272675050735,50.0,383.00200620098536,0.013157894736842105
21568213058_69_Z5,21568213058,69,5,185,206,0,0.350631351732261,0.08607898599366488,3.45,60.51804242637348,50.0,383.9205058717276,0.013157894736842105
21568213058_70_Z5,21568213058,70,5,185,206,0,-0.7019846059475299,0.08598586604616427,3.5,60.51804242637348,50.0,387.52537368518136,0.013157894736842105
21568213058_71_Z5,21568213058,71,5,185,206,0,-3.6601677565633963,0.08474002215410566,3.55,60.51804242637348,50.0,400.4875500609417,0.013157894736842105
21568213058_72_Z5,21568213058,72,5,185,206,0,1.1589012403054255,0.0841364446208537,3.6,61.097493046526196,50.0,423.62322452031265,0.013157894736842105
21568213058_73_Z5,21568213058,73,5,185,206,0,2.5771428044424454,0.08526265437258239,3.65,62.38606444874742,50.0,373.942137374533,0.013157894736842105
21568213058_74_Z5,21568213058,74,5,185,206,0,2.740134897009739,0.08628980423171227,3.7,63.75613189725229,50.0,386.71119704693047,0.013157894736842105
21568213058_75_Z5,21568213058,75,5,185,206,0,4.276622427053923,0.08835779196727309,3.75,65.89444311077925,50.0,381.92234245703287,0.013157894736842105
21568213058_76_Z5,21568213058,76,5,185,206,0,0.7474589821536028,0.0895569807845912,3.8,66.26817260185605,50.0,379.8670465337142,0.013157894736842105
21568213058_77_Z5,21568213058,77,5,185,206,0,11.472338750054462,0.09197073682989577,3.85,72.00434197688328,50.0,412.7041090974339,0.013157894736842105
21568213058_78_Z5,21568213058,78,5,185,206,0,-0.6612495711094937,0.09645420887675218,3.9,72.00434197688328,50.0,388.6010362694325,0.013157894736842105
21568213058_81_Z4,21568213058,81,4,165,185,0,-1.1137322250086186,0.08899651065338363,4.05,72.00434197688328,50.0,363.39610175090326,0.013157894736842105
21568213058_82_Z4,21568213058,82,4,165,185,0,1.8316328151847472,0.08915029646784632,4.1,72.92015838447566,50.0,393.09892989735783,0.013157894736842105
21568213058_83_Z4,21568213058,83,4,165,185,0,0.17656457427102623,0.08962658606603022,4.15,73.00844067161117,50.0,392.85714285714283,0.013157894736842105
21568213058_84_Z4,21568213058,84,4,165,185,0,-0.45576231326342054,0.08988269611213617,4.2,73.00844067161117,50.0,372.91462217860783,0.013157894736842105
21568213058_85_Z4,21568213058,85,4,165,185,0,-5.443361640523676,0.08803721521876802,4.25,73.00844067161117,50.0,375.9398496240604,0.013157894736842105
21568213058_86_Z4,21568213058,86,4,165,185,0,0.13305784669393006,0.08663444472206586,4.3,73.07496959495813,50.0,371.01162503091496,0.013157894736842105
21568213058_87_Z4,21568213058,87,4,165,185,0,-4.12389867319564,0.08607127928491877,4.35,73.07496959495813,50.0,378.4693019344027,0.013157894736842105
21568213058_88_Z4,21568213058,88,4,165,185,0,-0.5912284686963005,0.08415244151147222,4.4,73.07496959495813,50.0,386.19357953173756,0.013157894736842105
21568213058_90_Z5,21568213058,90,5,185,206,0,2.809770160574516,0.08802184384867592,4.5,77.15832976142205,50.0,382.1169277798996,0.013157894736842105
21568213058_91_Z5,21568213058,91,5,185,206,0,-1.4706499981959666,0.08834815487750579,4.55,77.15832976142205,50.0,376.0744985673343,0.013157894736842105
21568213058_92_Z5,21568213058,92,5,185,206,0,-8.900740766503787,0.0857061972160813,4.6,77.15832976142205,50.0,385.4389721627424,0.013157894736842105
21568213058_93_Z5,21568213058,93,5,185,206,0,-1.0303361819191907,0.08282895524038342,4.65,77.15832976142205,49.090000000000146,485.98130841121497,0.013157894736842105
21574110161_6_Z2,21574110161,6,2,124,144,0,-2.465560470462947,0.09017398513785019,0.3,0.0,50.0,365.9909909909912,0.007751937984496124
21574110161_8_Z2,21574110161,8,2,124,144,0,-5.4564852311344225,0.08696552247084327,0.4,0.0,50.0,416.39272408503183,0.007751937984496124
21574110161_9_Z2,21574110161,9,2,124,144,0,-2.7689684359152977,0.08477467823408362,0.45,0.0,50.0,396.43211100099114,0.007751937984496124
21574110161_11_Z1,21574110161,11,1,103,124,0,1.8122639358255128,0.08439609238709035,0.55,0.9061319679127564,50.0,314.7699757869253,0.007751937984496124
21574110161_12_Z1,21574110161,12,1,103,124,0,0.05739507123672638,0.0846762109132673,0.6,0.9348295035311196,50.0,370.1133472125837,0.007751937984496124
21574110161_13_Z2,21574110161,13,2,124,144,0,-5.141322018228806,0.08362167548590918,0.65,0.9348295035311196,50.0,367.53445635528226,0.007751937984496124
21574110161_14_Z2,21574110161,14,2,124,144,0,-3.379673801438827,0.08113067356463434,0.7,0.9348295035311196,50.0,503.018108651913,0.007751937984496124
21574110161_15_Z1,21574110161,15,1,103,124,0,3.17784783381137,0.08096367725318576,0.75,2.5237534204368046,50.0,638.3569247849019,0.007751937984496124
21574110161_16_Z2,21574110161,16,2,124,144,0,10.492673370743944,0.08443827531951077,0.8,7.770090105808777,50.0,412.2766834631244,0.007751937984496124
21574110161_17_Z2,21574110161,17,2,124,144,0,12.610155976006467,0.09045666815491875,0.85,14.07516809381201,50.0,491.624180626365,0.007751937984496124
21574110161_18_Z2,21574110161,18,2,124,144,0,16.025773625904833,0.09752175235048344,0.9,22.088054906764427,50.0,663.0880959898966,0.007751937984496124
21574110161_19_Z1,21574110161,19,1,103,124,0,19.84507201136435,0.1065480615706763,0.95,32.0105909124466,50.0,831.2807881773424,0.007751937984496124
21574110161_20_Z1,21574110161,20,1,103,124,0,13.630583673428331,0.11507856709980081,1.0,38.82588274916077,50.0,887.8504672897183,0.007751937984496124
21574110161_21_Z1,21574110161,21,1,103,124,0,3.6910335049656453,0.11971371253544942,1.05,40.67139950164359,50.0,471.80938900684265,0.007751937984496124
21574110161_24_Z2,21574110161,24,2,124,144,0,0.26759086652396036,0.11785863425064394,1.2,40.80519493490557,50.0,369.4296929115682,0.007751937984496124
21574110161_25_Z2,21574110161,25,2,124,144,0,-0.8102297307283948,0.1177383826023227,1.25,40.80519493490557,50.0,337.2049456725358,0.007751937984496124
21574110161_26_Z3,21574110161,26,3,144,165,0,-1.9123349807952366,0.1168638511951308,1.3,40.80519493490557,50.0,268.2163611980344,0.007751937984496124
21574110161_27_Z3,21574110161,27,3,144,165,0,-1.5036301465067936,0.11614907492980876,1.35,40.80519493490557,50.0,350.8771929824551,0.007751937984496124
21574110161_28_Z3,21574110161,28,3,144,165,0,-2.8142745588571927,0.1150331843894383,1.4,40.80519493490557,50.0,374.35657463734196,0.007751937984496124
21574110161_29_Z3,21574110161,29,3,144,165,0,-3.9853394634382084,0.11333556616212119,1.45,40.80519493490557,50.0,305.096913137114,0.007751937984496124
21574110161_30_Z3,21574110161,30,3,144,165,0,-7.158670208887315,0.11076150266889995,1.5,40.80519493490557,50.0,265.7943160907798,0.007751937984496124
21574110161_31_Z3,21574110161,31,3,144,165,0,1.1953654179537239,0.10818832402597142,1.55,41.402877643882434,50.0,463.7358560563896,0.007751937984496124
21574110161_32_Z3,21574110161,32,3,144,165,0,14.172427604873292,0.11316100300207627,1.6,48.48909144631908,50.0,692.6952141057936,0.007751937984496124
21574110161_37_Z3,21574110161,37,3,144,165,0,-1.2318156328081216,0.12137351026468843,1.85,53.951643171149755,50.0,367.57593344940955,0.007751937984496124
21574110161_38_Z3,21574110161,38,3,144,165,0,5.362636096117768,0.12259419638200802,1.9,56.63296121920864,50.0,357.9647149066744,0.007751937984496124
21574110161_39_Z3,21574110161,39,3,144,165,0,-2.7993800695722086,0.12349075584921114,1.95,56.63296121920864,50.0,271.0945442222976,0.007751937984496124
21574110161_40_Z3,21574110161,40,3,144,165,0,-1.6176429137877903,0.122083742877958,2.0,56.63296121920864,50.0,280.02489110143034,0.007751937984496124
21574110161_41_Z3,21574110161,41,3,144,165,0,-2.1316259624284157,0.12114040706231032,2.05,56.63296121920864,50.0,339.5585738539906,0.007751937984496124
21574110161_42_Z3,21574110161,42,3,144,165,0,-0.05209423192698637,0.12065805729826631,2.1,56.63296121920864,50.0,394.1945887833725,0.007751937984496124
21574110161_43_Z3,21574110161,43,3,144,165,0,-3.3795917362252226,0.12000899347655457,2.15,56.63296121920864,50.0,398.23008849557283,0.007751937984496124
21574110161_44_Z3,21574110161,44,3,144,165,0,-0.9136934095825779,0.1184281841046381,2.2,56.63296121920864,50.0,397.7272727272748,0.007751937984496124
21574110161_45_Z4,21574110161,45,4,165,185,0,6.303304258309936,0.11992791106484584,2.25,59.78461334836361,50.0,365.3338745687032,0.007751937984496124
21574110161_46_Z3,21574110161,46,3,144,165,0,2.635386467906585,0.12252767358573909,2.3,61.1023065823169,50.0,382.7751196172232,0.007751937984496124
21574110161_47_Z3,21574110161,47,3,144,165,0,4.455813689084636,0.12401415093258872,2.35,63.33021342685922,50.0,344.95279593318855,0.007751937984496124
21574110161_48_Z3,21574110161,48,3,144,165,0,-2.5477692464412485,0.12491350715000965,2.4,63.33021342685922,50.0,417.4397031539899,0.007751937984496124
21574110161_49_Z3,21574110161,49,3,144,165,0,-3.2637599346005857,0.12295416418806705,2.45,63.33021342685922,50.0,348.49951597289385,0.007751937984496124
21574110161_54_Z5,21574110161,54,5,185,206,0,-0.9847189138718022,0.11908212369061213,2.7,63.33021342685922,50.0,330.34450212364237,0.007751937984496124
21574110161_55_Z5,21574110161,55,5,185,206,0,6.572439228861953,0.12040351250838831,2.75,66.6164330412902,50.0,338.43961524759607,0.007751937984496124
21574110161_56_Z5,21574110161,56,5,185,206,0,1.1401740836431316,0.12287284710514763,2.8,67.18652008311176,50.0,354.4620517097579,0.007751937984496124
21574110161_57_Z5,21574110161,57,5,185,206,0,3.2260663927720827,0.12333601714325595,2.85,68.7995532794978,50.0,357.4975173783522,0.007751937984496124
21574110161_61_Z5,21574110161,61,5,185,206,0,-3.944703004238903,0.1170310256238229,3.05,68.7995532794978,50.0,391.67182024324705,0.007751937984496124
21574110161_62_Z5,21574110161,62,5,185,206,0,-0.3702016789611946,0.11549820053963909,3.1,68.7995532794978,50.0,380.82049506664373,0.007751937984496124
21574110161_63_Z5,21574110161,63,5,185,206,0,2.479490535033193,0.11649944076311715,3.15,70.0392985470144,50.0,383.1417624521071,0.007751937984496124
21574110161_64_Z4,21574110161,64,4,165,185,0,-2.0869960403945527,0.11662234788924657,3.2,70.0392985470144,50.0,417.7857356013103,0.007751937984496124
21574110161_65_Z4,21574110161,65,4,165,185,0,-0.22890165070063517,0.11559254763764971,3.25,70.0392985470144,50.0,427.8583313525107,0.007751937984496124
21574110161_67_Z4,21574110161,67,4,165,185,0,1.2305185547962765,0.11940292626637966,3.35,73.7211884342807,50.0,475.737392959087,0.007751937984496124
21574110161_68_Z4,21574110161,68,4,165,185,0,1.9270374112636262,0.11991725864643274,3.4,74.68470713991252,50.0,464.70458065943734,0.007751937984496124
21574110161_69_Z4,21574110161,69,4,165,185,0,-2.3166495788078407,0.1201262455805317,3.45,74.68470713991252,50.0,446.4285714285731,0.007751937984496124
21574110161_70_Z4,21574110161,70,4,165,185,0,-1.9594837984578248,0.11859342216675661,3.5,74.68470713991252,50.0,452.6748971193424,0.007751937984496124
21574110161_71_Z4,21574110161,71,4,165,185,0,2.7712480072884773,0.11898276726938438,3.55,76.07033114355676,50.0,424.55333451264664,0.007751937984496124
21574110161_72_Z4,21574110161,72,4,165,185,0,2.093192390976867,0.12034179764858037,3.6,77.11692733904519,50.0,489.74594429139773,0.007751937984496124
21574110161_74_Z4,21574110161,74,4,165,185,0,-0.3624161083216677,0.12013419536820005,3.7,77.11692733904519,50.0,447.97393606190485,0.007751937984496124
21574110161_75_Z4,21574110161,75,4,165,185,0,4.134676247380185,0.12081156176899657,3.75,79.18426546273528,50.0,448.80785413744627,0.007751937984496124
21574110161_76_Z4,21574110161,76,4,165,185,0,3.073856499605256,0.12280740667165117,3.8,80.72119371253791,50.0,443.7869822485213,0.007751937984496124
21574110161_77_Z5,21574110161,77,5,185,206,0,4.268513518873618,0.12456325530929901,3.85,82.85545047197472,50.0,433.6513443191701,0.007751937984496124
21574110161_78_Z4,21574110161,78,4,165,185,0,3.6221189025746696,0.12665162997628346,3.9,84.66650992326205,50.0,441.609421000979,0.007751937984496124
21574110161_79_Z5,21574110161,79,5,185,206,0,1.8017192434792264,0.1280383424909082,3.95,85.56736954500167,50.0,431.7323259579067,0.007751937984496124
21574110161_81_Z4,21574110161,81,4,165,185,0,4.103234806403407,0.12923237594002623,4.05,87.61898694820337,50.0,426.2574595055407,0.007751937984496124
21574110161_82_Z4,21574110161,82,4,165,185,0,-0.08084082264662129,0.13046654465329238,4.1,87.61898694820337,50.0,445.5106237148757,0.007751937984496124
21574110161_83_Z4,21574110161,83,4,165,185,0,-2.030268113694774,0.12989711879359847,4.15,87.61898694820337,50.0,432.7131112072672,0.007751937984496124
21574110161_84_Z4,21574110161,84,4,165,185,0,-3.750376344431828,0.12852607481295494,4.2,87.61898694820337,50.0,419.88950276243094,0.007751937984496124
21574110161_85_Z4,21574110161,85,4,165,185,0,-9.259029135746658,0.12488822603732196,4.25,87.61898694820337,50.0,438.27611395178786,0.007751937984496124
21574110161_87_Z4,21574110161,87,4,165,185,0,2.495706578291447,0.12450073682761138,4.35,89.85721553604132,50.0,436.04651162790003,0.007751937984496124
21574110161_88_Z4,21574110161,88,4,165,185,0,-1.4268348100586081,0.12484329664772709,4.4,89.85721553604132,50.0,419.0780283376599,0.007751937984496124
21574110161_89_Z4,21574110161,89,4,165,185,0,-6.11078892370756,0.1227570032436252,4.45,89.85721553604132,50.0,415.40785498489396,0.007751937984496124
21574110161_90_Z4,21574110161,90,4,165,185,0,-5.4627903076002156,0.1200923600988888,4.5,89.85721553604132,50.0,401.4452027298297,0.007751937984496124
21574110161_91_Z4,21574110161,91,4,165,185,0,-17.37168468997686,0.11452938206378833,4.55,89.85721553604132,50.0,444.2649434571851,0.007751937984496124
21574110161_92_Z4,21574110161,92,4,165,185,0,-11.114910473401979,0.10655148164917931,4.6,89.85721553604132,50.0,414.5330407217822,0.007751937984496124
21574110161_93_Z4,21574110161,93,4,165,185,0,3.2291800748804746,0.10460064165285017,4.65,91.47180557348156,50.0,440.1557474183126,0.007751937984496124
21574110161_95_Z4,21574110161,95,4,165,185,0,-9.449503497547795,0.10552534135264625,4.75,93.36408268723874,50.0,439.7752259955991,0.007751937984496124
21574110161_96_Z4,21574110161,96,4,165,185,0,-5.316125760598396,0.10149613148595518,4.8,93.36408268723874,50.0,527.5056518462706,0.007751937984496124
21574110161_97_Z4,21574110161,97,4,165,185,0,-1.3660164167386313,0.10018839165388603,4.85,93.36408268723874,50.0,404.6349089571463,0.007751937984496124
21574110161_98_Z4,21574110161,98,4,165,185,0,-6.981831064474136,0.09797021035531527,4.9,93.36408268723874,50.0,411.5226337448507,0.007751937984496124
21574110161_99_Z4,21574110161,99,4,165,185,0,-5.3598395061654,0.09482975816028022,4.95,93.36408268723874,50.0,400.60090135202904,0.007751937984496124
21574110161_100_Z4,21574110161,100,4,165,185,0,-1.9723185398604528,0.09309368348707206,5.0,93.36408268723874,50.0,401.9292604501639,0.007751937984496124
21574110161_101_Z4,21574110161,101,4,165,185,0,-6.6050399763852,0.0910096683049728,5.05,93.36408268723874,50.0,398.56516540454135,0.007751937984496124
21574110161_102_Z4,21574110161,102,4,165,185,0,-6.02498931101502,0.08773656244167999,5.1,93.36408268723874,50.0,390.2092940759127,0.007751937984496124
21574110161_103_Z4,21574110161,103,4,165,185,0,-2.3136657409096415,0.08545677942430908,5.15,93.36408268723874,50.0,414.70311027333275,0.007751937984496124
21574110161_104_Z4,21574110161,104,4,165,185,0,-2.0023453416559676,0.08472213113182664,5.2,93.36408268723874,50.0,397.5265017667787,0.007751937984496124
21574110161_105_Z4,21574110161,105,4,165,185,0,-1.5855615253721282,0.08364334434492049,5.25,93.36408268723874,50.0,423.6232245203079,0.007751937984496124
21574110161_107_Z4,21574110161,107,4,165,185,0,-2.123136635955319,0.08113589230561602,5.35,93.36408268723874,50.0,414.6510020732564,0.007751937984496124
21574110161_108_Z4,21574110161,108,4,165,185,0,-1.626180487157086,0.08016462403233483,5.4,93.36408268723874,50.0,426.85292976329094,0.007751937984496124
21574110161_109_Z4,21574110161,109,4,165,185,0,-0.5603963660576028,0.07954930407770584,5.45,93.36408268723874,50.0,407.0305272895453,0.007751937984496124
21574110161_110_Z4,21574110161,110,4,165,185,0,-1.0332345769965343,0.07934138861074913,5.5,93.36408268723874,50.0,407.7010192525515,0.007751937984496124
21574110161_112_Z5,21574110161,112,5,185,206,0,0.9488107451705332,0.07781984880852408,5.6,93.838488059824,50.0,429.4917680744467,0.007751937984496124
21574110161_113_Z5,21574110161,113,5,185,206,0,1.7851211954210555,0.07854672557759278,5.65,94.73104865753453,50.0,406.2976130015225,0.007751937984496124
21574110161_114_Z5,21574110161,114,5,185,206,0,0.9421053395645913,0.07931803742675828,5.7,95.20210132731683,50.0,410.42478965729134,0.007751937984496124
21574110161_115_Z5,21574110161,115,5,185,206,0,-0.5677647958913212,0.0791746466855072,5.75,95.20210132731683,50.0,419.6642685851322,0.007751937984496124
21574110161_116_Z5,21574110161,116,5,185,206,0,1.0089112065884365,0.07951365753343584,5.8,95.70655693061104,50.0,415.15308770109016,0.007751937984496124
21574110161_118_Z5,21574110161,118,5,185,206,0,1.8761689042611636,0.08132292240925343,5.9,97.50528008817271,50.0,407.46300664807967,0.007751937984496124
21574110161_119_Z5,21574110161,119,5,185,206,0,-4.191036908707986,0.08030388359231436,5.95,97.50528008817271,50.0,426.5529192215488,0.007751937984496124
21574110161_120_Z5,21574110161,120,5,185,206,0,-0.10379595174401857,0.07929081250472737,6.0,97.50528008817271,50.0,414.9377593360948,0.007751937984496124
21574110161_121_Z5,21574110161,121,5,185,206,0,3.015744717023722,0.08010446334883393,6.05,99.01315244668457,50.0,421.29452317120405,0.007751937984496124
21574110161_123_Z5,21574110161,123,5,185,206,0,-0.5137920937252431,0.08142280088942905,6.15,99.47375888474129,50.0,420.650095602293,0.007751937984496124
21574110161_124_Z5,21574110161,124,5,185,206,0,-0.5384388527891701,0.08060834493642066,6.2,99.47375888474129,50.0,411.79020372778206,0.007751937984496124
21574110161_125_Z5,21574110161,125,5,185,206,0,2.128274740252408,0.08146629155541167,6.25,100.53789625486749,50.0,413.4241245136198,0.007751937984496124
21574110161_127_Z5,21574110161,127,5,185,206,0,0.6162100008473033,0.0817063673820531,6.35,100.84600125529114,50.0,428.46941204474905,0.007751937984496124
21574110161_128_Z5,21574110161,128,5,185,206,0,1.1840320473519057,0.0822520292128471,6.4,101.4380172789671,50.0,421.743205248357,0.007751937984496124
21574110161_129_Z5,21574110161,129,5,185,206,0,3.003630650746686,0.08320848851204594,6.45,102.93983260434044,50.0,424.08821034775366,0.007751937984496124
21574110161_131_Z5,21574110161,131,5,185,206,0,0.28192121016599003,0.08340405066763532,6.55,103.08079320942343,50.0,417.49066139309843,0.007751937984496124
21574110161_132_Z5,21574110161,132,5,185,206,0,0.04924715635758048,0.08358833121052145,6.6,103.10541678760222,50.0,430.05312420946393,0.007751937984496124
21574110161_134_Z4,21574110161,134,4,165,185,0,-1.043042950554991,0.0845147531986873,6.7,104.21190894142474,50.0,392.07144412982046,0.007751937984496124
21574110161_136_Z5,21574110161,136,5,185,206,0,2.432770374898382,0.08462071898011375,6.8,105.42829412887393,50.0,399.16365709941323,0.007751937984496124
21574110161_137_Z5,21574110161,137,5,185,206,0,2.742089946058627,0.08585498889910462,6.85,106.79933910190324,50.0,402.41448692152494,0.007751937984496124
21574110161_138_Z5,21574110161,138,5,185,206,0,4.338946799423553,0.08757041695280168,6.9,108.96881250161502,50.0,407.29247478666036,0.007751937984496124
21574110161_139_Z5,21574110161,139,5,185,206,0,0.2852659126196784,0.08900486504038883,6.95,109.11144545792486,50.0,395.75463212807955,0.007751937984496124
21574110161_140_Z5,21574110161,140,5,185,206,0,-0.8371936363447503,0.08876995002040214,7.0,109.11144545792486,50.0,389.1050583657569,0.007751937984496124
21574110161_141_Z5,21574110161,141,5,185,206,0,-0.35341010251497096,0.0881320735818786,7.05,109.11144545792486,50.0,419.554906968262,0.007751937984496124
21574110161_142_Z5,21574110161,142,5,185,206,0,2.422087087952889,0.08913801961169593,7.1,110.3224890019013,50.0,421.66000887704905,0.007751937984496124
21574110161_143_Z5,21574110161,143,5,185,206,0,-1.619707322349683,0.08905465696077304,7.15,110.3224890019013,50.0,403.2258064516143,0.007751937984496124
21574110161_144_Z4,21574110161,144,4,165,185,0,0.40891318431016543,0.08873070678547997,7.2,110.52694559405639,50.0,402.7130139889759,0.007751937984496124
21574110161_145_Z4,21574110161,145,4,165,185,0,-1.2994655166552889,0.088740891379694,7.25,110.52694559405639,50.0,403.3807145601269,0.007751937984496124
21574110161_146_Z4,21574110161,146,4,165,185,0,-1.2890367727902685,0.08779223461070028,7.3,110.52694559405639,50.0,386.847195357835,0.007751937984496124
21574110161_147_Z4,21574110161,147,4,165,185,0,-0.47294552495111475,0.08766749735853757,7.35,110.52694559405639,50.0,391.5104059344682,0.007751937984496124
21574110161_148_Z4,21574110161,148,4,165,185,0,-5.152664616132029,0.08601266655449094,7.4,110.52694559405639,50.0,392.700392700393,0.007751937984496124
21574110161_149_Z4,21574110161,149,4,165,185,0,-0.3133274786426625,0.08464421225931706,7.45,110.52694559405639,50.0,375.4416961130763,0.007751937984496124
21574110161_150_Z5,21574110161,150,5,185,206,0,-0.6177023510916229,0.08440797626738432,7.5,110.52694559405639,50.0,391.7525773195876,0.007751937984496124
21574110161_151_Z5,21574110161,151,5,185,206,0,2.2799606161208317,0.08488308812297593,7.55,111.6669259021168,50.0,388.24181919023744,0.007751937984496124
21574110161_152_Z5,21574110161,152,5,185,206,0,3.546514179682049,0.08630486883595627,7.6,113.44018299195783,50.0,381.38825324180306,0.007751937984496124
21574110161_153_Z5,21574110161,153,5,185,206,0,0.4056653046797294,0.0875707205597919,7.65,113.64301564429769,50.0,391.1597887737132,0.007751937984496124
21574110161_154_Z5,21574110161,154,5,185,206,0,-3.9142732119805714,0.08645643643245028,7.7,113.64301564429769,50.0,399.76014391365385,0.007751937984496124
21574110161_155_Z5,21574110161,155,5,185,206,0,-2.675035552782589,0.08486501582332664,7.75,113.64301564429769,50.0,388.05466509194923,0.007751937984496124
21574110161_156_Z5,21574110161,156,5,185,206,0,-1.730321949350241,0.08361706300132977,7.8,113.64301564429769,50.0,376.6478342749568,0.007751937984496124
21574110161_157_Z4,21574110161,157,4,165,185,0,-3.509407575192597,0.08250014263876097,7.85,113.64301564429769,50.0,372.2414251528881,0.007751937984496124
21574110161_158_Z4,21574110161,158,4,165,185,0,-2.476759555581282,0.0809098117869737,7.9,113.64301564429769,50.0,384.5510784149782,0.007751937984496124
21574110161_159_Z4,21574110161,159,4,165,185,0,-4.739645096299739,0.07900313824449044,7.95,113.64301564429769,50.0,413.2231404958695,0.007751937984496124
21574110161_160_Z4,21574110161,160,4,165,185,0,1.0770793663543543,0.07823156704864666,8.0,114.18155532747487,50.0,389.8235535494478,0.007751937984496124
21574110161_161_Z4,21574110161,161,4,165,185,0,-0.7944215092647369,0.07807418632705945,8.05,114.18155532747487,50.0,424.71042471042324,0.007751937984496124
21574110161_162_Z4,21574110161,162,4,165,185,0,2.25964818532761,0.07830724913221444,8.1,114.81945401019284,28.229999999999563,449.55044955046014,0.007751937984496124
21604546980_3_Z2,21604546980,3,2,124,144,0,0.0,0.289,0.15,0.0,50.0,495.57522123893807,0.024390243902439025
21604546980_4_Z2,21604546980,4,2,124,144,0,0.0,0.289,0.2,0.0,50.0,499.62528103922057,0.024390243902439025
21604546980_5_Z2,21604546980,5,2,124,144,0,0.0,0.289,0.25,0.0,50.0,504.201680672269,0.024390243902439025
21604546980_6_Z3,21604546980,6,3,144,165,0,0.0,0.289,0.3,0.0,50.0,510.5592944998843,0.024390243902439025
21604546980_7_Z2,21604546980,7,2,124,144,0,0.0,0.289,0.35,0.0,50.0,505.35077288941756,0.024390243902439025
21604546980_8_Z2,21604546980,8,2,124,144,0,0.0,0.289,0.4,0.0,50.0,489.59608323133386,0.024390243902439025
21604546980_10_Z2,21604546980,10,2,124,144,0,0.0,0.289,0.5,0.0,50.0,517.038777908343,0.024390243902439025
21604546980_11_Z2,21604546980,11,2,124,144,0,-25.391616610368715,0.2825114886598211,0.55,0.0,50.0,559.0756615728666,0.024390243902439025
21604546980_12_Z2,21604546980,12,2,124,144,0,5.6288223452493185,0.2779771220700933,0.6,2.8144111726246592,50.0,429.4610264118527,0.024390243902439025
21604546980_13_Z2,21604546980,13,2,124,144,0,-9.4939557488932,0.2769368877038848,0.65,2.8144111726246592,50.0,468.2997118155621,0.024390243902439025
21604546980_14_Z2,21604546980,14,2,124,144,0,-2.2704153777981446,0.27336181430045614,0.7,2.8144111726246592,50.0,481.6223067173646,0.024390243902439025
21604546980_15_Z2,21604546980,15,2,124,144,0,7.294378368527987,0.2748805215668568,0.75,6.461600356888653,50.0,464.6840148698879,0.024390243902439025
21604546980_16_Z2,21604546980,16,2,124,144,0,-7.180530986286385,0.27686580219226614,0.8,6.461600356888653,50.0,467.107824056053,0.024390243902439025
21604546980_17_Z2,21604546980,17,2,124,144,0,-33.30091973526703,0.26386667045739587,0.85,6.461600356888653,50.0,468.62265688671624,0.024390243902439025
21604546980_18_Z2,21604546980,18,2,124,144,0,-0.20506673213651538,0.25610503113329885,0.9,6.461600356888653,50.0,465.4928152195904,0.024390243902439025
21604546980_19_Z2,21604546980,19,2,124,144,0,-10.752226667233856,0.2543848996917806,0.95,6.461600356888653,50.0,481.77628822790103,0.024390243902439025
21604546980_20_Z2,21604546980,20,2,124,144,0,-10.159667966715745,0.24842306941774336,1.0,6.461600356888653,50.0,491.9184820801118,0.024390243902439025
21604546980_21_Z2,21604546980,21,2,124,144,0,-2.0470268518558328,0.2453611456341901,1.05,6.461600356888653,50.0,490.288515934377,0.024390243902439025
21604546980_22_Z2,21604546980,22,2,124,144,0,2.8991889193894167,0.24563697032905824,1.1,7.911194816583361,50.0,444.75655430711583,0.024390243902439025
21604546980_23_Z2,21604546980,23,2,124,144,0,3.3635403372963424,0.24735161663254562,1.15,9.592964985231532,50.0,463.4099246958876,0.024390243902439025
21604546980_25_Z2,21604546980,25,2,124,144,0,-1.9561655588507278,0.24677647594819813,1.25,9.592964985231532,50.0,251.809883537929,0.024390243902439025
21604546980_26_Z3,21604546980,26,3,144,165,0,-0.5037994509110035,0.24570061861883202,1.3,9.592964985231532,50.0,276.6798418972337,0.024390243902439025
21604546980_27_Z3,21604546980,27,3,144,165,0,4.1589663649399995,0.2470612561389934,1.35,11.672448167701532,50.0,450.18594636915117,0.024390243902439025
21604546980_28_Z2,21604546980,28,2,124,144,0,4.686959447738047,0.2492294928866664,1.4,14.015927891570556,50.0,295.3813104189043,0.024390243902439025
21604546980_29_Z2,21604546980,29,2,124,144,0,7.512610033051487,0.2521602032610701,1.45,17.7722329080963,50.0,267.2605790645888,0.024390243902439025
21604546980_30_Z3,21604546980,30,3,144,165,0,5.572536482462283,0.25570519009472964,1.5,20.55850114932744,50.0,508.18746470920496,0.024390243902439025
21604546980_31_Z2,21604546980,31,2,124,144,0,3.8578119216903133,0.2577057541274349,1.55,22.487407110172597,50.0,498.83604921848746,0.024390243902439025
21604546980_32_Z2,21604546980,32,2,124,144,0,15.082861990155038,0.2624785343369619,1.6,30.028838105250117,50.0,304.4957907934794,0.024390243902439025
21604546980_33_Z2,21604546980,33,2,124,144,0,26.593080564480374,0.2728458689084771,1.65,43.325378387490304,50.0,779.8440311937685,0.024390243902439025
21604546980_34_Z3,21604546980,34,3,144,165,0,7.867452749982931,0.2820338477641073,1.7,47.25910476248177,50.0,312.1452894438138,0.024390243902439025
21604546980_38_Z1,21604546980,38,1,103,124,0,23.639012340826184,0.2922800536795073,1.9,69.42425906075445,50.0,699.1753316600935,0.024390243902439025
21604546980_39_Z1,21604546980,39,1,103,124,0,-10.17386805845274,0.2976822754950329,1.95,69.42425906075445,50.0,808.5106382978723,0.024390243902439025
21604546980_40_Z1,21604546980,40,1,103,124,0,-20.04785775253231,0.28623362054424994,2.0,69.42425906075445,50.0,721.6308858019115,0.024390243902439025
21604546980_41_Z1,21604546980,41,1,103,124,0,6.621012356822575,0.2844901986027674,2.05,72.73476523916574,50.0,847.6246796767196,0.024390243902439025
21604546980_42_Z1,21604546980,42,1,103,124,0,-1.286617087532818,0.286249271043702,2.1,72.73476523916574,50.0,841.9689119170955,0.024390243902439025
21604546980_43_Z1,21604546980,43,1,103,124,0,2.826492731074609,0.28550074428352235,2.15,74.14801160470304,50.0,829.4753086419803,0.024390243902439025
21604546980_45_Z2,21604546980,45,2,124,144,0,17.792578726751003,0.29383862494149193,2.25,86.53820010578735,50.0,807.7226162332511,0.024390243902439025
21604546980_46_Z2,21604546980,46,2,124,144,0,-2.8463225777704793,0.30061318357298766,2.3,86.53820010578735,50.0,717.6441474882481,0.024390243902439025
21604546980_47_Z2,21604546980,47,2,124,144,0,-15.436948737144348,0.29347080734670106,2.35,86.53820010578735,50.0,752.984389348022,0.024390243902439025
21604546980_48_Z2,21604546980,48,2,124,144,0,-1.5617020379161204,0.2896192155678474,2.4,86.53820010578735,50.0,792.6306769494458,0.024390243902439025
21604546980_49_Z2,21604546980,49,2,124,144,0,-0.6651485015229567,0.28925384886493843,2.45,86.53820010578735,35.289999999999964,968.9922480620062,0.024390243902439025
21648150892_6_Z2,21648150892,6,2,124,144,0,0.8755054374752831,0.08114552226442583,0.3,0.43775271873764154,50.0,355.00747384155466,0.0040650406504065045
21648150892_7_Z2,21648150892,7,2,124,144,0,-0.32469012884826043,0.08134973538925645,0.35,0.43775271873764154,50.0,359.56006768189485,0.0040650406504065045
21648150892_8_Z2,21648150892,8,2,124,144,0,0.15067182503790377,0.08132104343875131,0.4,0.5130886312565934,50.0,373.3542935743762,0.0040650406504065045
21648150892_9_Z2,21648150892,9,2,124,144,0,-0.8290591946625341,0.08113174338243476,0.45,0.5130886312565934,50.0,366.23648412975217,0.0040650406504065045
21648150892_10_Z2,21648150892,10,2,124,144,0,1.2447488679306389,0.08115209513138084,0.5,1.1354630652219129,50.0,395.90125756870106,0.0040650406504065045
21648150892_11_Z2,21648150892,11,2,124,144,0,6.184529523764667,0.08287833441022702,0.55,4.227727827104246,50.0,389.86354775828397,0.0040650406504065045
21648150892_12_Z2,21648150892,12,2,124,144,0,5.330698829328327,0.08642572238155152,0.6,6.89307724176841,50.0,414.93775933610056,0.0040650406504065045
21648150892_14_Z2,21648150892,14,2,124,144,0,7.691409169872514,0.08511922117735839,0.7,10.738781826704667,50.0,404.083368779243,0.0040650406504065045
21648150892_15_Z2,21648150892,15,2,124,144,0,6.248591132010176,0.09023486865714159,0.75,13.863077392709755,50.0,372.80312444523315,0.0040650406504065045
21648150892_16_Z2,21648150892,16,2,124,144,0,-0.6432558232080794,0.09098848124751618,0.8,13.863077392709755,50.0,370.93606807767895,0.0040650406504065045
21648150892_17_Z2,21648150892,17,2,124,144,0,-6.51842809164188,0.0891338790630012,0.85,13.863077392709755,50.0,415.1190736290148,0.0040650406504065045
21648150892_18_Z2,21648150892,18,2,124,144,0,-7.9871288879756435,0.08544185640745293,0.9,13.863077392709755,50.0,385.00506585612953,0.0040650406504065045
21648150892_20_Z2,21648150892,20,2,124,144,0,3.6209340244794816,0.0848080657345524,1.0,15.989857090421907,50.0,399.69547011800563,0.0040650406504065045
21648150892_21_Z2,21648150892,21,2,124,144,0,1.1371990092295334,0.08585165722592308,1.05,16.558456595036674,50.0,374.3760399334448,0.0040650406504065045
21648150892_22_Z2,21648150892,22,2,124,144,0,-3.260375760626374,0.08547427671938321,1.1,16.558456595036674,50.0,381.86157517899676,0.0040650406504065045
21648150892_23_Z3,21648150892,23,3,144,165,0,1.0924370788551698,0.08453576597556571,1.15,17.10467513446426,50.0,393.05601048149106,0.0040650406504065045
21648150892_24_Z2,21648150892,24,2,124,144,0,3.5458504134201974,0.08614345895250175,1.2,18.877600341174357,50.0,400.0,0.0040650406504065045
21648150892_25_Z3,21648150892,25,3,144,165,0,-0.2219528274852678,0.08676184226231266,1.25,18.877600341174357,50.0,444.3033957473787,0.0040650406504065045
21648150892_26_Z2,21648150892,26,2,124,144,0,4.310199229702874,0.08754392592810638,1.3,21.032699956025795,50.0,387.79295228460666,0.0040650406504065045
21648150892_27_Z2,21648150892,27,2,124,144,0,5.6597254413211715,0.09067778098581347,1.35,23.86256267668638,50.0,396.93040486901333,0.0040650406504065045
21648150892_29_Z2,21648150892,29,2,124,144,0,-2.897438549878416,0.08992866498439765,1.45,23.86256267668638,50.0,382.1351803200392,0.0040650406504065045
21648150892_31_Z3,21648150892,31,3,144,165,0,-0.12256194340616844,0.08709568700022233,1.55,23.86256267668638,50.0,392.0607694192605,0.0040650406504065045
21648150892_32_Z3,21648150892,32,3,144,165,0,0.4349179929172635,0.0873801678406058,1.6,24.080021673145012,50.0,399.6238834038534,0.0040650406504065045
21648150892_33_Z2,21648150892,33,2,124,144,0,3.216139602237206,0.08820300047065735,1.65,25.688091474263615,50.0,380.68046633357153,0.0040650406504065045
21648150892_34_Z2,21648150892,34,2,124,144,0,3.8092913310789527,0.0901006771100743,1.7,27.59273713980309,50.0,379.1257805530783,0.0040650406504065045
21648150892_35_Z2,21648150892,35,2,124,144,0,0.947229256989857,0.09116974824383815,1.75,28.06635176829802,50.0,397.1571906354522,0.0040650406504065045
21648150892_36_Z3,21648150892,36,3,144,165,0,4.858701669986772,0.09257917596443226,1.8,30.495702603291406,50.0,419.66426858513313,0.0040650406504065045
21648150892_40_Z4,21648150892,40,4,165,185,0,-2.2275529489494375,0.09660554926863851,2.0,33.914443654773294,50.0,414.4687264506411,0.0040650406504065045
21648150892_41_Z4,21648150892,41,4,165,185,0,-0.2279588907376251,0.09620359828727283,2.05,33.914443654773294,50.0,393.54584809130137,0.0040650406504065045
21648150892_42_Z4,21648150892,42,4,165,185,0,3.2633764373181577,0.09666607166012221,2.1,35.54613187343237,50.0,399.7715591090807,0.0040650406504065045
21648150892_44_Z4,21648150892,44,4,165,185,0,0.5361185802810837,0.09788172634870707,2.2,35.89315047411648,50.0,371.6017993350309,0.0040650406504065045
21648150892_45_Z4,21648150892,45,4,165,185,0,-1.313161268398403,0.09772782886283263,2.25,35.89315047411648,50.0,390.3559127439708,0.0040650406504065045
21648150892_46_Z4,21648150892,46,4,165,185,0,-0.21452671106789012,0.09715461648092868,2.3,35.89315047411648,50.0,391.0415926057606,0.0040650406504065045
21648150892_47_Z4,21648150892,47,4,165,185,0,2.758497982202357,0.098021968638393,2.35,37.27239946521766,50.0,384.8766130858042,0.0040650406504065045
21648150892_48_Z4,21648150892,48,4,165,185,0,1.4825997737640648,0.09886528950985148,2.4,38.01369935209969,50.0,402.8873594090974,0.0040650406504065045
21648150892_49_Z4,21648150892,49,4,165,185,0,5.8754828918567625,0.10083800769779805,2.45,40.951440798028074,50.0,413.9274409544663,0.0040650406504065045
21648150892_50_Z4,21648150892,50,4,165,185,0,-0.776339576411857,0.1023410253774429,2.5,40.951440798028074,50.0,422.0299641274542,0.0040650406504065045
21648150892_51_Z4,21648150892,51,4,165,185,0,1.8259551594528602,0.10203986895746006,2.55,41.864418377754504,50.0,424.10319844495723,0.0040650406504065045
21648150892_52_Z4,21648150892,52,4,165,185,0,2.2315834722746786,0.10368142730133208,2.6,42.98021011389184,50.0,408.16326530611906,0.0040650406504065045
21648150892_53_Z4,21648150892,53,4,165,185,0,-0.5643689932774976,0.10384243454950381,2.65,42.98021011389184,50.0,416.14648356221437,0.0040650406504065045
21648150892_54_Z4,21648150892,54,4,165,185,0,-6.464602160826928,0.1022522158319138,2.7,42.98021011389184,50.0,403.972395219661,0.0040650406504065045
21648150892_55_Z4,21648150892,55,4,165,185,0,-3.682330636648487,0.09927880987943354,2.75,42.98021011389184,50.0,567.7610466551438,0.0040650406504065045
21648150892_56_Z4,21648150892,56,4,165,185,0,3.649191325038288,0.0993001889119452,2.8,44.80480577641099,50.0,388.3495145631068,0.0040650406504065045
21648150892_57_Z4,21648150892,57,4,165,185,0,1.3628785340404193,0.10087891688388881,2.85,45.4862450434312,50.0,384.21236465246403,0.0040650406504065045
21648150892_59_Z5,21648150892,59,5,185,206,0,2.616905992068041,0.10239120898495235,2.95,47.77478901329184,50.0,407.2565716401334,0.0040650406504065045
21648150892_60_Z5,21648150892,60,5,185,206,0,7.879377267487513,0.10549254816897066,3.0,51.714477647035594,50.0,415.0943396226415,0.0040650406504065045
21648150892_61_Z5,21648150892,61,5,185,206,0,3.6055792228926293,0.10850685323267951,3.05,53.51726725848191,50.0,425.12990080302626,0.0040650406504065045
21648150892_62_Z5,21648150892,62,5,185,206,0,-1.4668173529316846,0.10865959953301348,3.1,53.51726725848191,50.0,458.19014891179745,0.0040650406504065045
21648150892_64_Z5,21648150892,64,5,185,206,0,7.413514934104768,0.11437358612276859,3.2,61.07629961839753,50.0,561.2541126378985,0.0040650406504065045
21648150892_65_Z5,21648150892,65,5,185,206,0,2.370214114284124,0.11658907227333311,3.25,62.26140667553959,50.0,505.2206130010095,0.0040650406504065045
21648150892_66_Z4,21648150892,66,4,165,185,0,3.2344199013112416,0.11801895918676578,3.3,63.87861662619521,50.0,482.8002414001159,0.0040650406504065045
21648150892_67_Z4,21648150892,67,4,165,185,0,3.340881682632954,0.11937449083639397,3.35,65.54905746751169,50.0,477.36916548797785,0.0040650406504065045
21648150892_68_Z4,21648150892,68,4,165,185,0,11.27227200762428,0.12287754900105335,3.4,71.18519347132383,50.0,598.5156811108453,0.0040650406504065045
21648150892_69_Z5,21648150892,69,5,185,206,0,17.973608936560083,0.13087270976290372,3.45,80.17199793960387,50.0,689.1548784911151,0.0040650406504065045
21648150892_70_Z5,21648150892,70,5,185,206,0,3.8745958218627834,0.13613386201671324,3.5,82.10929585053526,50.0,533.617929562433,0.0040650406504065045
21648150892_71_Z5,21648150892,71,5,185,206,0,7.110194145750995,0.13870527167179228,3.55,85.66439292341076,50.0,509.00548159749485,0.0040650406504065045
21648150892_72_Z5,21648150892,72,5,185,206,0,8.82739028212859,0.1426840400650239,3.6,90.07808806447505,50.0,629.3549112160002,0.0040650406504065045
21648150892_73_Z5,21648150892,73,5,185,206,0,10.671627206674657,0.1475606949931072,3.65,95.41390166781238,50.0,663.423264042462,0.0040650406504065045
21648150892_75_Z5,21648150892,75,5,185,206,0,6.728268934752975,0.15750690181065122,3.75,104.01667502095631,50.0,561.0472882714356,0.0040650406504065045
21648150892_76_Z5,21648150892,76,5,185,206,0,2.5321555324615588,0.1594087087292764,3.8,105.28275278718709,50.0,533.3333333333334,0.0040650406504065045
21648150892_77_Z4,21648150892,77,4,165,185,0,6.27723908853261,0.16175167419489145,3.85,108.4213723314534,50.0,597.0149253731325,0.0040650406504065045
21648150892_78_Z4,21648150892,78,4,165,185,0,6.33750627665637,0.16465742203397465,3.9,111.59012546978158,50.0,618.3973202782796,0.0040650406504065045
21648150892_79_Z4,21648150892,79,4,165,185,0,14.438565525407796,0.1700164712657824,3.95,118.80940823248548,50.0,620.0909466721772,0.0040650406504065045
21648150892_80_Z5,21648150892,80,5,185,206,0,9.763749315330301,0.17634029353516503,4.0,123.69128289015063,50.0,552.3474767763003,0.0040650406504065045
21648150892_82_Z5,21648150892,82,5,185,206,0,8.213831548606095,0.1846263858325578,4.1,131.7828224186263,50.0,537.3717635564174,0.0040650406504065045
21648150892_83_Z5,21648150892,83,5,185,206,0,7.683115714112603,0.1885221907180053,4.15,135.6243802756826,50.0,517.9110919292172,0.0040650406504065045
21648150892_84_Z5,21648150892,84,5,185,206,0,8.24400887818092,0.19260655841389973,4.2,139.74638471477306,50.0,507.61421319797523,0.0040650406504065045
21648150892_85_Z5,21648150892,85,5,185,206,0,12.7308551027931,0.19766995458974226,4.25,146.1118122661696,50.0,504.3076276528667,0.0040650406504065045
21648150892_88_Z4,21648150892,88,4,165,185,0,1.5435939807013597,0.19656237306994828,4.4,146.8836092565203,50.0,414.02825133949915,0.0040650406504065045
21648150892_89_Z4,21648150892,89,4,165,185,0,3.4182332794452464,0.19778010972343563,4.45,148.5927258962429,50.0,496.1832061068737,0.0040650406504065045
21648150892_90_Z4,21648150892,90,4,165,185,0,1.3172524798191603,0.19907658245380505,4.5,149.2513521361525,50.0,491.97860962566847,0.0040650406504065045
21648150892_91_Z4,21648150892,91,4,165,185,0,0.8229245881625502,0.1997256709366833,4.55,149.66281443023377,50.0,464.5270270270213,0.0040650406504065045
21648150892_92_Z5,21648150892,92,5,185,206,0,0.5463106513775529,0.19971722261769442,4.6,149.93596975592254,50.0,509.3378607809901,0.0040650406504065045
21648150892_93_Z4,21648150892,93,4,165,185,0,1.288675685527096,0.20020357758281024,4.65,150.5803075986861,50.0,490.43648847473463,0.0040650406504065045
21648150892_94_Z4,21648150892,94,4,165,185,0,6.730639075566728,0.2023006306924837,4.7,153.94562713646945,50.0,537.2945638432462,0.0040650406504065045
21648150892_95_Z4,21648150892,95,4,165,185,0,8.186956017784382,0.20592085906789534,4.75,158.03910514536165,50.0,624.6222043119068,0.0040650406504065045
21648150892_96_Z4,21648150892,96,4,165,185,0,5.936172281041991,0.20983628111885824,4.8,161.00719128588264,50.0,574.8306302607264,0.0040650406504065045
21648150892_97_Z4,21648150892,97,4,165,185,0,5.672121524407601,0.21248141608722906,4.85,163.84325204808644,50.0,617.5663311985454,0.0040650406504065045
21648150892_98_Z4,21648150892,98,4,165,185,0,5.634118279239544,0.21528087290949785,4.9,166.6603111877062,50.0,607.150888239259,0.0040650406504065045
21648150892_100_Z4,21648150892,100,4,165,185,0,2.5065635713614256,0.22125444806434588,5.0,171.55406714821459,50.0,530.0713557594272,0.0040650406504065045
21648150892_102_Z4,21648150892,102,4,165,185,0,-0.8740219002422691,0.22210021134719793,5.1,172.07985630986593,50.0,616.2188809465166,0.0040650406504065045
21648150892_103_Z4,21648150892,103,4,165,185,0,-3.2827078496627564,0.22099082743223913,5.15,172.07985630986593,50.0,496.32717887630736,0.0040650406504065045
21648150892_104_Z4,21648150892,104,4,165,185,0,-7.615778605331457,0.21817559619831228,5.2,172.07985630986593,50.0,525.1464350636309,0.0040650406504065045
21648150892_105_Z4,21648150892,105,4,165,185,0,-3.9835975502144834,0.2154231502293098,5.25,172.07985630986593,50.0,497.5124378109453,0.0040650406504065045
21648150892_106_Z4,21648150892,106,4,165,185,0,-8.010811807413404,0.21207712741413676,5.3,172.07985630986593,50.0,499.90742455100707,0.0040650406504065045
21648150892_107_Z4,21648150892,107,4,165,185,0,-3.3803973049907654,0.2094868047573434,5.35,172.07985630986593,50.0,465.63605885639345,0.0040650406504065045
21648150892_108_Z4,21648150892,108,4,165,185,0,-2.7762606310321303,0.20785781581438117,5.4,172.07985630986593,50.0,472.98979337815274,0.0040650406504065045
21648150892_109_Z4,21648150892,109,4,165,185,0,-3.7323249259567888,0.2063217198441498,5.45,172.07985630986593,50.0,461.79680940385913,0.0040650406504065045
21648150892_110_Z4,21648150892,110,4,165,185,0,-8.763213833732664,0.20328943755183673,5.5,172.07985630986593,50.0,449.0177736202073,0.0040650406504065045
21648150892_111_Z4,21648150892,111,4,165,185,0,-8.45976658288555,0.1987853849028556,5.55,172.07985630986593,50.0,447.79157337675457,0.0040650406504065045
21648150892_112_Z4,21648150892,112,4,165,185,0,-5.9893813519640275,0.19508590814876264,5.6,172.07985630986593,50.0,438.8370817334024,0.0040650406504065045
21648150892_113_Z4,21648150892,113,4,165,185,0,-7.991658637992998,0.1921155664332974,5.65,172.07985630986593,50.0,415.24181729360447,0.0040650406504065045
21648150892_114_Z4,21648150892,114,4,165,185,0,-9.463558289615719,0.18706401336194334,5.7,172.07985630986593,50.0,418.3400267737602,0.0040650406504065045
21648150892_115_Z4,21648150892,115,4,165,185,0,-4.866257226826463,0.18365715135112828,5.75,172.07985630986593,50.0,428.3489096573236,0.0040650406504065045
21648150892_116_Z4,21648150892,116,4,165,185,0,-1.192519289264112,0.18221915956921603,5.8,172.07985630986593,50.0,408.08755332962454,0.0040650406504065045
21648150892_117_Z4,21648150892,117,4,165,185,0,1.3086987341839063,0.18219125931439017,5.85,172.73420567695788,50.0,422.83298097251424,0.0040650406504065045
21648150892_118_Z4,21648150892,118,4,165,185,0,-4.504409701063139,0.18188279975547655,5.9,172.73420567695788,50.0,425.6043581886294,0.0040650406504065045
21648150892_119_Z4,21648150892,119,4,165,185,0,-2.9164252904063233,0.17937613341388786,5.95,172.73420567695788,50.0,447.4861805738271,0.0040650406504065045
21648150892_121_Z4,21648150892,121,4,165,185,0,-2.5237924579543574,0.17704940689678186,6.05,172.73420567695788,50.0,422.5649693640404,0.0040650406504065045
21648150892_122_Z4,21648150892,122,4,165,185,0,-1.0880655220103677,0.17655806426051604,6.1,172.73420567695788,50.0,430.5283757338521,0.0040650406504065045
21648150892_123_Z4,21648150892,123,4,165,185,0,-5.722744105393986,0.1745616238667817,6.15,172.73420567695788,50.0,431.4571484604843,0.0040650406504065045
21648150892_124_Z4,21648150892,124,4,165,185,0,1.6166108311936682,0.17348947815690915,6.2,173.54251109255472,50.0,408.163265306126,0.0040650406504065045
21648150892_126_Z4,21648150892,126,4,165,185,0,3.472638729497362,0.17448314198495823,6.3,175.2788304573034,50.0,402.7261462205732,0.0040650406504065045
21648150892_128_Z4,21648150892,128,4,165,185,0,2.4698691293588695,0.17826608829125543,6.4,178.54231016666057,50.0,418.11846689895293,0.0040650406504065045
21648150892_130_Z4,21648150892,130,4,165,185,0,-1.3206074829799945,0.1780927687517973,6.5,178.54231016666057,50.0,439.6482813749004,0.0040650406504065045
21648150892_131_Z4,21648150892,131,4,165,185,0,4.615042929934191,0.1787554196994696,6.55,180.84983163162767,50.0,466.83046683046894,0.0040650406504065045
21648150892_132_Z4,21648150892,132,4,165,185,0,0.6127845131200047,0.18091278798515728,6.6,181.15622388818767,50.0,460.23564064800655,0.0040650406504065045
21648150892_133_Z4,21648150892,133,4,165,185,0,-0.32293438212667525,0.1799933414326392,6.65,181.15622388818767,50.0,396.15166949632663,0.0040650406504065045
21648150892_134_Z4,21648150892,134,4,165,185,0,3.6627031628642044,0.18159801870257114,6.7,182.98757546961977,50.0,446.24746450304093,0.0040650406504065045
21648150892_135_Z4,21648150892,135,4,165,185,0,-3.460117075441019,0.18105128675528487,6.75,182.98757546961977,50.0,426.241660489251,0.0040650406504065045
21648150892_136_Z4,21648150892,136,4,165,185,0,0.09052165965266568,0.18089875329366364,6.8,183.0328362994461,50.0,483.67593712213454,0.0040650406504065045
21648150892_137_Z4,21648150892,137,4,165,185,0,-5.812407973634322,0.17872150391184677,6.85,183.0328362994461,50.0,398.0616130148858,0.0040650406504065045
21648150892_138_Z4,21648150892,138,4,165,185,0,4.2545296464606395,0.17840616181225524,6.9,185.16010112267642,50.0,429.7670210359644,0.0040650406504065045
21648150892_139_Z4,21648150892,139,4,165,185,0,-2.3266906805929466,0.1795911179357049,6.95,185.16010112267642,50.0,429.83565107458713,0.0040650406504065045
21648150892_142_Z4,21648150892,142,4,165,185,0,7.050777826726119,0.18404413830715258,7.1,192.365259849607,50.0,376.293508936975,0.0040650406504065045
21648150892_143_Z4,21648150892,143,4,165,185,0,3.988685407121409,0.18688027616108696,7.15,194.35960255316772,50.0,375.35879885184397,0.0040650406504065045
21648150892_144_Z4,21648150892,144,4,165,185,0,1.0237615340340085,0.18816637507948794,7.2,194.87148332018472,50.0,391.99504848359607,0.0040650406504065045
21648150892_145_Z4,21648150892,145,4,165,185,0,-2.5088220435117705,0.1876569571537243,7.25,194.87148332018472,50.0,403.7212568018237,0.0040650406504065045
21648150892_146_Z4,21648150892,146,4,165,185,0,1.8703763932901438,0.18734558943165916,7.3,195.8066715168298,50.0,396.0918933192512,0.0040650406504065045
21648150892_147_Z4,21648150892,147,4,165,185,0,-1.4241396059923659,0.18758383637671822,7.35,195.8066715168298,50.0,443.9511653718073,0.0040650406504065045
21648150892_149_Z4,21648150892,149,4,165,185,0,7.834366798334315,0.1932885787320957,7.45,203.78294684940855,50.0,493.1389365351691,0.0040650406504065045
21648150892_151_Z5,21648150892,151,5,185,206,0,7.0968631705526946,0.2018358336400023,7.55,212.4139922036921,50.0,477.85333578386457,0.0040650406504065045
21648150892_152_Z5,21648150892,152,5,185,206,0,11.38994582219675,0.20672234571374337,7.6,218.10896511479046,50.0,502.09205020920314,0.0040650406504065045
21648150892_153_Z5,21648150892,153,5,185,206,0,2.669609373239666,0.21066893438635217,7.65,219.4437698014103,50.0,502.3796932839806,0.0040650406504065045
21648150892_154_Z4,21648150892,154,4,165,185,0,-2.084979746084798,0.21020694925667524,7.7,219.4437698014103,50.0,485.90864917394845,0.0040650406504065045
21648150892_156_Z5,21648150892,156,5,185,206,0,4.22012229504719,0.21352626076334663,7.8,224.04373408085914,50.0,462.03294495781677,0.0040650406504065045
21648150892_159_Z4,21648150892,159,4,165,185,0,0.38549917318994176,0.21561557841077533,7.95,225.1800092389019,50.0,428.7844891871711,0.0040650406504065045
21648150892_160_Z4,21648150892,160,4,165,185,0,0.7649078988362135,0.21560442571444846,8.0,225.56246318832,50.0,412.5212327105068,0.0040650406504065045
21648150892_161_Z4,21648150892,161,4,165,185,0,-1.3771334353370435,0.2158484964984055,8.05,225.56246318832,50.0,435.94902749832755,0.0040650406504065045
21648150892_162_Z4,21648150892,162,4,165,185,0,-2.3848757841081465,0.21462389157472334,8.1,225.56246318832,50.0,425.04958911872,0.0040650406504065045
21648150892_163_Z4,21648150892,163,4,165,185,0,-7.363447335845535,0.2125609856245467,8.15,225.56246318832,50.0,446.4285714285731,0.0040650406504065045
21648150892_164_Z4,21648150892,164,4,165,185,0,-7.383396007252941,0.20810167723237966,8.2,225.56246318832,50.0,422.6344212256384,0.0040650406504065045
21648150892_165_Z4,21648150892,165,4,165,185,0,2.087093220299721,0.2070547902889103,8.25,226.60600979846987,50.0,434.97172683775966,0.0040650406504065045
21648150892_167_Z4,21648150892,167,4,165,185,0,-7.333093775814177,0.2055042718244301,8.35,226.60600979846987,50.0,439.4224733207871,0.0040650406504065045
21648150892_168_Z4,21648150892,168,4,165,185,0,-6.318893457743968,0.20191935052695775,8.4,226.60600979846987,50.0,427.50929368028875,0.0040650406504065045
21648150892_169_Z4,21648150892,169,4,165,185,0,0.8043634303234057,0.2003060575581824,8.45,227.00819151363157,50.0,418.312805019765,0.0040650406504065045
21648150892_172_Z4,21648150892,172,4,165,185,0,-1.3925456968048024,0.19682675460772134,8.6,227.00819151363157,50.0,383.87715930901845,0.0040650406504065045
21648150892_173_Z4,21648150892,173,4,165,185,0,-1.862863685656805,0.19599343500983288,8.65,227.00819151363157,50.0,383.7298541826495,0.0040650406504065045
21648150892_174_Z4,21648150892,174,4,165,185,0,-1.0970224481166042,0.19540678409165385,8.7,227.00819151363157,50.0,433.7050805452286,0.0040650406504065045
21648150892_175_Z4,21648150892,175,4,165,185,0,-6.262275265721996,0.19339310734508558,8.75,227.00819151363157,50.0,385.6749311294843,0.0040650406504065045
21648150892_176_Z4,21648150892,176,4,165,185,0,-5.449863458092182,0.19070766028229505,8.8,227.00819151363157,50.0,392.60969976904323,0.0040650406504065045
21648150892_177_Z4,21648150892,177,4,165,185,0,-6.61031252772608,0.18719492984224678,8.85,227.00819151363157,50.0,387.82237735117536,0.0040650406504065045
21648150892_179_Z4,21648150892,179,4,165,185,0,-4.882137907237848,0.18258812704472743,8.95,227.00819151363157,50.0,383.7850803549965,0.0040650406504065045
21648150892_180_Z4,21648150892,180,4,165,185,0,-15.65854928409118,0.17720724553014325,9.0,227.00819151363157,50.0,402.21216691806103,0.0040650406504065045
21648150892_181_Z4,21648150892,181,4,165,185,0,-4.456329581229909,0.17149010574624057,9.05,227.00819151363157,50.0,375.419877494562,0.0040650406504065045
21648150892_182_Z4,21648150892,182,4,165,185,0,10.648239495495261,0.17361069435479912,9.1,232.3323112613792,50.0,379.17087967644574,0.0040650406504065045
21648150892_183_Z4,21648150892,183,4,165,185,0,0.317343730275752,0.17680621615127612,9.15,232.49098312651708,50.0,400.3813155386026,0.0040650406504065045
21648150892_184_Z4,21648150892,184,4,165,185,0,-0.9632057717850557,0.1763126255423766,9.2,232.49098312651708,50.0,388.31360946745616,0.0040650406504065045
21648150892_185_Z4,21648150892,185,4,165,185,0,-4.149155448301258,0.17506340549853722,9.25,232.49098312651708,50.0,392.69585705870577,0.0040650406504065045
21648150892_186_Z4,21648150892,186,4,165,185,0,-7.627340448980931,0.1720671234713532,9.3,232.49098312651708,50.0,386.51492377067024,0.0040650406504065045
21648150892_187_Z4,21648150892,187,4,165,185,0,-5.273462199691096,0.16878169183632824,9.35,232.49098312651708,50.0,388.9457523029654,0.0040650406504065045
21648150892_188_Z4,21648150892,188,4,165,185,0,-2.677167563909336,0.16670332361197246,9.4,232.49098312651708,50.0,383.9508542906497,0.0040650406504065045
21648150892_189_Z4,21648150892,189,4,165,185,0,-3.0601809637299766,0.16548262685516196,9.45,232.49098312651708,50.0,401.9090680733535,0.0040650406504065045
21648150892_190_Z4,21648150892,190,4,165,185,0,-0.8545350086662893,0.16431706183245215,9.5,232.49098312651708,50.0,397.4425436322737,0.0040650406504065045
21648150892_191_Z4,21648150892,191,4,165,185,0,1.849303135392347,0.16457178214026294,9.55,233.41563469421325,50.0,401.5215553677117,0.0040650406504065045
21648150892_192_Z4,21648150892,192,4,165,185,0,-0.38281600290900997,0.16528070697875577,9.6,233.41563469421325,50.0,411.36141038198434,0.0040650406504065045
21648150892_193_Z4,21648150892,193,4,165,185,0,-9.208113740630154,0.16278720508479863,9.65,233.41563469421325,50.0,419.40189642596533,0.0040650406504065045
21648150892_194_Z4,21648150892,194,4,165,185,0,4.026528017270834,0.16050657441450653,9.7,235.42889870284867,50.0,375.09377344336286,0.0040650406504065045
21648150892_195_Z4,21648150892,195,4,165,185,0,4.875784565815934,0.16418688733528222,9.75,237.86679098575664,50.0,380.95238095238096,0.0040650406504065045
21648150892_196_Z4,21648150892,196,4,165,185,0,-8.577904232249807,0.16299656742080226,9.8,237.86679098575664,50.0,393.5599284436519,0.0040650406504065045
21648150892_197_Z4,21648150892,197,4,165,185,0,-5.235172175486127,0.1587417143796454,9.85,237.86679098575664,50.0,400.45766590387933,0.0040650406504065045
21648150892_198_Z4,21648150892,198,4,165,185,0,-1.0263677502405244,0.15763376636629808,9.9,237.86679098575664,50.0,383.6605732340374,0.0040650406504065045
21648150892_199_Z4,21648150892,199,4,165,185,0,0.8960370608389212,0.1574915754512042,9.95,238.3148095161761,50.0,396.82539682539317,0.0040650406504065045
21648150892_200_Z4,21648150892,200,4,165,185,0,3.900095526321252,0.1590557622236055,10.0,240.26485727933672,50.0,421.4328717639982,0.0040650406504065045
21648150892_201_Z4,21648150892,201,4,165,185,0,-7.614394744123729,0.15778790898320316,10.05,240.26485727933672,50.0,429.26465098917566,0.0040650406504065045
21648150892_202_Z4,21648150892,202,4,165,185,0,-4.283331923383912,0.15508238692670648,10.1,240.26485727933672,50.0,470.4301075268687,0.0040650406504065045
21648150892_203_Z4,21648150892,203,4,165,185,0,-12.373597350734826,0.15094508151230157,10.15,240.26485727933672,50.0,601.7505470459703,0.0040650406504065045
21648150892_204_Z4,21648150892,204,4,165,185,0,-15.832257184471928,0.14362403356110567,10.2,240.26485727933672,50.0,474.12904555761486,0.0040650406504065045
21648150892_205_Z4,21648150892,205,4,165,185,0,-3.1244201262261413,0.13820563501474226,10.25,240.26485727933672,50.0,578.1584582441023,0.0040650406504065045
21648150892_206_Z4,21648150892,206,4,165,185,0,-4.9776340148746385,0.13748447168054956,10.3,240.26485727933672,50.0,470.8904109589107,0.0040650406504065045
21648150892_207_Z4,21648150892,207,4,165,185,0,-4.719558667280694,0.13422199987805952,10.35,240.26485727933672,50.0,436.757512229212,0.0040650406504065045
21648150892_208_Z4,21648150892,208,4,165,185,0,-8.300725889695855,0.13161755608984013,10.4,240.26485727933672,50.0,443.21329639888006,0.0040650406504065045
21648150892_209_Z4,21648150892,209,4,165,185,0,-7.31740569643938,0.12678912150761254,10.45,240.26485727933672,50.0,451.84304399525155,0.0040650406504065045
21648150892_210_Z4,21648150892,210,4,165,185,0,1.7160795869886556,0.12581274535059453,10.5,241.12289707283105,50.0,545.4114299265107,0.0040650406504065045
21648150892_211_Z4,21648150892,211,4,165,185,0,-9.880014732385234,0.12487421092246552,10.55,241.12289707283105,50.0,522.3068552774672,0.0040650406504065045
21648150892_212_Z4,21648150892,212,4,165,185,0,-10.75536019436737,0.11814483052265003,10.6,241.12289707283105,50.0,537.0157268891506,0.0040650406504065045
21648150892_213_Z4,21648150892,213,4,165,185,0,-11.437507542832236,0.11341381544117304,10.65,241.12289707283105,50.0,661.4038830808506,0.0040650406504065045
21648150892_217_Z4,21648150892,217,4,165,185,0,6.207143255468793,0.09395957675964955,10.85,244.22646870056545,50.0,402.3759340869859,0.0040650406504065045
21648150892_223_Z4,21648150892,223,4,165,185,0,-2.850141270921199,0.09267336686692408,11.15,246.05179677251164,50.0,382.32795242141094,0.0040650406504065045
21648150892_224_Z4,21648150892,224,4,165,185,0,-7.023328755019918,0.09007595737977986,11.2,246.05179677251164,50.0,405.4630815194145,0.0040650406504065045
21648150892_225_Z4,21648150892,225,4,165,185,0,-0.8465698844135829,0.0875170227778503,11.25,246.05179677251164,50.0,390.62500000000466,0.0040650406504065045
21648150892_226_Z4,21648150892,226,4,165,185,0,-4.279662471465258,0.08708805596576842,11.3,246.05179677251164,50.0,398.3342386384112,0.0040650406504065045
21648150892_227_Z4,21648150892,227,4,165,185,0,-7.979290272332008,0.08336778826653828,11.35,246.05179677251164,50.0,405.0819370281754,0.0040650406504065045
21648150892_228_Z4,21648150892,228,4,165,185,0,3.045799289048375,0.08201191524693018,11.4,247.57469641703582,50.0,475.76568539995185,0.0040650406504065045
21648150892_229_Z4,21648150892,229,4,165,185,0,13.295953048009752,0.08633024531108066,11.45,254.22267294104068,50.0,488.878024932781,0.0040650406504065045
21648150892_230_Z5,21648150892,230,5,185,206,0,2.8062418814035652,0.09100082129567598,11.5,255.62579388174248,50.0,430.9500489716026,0.0040650406504065045
21648150892_234_Z5,21648150892,234,5,185,206,0,5.415712700651596,0.10247583161491558,11.7,268.2715004479409,50.0,478.55370436015534,0.0040650406504065045
21648150892_235_Z5,21648150892,235,5,185,206,0,1.9452683643495732,0.10439334664908484,11.75,269.2441346301157,50.0,443.5819240365991,0.0040650406504065045
21648150892_236_Z5,21648150892,236,5,185,206,0,5.222231168803404,0.10592502675514061,11.8,271.8552502145174,50.0,453.79537953794085,0.0040650406504065045
21648150892_237_Z5,21648150892,237,5,185,206,0,2.7370864043363383,0.10843649584965238,11.85,273.22379341668557,50.0,451.62823864985285,0.0040650406504065045
21648150892_238_Z4,21648150892,238,4,165,185,0,0.14668977150640217,0.10868791750307485,11.9,273.2971383024388,50.0,458.12717610408896,0.0040650406504065045
21648150892_239_Z4,21648150892,239,4,165,185,0,0.4546957171626218,0.10911348610552936,11.95,273.5244861610201,50.0,452.81651874661105,0.0040650406504065045
21648150892_240_Z4,21648150892,240,4,165,185,0,-0.8263055699811446,0.10887678891332693,12.0,273.5244861610201,50.0,413.30853482124905,0.0040650406504065045
21648150892_241_Z4,21648150892,241,4,165,185,0,-1.6852452273064955,0.10821133968313819,12.05,273.5244861610201,50.0,440.52863436122306,0.0040650406504065045
21648150892_243_Z4,21648150892,243,4,165,185,0,-0.31900414324317694,0.1080654732761339,12.15,274.0234959724875,50.0,432.5062599590229,0.0040650406504065045
21648150892_244_Z4,21648150892,244,4,165,185,0,3.4855407595487975,0.10924280457821782,12.2,275.76626635226194,50.0,421.0171775008348,0.0040650406504065045
21648150892_245_Z4,21648150892,245,4,165,185,0,-0.4962553808381358,0.10965861717400065,12.25,275.76626635226194,50.0,411.71088746569694,0.0040650406504065045
21648150892_246_Z4,21648150892,246,4,165,185,0,1.6288106065207444,0.11017534131988195,12.3,276.58067165552234,50.0,452.8301886792453,0.0040650406504065045
21648150892_247_Z4,21648150892,247,4,165,185,0,4.806344683911732,0.11161888391497053,12.35,278.9838439974782,50.0,450.2881844380368,0.0040650406504065045
21648150892_248_Z4,21648150892,248,4,165,185,0,-1.3834682249006391,0.1125506900795324,12.4,278.9838439974782,50.0,453.70179418436993,0.0040650406504065045
21648150892_249_Z4,21648150892,249,4,165,185,0,3.6543843118260213,0.11295650170700644,12.45,280.81103615339117,50.0,431.65467625899,0.0040650406504065045
21648150892_250_Z4,21648150892,250,4,165,185,0,7.828046795741301,0.11587927968033354,12.5,284.72505955126184,50.0,445.1733833177102,0.0040650406504065045
21648150892_251_Z4,21648150892,251,4,165,185,0,8.434343995231757,0.12039639819125118,12.55,288.9422315488777,50.0,515.1793928243009,0.0040650406504065045
21648150892_252_Z5,21648150892,252,5,185,206,0,-1.3293298352595002,0.12147327854830946,12.6,288.9422315488777,50.0,472.866471515426,0.0040650406504065045
21648150892_253_Z4,21648150892,253,4,165,185,0,8.116139209378048,0.12393775470212662,12.65,293.00030115356674,50.0,482.9545454545355,0.0040650406504065045
21648150892_254_Z4,21648150892,254,4,165,185,0,-4.09583628056896,0.12446463148049434,12.7,293.00030115356674,50.0,482.43921265920767,0.0040650406504065045
21648150892_255_Z4,21648150892,255,4,165,185,0,6.2272401999424005,0.12468549610859704,12.75,296.1139212535379,50.0,502.51256281406285,0.0040650406504065045
21648150892_256_Z5,21648150892,256,5,185,206,0,7.364535121035942,0.12869724865035925,12.8,299.7961888140559,50.0,457.20091440184063,0.0040650406504065045
21648150892_257_Z5,21648150892,257,5,185,206,0,1.2908354320746867,0.1307536525964806,12.85,300.4416065300932,50.0,471.2041884816664,0.0040650406504065045
21648150892_258_Z5,21648150892,258,5,185,206,0,-6.2275169240602395,0.12943270497808182,12.9,300.4416065300932,50.0,476.62278710847426,0.0040650406504065045
21648150892_259_Z4,21648150892,259,4,165,185,0,2.7715077639974766,0.12840745107218737,12.95,301.82736041209193,50.0,394.4773175542397,0.0040650406504065045
21648150892_260_Z4,21648150892,260,4,165,185,0,6.168678959678971,0.1309766415624515,13.0,304.91169989193145,50.0,522.3171889838683,0.0040650406504065045
21648150892_261_Z4,21648150892,261,4,165,185,0,-7.708876273421822,0.13043906077150333,13.05,304.91169989193145,50.0,477.32696897373046,0.0040650406504065045
21648150892_262_Z4,21648150892,262,4,165,185,0,-10.267802800452928,0.12602795390112365,13.1,304.91169989193145,50.0,545.6634118322849,0.0040650406504065045
21648150892_263_Z4,21648150892,263,4,165,185,0,-1.217189714095781,0.12224127894866837,13.15,304.91169989193145,50.0,536.8573198430693,0.0040650406504065045
21648150892_264_Z4,21648150892,264,4,165,185,0,-3.300660953936415,0.12257156489159644,13.2,304.91169989193145,50.0,584.9093390524577,0.0040650406504065045
21648150892_265_Z4,21648150892,265,4,165,185,0,-8.56651040959244,0.11889731034822215,13.25,304.91169989193145,50.0,408.40140023337165,0.0040650406504065045
21648150892_266_Z4,21648150892,266,4,165,185,0,-4.925006865961279,0.11532797196483892,13.3,304.91169989193145,50.0,409.5842719639572,0.0040650406504065045
21648150892_267_Z4,21648150892,267,4,165,185,0,-2.3675186819054943,0.1138175739684066,13.35,304.91169989193145,50.0,436.5753092408487,0.0040650406504065045
21648150892_269_Z4,21648150892,269,4,165,185,0,-3.8077465002184283,0.11085911043620997,13.45,304.91169989193145,50.0,409.8360655737814,0.0040650406504065045
21648150892_271_Z4,21648150892,271,4,165,185,0,2.825994762415206,0.10974315541473566,13.55,306.32469727313907,50.0,408.26128722382896,0.0040650406504065045
21648150892_272_Z4,21648150892,272,4,165,185,0,0.4308802348832046,0.11054330212771889,13.6,306.54013739058064,50.0,402.939085091249,0.0040650406504065045
21648150892_273_Z4,21648150892,273,4,165,185,0,-1.9188533846873952,0.11023131000024557,13.65,306.54013739058064,50.0,400.93551620447323,0.0040650406504065045
21648150892_274_Z4,21648150892,274,4,165,185,0,-6.286331725459519,0.1082717793593127,13.7,306.54013739058064,50.0,404.1844983357158,0.0040650406504065045
21648150892_275_Z4,21648150892,275,4,165,185,0,-0.29762150716115343,0.10601399482948026,13.75,306.54013739058064,50.0,400.400400400397,0.0040650406504065045
21648150892_276_Z4,21648150892,276,4,165,185,0,-1.8408953943398387,0.10639698625707666,13.8,306.54013739058064,50.0,434.19267299863884,0.0040650406504065045
21648150892_277_Z4,21648150892,277,4,165,185,0,-7.557909969555794,0.10328661328229072,13.85,306.54013739058064,50.0,415.6769596199639,0.0040650406504065045
21648150892_278_Z4,21648150892,278,4,165,185,0,1.5082768470304302,0.1018345331805317,13.9,307.29427581409584,50.0,392.9679420889319,0.0040650406504065045
21648150892_279_Z4,21648150892,279,4,165,185,0,4.826540703280955,0.10378805774301433,13.95,309.7075461657363,50.0,399.201596806383,0.0040650406504065045
21648150892_280_Z4,21648150892,280,4,165,185,0,-2.5765568101572285,0.10426842157212446,14.0,309.7075461657363,50.0,410.1161995898892,0.0040650406504065045
21648150892_281_Z4,21648150892,281,4,165,185,0,1.0564445682985024,0.10356183146662112,14.05,310.23576844988554,50.0,403.4969737726997,0.0040650406504065045
21648150892_282_Z4,21648150892,282,4,165,185,0,3.5449259158821462,0.10510874011342378,14.1,312.0082314078266,50.0,415.34326899584363,0.0040650406504065045
21648150892_285_Z5,21648150892,285,5,185,206,0,-1.9330626798711137,0.10544356609224112,14.25,314.75348572636534,50.0,418.50220264317517,0.0040650406504065045
21648150892_286_Z5,21648150892,286,5,185,206,0,-6.877436535470167,0.10341069431387027,14.3,314.75348572636534,50.0,407.2398190045182,0.0040650406504065045
21648150892_287_Z4,21648150892,287,4,165,185,0,-10.495869067300362,0.09909098588676017,14.35,314.75348572636534,50.0,416.49312786340226,0.0040650406504065045
21648150892_288_Z4,21648150892,288,4,165,185,0,-6.002844710995561,0.09429933099331153,14.4,314.75348572636534,50.0,400.5340453938563,0.0040650406504065045
21648150892_289_Z4,21648150892,289,4,165,185,0,0.5444262061282927,0.0934644576147715,14.45,315.0256988294295,50.0,389.7435897435897,0.0040650406504065045
21648150892_290_Z4,21648150892,290,4,165,185,0,-0.6109666085317826,0.0933672354483765,14.5,315.0256988294295,50.0,408.8459394164554,0.0040650406504065045
21648150892_291_Z4,21648150892,291,4,165,185,0,3.1818571641592825,0.09393259126829055,14.55,316.6166274115091,50.0,438.9044943820292,0.0040650406504065045
21648150892_293_Z5,21648150892,293,5,185,206,0,1.109611141929122,0.0972700526085755,14.65,319.15162624489705,50.0,443.5573297848733,0.0040650406504065045
21648150892_294_Z4,21648150892,294,4,165,185,0,-6.230913790106854,0.09601097711868578,14.7,319.15162624489705,50.0,438.1161007666892,0.0040650406504065045
21648150892_295_Z4,21648150892,295,4,165,185,0,-3.2977657381002814,0.09320222312973815,14.75,319.15162624489705,50.0,427.8990158322656,0.0040650406504065045
21648150892_296_Z4,21648150892,296,4,165,185,0,-3.25503061622976,0.0919183379096981,14.8,319.15162624489705,50.0,401.1461318051548,0.0040650406504065045
21648150892_297_Z4,21648150892,297,4,165,185,0,-0.9593153705161512,0.09064548993589812,14.85,319.15162624489705,50.0,432.99908842297964,0.0040650406504065045
21648150892_298_Z4,21648150892,298,4,165,185,0,3.3457492532504602,0.09097416233614813,14.9,320.8245008715223,50.0,403.8257173220041,0.0040650406504065045
21648150892_299_Z4,21648150892,299,4,165,185,0,4.117670057949226,0.09344338277015042,14.95,322.8833359004969,50.0,385.3564547206156,0.0040650406504065045
21682806144_5_Z1,21682806144,5,1,103,124,0,-5.6720879541321665,0.28151872267082756,0.25,7.697604858927718,50.0,519.5447798119744,0.0125
21682806144_6_Z1,21682806144,6,1,103,124,0,0.9690665685321846,0.28118266039782375,0.3,8.18213814319381,50.0,470.4652378463148,0.0125
21682806144_7_Z1,21682806144,7,1,103,124,0,-3.143519795652992,0.28042995573074675,0.35,8.18213814319381,50.0,498.37486457204733,0.0125
21682806144_8_Z2,21682806144,8,2,124,144,0,4.230869165823833,0.28031893203361985,0.4,10.297572726105727,50.0,482.7808175088511,0.0125
21682806144_9_Z2,21682806144,9,2,124,144,0,-8.506039655072641,0.2801604619637805,0.45,10.297572726105727,50.0,538.6298602928803,0.0125
21682806144_10_Z2,21682806144,10,2,124,144,0,-0.7478363326589488,0.2769604928680258,0.5,10.297572726105727,50.0,521.172638436482,0.0125
21682806144_11_Z2,21682806144,11,2,124,144,0,18.809131618259585,0.28095911573490995,0.55,19.70213853523552,50.0,497.5124378109453,0.0125
21682806144_12_Z2,21682806144,12,2,124,144,0,18.454492790855056,0.29168463646777726,0.6,28.929384930663048,50.0,489.2736168611217,0.0125
21682806144_13_Z2,21682806144,13,2,124,144,0,-8.47104368185353,0.29438777835570873,0.65,28.929384930663048,50.0,514.3667967364314,0.0125
21682806144_14_Z2,21682806144,14,2,124,144,0,-30.05925616681145,0.2842257904530784,0.7,28.929384930663048,50.0,530.6319343945968,0.0125
21682806144_15_Z2,21682806144,15,2,124,144,0,-10.267326628149249,0.2729142254111816,0.75,28.929384930663048,50.0,524.5901639344262,0.0125
21682806144_16_Z2,21682806144,16,2,124,144,0,3.1870527864928135,0.27230274397986015,0.8,30.522911323909454,50.0,490.463215258856,0.0125
21682806144_17_Z2,21682806144,17,2,124,144,0,-7.300692797227725,0.27137913446406464,0.85,30.522911323909454,50.0,563.4390651085133,0.0125
21682806144_18_Z2,21682806144,18,2,124,144,0,-9.507948802010901,0.2670497397825463,0.9,30.522911323909454,50.0,572.8607232366641,0.0125
21682806144_19_Z2,21682806144,19,2,124,144,0,-7.319785379407676,0.2622139128692483,0.95,30.522911323909454,50.0,607.4104069649715,0.0125
21682806144_20_Z2,21682806144,20,2,124,144,0,-4.101652202876039,0.25986747209877686,1.0,30.522911323909454,50.0,557.9399141630885,0.0125
21682806144_21_Z2,21682806144,21,2,124,144,0,-4.202638733415711,0.25799887179088765,1.05,30.522911323909454,50.0,545.8515283842801,0.0125
21682806144_22_Z2,21682806144,22,2,124,144,0,-6.920640938322663,0.25473998073406473,1.1,30.522911323909454,50.0,538.8898868331231,0.0125
21682806144_24_Z2,21682806144,24,2,124,144,0,14.058402914322414,0.25922201099763925,1.2,39.53459445834574,50.0,491.9825072886308,0.0125
21682806144_25_Z2,21682806144,25,2,124,144,0,-11.614927534028993,0.2598369801307509,1.25,39.53459445834574,50.0,538.9797882579398,0.0125
21682806144_26_Z2,21682806144,26,2,124,144,0,-1.406774563629483,0.2554804608256329,1.3,39.53459445834574,50.0,524.9343832021,0.0125
21682806144_27_Z2,21682806144,27,2,124,144,0,-0.6572381447793418,0.25612753669267946,1.35,39.53459445834574,50.0,540.9904286308761,0.0125
21682806144_28_Z2,21682806144,28,2,124,144,0,-11.514279164482275,0.2525292684936003,1.4,39.53459445834574,50.0,568.7389684251813,0.0125
21682806144_29_Z2,21682806144,29,2,124,144,0,-17.022186372818226,0.24556543265828124,1.45,39.53459445834574,50.0,520.2080832332955,0.0125
21682806144_30_Z2,21682806144,30,2,124,144,0,5.387169265159912,0.2413306618685158,1.5,42.22817909092569,50.0,413.9562389118863,0.0125
21682806144_31_Z2,21682806144,31,2,124,144,0,6.907293862091933,0.24646039717676732,1.55,45.68182602197166,50.0,510.8556832694762,0.0125
21682806144_32_Z2,21682806144,32,2,124,144,0,-15.791690194424291,0.24370884694278547,1.6,45.68182602197166,50.0,510.725229826353,0.0125
21682806144_33_Z2,21682806144,33,2,124,144,0,-9.402546421330044,0.236533649897755,1.65,45.68182602197166,50.0,487.0675176352035,0.0125
21682806144_34_Z2,21682806144,34,2,124,144,0,-4.995182438923905,0.23325893079396917,1.7,45.68182602197166,50.0,489.51048951048847,0.0125
21682806144_35_Z2,21682806144,35,2,124,144,0,5.238892127698648,0.23356257638982406,1.75,48.30127208582098,50.0,494.16880806483573,0.0125
21682806144_36_Z2,21682806144,36,2,124,144,0,-1.256911025665545,0.23492589834106029,1.8,48.30127208582098,50.0,516.0973212091416,0.0125
21682806144_37_Z2,21682806144,37,2,124,144,0,-7.950310103979632,0.23194557310193548,1.85,48.30127208582098,50.0,504.0848253085349,0.0125
21682806144_38_Z2,21682806144,38,2,124,144,0,-4.5783549877388054,0.2289836313861874,1.9,48.30127208582098,50.0,506.72383550964554,0.0125
21682806144_40_Z2,21682806144,40,2,124,144,0,0.39205844532529,0.2234761373797472,2.0,48.49730130848363,50.0,442.9678848283485,0.0125
21682806144_41_Z2,21682806144,41,2,124,144,0,6.352210875360299,0.22632328401191068,2.05,51.67340674616378,50.0,514.1962888441759,0.0125
21682806144_43_Z2,21682806144,43,2,124,144,0,-8.561568687967451,0.22356179423630354,2.15,51.67340674616378,50.0,668.9858175006709,0.0125
21682806144_44_Z2,21682806144,44,2,124,144,0,-7.376522396214909,0.21961010768401504,2.2,51.67340674616378,50.0,527.8205410160568,0.0125
21682806144_45_Z2,21682806144,45,2,124,144,0,-12.138017406890071,0.21424076824621843,2.25,51.67340674616378,50.0,578.1359495444997,0.0125
21682806144_46_Z2,21682806144,46,2,124,144,0,0.15335041074189348,0.2112731424102246,2.3,51.750081951534725,50.0,668.0161943319825,0.0125
21682806144_47_Z2,21682806144,47,2,124,144,0,4.3203137030465655,0.21226613223465107,2.35,53.91023880305801,50.0,561.6763879887669,0.0125
21682806144_48_Z2,21682806144,48,2,124,144,0,6.057355802392806,0.215516708424578,2.4,56.93891670425441,50.0,578.0346820809187,0.0125
21682806144_49_Z2,21682806144,49,2,124,144,0,11.119317179635175,0.22007726509880862,2.45,62.498575294072,50.0,512.5172481766211,0.0125
21682806144_50_Z2,21682806144,50,2,124,144,0,-4.084717327647411,0.22081851903624541,2.5,62.498575294072,50.0,611.3375324194144,0.0125
21682806144_51_Z2,21682806144,51,2,124,144,0,2.3791415905408826,0.22115609681525655,2.55,63.68814608934244,50.0,612.4061635717121,0.0125
21682806144_53_Z3,21682806144,53,3,144,165,0,13.707930369015628,0.231982118371002,2.65,77.38589924804143,50.0,725.7748136524125,0.0125
21682806144_54_Z2,21682806144,54,2,124,144,0,2.5052255245424817,0.2362566549748823,2.7,78.63851201031267,50.0,748.663101604278,0.0125
21682806144_55_Z2,21682806144,55,2,124,144,0,3.270821461188291,0.2372923740391792,2.75,80.27392274090681,50.0,663.8846737481057,0.0125
21682806144_56_Z2,21682806144,56,2,124,144,0,19.995243153158924,0.24266169688165665,2.8,90.27154431748627,50.0,683.5010442377055,0.0125
21682806144_57_Z2,21682806144,57,2,124,144,0,-8.767842885820755,0.2469213194879951,2.85,90.27154431748627,50.0,734.024179620032,0.0125
21682806144_58_Z2,21682806144,58,2,124,144,0,-6.084990786671824,0.24178612409792535,2.9,90.27154431748627,50.0,608.1828234426861,0.0125
21682806144_59_Z2,21682806144,59,2,124,144,0,-1.8592297921824752,0.24023917214641197,2.95,90.27154431748627,50.0,555.6698909240567,0.0125
21682806144_60_Z2,21682806144,60,2,124,144,0,-4.101538567478656,0.23862314959109776,3.0,90.27154431748627,50.0,589.9104963384883,0.0125
21682806144_61_Z2,21682806144,61,2,124,144,0,-7.09834719589719,0.2360772425686464,3.05,90.27154431748627,50.0,574.180403778475,0.0125
21682806144_62_Z2,21682806144,62,2,124,144,0,-3.9884254230690885,0.23262122371707877,3.1,90.27154431748627,50.0,565.4450261780105,0.0125
21682806144_63_Z2,21682806144,63,2,124,144,0,-1.7199170681698206,0.23215927098472358,3.15,90.27154431748627,50.0,604.751619870414,0.0125
21682806144_64_Z2,21682806144,64,2,124,144,0,-5.334363779750674,0.22991177935538118,3.2,90.27154431748627,50.0,601.8248883711875,0.0125
21682806144_65_Z2,21682806144,65,2,124,144,0,-4.641999020258993,0.22728913085241137,3.25,90.27154431748627,50.0,577.6636713735585,0.0125
21682806144_66_Z2,21682806144,66,2,124,144,0,1.1114864974779834,0.2263465425008503,3.3,90.82728756622527,50.0,552.0654863887281,0.0125
21682806144_67_Z2,21682806144,67,2,124,144,0,-1.0489148640267558,0.22675683059177437,3.35,90.82728756622527,50.0,573.3701422807372,0.0125
21682806144_68_Z2,21682806144,68,2,124,144,0,-3.9265245619047846,0.22552756487986053,3.4,90.82728756622527,50.0,577.5437404450495,0.0125
21682806144_69_Z2,21682806144,69,2,124,144,0,5.010649234972618,0.22457529228424053,3.45,93.33261218371157,50.0,706.5354529396902,0.0125
21682806144_71_Z3,21682806144,71,3,144,165,0,16.850292664184224,0.2503783787238436,3.55,120.25934345999707,50.0,806.2848873268573,0.0125
21682806144_73_Z2,21682806144,73,2,124,144,0,-30.167953987750707,0.25203564003145673,3.65,126.52819129097762,50.0,752.1773555027714,0.0125
21682806144_74_Z2,21682806144,74,2,124,144,0,2.568722533042717,0.24523108617256506,3.7,127.81255255749898,50.0,729.9270072992753,0.0125
21682806144_75_Z2,21682806144,75,2,124,144,0,14.917854728644215,0.2499138901072399,3.75,135.27147992182108,50.0,604.229607250756,0.0125
21682806144_76_Z2,21682806144,76,2,124,144,0,-2.4352780067320623,0.25310605981343653,3.8,135.27147992182108,50.0,605.4687499999968,0.0125
21682806144_77_Z2,21682806144,77,2,124,144,0,3.3541641248710903,0.25233105356303465,3.85,136.94856198425663,50.0,606.20191186757,0.0125
21682806144_79_Z3,21682806144,79,3,144,165,0,25.94675708614136,0.28425085236924363,3.95,174.04374284320323,50.0,745.5731593662615,0.0125
21682806144_80_Z3,21682806144,80,3,144,165,0,5.461008548213954,0.29539350564984224,4.0,176.7742471173102,50.0,775.4943776657561,0.0125
21682806144_81_Z2,21682806144,81,2,124,144,0,-48.176383978801596,0.2817807408575713,4.05,176.7742471173102,50.0,590.1881224640376,0.0125
21682806144_82_Z2,21682806144,82,2,124,144,0,-17.95280774394405,0.2647548954532301,4.1,176.7742471173102,50.0,604.8822639879028,0.0125
21682806144_83_Z2,21682806144,83,2,124,144,0,8.701103610317887,0.2614945248843608,4.15,181.12479892246915,50.0,563.15366049878,0.0125
21682806144_84_Z2,21682806144,84,2,124,144,0,14.918648752578633,0.2696009078633122,4.2,188.58412329875847,50.0,529.7732570459888,0.0125
21682806144_85_Z2,21682806144,85,2,124,144,0,15.417819196466667,0.27688515002094427,4.25,196.2930328969918,50.0,607.0755704417058,0.0125
21682806144_86_Z2,21682806144,86,2,124,144,0,16.34867951927174,0.2834227727575353,4.3,204.46737265662767,50.0,731.4725697786231,0.0125
21682806144_87_Z2,21682806144,87,2,124,144,0,-2.1629450121707805,0.2893318478345417,4.35,204.46737265662767,50.0,528.5627159991911,0.0125
21682806144_88_Z2,21682806144,88,2,124,144,0,31.2872811848556,0.29433471468747285,4.4,220.11101324905547,50.0,729.9270072992622,0.0125
21682806144_89_Z3,21682806144,89,3,144,165,0,-12.408989109849244,0.30235381643283515,4.45,220.11101324905547,50.0,750.2930832356453,0.0125
21682806144_91_Z2,21682806144,91,2,124,144,0,7.185890932713164,0.2879659394783782,4.55,223.70395871541206,50.0,547.7451159393785,0.0125
21682806144_92_Z2,21682806144,92,2,124,144,0,2.652124211182354,0.28998427091510526,4.6,225.03002082100323,50.0,582.6271186440645,0.0125
21703191468_4_Z1,21703191468,4,1,103,124,0,-1.8558211183357116,0.06705517023511878,0.2,3.428348163682955,50.0,470.898474288943,0.01818181818181818
21703191468_5_Z1,21703191468,5,1,103,124,0,1.0897392422196504,0.06676494855334811,0.25,3.97321778479278,50.0,469.1164972634874,0.01818181818181818
21703191468_7_Z2,21703191468,7,2,124,144,0,3.565564429368834,0.0715108235601706,0.35,8.945982452968366,50.0,500.4314063848146,0.01818181818181818
21703191468_8_Z2,21703191468,8,2,124,144,0,-1.2660558347381823,0.07194870968897496,0.4,8.945982452968366,50.0,539.4605394605394,0.01818181818181818
21703191468_9_Z2,21703191468,9,2,124,144,0,1.83389941730033,0.07179517974284755,0.45,9.86293216161853,50.0,571.992110453649,0.01818181818181818
21703191468_10_Z2,21703191468,10,2,124,144,0,5.169953291584449,0.07370108347664292,0.5,12.447908807410755,50.0,576.0614465542991,0.01818181818181818
21703191468_11_Z2,21703191468,11,2,124,144,0,2.824761320221967,0.07597585603141528,0.55,13.860289467521739,50.0,557.3707476455894,0.01818181818181818
21703191468_12_Z2,21703191468,12,2,124,144,0,3.4500832374667425,0.07722146379577467,0.6,15.58533108625511,50.0,517.9934569247538,0.01818181818181818
21703191468_13_Z2,21703191468,13,2,124,144,0,0.7909059558255649,0.07864756173977444,0.65,15.980784064167892,50.0,505.3145147238196,0.01818181818181818
21703191468_14_Z2,21703191468,14,2,124,144,0,-1.8407939077882531,0.07813044720336766,0.7,15.980784064167892,50.0,566.869619987403,0.01818181818181818
21703191468_15_Z2,21703191468,15,2,124,144,0,-3.324628844009652,0.07678200402455869,0.75,15.980784064167892,50.0,675.067506750676,0.01818181818181818
21703191468_17_Z1,21703191468,17,1,103,124,0,-2.7785492554375537,0.07831454308154831,0.85,18.871774810897804,50.0,651.9377037305321,0.01818181818181818
21703191468_20_Z1,21703191468,20,1,103,124,0,-0.20103191884956573,0.07688066759549296,1.0,19.660876017206434,50.0,549.8059508408825,0.01818181818181818
21703191468_23_Z2,21703191468,23,2,124,144,0,20.30225831652868,0.10309128208418393,1.15,50.44337684676199,50.0,547.11246200608,0.01818181818181818
21703191468_24_Z2,21703191468,24,2,124,144,0,-1.0607987834105472,0.10874506332298307,1.2,50.44337684676199,50.0,599.6131528046417,0.01818181818181818
21703191468_25_Z2,21703191468,25,2,124,144,0,-16.086635861178877,0.10362031419984995,1.25,50.44337684676199,50.0,559.2377796188902,0.01818181818181818
21703191468_26_Z2,21703191468,26,2,124,144,0,-2.6964507135865006,0.09796910600746152,1.3,50.44337684676199,50.0,524.6350364963513,0.01818181818181818
21703191468_28_Z3,21703191468,28,3,144,165,0,10.913146393311221,0.11005378620231226,1.4,64.72353399608248,50.0,663.9427987742581,0.01818181818181818
21703191468_29_Z3,21703191468,29,3,144,165,0,-10.102686499314956,0.11053695610507568,1.45,64.72353399608248,50.0,564.2023346303517,0.01818181818181818
21703191468_30_Z3,21703191468,30,3,144,165,0,-12.720126096499738,0.10407277480198496,1.5,64.72353399608248,50.0,542.969481370529,0.01818181818181818
21703191468_31_Z3,21703191468,31,3,144,165,0,-5.5344496632418725,0.0988780431179254,1.55,64.72353399608248,50.0,599.0893841361128,0.01818181818181818
21703191468_33_Z4,21703191468,33,4,165,185,0,13.380519991081826,0.10871220951217957,1.65,78.4047506729557,50.0,706.5057403591398,0.01818181818181818
21703191468_34_Z4,21703191468,34,4,165,185,0,-2.8891330617389883,0.11211936922865869,1.7,78.4047506729557,50.0,614.1947224749767,0.01818181818181818
21703191468_35_Z4,21703191468,35,4,165,185,0,-16.509431883763824,0.10713551348200458,1.75,78.4047506729557,50.0,555.1854319342664,0.01818181818181818
21703191468_39_Z4,21703191468,39,4,165,185,0,-10.60210762908187,0.10887191896642083,1.95,94.14983002743034,50.0,553.5983895319577,0.01818181818181818
21703191468_40_Z4,21703191468,40,4,165,185,0,-21.453430651184505,0.10017670557875646,2.0,94.14983002743034,50.0,652.2829904666348,0.01818181818181818
21703191468_42_Z4,21703191468,42,4,165,185,0,16.77420853591775,0.09939110051111287,2.1,103.09342401997104,50.0,723.0255839822017,0.01818181818181818
21703191468_43_Z4,21703191468,43,4,165,185,0,8.27539884931386,0.10644640109663961,2.15,107.23112344462797,50.0,725.8399004562384,0.01818181818181818
21703191468_44_Z4,21703191468,44,4,165,185,0,-13.960837828331337,0.10531001910806988,2.2,107.23112344462797,50.0,620.97516099356,0.01818181818181818
21703191468_47_Z4,21703191468,47,4,165,185,0,10.496166727650802,0.10378121094285968,2.35,122.60315010353774,50.0,726.7833109017479,0.01818181818181818
21703191468_48_Z4,21703191468,48,4,165,185,0,-3.7410900285187836,0.10583725528702306,2.4,122.60315010353774,50.0,562.7344726969568,0.01818181818181818
21703191468_49_Z4,21703191468,49,4,165,185,0,-22.12134884611618,0.0993313505711427,2.45,122.60315010353774,50.0,580.0464037122982,0.01818181818181818
21703191468_51_Z4,21703191468,51,4,165,185,0,26.375969834725993,0.10058928052583858,2.55,136.5294080966591,50.0,776.3323541754115,0.01818181818181818
21703191468_52_Z4,21703191468,52,4,165,185,0,-2.3963365618452883,0.10747877542756312,2.6,136.5294080966591,50.0,675.2194463200565,0.01818181818181818
21703191468_53_Z4,21703191468,53,4,165,185,0,-21.98976921092091,0.10106422876670712,2.65,136.5294080966591,50.0,580.0981704596142,0.01818181818181818
21703191468_54_Z3,21703191468,54,3,144,165,0,-3.368312981682436,0.09208977086358605,2.7,136.5294080966591,50.0,674.8826291079827,0.01818181818181818
21703191468_56_Z4,21703191468,56,4,165,185,0,-5.863253579176927,0.10036781943219046,2.8,144.24518938918652,50.0,839.0541571319619,0.01818181818181818
21703191468_58_Z3,21703191468,58,3,144,165,0,9.518583380335969,0.09224177208950385,2.9,149.0044810793545,50.0,720.6443408223848,0.01818181818181818
21703191468_59_Z4,21703191468,59,4,165,185,0,20.025859313335445,0.10101268893415688,2.95,159.0174107360222,50.0,733.886407147412,0.01818181818181818
21703191468_60_Z4,21703191468,60,4,165,185,0,-6.773940221640601,0.10441974523397098,3.0,159.0174107360222,50.0,739.8568019093062,0.01818181818181818
21703191468_61_Z3,21703191468,61,3,144,165,0,-19.927039822673976,0.09728971571480771,3.05,159.0174107360222,50.0,666.1115736885976,0.01818181818181818
21703191468_64_Z5,21703191468,64,5,185,206,0,9.233216403214556,0.10672908874194553,3.2,176.18701109093357,50.0,636.537237428388,0.01818181818181818
21703191468_67_Z3,21703191468,67,3,144,165,0,-15.29620855573805,0.09521576484848236,3.35,176.18701109093357,50.0,849.5416946121168,0.01818181818181818
21703191468_68_Z3,21703191468,68,3,144,165,0,-18.779563322286066,0.0861361867355449,3.4,176.18701109093357,50.0,784.4756399669685,0.01818181818181818
21703191468_69_Z3,21703191468,69,3,144,165,0,-13.154189816660164,0.07798445311578552,3.45,176.18701109093357,50.0,674.1573033707875,0.01818181818181818
21703191468_70_Z3,21703191468,70,3,144,165,0,-3.0128653440425808,0.07378581274557147,3.5,176.18701109093357,50.0,663.2765863365021,0.01818181818181818
21703191468_71_Z3,21703191468,71,3,144,165,0,2.3613648744391753,0.07429156188271713,3.55,177.36769352815315,50.0,795.2653967079755,0.01818181818181818
21703191468_72_Z3,21703191468,72,3,144,165,0,-1.5702603978232617,0.07428035996286231,3.6,177.36769352815315,50.0,848.6238532110021,0.01818181818181818
21703191468_73_Z3,21703191468,73,3,144,165,0,-0.9791731196347087,0.07358402806134662,3.65,177.36769352815315,50.0,821.692686935089,0.01818181818181818
21703191468_74_Z3,21703191468,74,3,144,165,0,2.7865521856325017,0.07406252692100615,3.7,178.7609696209694,50.0,851.6678495386802,0.01818181818181818
21703191468_76_Z2,21703191468,76,2,124,144,0,-5.431936154075146,0.07189838449568306,3.8,178.7609696209694,50.0,858.6525759577265,0.01818181818181818
21703191468_77_Z2,21703191468,77,2,124,144,0,-0.35176178512566025,0.0699693862255137,3.85,178.7609696209694,50.0,857.2493477450638,0.01818181818181818
21703191468_78_Z2,21703191468,78,2,124,144,0,1.0818119921518417,0.07010332146819105,3.9,179.3018756170453,50.0,848.3793778551182,0.01818181818181818
21703191468_79_Z2,21703191468,79,2,124,144,0,-0.8018515888616378,0.07077255593083022,3.95,179.3018756170453,50.0,846.5608465608466,0.01818181818181818
21703191468_80_Z2,21703191468,80,2,124,144,0,0.5456928584145828,0.07025984870842557,4.0,179.5747220462526,50.0,892.4485125858068,0.01818181818181818
21729420815_6_Z3,21729420815,6,3,144,165,0,1.0468383156009509,0.08114162460244674,0.3,3.936670663682378,50.0,362.9324945560122,0.003787878787878788
21729420815_7_Z3,21729420815,7,3,144,165,0,-3.6604892681970966,0.08003535484020562,0.35,3.936670663682378,50.0,369.4848945881331,0.003787878787878788
21729420815_8_Z3,21729420815,8,3,144,165,0,1.0608724876807116,0.07912581768352438,0.4,4.467106907522734,50.0,391.62268006129773,0.003787878787878788
21729420815_9_Z3,21729420815,9,3,144,165,0,6.598790671115609,0.08135902196624932,0.45,7.766502243080538,50.0,414.0786749482399,0.003787878787878788
21729420815_10_Z3,21729420815,10,3,144,165,0,3.114813073174332,0.08402162937913084,0.5,9.323908779667704,50.0,442.83413848631284,0.003787878787878788
21729420815_11_Z3,21729420815,11,3,144,165,0,1.143023654616286,0.08467643421276155,0.55,9.895420606975847,50.0,398.7674460757653,0.003787878787878788
21729420815_12_Z3,21729420815,12,3,144,165,0,0.06766449771228622,0.08524444540339667,0.6,9.92925285583199,50.0,386.89121529358266,0.003787878787878788
21729420815_13_Z3,21729420815,13,3,144,165,0,0.9460626377914139,0.0853114591910869,0.65,10.402284174727697,50.0,423.0274048188339,0.003787878787878788
21729420815_14_Z3,21729420815,14,3,144,165,0,0.44548102083535923,0.08582812214378883,0.7,10.625024685145377,50.0,356.4688613965188,0.003787878787878788
21729420815_15_Z3,21729420815,15,3,144,165,0,-3.4966020209410544,0.08506013714742779,0.75,10.625024685145377,50.0,341.36165370756675,0.003787878787878788
21729420815_16_Z3,21729420815,16,3,144,165,0,-0.3219561347976878,0.08390243134230584,0.8,10.625024685145377,50.0,356.91790888095744,0.003787878787878788
21729420815_17_Z3,21729420815,17,3,144,165,0,0.14970221921498705,0.08397935366135943,0.85,10.69987579475287,50.0,378.2307207396518,0.003787878787878788
21729420815_18_Z3,21729420815,18,3,144,165,0,1.6498487408550773,0.08446240837248102,0.9,11.524800165180409,50.0,376.17554858934153,0.003787878787878788
21729420815_19_Z3,21729420815,19,3,144,165,0,0.40765690596981585,0.08484767117014104,0.95,11.728628618165317,50.0,352.0352035203517,0.003787878787878788
21729420815_21_Z3,21729420815,21,3,144,165,0,5.05454803861744,0.08740233970516659,1.05,15.608067248129146,50.0,410.6776180698137,0.003787878787878788
21729420815_22_Z3,21729420815,22,3,144,165,0,9.205363203151222,0.09145896186299562,1.1,20.210748849704757,50.0,490.823730260351,0.003787878787878788
21729420815_24_Z3,21729420815,24,3,144,165,0,6.267598946008889,0.09664088178562458,1.2,24.830593147559,50.0,398.4945760460476,0.003787878787878788
21729420815_25_Z3,21729420815,25,3,144,165,0,-0.6705931379705703,0.09821450174829183,1.25,24.830593147559,50.0,380.9040121889295,0.003787878787878788
21729420815_26_Z3,21729420815,26,3,144,165,0,-6.195376585545603,0.0962411746769934,1.3,24.830593147559,50.0,420.8045783538119,0.003787878787878788
21729420815_27_Z3,21729420815,27,3,144,165,0,-3.776346133440825,0.09359129548130092,1.35,24.830593147559,50.0,324.78077297824007,0.003787878787878788
21729420815_28_Z4,21729420815,28,4,165,185,0,1.9789752677518209,0.09329946568683523,1.4,25.82008078143491,50.0,377.49415782850906,0.003787878787878788
21729420815_29_Z4,21729420815,29,4,165,185,0,0.7858327284642428,0.0941600512111434,1.45,26.212997145667032,50.0,378.2148260211809,0.003787878787878788
21729420815_30_Z4,21729420815,30,4,165,185,0,-0.34808770075551365,0.0939863564249415,1.5,26.212997145667032,50.0,367.2420124862282,0.003787878787878788
21729420815_31_Z4,21729420815,31,4,165,185,0,2.0033619029584315,0.09455959203689622,1.55,27.214678097146248,50.0,367.737190487865,0.003787878787878788
21729420815_32_Z4,21729420815,32,4,165,185,0,4.453220856167263,0.09596548293693108,1.6,29.44128852522988,50.0,415.3207198892464,0.003787878787878788
21729420815_34_Z4,21729420815,34,4,165,185,0,2.837964030675863,0.09960120999583795,1.7,32.43267141500979,50.0,402.50447227191387,0.003787878787878788
21729420815_35_Z4,21729420815,35,4,165,185,0,0.3355852720142991,0.10034299052290102,1.75,32.60046405101694,50.0,408.4411164057182,0.003787878787878788
21729420815_36_Z4,21729420815,36,4,165,185,0,-0.5769051786089676,0.10021318620839499,1.8,32.60046405101694,50.0,420.34468263976527,0.003787878787878788
21729420815_37_Z4,21729420815,37,4,165,185,0,-0.3823167544907733,0.10023964841483099,1.85,32.60046405101694,50.0,429.7269969666336,0.003787878787878788
21729420815_38_Z4,21729420815,38,4,165,185,0,-0.7231357221607198,0.09962345600345618,1.9,32.60046405101694,50.0,367.45406824146926,0.003787878787878788
21729420815_39_Z4,21729420815,39,4,165,185,0,-4.698822579760048,0.09874350246297159,1.95,32.60046405101694,50.0,347.14186530895597,0.003787878787878788
21729420815_40_Z4,21729420815,40,4,165,185,0,-4.45137941713466,0.09581920138776553,2.0,32.60046405101694,50.0,350.7233669443235,0.003787878787878788
21729420815_41_Z4,21729420815,41,4,165,185,0,2.619903086040523,0.09539967554954357,2.05,33.910415594037204,50.0,385.0866444950122,0.003787878787878788
21729420815_42_Z4,21729420815,42,4,165,185,0,2.7461516524019203,0.0973388831612118,2.1,35.283491420238164,50.0,405.60471976401004,0.003787878787878788
21729420815_43_Z4,21729420815,43,4,165,185,0,-0.11191090197243625,0.09746622118016791,2.15,35.283491420238164,50.0,390.40713887339683,0.003787878787878788
21729420815_44_Z4,21729420815,44,4,165,185,0,3.1941219065779194,0.09835846363395108,2.2,36.880552373527124,50.0,396.6505068312022,0.003787878787878788
21729420815_45_Z4,21729420815,45,4,165,185,0,8.396491270669543,0.10128008166971675,2.25,41.078798008861895,50.0,424.8990864669667,0.003787878787878788
21729420815_46_Z4,21729420815,46,4,165,185,0,2.957567173589581,0.1044304590624484,2.3,42.557581595656686,50.0,391.25022230126257,0.003787878787878788
21729420815_47_Z4,21729420815,47,4,165,185,0,0.3270798534213668,0.10490829351965375,2.35,42.72112152236737,50.0,415.1190736290148,0.003787878787878788
21729420815_48_Z4,21729420815,48,4,165,185,0,-1.12759793922001,0.10471761563436768,2.4,42.72112152236737,50.0,464.3309413254527,0.003787878787878788
21729420815_49_Z4,21729420815,49,4,165,185,0,14.09325655931616,0.10770440049727709,2.45,49.76774980202545,50.0,522.8302544440562,0.003787878787878788
21729420815_50_Z4,21729420815,50,4,165,185,0,5.518617795060294,0.11334569174527094,2.5,52.527058699555596,50.0,461.5739672282491,0.003787878787878788
21729420815_52_Z4,21729420815,52,4,165,185,0,4.2184457780168145,0.11584394102377632,2.6,55.42860612172299,50.0,461.6998950682048,0.003787878787878788
21729420815_53_Z4,21729420815,53,4,165,185,0,14.439441178648481,0.12056258573471323,2.65,62.64832671104723,50.0,668.2474671265312,0.003787878787878788
21729420815_54_Z4,21729420815,54,4,165,185,0,18.60926313752364,0.12930896681917178,2.7,71.95295827980905,50.0,790.0677200902983,0.003787878787878788
21729420815_55_Z4,21729420815,55,4,165,185,0,5.721968625163811,0.13550327470157408,2.75,74.81394259239096,50.0,529.3902884264311,0.003787878787878788
21729420815_56_Z4,21729420815,56,4,165,185,0,-0.21053165775634852,0.1364722027812753,2.8,74.81394259239096,50.0,399.6634413125792,0.003787878787878788
21729420815_57_Z4,21729420815,57,4,165,185,0,11.217888126743674,0.13903457678623476,2.85,80.4228866557628,50.0,587.996755879971,0.003787878787878788
21729420815_58_Z4,21729420815,58,4,165,185,0,10.525620566010957,0.14477393004376266,2.9,85.68569693876827,50.0,597.2377752892828,0.003787878787878788
21729420815_59_Z4,21729420815,59,4,165,185,0,11.768382019190312,0.1503141517917766,2.95,91.56988794836343,50.0,556.7153792623564,0.003787878787878788
21729420815_60_Z4,21729420815,60,4,165,185,0,6.101169171410049,0.15510552693432575,3.0,94.62047253406845,50.0,466.5629860031091,0.003787878787878788
21729420815_61_Z4,21729420815,61,4,165,185,0,4.788498813076501,0.15725814925630438,3.05,97.0147219406067,50.0,430.1562146253106,0.003787878787878788
21729420815_62_Z4,21729420815,62,4,165,185,0,5.67461679546841,0.16031335871403996,3.1,99.85203033834091,50.0,464.7836968180188,0.003787878787878788
21729420815_63_Z4,21729420815,63,4,165,185,0,6.528566125774262,0.16295777087593832,3.15,103.11631340122804,50.0,505.1449953227332,0.003787878787878788
21729420815_65_Z5,21729420815,65,5,185,206,0,7.65470669727938,0.17247281710170564,3.25,112.62936282259486,50.0,472.7718438101898,0.003787878787878788
21729420815_66_Z5,21729420815,66,5,185,206,0,8.107553430740268,0.17627033676293077,3.3,116.68313953796499,50.0,506.09184629803275,0.003787878787878788
21729420815_67_Z5,21729420815,67,5,185,206,0,10.361901915361784,0.18087452456758366,3.35,121.86409049564588,50.0,522.846101386676,0.003787878787878788
21729420815_68_Z5,21729420815,68,5,185,206,0,5.816526366709752,0.18518659013858155,3.4,124.77235367900076,50.0,526.315789473687,0.003787878787878788
21729420815_69_Z4,21729420815,69,4,165,185,0,10.868501705819313,0.18891399466138378,3.45,130.20660453191041,50.0,507.93650793650795,0.003787878787878788
21729420815_70_Z5,21729420815,70,5,185,206,0,10.659778929277024,0.1947941434600999,3.5,135.53649399654893,50.0,556.9837189374484,0.003787878787878788
21729420815_71_Z4,21729420815,71,4,165,185,0,0.5496543834855174,0.1975935501119966,3.55,135.81132118829169,50.0,568.5407454200911,0.003787878787878788
21729420815_72_Z4,21729420815,72,4,165,185,0,-0.029322562905065297,0.19740550314993938,3.6,135.81132118829169,50.0,430.66322136089525,0.003787878787878788
21729420815_73_Z4,21729420815,73,4,165,185,0,2.1078137516360584,0.19779449208225877,3.65,136.86522806410971,50.0,430.41606886656933,0.003787878787878788
21729420815_74_Z4,21729420815,74,4,165,185,0,0.5527272320501311,0.19906390172462024,3.7,137.14159168013478,50.0,482.7330115113286,0.003787878787878788
21729420815_75_Z4,21729420815,75,4,165,185,0,-4.527127701757365,0.19741505328115463,3.75,137.14159168013478,50.0,455.7291666666629,0.003787878787878788
21729420815_76_Z4,21729420815,76,4,165,185,0,4.822502257165354,0.19799849920361842,3.8,139.55284280871746,50.0,465.9289458357622,0.003787878787878788
21729420815_77_Z4,21729420815,77,4,165,185,0,-0.26100824732162664,0.19847139203997652,3.85,139.55284280871746,50.0,509.3002657218794,0.003787878787878788
21729420815_78_Z4,21729420815,78,4,165,185,0,4.564747131076103,0.20007285385430723,3.9,141.8352163742555,50.0,489.2538878210727,0.003787878787878788
21729420815_79_Z4,21729420815,79,4,165,185,0,7.893468596701268,0.20285887995756977,3.95,145.78195067260614,50.0,523.9030779305834,0.003787878787878788
21729420815_80_Z4,21729420815,80,4,165,185,0,3.7099148212839737,0.20612649275926928,4.0,147.63690808324813,50.0,716.9192953707472,0.003787878787878788
21729420815_81_Z4,21729420815,81,4,165,185,0,6.035898331870214,0.20854266519186648,4.05,150.65485724918324,50.0,813.7957760124059,0.003787878787878788
21729420815_82_Z4,21729420815,82,4,165,185,0,7.660925560783312,0.21163924620013014,4.1,154.4853200295749,50.0,727.8020378456982,0.003787878787878788
21729420815_83_Z4,21729420815,83,4,165,185,0,5.420155210226653,0.21522746951119678,4.15,157.19539763468822,50.0,556.7928730512182,0.003787878787878788
21729420815_84_Z4,21729420815,84,4,165,185,0,6.344387631906272,0.2180929866751335,4.2,160.36759145064136,50.0,503.5434539350999,0.003787878787878788
21729420815_85_Z4,21729420815,85,4,165,185,0,1.253670042415365,0.2200490774849531,4.25,160.99442647184904,50.0,475.4937820043946,0.003787878787878788
21729420815_86_Z4,21729420815,86,4,165,185,0,3.1883428198373736,0.22119525323799064,4.3,162.58859788176773,50.0,493.31963001027196,0.003787878787878788
21729420815_87_Z4,21729420815,87,4,165,185,0,-5.295273537771948,0.22072976641527545,4.35,162.58859788176773,50.0,457.0848146267128,0.003787878787878788
21729420815_88_Z4,21729420815,88,4,165,185,0,-6.21729826397393,0.2177084154470571,4.4,162.58859788176773,50.0,429.9394176275155,0.003787878787878788
21729420815_89_Z4,21729420815,89,4,165,185,0,-7.530777271160787,0.21408684982505768,4.45,162.58859788176773,50.0,433.4975369458128,0.003787878787878788
21729420815_90_Z4,21729420815,90,4,165,185,0,-6.418731808266784,0.21080238156586276,4.5,162.58859788176773,50.0,465.11627906977117,0.003787878787878788
21729420815_91_Z4,21729420815,91,4,165,185,0,-7.734551400152043,0.20712239264949486,4.55,162.58859788176773,50.0,481.4550641940092,0.003787878787878788
21729420815_92_Z4,21729420815,92,4,165,185,0,0.5758072214375716,0.2050712014178753,4.6,162.8765014924865,50.0,452.8827730360576,0.003787878787878788
21729420815_93_Z4,21729420815,93,4,165,185,0,-1.935980159565247,0.20550922058125776,4.65,162.8765014924865,50.0,487.80487804877845,0.003787878787878788
21729420815_94_Z4,21729420815,94,4,165,185,0,-6.16435525980711,0.20288895103413793,4.7,162.8765014924865,50.0,453.02343903879853,0.003787878787878788
21729420815_95_Z4,21729420815,95,4,165,185,0,-1.7050847249913659,0.20095265875021934,4.75,162.8765014924865,50.0,444.9097095001304,0.003787878787878788
21729420815_96_Z4,21729420815,96,4,165,185,0,-6.619754468416488,0.19933383191427348,4.8,162.8765014924865,50.0,429.4755877034379,0.003787878787878788
21729420815_97_Z4,21729420815,97,4,165,185,0,-6.48931550491443,0.19526333978020044,4.85,162.8765014924865,50.0,442.59307472012665,0.003787878787878788
21729420815_100_Z4,21729420815,100,4,165,185,0,0.8868229236740035,0.19647630055469895,5.0,165.64179825195743,50.0,424.5283018867961,0.003787878787878788
21729420815_101_Z4,21729420815,101,4,165,185,0,-1.0507838472597655,0.19686031852350483,5.05,165.64179825195743,50.0,421.1926402128162,0.003787878787878788
21729420815_103_Z4,21729420815,103,4,165,185,0,-0.5903363492312792,0.19454820467544282,5.15,165.64179825195743,50.0,424.956538535828,0.003787878787878788
21729420815_104_Z4,21729420815,104,4,165,185,0,1.569990040233563,0.19518989635134426,5.2,166.4267932720742,50.0,412.62636682483793,0.003787878787878788
21729420815_105_Z4,21729420815,105,4,165,185,0,-1.6756552715060025,0.19518551003730525,5.25,166.4267932720742,50.0,402.5764895330163,0.003787878787878788
21729420815_106_Z4,21729420815,106,4,165,185,0,-7.016619584934119,0.1927404872213143,5.3,166.4267932720742,50.0,419.63911036508733,0.003787878787878788
21729420815_107_Z4,21729420815,107,4,165,185,0,3.8557861686407477,0.19170779242337088,5.35,168.35468635639458,50.0,450.1260352898815,0.003787878787878788
21729420815_108_Z4,21729420815,108,4,165,185,0,6.863392938613572,0.19473084224329898,5.4,171.78638282570137,50.0,436.6812227074203,0.003787878787878788
21729420815_109_Z4,21729420815,109,4,165,185,0,3.9464834521612033,0.19762362315142118,5.45,173.75962455178197,50.0,753.8416932444235,0.003787878787878788
21729420815_110_Z3,21729420815,110,3,144,165,0,-8.869506995820132,0.19676118113770932,5.5,173.75962455178197,50.0,417.93313069909277,0.003787878787878788
21729420815_111_Z3,21729420815,111,3,144,165,0,-11.298874250213373,0.1906137355515515,5.55,173.75962455178197,50.0,436.86290825878365,0.003787878787878788
21729420815_112_Z3,21729420815,112,3,144,165,0,4.541085053166512,0.18921715135024433,5.6,176.03016707836522,50.0,531.8138651472021,0.003787878787878788
21729420815_113_Z4,21729420815,113,4,165,185,0,10.538224160868083,0.19323453820017952,5.65,181.29927915879927,50.0,505.0505050505055,0.003787878787878788
21729420815_115_Z4,21729420815,115,4,165,185,0,-2.433029120921674,0.1949208816564156,5.75,181.29927915879927,50.0,475.8814622539521,0.003787878787878788
21729420815_116_Z4,21729420815,116,4,165,185,0,10.414672580003241,0.19698690780596215,5.8,186.5066154488009,50.0,565.6375206221974,0.003787878787878788
21729420815_117_Z4,21729420815,117,4,165,185,0,11.76498085255571,0.20284797404435176,5.85,192.38910587507874,50.0,580.0,0.003787878787878788
21729420815_118_Z4,21729420815,118,4,165,185,0,11.863407380835554,0.20871489552211175,5.9,198.32080956549652,50.0,569.865511739231,0.003787878787878788
21729420815_120_Z4,21729420815,120,4,165,185,0,9.475600472873964,0.2157167532819328,6.0,204.86149064121435,50.0,515.7962604771043,0.003787878787878788
21729420815_121_Z4,21729420815,121,4,165,185,0,3.517709709163512,0.2193309848517923,6.05,206.6203454957961,50.0,476.4173415912389,0.003787878787878788
21729420815_122_Z4,21729420815,122,4,165,185,0,-7.229693001229407,0.21841628848927905,6.1,206.6203454957961,50.0,429.26465098917566,0.003787878787878788
21729420815_123_Z3,21729420815,123,3,144,165,0,-8.286859150002499,0.21413829445759708,6.15,206.6203454957961,50.0,439.41186412033073,0.003787878787878788
21729420815_124_Z3,21729420815,124,3,144,165,0,-4.4380597514331726,0.21095207215175682,6.2,206.6203454957961,50.0,424.82888836440986,0.003787878787878788
21729420815_125_Z3,21729420815,125,3,144,165,0,-5.246399649096361,0.2088393419806868,6.25,206.6203454957961,50.0,448.4304932735433,0.003787878787878788
21729420815_127_Z3,21729420815,127,3,144,165,0,-0.6434792939355702,0.20274070041440595,6.35,206.6203454957961,50.0,427.63898266936474,0.003787878787878788
21729420815_128_Z4,21729420815,128,4,165,185,0,2.8278651890611854,0.20331615786680518,6.4,208.0342780903267,50.0,510.61542596076276,0.003787878787878788
21729420815_129_Z4,21729420815,129,4,165,185,0,5.712231044081932,0.20556858975916212,6.45,210.89039361236766,50.0,455.39780337530226,0.003787878787878788
21729420815_131_Z4,21729420815,131,4,165,185,0,1.6950169077741748,0.2099415258976832,6.55,214.174640054913,50.0,478.82136279926175,0.003787878787878788
21729420815_132_Z4,21729420815,132,4,165,185,0,3.6881262322494877,0.2111350135950044,6.6,216.01870317103774,50.0,467.071461933679,0.003787878787878788
21729420815_133_Z4,21729420815,133,4,165,185,0,-0.7508675258543462,0.2122417292217966,6.65,216.01870317103774,50.0,442.4778761061947,0.003787878787878788
21729420815_134_Z4,21729420815,134,4,165,185,0,-3.7655287259705688,0.21072645711916616,6.7,216.01870317103774,50.0,443.2405811376445,0.003787878787878788
21729420815_135_Z4,21729420815,135,4,165,185,0,3.2353517092014954,0.2106733859945964,6.75,217.6363790256385,50.0,525.3940455341577,0.003787878787878788
21729420815_136_Z4,21729420815,136,4,165,185,0,-4.560340057275141,0.21055410344221479,6.8,217.6363790256385,50.0,573.8880918220924,0.003787878787878788
21729420815_137_Z4,21729420815,137,4,165,185,0,-0.4452981585906741,0.20888247466546433,6.85,217.6363790256385,50.0,475.718533201191,0.003787878787878788
21729420815_138_Z4,21729420815,138,4,165,185,0,2.10108672457892,0.2097198662630503,6.9,218.68692238792795,50.0,530.6799336649987,0.003787878787878788
21729420815_139_Z4,21729420815,139,4,165,185,0,3.6762491856675297,0.21070558190021685,6.95,220.52504698076172,50.0,540.9582689335372,0.003787878787878788
21729420815_140_Z4,21729420815,140,4,165,185,0,7.014634873658224,0.21372728967171373,7.0,224.03236441759083,50.0,554.2725173210139,0.003787878787878788
21729420815_142_Z4,21729420815,142,4,165,185,0,4.982259129597253,0.22066047962502605,7.1,230.48047802041677,50.0,675.2341537791352,0.003787878787878788
21729420815_143_Z3,21729420815,143,3,144,165,0,7.098791543189577,0.22386506450596275,7.15,234.02987379201156,50.0,665.8739595719353,0.003787878787878788
21729420815_144_Z3,21729420815,144,3,144,165,0,1.1960372375510815,0.22558506268869552,7.2,234.6278924107871,50.0,679.5872136924157,0.003787878787878788
21729420815_145_Z4,21729420815,145,4,165,185,0,6.805581687555161,0.22758230126386014,7.25,238.03068325456468,50.0,543.6893203883495,0.003787878787878788
21729420815_146_Z4,21729420815,146,4,165,185,0,23.012838323224234,0.23476197699706167,7.3,249.5371024161768,50.0,770.3081232493134,0.003787878787878788
21729420815_147_Z4,21729420815,147,4,165,185,0,12.43555520094236,0.2444526204577926,7.35,255.75488001664797,50.0,633.0495524994487,0.003787878787878788
21729420815_148_Z4,21729420815,148,4,165,185,0,7.297787918396239,0.24870834587657176,7.4,259.4037739758461,50.0,583.1903945111474,0.003787878787878788
21729420815_149_Z4,21729420815,149,4,165,185,0,13.905362936120127,0.2544803121331841,7.45,266.35645544390616,50.0,705.1282051282024,0.003787878787878788
21729420815_150_Z4,21729420815,150,4,165,185,0,11.226205018766223,0.26055607989305934,7.5,271.96955795328927,50.0,683.8608831574917,0.003787878787878788
21729420815_151_Z4,21729420815,151,4,165,185,0,11.70097882487812,0.26634687213570857,7.55,277.8200473657283,50.0,674.8939452371694,0.003787878787878788
21729420815_152_Z4,21729420815,152,4,165,185,0,10.37461494046147,0.2714625272471299,7.6,283.00735483595906,50.0,674.0058413839691,0.003787878787878788
21729420815_153_Z4,21729420815,153,4,165,185,0,8.901339838143258,0.27692394605899473,7.65,287.4580247550307,50.0,493.4616333580095,0.003787878787878788
21729420815_154_Z4,21729420815,154,4,165,185,0,-0.35490166795557343,0.27924274086085976,7.7,287.4580247550307,50.0,509.8452883263,0.003787878787878788
21729420815_155_Z4,21729420815,155,4,165,185,0,4.118598549009221,0.2793929026257957,7.75,289.5173240295353,50.0,583.8198498748953,0.003787878787878788
21729420815_156_Z4,21729420815,156,4,165,185,0,5.786652219401958,0.28229619661597666,7.8,292.4106501392363,50.0,503.50262697022447,0.003787878787878788
21729420815_157_Z4,21729420815,157,4,165,185,0,2.2539061321026566,0.28381308080814255,7.85,293.5376032052876,50.0,552.4861878453052,0.003787878787878788
21729420815_158_Z4,21729420815,158,4,165,185,0,10.735745211395852,0.28714714447138767,7.9,298.90547581098554,50.0,710.9004739336482,0.003787878787878788
21729420815_159_Z4,21729420815,159,4,165,185,0,17.22803169067538,0.2949212550916581,7.95,307.5194916563232,50.0,668.756530825504,0.003787878787878788
21729420815_160_Z4,21729420815,160,4,165,185,0,-4.40413053091811,0.2978329929224103,8.0,307.5194916563232,50.0,627.0320483046985,0.003787878787878788
21729420815_162_Z3,21729420815,162,3,144,165,0,-5.333156985881601,0.289517411844999,8.1,307.5194916563232,50.0,813.1693772312562,0.003787878787878788
21729420815_163_Z3,21729420815,163,3,144,165,0,2.265161437559641,0.28930647382833447,8.15,308.65207237510305,50.0,716.392751790995,0.003787878787878788
21729420815_164_Z3,21729420815,164,3,144,165,0,7.477246583907345,0.29187611275573033,8.2,312.3906956670567,50.0,690.5324368526176,0.003787878787878788
21729420815_166_Z3,21729420815,166,3,144,165,0,-4.423123925519576,0.29477127483340887,8.3,314.32700101254255,50.0,439.61727437289807,0.003787878787878788
21729420815_167_Z4,21729420815,167,4,165,185,0,-1.433169501600446,0.2928798783722793,8.35,314.32700101254255,50.0,415.3070305547423,0.003787878787878788
21729420815_168_Z3,21729420815,168,3,144,165,0,-8.133067321954627,0.2910427051712291,8.4,314.32700101254255,50.0,432.7563249000944,0.003787878787878788
21729420815_170_Z4,21729420815,170,4,165,185,0,-22.024587842559413,0.27701595412188174,8.5,314.32700101254255,50.0,392.54170755642576,0.003787878787878788
21729420815_171_Z3,21729420815,171,3,144,165,0,-15.29351412947608,0.26745785295404945,8.55,314.32700101254255,50.0,390.4216553878181,0.003787878787878788
21729420815_172_Z3,21729420815,172,3,144,165,0,-5.142501913646015,0.26234708073361224,8.6,314.32700101254255,50.0,382.4904377390459,0.003787878787878788
21729420815_174_Z3,21729420815,174,3,144,165,0,6.738396068251973,0.2606604883945892,8.7,317.69619904666854,50.0,507.93650793650795,0.003787878787878788
21729420815_176_Z4,21729420815,176,4,165,185,0,19.223898666594778,0.27723828431868197,8.8,337.33286123620655,50.0,935.3233830845771,0.003787878787878788
21729420815_177_Z4,21729420815,177,4,165,185,0,20.565670340459405,0.288506887827816,8.85,347.61569640643626,50.0,846.8052347959815,0.003787878787878788
21729420815_178_Z4,21729420815,178,4,165,185,0,-2.955855368268658,0.2929011188121287,8.9,347.61569640643626,50.0,583.2037325039029,0.003787878787878788
21729420815_179_Z4,21729420815,179,4,165,185,0,0.38702312347209045,0.291506278191507,8.95,347.8092079681723,50.0,404.3413492232252,0.003787878787878788
21729420815_180_Z4,21729420815,180,4,165,185,0,-1.5028334575137023,0.2914973949198277,9.0,347.8092079681723,50.0,427.42653606411676,0.003787878787878788
21729420815_181_Z4,21729420815,181,4,165,185,0,-6.097428820961454,0.28972709835920823,9.05,347.8092079681723,50.0,490.99836333878386,0.003787878787878788
21729420815_182_Z4,21729420815,182,4,165,185,0,-9.791074376605025,0.28551350426158456,9.1,347.8092079681723,50.0,443.2453266525392,0.003787878787878788
21729420815_183_Z4,21729420815,183,4,165,185,0,-4.12628457463552,0.2819569897479697,9.15,347.8092079681723,50.0,383.27526132404427,0.003787878787878788
21729420815_184_Z4,21729420815,184,4,165,185,0,-5.935676517266643,0.28007812381032265,9.2,347.8092079681723,50.0,362.56514842509927,0.003787878787878788
21729420815_185_Z4,21729420815,185,4,165,185,0,-15.108701290557178,0.27400918520338113,9.25,347.8092079681723,50.0,347.86641929499893,0.003787878787878788
21729420815_187_Z4,21729420815,187,4,165,185,0,-17.137961299649078,0.25865937985005477,9.35,347.8092079681723,50.0,403.4171808258243,0.003787878787878788
21729420815_188_Z4,21729420815,188,4,165,185,0,-3.711541759125339,0.25388649855710804,9.4,347.8092079681723,50.0,427.55344418051885,0.003787878787878788
21729420815_189_Z4,21729420815,189,4,165,185,0,-0.19855471087436172,0.2530903116814375,9.45,347.8092079681723,50.0,436.0753221010839,0.003787878787878788
21729420815_190_Z4,21729420815,190,4,165,185,0,4.583189237241925,0.2537935876468628,9.5,350.1008025867933,50.0,439.72150971051724,0.003787878787878788
21729420815_191_Z4,21729420815,191,4,165,185,0,11.557104679142299,0.2584469044814281,9.55,355.87935492636444,50.0,534.6572465151722,0.003787878787878788
21729420815_192_Z4,21729420815,192,4,165,185,0,-5.475255560520395,0.2604947092872812,9.6,355.87935492636444,50.0,445.60943643512877,0.003787878787878788
21729420815_193_Z4,21729420815,193,4,165,185,0,-3.343901866570377,0.25639110206609783,9.65,355.87935492636444,50.0,406.14515274590013,0.003787878787878788
21729420815_194_Z4,21729420815,194,4,165,185,0,6.143319621017781,0.259131330885136,9.7,358.95101473687333,50.0,488.4004884004761,0.003787878787878788
21729420815_195_Z4,21729420815,195,4,165,185,0,-2.401112963935361,0.2587803789687598,9.75,358.95101473687333,50.0,583.7449483610362,0.003787878787878788
21729420815_196_Z4,21729420815,196,4,165,185,0,22.200709520013447,0.26314545850026105,9.8,370.05136949688006,50.0,719.6969696969549,0.003787878787878788
21729420815_197_Z4,21729420815,197,4,165,185,0,4.059838754809903,0.27221088852025216,9.85,372.081288874285,50.0,508.7014725568893,0.003787878787878788
21729420815_198_Z4,21729420815,198,4,165,185,0,-5.4206143316907855,0.26989282350230587,9.9,372.081288874285,50.0,523.4657039711226,0.003787878787878788
21729420815_199_Z4,21729420815,199,4,165,185,0,5.365349019222208,0.2702293860532579,9.95,374.7639633838961,50.0,505.6890012642318,0.003787878787878788
21729420815_200_Z4,21729420815,200,4,165,185,0,14.592357584079764,0.2750614187361274,10.0,382.060142175936,50.0,604.9822064056862,0.003787878787878788
21729420815_201_Z4,21729420815,201,4,165,185,0,8.293551381348948,0.2815923936293157,10.05,386.20691786661047,50.0,482.9251466022803,0.003787878787878788
21729420815_202_Z4,21729420815,202,4,165,185,0,-4.869888673179275,0.2818925522676295,10.1,386.20691786661047,50.0,457.6659038901716,0.003787878787878788
21729420815_203_Z4,21729420815,203,4,165,185,0,-0.9822401198543957,0.2802677139673088,10.15,386.20691786661047,50.0,482.46427908701804,0.003787878787878788
21729420815_204_Z4,21729420815,204,4,165,185,0,15.579623957010313,0.28321157311447537,10.2,393.9967298451156,50.0,683.7272904864163,0.003787878787878788
21729420815_205_Z4,21729420815,205,4,165,185,0,13.036482824800032,0.2921676775992182,10.25,400.51497125751564,50.0,687.7228731533647,0.003787878787878788
21729420815_207_Z4,21729420815,207,4,165,185,0,13.793128467943234,0.30339440476420537,10.35,412.59161236056343,50.0,715.4882154882089,0.003787878787878788
21729420815_208_Z4,21729420815,208,4,165,185,0,8.047040974967558,0.30902170646324467,10.4,416.6151328480472,50.0,625.4886630179845,0.003787878787878788
21729420815_209_Z4,21729420815,209,4,165,185,0,-4.87009294472216,0.3093748219920885,10.45,416.6151328480472,50.0,830.7372793354165,0.003787878787878788
21729420815_210_Z3,21729420815,210,3,144,165,0,-10.282010955199667,0.3059454968165933,10.5,416.6151328480472,50.0,644.5941986522272,0.003787878787878788
21729420815_214_Z3,21729420815,214,3,144,165,0,-25.808041208439022,0.2666630483793213,10.7,416.6151328480472,50.0,1261.9888944977608,0.003787878787878788
21729420815_215_Z3,21729420815,215,3,144,165,0,-24.584811918379273,0.2531551299176313,10.75,416.6151328480472,50.0,684.7935548841944,0.003787878787878788
21729420815_221_Z4,21729420815,221,4,165,185,0,-12.671059920969242,0.2155457455010128,11.05,416.6151328480472,50.0,377.71482530690434,0.003787878787878788
21729420815_222_Z4,21729420815,222,4,165,185,0,-0.4133615027461133,0.2125218333027062,11.1,416.6151328480472,50.0,373.89530931339135,0.003787878787878788
21729420815_223_Z4,21729420815,223,4,165,185,0,5.9573420701343025,0.2139923287576081,11.15,419.59380388311433,50.0,366.13272311212205,0.003787878787878788
21729420815_224_Z4,21729420815,224,4,165,185,0,-0.16226573704682323,0.21592891410148368,11.2,419.59380388311433,50.0,554.9177190968212,0.003787878787878788
21729420815_226_Z3,21729420815,226,3,144,165,0,-5.794014312190484,0.2097017059200747,11.3,419.59380388311433,50.0,431.7789291882583,0.003787878787878788
21729420815_227_Z3,21729420815,227,3,144,165,0,-3.169326342275326,0.20713317254483807,11.35,419.59380388311433,50.0,400.4214963119165,0.003787878787878788
21729420815_228_Z3,21729420815,228,3,144,165,0,-1.7106861420770656,0.20622938060072601,11.4,419.59380388311433,50.0,429.28690674934114,0.003787878787878788
21729420815_229_Z3,21729420815,229,3,144,165,0,2.004386877257673,0.20615457710492613,11.45,420.5959973217432,50.0,417.92042795052026,0.003787878787878788
21729420815_230_Z4,21729420815,230,4,165,185,0,2.917429807970848,0.20758999132923692,11.5,422.0547122257286,50.0,429.184549356218,0.003787878787878788
21729420815_231_Z4,21729420815,231,4,165,185,0,-2.5928828440910365,0.20759492233324536,11.55,422.0547122257286,50.0,433.98430979803146,0.003787878787878788
21729420815_232_Z4,21729420815,232,4,165,185,0,-4.92477117229123,0.20599470023624222,11.6,422.0547122257286,50.0,484.00107555793903,0.003787878787878788
21729420815_233_Z4,21729420815,233,4,165,185,0,2.5887074638047807,0.20468585498496336,11.65,423.349065957631,50.0,455.0050556117279,0.003787878787878788
21729420815_234_Z4,21729420815,234,4,165,185,0,1.11221945729676,0.2062691376657713,11.7,423.9051756862794,50.0,524.2463958060303,0.003787878787878788
21729420815_235_Z4,21729420815,235,4,165,185,0,-2.938517011675856,0.20569882147026877,11.75,423.9051756862794,50.0,436.76791741116625,0.003787878787878788
21729420815_236_Z4,21729420815,236,4,165,185,0,-4.488864247142942,0.2039440031441577,11.8,423.9051756862794,50.0,461.03183315037313,0.003787878787878788
21729420815_237_Z4,21729420815,237,4,165,185,0,-16.04062305133135,0.19844076513827294,11.85,423.9051756862794,50.0,695.8657388456992,0.003787878787878788
21729420815_238_Z4,21729420815,238,4,165,185,0,-9.336766472301122,0.19273356912919784,11.9,423.9051756862794,50.0,820.985182218654,0.003787878787878788
21729420815_239_Z3,21729420815,239,3,144,165,0,-16.537790615200095,0.18518235495209542,11.95,423.9051756862794,50.0,1139.2405063290353,0.003787878787878788
21729420815_240_Z3,21729420815,240,3,144,165,0,-8.851691966734052,0.17991347106958894,12.0,423.9051756862794,50.0,743.4944237918287,0.003787878787878788
21729420815_242_Z4,21729420815,242,4,165,185,0,-37.09618591139133,0.15774916679661108,12.1,423.9051756862794,50.0,641.1969008816096,0.003787878787878788
21729420815_243_Z3,21729420815,243,3,144,165,0,-26.384593677306498,0.140339216966614,12.15,423.9051756862794,50.0,535.5303810504714,0.003787878787878788
21729420815_244_Z4,21729420815,244,4,165,185,0,-4.97793587568583,0.13288418040903321,12.2,423.9051756862794,50.0,491.47152356172097,0.003787878787878788
21729420815_245_Z4,21729420815,245,4,165,185,0,-3.5232299525474104,0.1320467847923343,12.25,423.9051756862794,50.0,418.1184668989441,0.003787878787878788
21729420815_246_Z4,21729420815,246,4,165,185,0,-15.109474584212789,0.12695029238462968,12.3,423.9051756862794,50.0,355.3660270078254,0.003787878787878788
21729420815_247_Z4,21729420815,247,4,165,185,0,-11.05510777118485,0.11979956849761413,12.35,423.9051756862794,50.0,355.2769070010422,0.003787878787878788
21729420815_248_Z4,21729420815,248,4,165,185,0,-7.953336968194236,0.11557638112626469,12.4,423.9051756862794,50.0,356.50623885918156,0.003787878787878788
21729420815_249_Z4,21729420815,249,4,165,185,0,-3.0550725857829093,0.1124132664495051,12.45,423.9051756862794,50.0,361.5482773287929,0.003787878787878788
21729420815_250_Z4,21729420815,250,4,165,185,0,-4.545384834108063,0.11104283447430571,12.5,423.9051756862794,50.0,390.6250000000006,0.003787878787878788
21729420815_251_Z4,21729420815,251,4,165,185,0,-1.0660919738078576,0.108953177127743,12.55,423.9051756862794,50.0,428.04728903384057,0.003787878787878788
21729420815_252_Z4,21729420815,252,4,165,185,0,3.2190756629247517,0.11005208229992697,12.6,425.51471351774177,50.0,418.0768465060606,0.003787878787878788
21729420815_253_Z4,21729420815,253,4,165,185,0,0.1344725189669873,0.11104267965923934,12.65,425.58194977722525,50.0,417.9538433581771,0.003787878787878788
21729420815_254_Z4,21729420815,254,4,165,185,0,-0.8525527169935003,0.11034746928434926,12.7,425.58194977722525,50.0,411.94644696188567,0.003787878787878788
21729420815_255_Z4,21729420815,255,4,165,185,0,4.729437775175967,0.11164915270496058,12.75,427.9466686648132,50.0,465.96434359806676,0.003787878787878788
21729420815_256_Z4,21729420815,256,4,165,185,0,4.119160824409846,0.11348291615962139,12.8,430.00624907701814,50.0,461.7414248020968,0.003787878787878788
21729420815_258_Z4,21729420815,258,4,165,185,0,5.001418203078373,0.12161556873244606,12.9,437.5008915389889,50.0,441.2146379444722,0.003787878787878788
21729420815_259_Z4,21729420815,259,4,165,185,0,-0.4836858799116044,0.12197833848161814,12.95,437.5008915389889,50.0,489.9189749387628,0.003787878787878788
21729420815_260_Z4,21729420815,260,4,165,185,0,4.935121282396636,0.12315224905304588,13.0,439.9684521801872,50.0,456.3004563004452,0.003787878787878788
21729420815_261_Z4,21729420815,261,4,165,185,0,6.841641229187957,0.1263288977196185,13.05,443.3892727947812,50.0,425.33081285444524,0.003787878787878788
21729420815_262_Z4,21729420815,262,4,165,185,0,4.928917544208616,0.12940152946277717,13.1,445.85373156688553,50.0,468.89089269613186,0.003787878787878788
21729420815_263_Z4,21729420815,263,4,165,185,0,-0.2354174764450363,0.1299564821672373,13.15,445.85373156688553,50.0,376.7897513187647,0.003787878787878788
21729420815_264_Z4,21729420815,264,4,165,185,0,0.728269403529282,0.13112127475008056,13.2,446.21786626865014,50.0,608.034744842548,0.003787878787878788
21729420815_265_Z4,21729420815,265,4,165,185,0,-4.519053717829877,0.12905645377283675,13.25,446.21786626865014,50.0,429.1845493562206,0.003787878787878788
21729420815_266_Z4,21729420815,266,4,165,185,0,10.292893543262494,0.13120186800882894,13.3,451.3643130402814,50.0,590.7012195122,0.003787878787878788
21729420815_267_Z4,21729420815,267,4,165,185,0,-7.4614923686048655,0.13212415519968207,13.35,451.3643130402814,50.0,373.22136692326524,0.003787878787878788
21729420815_268_Z4,21729420815,268,4,165,185,0,-6.257975268678905,0.12776087375662518,13.4,451.3643130402814,50.0,415.0875293268374,0.003787878787878788
21729420815_269_Z4,21729420815,269,4,165,185,0,-9.487161966225415,0.12444315537199167,13.45,451.3643130402814,50.0,543.2511491851167,0.003787878787878788
21729420815_270_Z4,21729420815,270,4,165,185,0,-0.7943190605853374,0.12145281416714979,13.5,451.3643130402814,50.0,785.5116735762614,0.003787878787878788
21729420815_271_Z3,21729420815,271,3,144,165,0,-2.644087136413475,0.121707501965346,13.55,451.3643130402814,50.0,495.21294156488835,0.003787878787878788
21729420815_272_Z3,21729420815,272,3,144,165,0,-4.340715215972779,0.11873533754775657,13.6,451.3643130402814,50.0,444.31279620855184,0.003787878787878788
21729420815_273_Z3,21729420815,273,3,144,165,0,-11.49084310895671,0.11537219481619727,13.65,451.3643130402814,50.0,416.43005867878156,0.003787878787878788
21729420815_274_Z3,21729420815,274,3,144,165,0,-7.0183145165936764,0.11043129821378762,13.7,451.3643130402814,50.0,449.21387571747726,0.003787878787878788
21729420815_275_Z3,21729420815,275,3,144,165,0,-6.623692435794737,0.1070912376347897,13.75,451.3643130402814,50.0,437.3177842565613,0.003787878787878788
21729420815_276_Z3,21729420815,276,3,144,165,0,-8.636872940658634,0.10370063250648813,13.8,451.3643130402814,50.0,472.23271628259573,0.003787878787878788
21729420815_277_Z3,21729420815,277,3,144,165,0,-5.251742755839302,0.09926394730528028,13.85,451.3643130402814,50.0,380.5899143672614,0.003787878787878788
21729420815_278_Z3,21729420815,278,3,144,165,0,0.33034153276989286,0.09891160463766031,13.9,451.52948380666635,50.0,403.4969737726997,0.003787878787878788
21729420815_279_Z3,21729420815,279,3,144,165,0,-6.861711024945066,0.09710317795861277,13.95,451.52948380666635,50.0,387.3154199951633,0.003787878787878788
21729420815_280_Z3,21729420815,280,3,144,165,0,-4.839928704955241,0.09380310951273439,14.0,451.52948380666635,50.0,402.01005025125136,0.003787878787878788
21729420815_281_Z3,21729420815,281,3,144,165,0,-2.9095554781995645,0.09272888869053328,14.05,451.52948380666635,50.0,412.2648801855246,0.003787878787878788
21729420815_282_Z3,21729420815,282,3,144,165,0,-8.862147278394986,0.08872057886534047,14.1,451.52948380666635,50.0,468.34345186470375,0.003787878787878788
21729420815_283_Z4,21729420815,283,4,165,185,0,1.3100205586111997,0.08671749496637772,14.15,452.18449408597195,50.0,526.1528938408948,0.003787878787878788
21729420815_284_Z4,21729420815,284,4,165,185,0,7.697892464639608,0.09031244624961557,14.2,456.03344031829175,50.0,554.528650646965,0.003787878787878788
21729420815_285_Z4,21729420815,285,4,165,185,0,-4.343135174012133,0.09011046372833001,14.25,456.03344031829175,50.0,450.75501464952987,0.003787878787878788
21729420815_286_Z4,21729420815,286,4,165,185,0,-5.195522752578995,0.08836589283063993,14.3,456.03344031829175,50.0,454.54545454545456,0.003787878787878788
21729420815_287_Z4,21729420815,287,4,165,185,0,-7.87274838697337,0.08457030694768629,14.35,456.03344031829175,50.0,457.8754578754548,0.003787878787878788
21729420815_288_Z4,21729420815,288,4,165,185,0,7.407882946577274,0.08391695209458239,14.4,459.7373817915804,50.0,442.3076923076923,0.003787878787878788
21729420815_290_Z4,21729420815,290,4,165,185,0,-7.97091633486076,0.08958066870246319,14.5,464.4161647092599,50.0,431.38312213534476,0.003787878787878788
21729420815_291_Z4,21729420815,291,4,165,185,0,-8.941139268804335,0.08476235962893845,14.55,464.4161647092599,50.0,433.3267677762421,0.003787878787878788
21729420815_292_Z4,21729420815,292,4,165,185,0,-3.6374378611922964,0.08158702410498206,14.6,464.4161647092599,50.0,470.80979284368794,0.003787878787878788
21729420815_293_Z4,21729420815,293,4,165,185,0,-0.8135211771680702,0.08082461426080598,14.65,464.4161647092599,50.0,445.43429844098773,0.003787878787878788
21729420815_294_Z4,21729420815,294,4,165,185,0,-4.475324951248808,0.07920358643113229,14.7,464.4161647092599,50.0,429.18454935621423,0.003787878787878788
21729420815_295_Z4,21729420815,295,4,165,185,0,-0.21227234515652071,0.0782335077115709,14.75,464.4161647092599,50.0,411.09969167523434,0.003787878787878788
21729420815_296_Z4,21729420815,296,4,165,185,0,0.10912943109522644,0.0779628950598629,14.8,464.4707294248075,50.0,417.71094402672463,0.003787878787878788
21729420815_297_Z4,21729420815,297,4,165,185,0,3.346229964341262,0.0791338695213628,14.85,466.14384440697813,50.0,443.2951606945005,0.003787878787878788
21729420815_298_Z4,21729420815,298,4,165,185,0,2.6052488591657266,0.08049655714811904,14.9,467.446468836561,50.0,452.4886877828054,0.003787878787878788
21729420815_299_Z4,21729420815,299,4,165,185,0,4.1455137565425275,0.08212908868181087,14.95,469.51922571483226,50.0,475.47547547548584,0.003787878787878788
21729420815_300_Z4,21729420815,300,4,165,185,0,5.3401338863218655,0.08437509813916004,15.0,472.1892926579932,50.0,421.65626581210375,0.003787878787878788
21729420815_301_Z4,21729420815,301,4,165,185,0,9.779925311858975,0.08753739783184374,15.05,475.58488272627056,34.719999999999345,449.05978108336683,0.003787878787878788
21827489413_4_Z2,21827489413,4,2,124,144,0,-6.441782640679776,0.2831023580330141,0.2,0.2912808767901538,50.0,495.830516114492,0.008333333333333333
21827489413_5_Z2,21827489413,5,2,124,144,0,-0.6665483974518338,0.2813574455644225,0.25,0.2912808767901538,50.0,509.1414024531354,0.008333333333333333
21827489413_6_Z2,21827489413,6,2,124,144,0,0.760197083080925,0.28145703538783906,0.3,0.6713794183306163,50.0,500.60417745554975,0.008333333333333333
21827489413_7_Z1,21827489413,7,1,103,124,0,3.9651243468408666,0.2827672946538039,0.35,2.6539415917510496,50.0,445.29262086514,0.008333333333333333
21827489413_8_Z2,21827489413,8,2,124,144,0,-2.4933119580505263,0.2833640603397949,0.4,2.6539415917510496,50.0,454.41635898892315,0.008333333333333333
21827489413_11_Z1,21827489413,11,1,103,124,0,-1.7576284424865207,0.277853524623788,0.55,2.6539415917510496,50.0,428.0821917808227,0.008333333333333333
21827489413_12_Z1,21827489413,12,1,103,124,0,-9.835478908311188,0.2748649874836895,0.6,2.6539415917510496,50.0,448.5310607759584,0.008333333333333333
21827489413_13_Z2,21827489413,13,2,124,144,0,-5.544249348720541,0.27034019400962567,0.65,2.6539415917510496,50.0,450.26606631191146,0.008333333333333333
21827489413_14_Z2,21827489413,14,2,124,144,0,5.4780406497302465,0.27060452807384566,0.7,5.392961916616173,50.0,540.8537763183313,0.008333333333333333
21827489413_15_Z2,21827489413,15,2,124,144,0,19.065706648907167,0.2763702981946635,0.75,14.925815241069756,50.0,449.31703810208495,0.008333333333333333
21827489413_16_Z2,21827489413,16,2,124,144,0,6.231816710051362,0.2842990539938441,0.8,18.041723596095437,50.0,363.1961259079897,0.008333333333333333
21827489413_17_Z2,21827489413,17,2,124,144,0,-11.109954421504654,0.2821430231381888,0.85,18.041723596095437,50.0,480.2151363810992,0.008333333333333333
21827489413_18_Z2,21827489413,18,2,124,144,0,-8.925231537023365,0.27752679741323816,0.9,18.041723596095437,50.0,554.41478439425,0.008333333333333333
21827489413_19_Z2,21827489413,19,2,124,144,0,-11.31144533297379,0.27110323718290447,0.95,18.041723596095437,50.0,465.98322460391444,0.008333333333333333
21827489413_20_Z2,21827489413,20,2,124,144,0,-2.2482926413699715,0.2682674563269668,1.0,18.041723596095437,50.0,485.6418918918929,0.008333333333333333
21827489413_21_Z2,21827489413,21,2,124,144,0,-7.605910895229613,0.2681099789832105,1.05,18.041723596095437,50.0,524.1700640652301,0.008333333333333333
21827489413_22_Z2,21827489413,22,2,124,144,0,-28.19738823985409,0.2560221255046985,1.1,18.041723596095437,50.0,488.05996165243056,0.008333333333333333
21827489413_23_Z2,21827489413,23,2,124,144,0,6.180046422663054,0.25078027558893623,1.15,21.131746807426964,50.0,448.61337683523686,0.008333333333333333
21827489413_24_Z2,21827489413,24,2,124,144,0,10.021902841480198,0.2563995324297289,1.2,26.142698228167063,50.0,462.60601387817945,0.008333333333333333
21827489413_25_Z2,21827489413,25,2,124,144,0,-14.722296279267766,0.25522360369725045,1.25,26.142698228167063,50.0,495.5570745044431,0.008333333333333333
21827489413_26_Z2,21827489413,26,2,124,144,0,-16.65600898563497,0.24620206548924303,1.3,26.142698228167063,50.0,484.5222072678349,0.008333333333333333
21827489413_27_Z2,21827489413,27,2,124,144,0,-4.288932588720002,0.24107797985923082,1.35,26.142698228167063,50.0,510.5633802816885,0.008333333333333333
21827489413_28_Z2,21827489413,28,2,124,144,0,-0.7899436558720936,0.24010633379545024,1.4,26.142698228167063,50.0,354.43037974683546,0.008333333333333333
21827489413_29_Z2,21827489413,29,2,124,144,0,3.9058216116549715,0.24122509874953674,1.45,28.09560903399455,50.0,447.6908576814344,0.008333333333333333
21827489413_30_Z2,21827489413,30,2,124,144,0,-26.481670162805585,0.2367055731184424,1.5,28.09560903399455,50.0,562.5879043600552,0.008333333333333333
21827489413_31_Z2,21827489413,31,2,124,144,0,-28.057524136865997,0.22070751301157723,1.55,28.09560903399455,50.0,528.1690140845081,0.008333333333333333
21827489413_32_Z2,21827489413,32,2,124,144,0,-8.311601247801434,0.21232231176931918,1.6,28.09560903399455,50.0,519.349974870162,0.008333333333333333
21827489413_33_Z2,21827489413,33,2,124,144,0,-1.148364213725813,0.2100522293571703,1.65,28.09560903399455,50.0,513.4055904164297,0.008333333333333333
21827489413_34_Z2,21827489413,34,2,124,144,0,-7.3461444522524175,0.208230859521672,1.7,28.09560903399455,50.0,517.0863309352516,0.008333333333333333
21827489413_35_Z2,21827489413,35,2,124,144,0,-1.402449343708497,0.2058193367122342,1.75,28.09560903399455,50.0,463.8218923933202,0.008333333333333333
21827489413_36_Z2,21827489413,36,2,124,144,0,-0.13597467209274328,0.20532162760451353,1.8,28.09560903399455,50.0,557.232412351986,0.008333333333333333
21827489413_38_Z2,21827489413,38,2,124,144,0,5.605607300047552,0.2076723555867566,1.9,31.759991828367248,50.0,503.89372423270635,0.008333333333333333
21827489413_39_Z2,21827489413,39,2,124,144,0,-4.00217814305222,0.20841096709222803,1.95,31.759991828367248,50.0,499.0236493816455,0.008333333333333333
21827489413_40_Z2,21827489413,40,2,124,144,0,-3.672909722921702,0.20615572342566205,2.0,31.759991828367248,50.0,508.50429598456776,0.008333333333333333
21827489413_41_Z3,21827489413,41,3,144,165,0,-1.2177634102952766,0.20491959539222238,2.05,31.759991828367248,50.0,610.3515624999994,0.008333333333333333
21827489413_42_Z2,21827489413,42,2,124,144,0,2.862911875353632,0.2054994954261815,2.1,33.191447766044064,50.0,621.8607988519501,0.008333333333333333
21827489413_43_Z2,21827489413,43,2,124,144,0,-0.6318505218528117,0.20594220458554158,2.15,33.191447766044064,50.0,472.627018511223,0.008333333333333333
21827489413_44_Z2,21827489413,44,2,124,144,0,-6.002216277203843,0.20446612525704436,2.2,33.191447766044064,50.0,510.76249543961904,0.008333333333333333
21827489413_45_Z2,21827489413,45,2,124,144,0,-3.4372911916382805,0.20217698766605963,2.25,33.191447766044064,50.0,627.0996640537566,0.008333333333333333
21827489413_46_Z2,21827489413,46,2,124,144,0,-1.7602862603012,0.1999105707032052,2.3,33.191447766044064,50.0,651.7155453325657,0.008333333333333333
21827489413_47_Z2,21827489413,47,2,124,144,0,14.26054180993492,0.20398887422879922,2.35,40.321718671011524,50.0,653.5947712418317,0.008333333333333333
21827489413_48_Z3,21827489413,48,3,144,165,0,1.4295837285619655,0.20782113941754288,2.4,41.03651053529251,50.0,682.4146981627395,0.008333333333333333
21827489413_50_Z2,21827489413,50,2,124,144,0,-2.757856173883056,0.21121273976721416,2.5,44.41912816322764,50.0,711.7437722419946,0.008333333333333333
21827489413_51_Z2,21827489413,51,2,124,144,0,-2.3941972243894725,0.20913101475899018,2.55,44.41912816322764,50.0,677.6598147729842,0.008333333333333333
21827489413_52_Z2,21827489413,52,2,124,144,0,4.683800820029603,0.21036918708925406,2.6,46.76102857324244,50.0,671.6712761754202,0.008333333333333333
21827489413_53_Z2,21827489413,53,2,124,144,0,-0.14539421544105835,0.21077969676972205,2.65,46.76102857324244,50.0,663.9004149377619,0.008333333333333333
21827489413_54_Z2,21827489413,54,2,124,144,0,10.600588104343501,0.213889408572483,2.7,52.06132262541419,50.0,703.2667876588033,0.008333333333333333
21827489413_55_Z3,21827489413,55,3,144,165,0,6.034597871074425,0.2178358377683362,2.75,55.078621560951404,50.0,661.7204732304004,0.008333333333333333
21827489413_56_Z3,21827489413,56,3,144,165,0,8.58830349796159,0.2219191138039154,2.8,59.3727733099322,50.0,626.442466205079,0.008333333333333333
21827489413_58_Z2,21827489413,58,2,124,144,0,9.160498966231671,0.23390923836262603,2.9,70.96204648651391,50.0,537.2217958557187,0.008333333333333333
21827489413_59_Z2,21827489413,59,2,124,144,0,-9.194610140502107,0.23305730298063887,2.95,70.96204648651391,50.0,566.2020905923335,0.008333333333333333
21827489413_60_Z2,21827489413,60,2,124,144,0,-14.598380930418784,0.22741482079096753,3.0,70.96204648651391,50.0,575.0431282346168,0.008333333333333333
21827489413_61_Z3,21827489413,61,3,144,165,0,-7.805521378364574,0.22087059346250862,3.05,70.96204648651391,50.0,612.813370473536,0.008333333333333333
21827489413_62_Z3,21827489413,62,3,144,165,0,0.7891572602539441,0.21990916696392732,3.1,71.35662511664088,50.0,728.2415630550657,0.008333333333333333
21827489413_63_Z2,21827489413,63,2,124,144,0,7.724335932450913,0.22137111779396604,3.15,75.21879308286634,50.0,725.0,0.008333333333333333
21827489413_65_Z3,21827489413,65,3,144,165,0,21.692322405977734,0.2378177829437675,3.25,94.30777479181745,50.0,565.4870485224354,0.008333333333333333
21827489413_67_Z2,21827489413,67,2,124,144,0,-0.02175134510355292,0.2473257285976939,3.35,97.97556644877585,50.0,780.1072647489033,0.008333333333333333
21827489413_69_Z3,21827489413,69,3,144,165,0,-0.5794964350030796,0.25012433102161197,3.45,100.25005866636857,50.0,742.0232500618383,0.008333333333333333
21827489413_70_Z2,21827489413,70,2,124,144,0,-16.66203558523881,0.24426854216156782,3.5,100.25005866636857,50.0,662.8180457558267,0.008333333333333333
21827489413_71_Z2,21827489413,71,2,124,144,0,-12.39060893365206,0.236646925210018,3.55,100.25005866636857,50.0,620.9696680200638,0.008333333333333333
21827489413_72_Z2,21827489413,72,2,124,144,0,-4.879719970003862,0.23293668022512862,3.6,100.25005866636857,50.0,609.5238095238095,0.008333333333333333
21827489413_73_Z2,21827489413,73,2,124,144,0,-12.149099752402151,0.22889257441977945,3.65,100.25005866636857,50.0,555.4453481452059,0.008333333333333333
21827489413_74_Z2,21827489413,74,2,124,144,0,-7.778577227185281,0.22314584237391907,3.7,100.25005866636857,50.0,521.26772310259,0.008333333333333333
21827489413_75_Z2,21827489413,75,2,124,144,0,-6.016540513528412,0.22029810402174646,3.75,100.25005866636857,50.0,533.4914048606981,0.008333333333333333
21827489413_76_Z2,21827489413,76,2,124,144,0,-5.626240274127326,0.21685439722702593,3.8,100.25005866636857,50.0,579.3742757821556,0.008333333333333333
21827489413_77_Z2,21827489413,77,2,124,144,0,-2.5913113321653327,0.2151754960950718,3.85,100.25005866636857,50.0,575.8157389635339,0.008333333333333333
21827489413_78_Z2,21827489413,78,2,124,144,0,12.293183122660935,0.217432581749781,3.9,106.39665022769904,50.0,607.7795786061573,0.008333333333333333
21827489413_79_Z2,21827489413,79,2,124,144,0,-5.425685832077534,0.21984459636509943,3.95,106.39665022769904,50.0,568.2894487592351,0.008333333333333333
21827489413_80_Z2,21827489413,80,2,124,144,0,-2.5425900453646477,0.21651326684159242,4.0,106.39665022769904,50.0,625.4738438210794,0.008333333333333333
21827489413_82_Z2,21827489413,82,2,124,144,0,-3.875453317713891,0.21699715782532528,4.1,107.91757870154015,50.0,517.3189383715695,0.008333333333333333
21827489413_83_Z2,21827489413,83,2,124,144,0,-10.461236388127134,0.2142182932727102,4.15,107.91757870154015,50.0,594.2112325091143,0.008333333333333333
21827489413_84_Z2,21827489413,84,2,124,144,0,-7.917094608409059,0.2084289484606845,4.2,107.91757870154015,50.0,652.254938501668,0.008333333333333333
21827489413_85_Z2,21827489413,85,2,124,144,0,9.288671551155801,0.2089355948527166,4.25,112.56191447711805,50.0,664.7278770253508,0.008333333333333333
21827489413_86_Z2,21827489413,86,2,124,144,0,6.190612191213688,0.21365729131641412,4.3,115.6572205727249,50.0,706.1713233036403,0.008333333333333333
21827489413_87_Z2,21827489413,87,2,124,144,0,-3.0344473935700194,0.2144070923932975,4.35,115.6572205727249,50.0,678.6149295284466,0.008333333333333333
21827489413_88_Z2,21827489413,88,2,124,144,0,-8.9010136463109,0.21072532592868162,4.4,115.6572205727249,50.0,579.7101449275341,0.008333333333333333
21827489413_89_Z2,21827489413,89,2,124,144,0,10.999520614665073,0.2115405995511126,4.45,121.15698088005743,50.0,625.5585344057164,0.008333333333333333
21827489413_90_Z2,21827489413,90,2,124,144,0,-6.206621483339006,0.21296827125505458,4.5,121.15698088005743,50.0,642.5129394967012,0.008333333333333333
21827489413_91_Z2,21827489413,91,2,124,144,0,5.807781709410278,0.21181359540200598,4.55,124.06087173476257,50.0,605.0826946349343,0.008333333333333333
21827489413_92_Z2,21827489413,92,2,124,144,0,9.372574319498938,0.2174107635861317,4.6,128.74715889451204,50.0,726.6855066612843,0.008333333333333333
21827489413_93_Z2,21827489413,93,2,124,144,0,-5.951303727629636,0.21726764615041172,4.65,128.74715889451204,50.0,645.9054209919208,0.008333333333333333
21827489413_94_Z2,21827489413,94,2,124,144,0,0.3252767286612084,0.21571662155904653,4.7,128.90979725884264,50.0,663.9616377720479,0.008333333333333333
21827489413_95_Z2,21827489413,95,2,124,144,0,3.494499454964341,0.21686832156903596,4.75,130.65704698632481,50.0,680.4123711340206,0.008333333333333333
21827489413_96_Z2,21827489413,96,2,124,144,0,1.8821897259294929,0.2182562673274591,4.8,131.59814184928956,50.0,660.7073455110761,0.008333333333333333
21827489413_97_Z2,21827489413,97,2,124,144,0,2.7086669835140924,0.21932430847116116,4.85,132.9524753410466,50.0,650.8600650859998,0.008333333333333333
21827489413_98_Z2,21827489413,98,2,124,144,0,6.296960968486189,0.22157310772482847,4.9,136.1009558252897,50.0,665.1884700665202,0.008333333333333333
21827489413_99_Z2,21827489413,99,2,124,144,0,3.647565111828044,0.22416301924060872,4.95,137.92473838120372,50.0,695.0477845351846,0.008333333333333333
21827489413_100_Z2,21827489413,100,2,124,144,0,2.244621326447941,0.2254461751682842,5.0,139.0470490444277,50.0,721.3881848313516,0.008333333333333333
21827489413_101_Z2,21827489413,101,2,124,144,0,7.604034983865404,0.2281913336867957,5.05,142.8490665363604,50.0,680.6028196402624,0.008333333333333333
21827489413_102_Z2,21827489413,102,2,124,144,0,0.9926167268561699,0.23043367053104336,5.1,143.34537489978848,50.0,677.5354647469761,0.008333333333333333
21827489413_103_Z2,21827489413,103,2,124,144,0,-4.279045654395134,0.22938895037047136,5.15,143.34537489978848,50.0,675.8061401815027,0.008333333333333333
21827489413_104_Z2,21827489413,104,2,124,144,0,-0.08682276717053128,0.22809128105421927,5.2,143.34537489978848,50.0,646.5517241379234,0.008333333333333333
21827489413_105_Z2,21827489413,105,2,124,144,0,3.5654400385545273,0.22911374834538104,5.25,145.12809491906575,50.0,680.1007556675094,0.008333333333333333
21827489413_106_Z2,21827489413,106,2,124,144,0,5.617047176206256,0.2312809305477951,5.3,147.93661850716887,50.0,665.5257653546283,0.008333333333333333
21827489413_107_Z2,21827489413,107,2,124,144,0,7.265434287373921,0.23499696671544562,5.35,151.56933565085583,50.0,716.4606842199544,0.008333333333333333
21827489413_108_Z3,21827489413,108,3,144,165,0,4.713261992424123,0.23730917167177976,5.4,153.9259666470679,50.0,688.9763779527503,0.008333333333333333
21827489413_109_Z3,21827489413,109,3,144,165,0,5.844037659090475,0.24057203225229856,5.45,156.84798547661313,50.0,645.4062262718263,0.008333333333333333
21827489413_111_Z3,21827489413,111,3,144,165,0,11.236821109070206,0.24719815646453083,5.55,165.56505318534306,50.0,871.656146678678,0.008333333333333333
21827489413_112_Z3,21827489413,112,3,144,165,0,7.145082544020511,0.25260498653320135,5.6,169.13759445735332,50.0,690.6579425663455,0.008333333333333333
21827489413_113_Z2,21827489413,113,2,124,144,0,-1.0615152432143873,0.25408260696262663,5.65,169.13759445735332,50.0,765.5502392344631,0.008333333333333333
21827489413_114_Z2,21827489413,114,2,124,144,0,8.065725557137796,0.25508917295471495,5.7,173.1704572359222,50.0,940.8321137361503,0.008333333333333333
21827489413_115_Z3,21827489413,115,3,144,165,0,5.098796171129152,0.2587426734127903,5.75,175.7198553214868,50.0,970.604547975561,0.008333333333333333
21827489413_116_Z3,21827489413,116,3,144,165,0,20.030173335590234,0.26451402419840175,5.8,185.7349419892819,50.0,979.2843691148877,0.008333333333333333
21827489413_117_Z3,21827489413,117,3,144,165,0,8.207797626580373,0.2733773168486682,5.85,189.8388408025721,50.0,847.6466651795514,0.008333333333333333
21827489413_120_Z2,21827489413,120,2,124,144,0,0.013826087762254247,0.2736393186014173,6.0,190.26321964824425,50.0,672.7828746177345,0.008333333333333333
21827489413_121_Z2,21827489413,121,2,124,144,0,18.112457896605406,0.27703340193705794,6.05,199.31944859654695,50.0,584.0886203424011,0.008333333333333333
21827489413_122_Z2,21827489413,122,2,124,144,0,17.665305150212475,0.28797381697025226,6.1,208.1521011716532,50.0,623.2193732193748,0.008333333333333333
21827489413_123_Z2,21827489413,123,2,124,144,0,-4.1547510022259075,0.29128536406107947,6.15,208.1521011716532,50.0,626.74094707521,0.008333333333333333
21827489413_126_Z2,21827489413,126,2,124,144,0,6.4485684247631525,0.28649659462390475,6.3,211.37947929051964,50.0,643.8213914849478,0.008333333333333333
21827489413_127_Z2,21827489413,127,2,124,144,0,1.0417574255520776,0.28832647395336297,6.35,211.90035800329568,50.0,655.1410373066445,0.008333333333333333
21827489413_128_Z3,21827489413,128,3,144,165,0,8.77437226581526,0.29062992467673915,6.4,216.2875441362033,50.0,676.2849413886296,0.008333333333333333
21827489413_129_Z2,21827489413,129,2,124,144,0,9.38440412289333,0.29533282017412893,6.45,220.97974619764997,50.0,656.6850538481795,0.008333333333333333
21827489413_130_Z2,21827489413,130,2,124,144,0,1.7497089417981897,0.29839058577976557,6.5,221.85460066854907,50.0,704.4237813468626,0.008333333333333333
21827489413_131_Z3,21827489413,131,3,144,165,0,0.9854131662650616,0.2987475633071511,6.55,222.3473072516816,50.0,640.6632749199206,0.008333333333333333
21827489413_132_Z2,21827489413,132,2,124,144,0,7.671153535606891,0.3009391698526179,6.6,226.18288401948504,50.0,630.1197227473083,0.008333333333333333
21827489413_136_Z3,21827489413,136,3,144,165,0,-4.499186720213174,0.2980418866924503,6.8,226.18288401948504,50.0,482.74629000536135,0.008333333333333333
21827489413_137_Z3,21827489413,137,3,144,165,0,2.5072406522490382,0.2986729318482575,6.85,227.43650434560956,50.0,479.6163069544376,0.008333333333333333
21827489413_138_Z3,21827489413,138,3,144,165,0,-20.65933227911114,0.2934535698859262,6.9,227.43650434560956,50.0,556.6218809980767,0.008333333333333333
21827489413_139_Z3,21827489413,139,3,144,165,0,-12.059939259408225,0.28466563624082286,6.95,227.43650434560956,50.0,494.09237379162,0.008333333333333333
21827489413_140_Z3,21827489413,140,3,144,165,0,1.15248008357446,0.2824772949657338,7.0,228.0127443873968,50.0,609.7560975609769,0.008333333333333333
21848059283_5_Z2,21848059283,5,2,124,144,0,0.5740255040778095,0.06774542732806178,0.25,0.28701275203890475,50.0,436.2050163576887,0.008849557522123894
21848059283_6_Z2,21848059283,6,2,124,144,0,2.929629083949436,0.06869623514908604,0.3,1.7518272940136228,50.0,484.5408398707888,0.008849557522123894
21848059283_7_Z2,21848059283,7,2,124,144,0,3.44675284646749,0.07037967054408158,0.35,3.4752037172473678,50.0,457.66590389016017,0.008849557522123894
21848059283_8_Z2,21848059283,8,2,124,144,0,0.8098923520496726,0.07147867564048148,0.4,3.880149893272204,50.0,434.7826086956522,0.008849557522123894
21848059283_9_Z2,21848059283,9,2,124,144,0,0.8765315462568992,0.07175480435690677,0.45,4.318415666400654,50.0,423.9533651298356,0.008849557522123894
21848059283_10_Z2,21848059283,10,2,124,144,0,2.188897234759395,0.07242793478154899,0.5,5.412864283780351,50.0,437.34966105401304,0.008849557522123894
21848059283_11_Z2,21848059283,11,2,124,144,0,10.525992147141608,0.07541743047416329,0.55,10.675860357351155,50.0,452.5777253049976,0.008849557522123894
21848059283_12_Z2,21848059283,12,2,124,144,0,10.899190511684337,0.0815913895226574,0.6,16.125455613193324,50.0,445.17338331771373,0.008849557522123894
21848059283_13_Z2,21848059283,13,2,124,144,0,1.0785479364325283,0.08411656357789225,0.65,16.66472958140959,50.0,406.14515274589445,0.008849557522123894
21848059283_14_Z2,21848059283,14,2,124,144,0,-2.416727043908679,0.08413792195637765,0.7,16.66472958140959,50.0,367.05666437256224,0.008849557522123894
21848059283_15_Z2,21848059283,15,2,124,144,0,-2.4985610075298155,0.08229687747141913,0.75,16.66472958140959,50.0,393.77830281551513,0.008849557522123894
21848059283_17_Z2,21848059283,17,2,124,144,0,-14.631594640782309,0.0730787278572925,0.85,16.66472958140959,50.0,423.8344552480677,0.008849557522123894
21848059283_18_Z2,21848059283,18,2,124,144,0,1.5481588906267234,0.0693551922164877,0.9,17.43880902672295,50.0,404.3905257076838,0.008849557522123894
21848059283_19_Z2,21848059283,19,2,124,144,0,7.987700894857369,0.07254708304250143,0.95,21.432659474151635,50.0,404.1888664339514,0.008849557522123894
21848059283_20_Z2,21848059283,20,2,124,144,0,-1.3476635652190794,0.07436733136941935,1.0,21.432659474151635,50.0,418.7285877426716,0.008849557522123894
21848059283_21_Z2,21848059283,21,2,124,144,0,-2.0785319658543813,0.07310985882238231,1.05,21.432659474151635,50.0,404.69445568595836,0.008849557522123894
21848059283_22_Z2,21848059283,22,2,124,144,0,5.425336250473634,0.07363698803899622,1.1,24.14532759938845,50.0,469.04315196998016,0.008849557522123894
21848059283_23_Z2,21848059283,23,2,124,144,0,10.071246094387647,0.07815906293859545,1.15,29.180950646582275,50.0,541.4185165132661,0.008849557522123894
21848059283_24_Z2,21848059283,24,2,124,144,0,5.355254496913943,0.08189499416317954,1.2,31.858577895039247,50.0,495.8677685950409,0.008849557522123894
21848059283_25_Z2,21848059283,25,2,124,144,0,0.6598462391999078,0.08337092776495854,1.25,32.1885010146392,50.0,436.5541327124547,0.008849557522123894
21848059283_26_Z2,21848059283,26,2,124,144,0,0.5316341283763961,0.0835588073484697,1.3,32.4543180788274,50.0,446.58193060803825,0.008849557522123894
21848059283_27_Z2,21848059283,27,2,124,144,0,-2.601592124406011,0.08301357810647193,1.35,32.4543180788274,50.0,446.4285714285715,0.008849557522123894
21848059283_28_Z3,21848059283,28,3,144,165,0,0.21206853268836312,0.08267212442729463,1.4,32.56035234517158,50.0,299.7002997003,0.008849557522123894
21848059283_29_Z2,21848059283,29,2,124,144,0,-2.457858065088118,0.08193142402589079,1.45,32.56035234517158,50.0,315.04331845628843,0.008849557522123894
21848059283_31_Z2,21848059283,31,2,124,144,0,1.4501436928115368,0.08062743715103977,1.55,33.28542419157735,50.0,316.45569620253156,0.008849557522123894
21848059283_32_Z2,21848059283,32,2,124,144,0,-0.4056976305318756,0.0811163396286731,1.6,33.28542419157735,50.0,303.0303030303023,0.008849557522123894
21848059283_37_Z3,21848059283,37,3,144,165,0,8.323592012594617,0.08911542939700105,1.85,44.86249331482534,50.0,604.2296072507548,0.008849557522123894
21848059283_38_Z3,21848059283,38,3,144,165,0,5.732200025321447,0.09269642990303403,1.9,47.72859332748607,50.0,306.45470216433614,0.008849557522123894
21848059283_41_Z4,21848059283,41,4,165,185,0,-2.337627326812253,0.09422335129526761,2.05,49.030972053712304,50.0,304.2777877214969,0.008849557522123894
21848059283_42_Z4,21848059283,42,4,165,185,0,-5.852542411949969,0.0921527970980262,2.1,49.030972053712304,50.0,349.5688650664193,0.008849557522123894
21848059283_43_Z4,21848059283,43,4,165,185,0,-1.5376523777603097,0.09033906053807216,2.15,49.030972053712304,50.0,464.9282393369695,0.008849557522123894
21848059283_44_Z4,21848059283,44,4,165,185,0,-6.662980011959377,0.08831111757712024,2.2,49.030972053712304,50.0,561.3126079447359,0.008849557522123894
21848059283_45_Z3,21848059283,45,3,144,165,0,-1.0066080287181762,0.08617347871825912,2.25,49.030972053712304,50.0,547.3684210526316,0.008849557522123894
21848059283_46_Z3,21848059283,46,3,144,165,0,10.581908760000204,0.08841735860905925,2.3,54.321926433712406,50.0,624.999999999996,0.008849557522123894
21848059283_47_Z3,21848059283,47,3,144,165,0,10.933330540854797,0.0942968966696393,2.35,59.788591704139805,50.0,442.9892141756581,0.008849557522123894
21848059283_48_Z3,21848059283,48,3,144,165,0,3.593737272025294,0.09811414238123274,2.4,61.58546034015245,50.0,345.62211981566566,0.008849557522123894
21848059283_51_Z4,21848059283,51,4,165,185,0,3.3224950951273797,0.09976571751370784,2.55,63.46012672689959,50.0,383.47568415548267,0.008849557522123894
21848059283_52_Z4,21848059283,52,4,165,185,0,-1.8497011498547522,0.10033071868802187,2.6,63.46012672689959,50.0,647.5225225225229,0.008849557522123894
21848059283_55_Z2,21848059283,55,2,124,144,0,-0.06957659010853945,0.08955189821382173,2.75,63.46012672689959,50.0,478.341748604841,0.008849557522123894
21848059283_59_Z4,21848059283,59,4,165,185,0,4.464106259312302,0.09904417335543095,2.95,74.03068260663233,50.0,424.72864558754475,0.008849557522123894
21848059283_60_Z4,21848059283,60,4,165,185,0,11.69139146516767,0.10332914664078532,3.0,79.87637833921616,50.0,497.6155919552144,0.008849557522123894
21848059283_62_Z3,21848059283,62,3,144,165,0,-1.8720086145604853,0.10633728771586613,3.1,80.76269285734617,50.0,655.7377049180292,0.008849557522123894
21848059283_63_Z3,21848059283,63,3,144,165,0,7.08492492893879,0.1077223901512492,3.15,84.30515532181556,50.0,777.7515908555298,0.008849557522123894
21848059283_66_Z4,21848059283,66,4,165,185,0,6.761164918626292,0.12082713084767416,3.3,96.9314551014933,50.0,454.54545454545456,0.008849557522123894
21848059283_67_Z4,21848059283,67,4,165,185,0,4.012806372423711,0.12323693744572889,3.35,98.93785828770515,50.0,680.7511737089144,0.008849557522123894
21848059283_68_Z4,21848059283,68,4,165,185,0,11.989333404878407,0.12716388762874256,3.4,104.93252499014436,50.0,934.7541596560143,0.008849557522123894
21848059283_70_Z3,21848059283,70,3,144,165,0,-2.2886988152724257,0.12743216261028129,3.5,104.93252499014436,50.0,621.260929590434,0.008849557522123894
21848059283_75_Z4,21848059283,75,4,165,185,0,5.016035588799298,0.16588559755965732,3.75,144.8742147386031,50.0,736.5439093484381,0.008849557522123894
21848059283_76_Z3,21848059283,76,3,144,165,0,7.717523526229684,0.16884582800340112,3.8,148.73297650171793,50.0,855.7902403495983,0.008849557522123894
21848059283_77_Z3,21848059283,77,3,144,165,0,10.405257048648537,0.1734955335860305,3.85,153.9356050260422,50.0,561.3472333600629,0.008849557522123894
21848059283_80_Z4,21848059283,80,4,165,185,0,10.168799741030853,0.18678849862066219,4.0,167.14496274220699,50.0,479.91468183434256,0.008849557522123894
21848059283_81_Z4,21848059283,81,4,165,185,0,2.609271952434881,0.19102770962872356,4.05,168.44959871842443,50.0,689.0215893431333,0.008849557522123894
21848059283_83_Z3,21848059283,83,3,144,165,0,-2.076985821205085,0.1813625982466078,4.15,168.44959871842443,50.0,773.8226840592446,0.008849557522123894
21848059283_84_Z3,21848059283,84,3,144,165,0,-11.052454344156786,0.17862193913511124,4.2,168.44959871842443,50.0,580.5515239477535,0.008849557522123894
21848059283_85_Z3,21848059283,85,3,144,165,0,-27.674370769451116,0.16843518890650414,4.25,168.44959871842443,50.0,393.50713231677463,0.008849557522123894
21848059283_88_Z4,21848059283,88,4,165,185,0,0.5409595717572984,0.15424709452581142,4.4,168.72007850430307,50.0,368.12472932004965,0.008849557522123894
21848059283_89_Z4,21848059283,89,4,165,185,0,-2.870399951587558,0.15397440134860294,4.45,168.72007850430307,50.0,620.3722233339972,0.008849557522123894
21848059283_91_Z2,21848059283,91,2,124,144,0,-7.3836255708908425,0.15218019234990915,4.55,169.28829586032148,50.0,733.0482590103898,0.008849557522123894
21848059283_92_Z2,21848059283,92,2,124,144,0,-8.541525523207895,0.1475129007265982,4.6,169.28829586032148,50.0,586.806960744637,0.008849557522123894
21848059283_95_Z4,21848059283,95,4,165,185,0,-0.6329766098745608,0.14587457444082513,4.75,170.03986305813308,50.0,429.4610264118474,0.008849557522123894
21848059283_96_Z4,21848059283,96,4,165,185,0,-2.8115659442780156,0.14564071126899297,4.8,170.03986305813308,50.0,447.8827361563528,0.008849557522123894
21848059283_99_Z2,21848059283,99,2,124,144,0,-4.348703867333825,0.13366273206647267,4.95,170.03986305813308,50.0,712.9519606178934,0.008849557522123894
21848059283_103_Z3,21848059283,103,3,144,165,0,-14.357152683156073,0.1293810749343191,5.15,170.6564130003545,50.0,372.62208276132736,0.008849557522123894
21848059283_104_Z3,21848059283,104,3,144,165,0,-10.836175835044033,0.12337132967202637,5.2,170.6564130003545,50.0,298.7303958177739,0.008849557522123894
21848059283_105_Z4,21848059283,105,4,165,185,0,-9.857433023359619,0.11802807797004705,5.25,170.6564130003545,50.0,529.9015897047676,0.008849557522123894
21848059283_108_Z2,21848059283,108,2,124,144,0,-9.056365478234454,0.10503379865580455,5.4,170.6564130003545,50.0,525.4269093638585,0.008849557522123894
21848059283_109_Z2,21848059283,109,2,124,144,0,-6.741280652191534,0.10089246384701227,5.45,170.6564130003545,50.0,661.7038875103436,0.008849557522123894
21848059283_110_Z2,21848059283,110,2,124,144,0,-1.6929070884641533,0.09877054237616319,5.5,170.6564130003545,50.0,591.1129229514831,0.008849557522123894
21848059283_111_Z2,21848059283,111,2,124,144,0,-5.825907912635472,0.09740356568600005,5.55,170.6564130003545,50.0,522.298111691445,0.008849557522123894
21848059283_112_Z2,21848059283,112,2,124,144,0,-6.925209123633493,0.09375543085953077,5.6,170.6564130003545,50.0,649.4824436776886,0.008849557522123894
21848059283_113_Z2,21848059283,113,2,124,144,0,2.260331355717824,0.09226044501353503,5.65,171.7865786782134,50.0,466.56298600310816,0.008849557522123894
21848059283_114_Z2,21848059283,114,2,124,144,0,1.3108311057346214,0.09429645192286523,5.7,172.4419942310807,50.0,526.8439538384389,0.008849557522123894
21848059283_115_Z3,21848059283,115,3,144,165,0,-2.8500750476381427,0.09272888592800042,5.75,172.4419942310807,50.0,661.6025483950095,0.008849557522123894
21848059283_116_Z2,21848059283,116,2,124,144,0,11.830775427182603,0.09506715175601556,5.8,178.357381944672,50.0,458.29514207150015,0.008849557522123894
21848059283_117_Z3,21848059283,117,3,144,165,0,1.396220101816482,0.09957080695690006,5.85,179.05549199558024,50.0,710.9004739336524,0.008849557522123894
21848059283_118_Z2,21848059283,118,2,124,144,0,-5.4847581845523905,0.09768455296979225,5.9,179.05549199558024,50.0,621.4149139579329,0.008849557522123894
21848059283_119_Z2,21848059283,119,2,124,144,0,-2.735657186008382,0.09559149974443,5.95,179.05549199558024,50.0,456.38945233266185,0.008849557522123894
21848059283_121_Z2,21848059283,121,2,124,144,0,1.4755704419867186,0.09534471548735345,6.05,179.79327721657359,50.0,661.430343116989,0.008849557522123894
21848059283_122_Z2,21848059283,122,2,124,144,0,1.271643818053093,0.09609439886435077,6.1,180.42909912560015,50.0,714.1514752865997,0.008849557522123894
21848059283_123_Z2,21848059283,123,2,124,144,0,5.391084259365186,0.09726365280804733,6.15,183.12464125528274,50.0,566.0377358490615,0.008849557522123894
21848059283_124_Z3,21848059283,124,3,144,165,0,4.770573772779699,0.10064358609492587,6.2,185.5099281416726,50.0,847.4576271186361,0.008849557522123894
21848059283_125_Z2,21848059283,125,2,124,144,0,-5.131498248262915,0.10021249637262594,6.25,185.5099281416726,50.0,533.0490405117312,0.008849557522123894
21848059283_126_Z2,21848059283,126,2,124,144,0,-3.3307147888815223,0.09790840924063461,6.3,185.5099281416726,50.0,482.1064342666393,0.008849557522123894
21848059283_127_Z2,21848059283,127,2,124,144,0,-2.452098225364324,0.09651541308130952,6.35,185.5099281416726,50.0,453.22697606961685,0.008849557522123894
21848059283_128_Z3,21848059283,128,3,144,165,0,-1.7000693343822206,0.0952750199864334,6.4,185.5099281416726,50.0,520.3816131829986,0.008849557522123894
21848059283_129_Z2,21848059283,129,2,124,144,0,-1.4702764464881568,0.09496645376459617,6.45,185.5099281416726,50.0,716.674629718098,0.008849557522123894
21848059283_130_Z2,21848059283,130,2,124,144,0,5.393071399400128,0.09507233729157884,6.5,188.20646384137265,50.0,485.8142246404971,0.008849557522123894
21848059283_131_Z3,21848059283,131,3,144,165,0,17.245071889894348,0.10162869851068608,6.55,196.82899978631983,50.0,683.9276990718039,0.008849557522123894
21848059283_132_Z2,21848059283,132,2,124,144,0,-0.21962638241404875,0.10599502755605977,6.6,196.82899978631983,50.0,774.5933384972976,0.008849557522123894
21848059283_133_Z2,21848059283,133,2,124,144,0,2.277718458735137,0.10595676986722664,6.65,197.9678590156874,50.0,611.5641215715341,0.008849557522123894
21848059283_134_Z2,21848059283,134,2,124,144,0,-5.148827096912157,0.10575581548516516,6.7,197.9678590156874,50.0,597.7632086386358,0.008849557522123894
21848059283_135_Z2,21848059283,135,2,124,144,0,-6.440847571752869,0.10241802910373003,6.75,197.9678590156874,50.0,469.9037816066276,0.008849557522123894
21848059283_136_Z2,21848059283,136,2,124,144,0,-1.9624083950267845,0.10018932079826944,6.8,197.9678590156874,50.0,660.7201850016422,0.008849557522123894
21848059283_137_Z2,21848059283,137,2,124,144,0,-2.369433385736386,0.09953706165108774,6.85,197.9678590156874,50.0,614.3344709897636,0.008849557522123894
21848059283_138_Z2,21848059283,138,2,124,144,0,-2.368034709766505,0.09788587137576918,6.9,197.9678590156874,50.0,564.140299239631,0.008849557522123894
21848059283_139_Z2,21848059283,139,2,124,144,0,0.35395217518160393,0.09764685074466904,6.95,198.14483510327818,50.0,573.3186328555747,0.008849557522123894
21848059283_140_Z2,21848059283,140,2,124,144,0,2.799848324168238,0.098411583952237,7.0,199.5447592653623,50.0,682.0566631689367,0.008849557522123894
21848059283_141_Z2,21848059283,141,2,124,144,0,0.4042495301462168,0.09931481244177005,7.05,199.7468840304354,50.0,657.6475009394933,0.008849557522123894
21848059283_142_Z2,21848059283,142,2,124,144,0,-3.9598004446117727,0.09850705138425626,7.1,199.7468840304354,50.0,532.4393610727664,0.008849557522123894
21848059283_143_Z2,21848059283,143,2,124,144,0,-5.02287924980638,0.0960417890970365,7.15,199.7468840304354,50.0,485.34265191225654,0.008849557522123894
21848059283_144_Z2,21848059283,144,2,124,144,0,-8.578843837225975,0.09287570233221755,7.2,199.7468840304354,50.0,527.3686124749888,0.008849557522123894
21848059283_145_Z2,21848059283,145,2,124,144,0,-6.716686876683724,0.08874853683821073,7.25,199.7468840304354,50.0,569.0871841566208,0.008849557522123894
21848059283_146_Z2,21848059283,146,2,124,144,0,3.055275212137076,0.08756990954833539,7.3,201.27452163650395,50.0,541.5162454873571,0.008849557522123894
21848059283_149_Z2,21848059283,149,2,124,144,0,-3.566254176060937,0.09163365169971542,7.45,204.63878702631263,50.0,499.9107302267433,0.008849557522123894
21848059283_150_Z2,21848059283,150,2,124,144,0,-8.245498979891835,0.08756477472851121,7.5,204.63878702631263,50.0,453.91750542727385,0.008849557522123894
21848059283_151_Z3,21848059283,151,3,144,165,0,-0.8633241606761999,0.08562030603749944,7.55,204.63878702631263,50.0,487.8048780487733,0.008849557522123894
21848059283_152_Z3,21848059283,152,3,144,165,0,-0.19908725527133697,0.08563370939272894,7.6,204.63878702631263,50.0,516.6356685265613,0.008849557522123894
21848059283_153_Z3,21848059283,153,3,144,165,0,-2.9389596666172793,0.0845726714130141,7.65,204.63878702631263,50.0,538.9980976537736,0.008849557522123894
21848059283_154_Z2,21848059283,154,2,124,144,0,-0.8757439609176458,0.08367098225071809,7.7,204.63878702631263,50.0,528.8340468395866,0.008849557522123894
21848059283_156_Z3,21848059283,156,3,144,165,0,-3.1552746896053065,0.08182305931865018,7.8,204.63878702631263,50.0,536.5402405180371,0.008849557522123894
21848059283_157_Z3,21848059283,157,3,144,165,0,-1.7551353645658025,0.08038326577331026,7.85,204.63878702631263,50.0,526.6237565827925,0.008849557522123894
21848059283_159_Z2,21848059283,159,2,124,144,0,3.8640323809175072,0.08109252119687509,7.95,207.07624286858737,50.0,510.9765329295974,0.008849557522123894
21848059283_160_Z2,21848059283,160,2,124,144,0,7.486777213169431,0.08333608916156693,8.0,208.77274658509157,22.659999999999854,508.5529357373992,0.008849557522123894
21862167927_6_Z3,21862167927,6,3,144,165,0,-4.118180839264113,0.07838344207926416,0.3,0.0,50.0,375.62604340567646,0.003236245954692557
21862167927_7_Z3,21862167927,7,3,144,165,0,0.1015848421936596,0.0772545326180415,0.35,0.0507924210968298,50.0,379.0032215273831,0.003236245954692557
21862167927_8_Z3,21862167927,8,3,144,165,0,2.8776307992405066,0.07805611175400107,0.4,1.489607820717083,50.0,393.18479685452184,0.003236245954692557
21862167927_9_Z3,21862167927,9,3,144,165,0,0.9106925094364158,0.07927831257442558,0.45,1.944954075435291,50.0,383.6833602584811,0.003236245954692557
21862167927_10_Z3,21862167927,10,3,144,165,0,-2.8440989960235754,0.0785920887887604,0.5,1.944954075435291,50.0,390.0156006240252,0.003236245954692557
21862167927_11_Z3,21862167927,11,3,144,165,0,-3.5599865703253215,0.07698591767215643,0.55,1.944954075435291,50.0,389.7435897435897,0.003236245954692557
21862167927_12_Z3,21862167927,12,3,144,165,0,-2.584884483205599,0.07539907736193145,0.6,1.944954075435291,50.0,390.30402629416545,0.003236245954692557
21862167927_13_Z3,21862167927,13,3,144,165,0,1.5239452100595372,0.07511458110585625,0.65,2.7069266804650596,50.0,379.4346423828501,0.003236245954692557
21862167927_14_Z3,21862167927,14,3,144,165,0,0.26116249700226035,0.07571189730591997,0.7,2.8375079289661898,50.0,360.432519022827,0.003236245954692557
21862167927_15_Z3,21862167927,15,3,144,165,0,-3.1377185110633263,0.07504999174436865,0.75,2.8375079289661898,50.0,369.8063954753107,0.003236245954692557
21862167927_16_Z3,21862167927,16,3,144,165,0,-5.284536235567202,0.07278483548777166,0.8,2.8375079289661898,50.0,365.3444676409185,0.003236245954692557
21862167927_17_Z3,21862167927,17,3,144,165,0,-2.579777768046938,0.07077339139077725,0.85,2.8375079289661898,50.0,364.5938829248531,0.003236245954692557
21862167927_18_Z3,21862167927,18,3,144,165,0,0.21888728904582422,0.07016410675834327,0.9,2.946951573489102,50.0,382.0844831246019,0.003236245954692557
21862167927_19_Z3,21862167927,19,3,144,165,0,-0.5880048835195169,0.07029176017738119,0.95,2.946951573489102,50.0,381.841323716589,0.003236245954692557
21862167927_20_Z3,21862167927,20,3,144,165,0,-6.434081756398797,0.06850135744803512,1.0,2.946951573489102,50.0,369.19831223628694,0.003236245954692557
21862167927_21_Z3,21862167927,21,3,144,165,0,-4.011562566100594,0.06567826087665064,1.05,2.946951573489102,50.0,390.5487209529386,0.003236245954692557
21862167927_22_Z3,21862167927,22,3,144,165,0,1.3553091196800438,0.06489290974191778,1.1,3.6246061333291237,50.0,383.60105490290067,0.003236245954692557
21862167927_23_Z3,21862167927,23,3,144,165,0,3.7974246625584556,0.0665446785980358,1.15,5.5233184646083515,50.0,386.174937246573,0.003236245954692557
21862167927_24_Z3,21862167927,24,3,144,165,0,-1.1621041102422112,0.0672622870398496,1.2,5.5233184646083515,50.0,384.77982043608404,0.003236245954692557
21862167927_25_Z3,21862167927,25,3,144,165,0,1.2387887003837363,0.06671343679434498,1.25,6.14271281480022,50.0,392.0104536120968,0.003236245954692557
21862167927_26_Z3,21862167927,26,3,144,165,0,4.024297654048041,0.06854257785957256,1.3,8.15486164182424,50.0,418.4100418410041,0.003236245954692557
21862167927_27_Z4,21862167927,27,4,165,185,0,5.529500570564238,0.07079664097287554,1.35,10.91961192710636,50.0,430.5461137548165,0.003236245954692557
21862167927_28_Z4,21862167927,28,4,165,185,0,5.381479242501456,0.07342001091556782,1.4,13.610351548357087,50.0,435.52357508047766,0.003236245954692557
21862167927_29_Z4,21862167927,29,4,165,185,0,1.6490553213913302,0.07562837180585885,1.45,14.434879209052752,50.0,430.786904078114,0.003236245954692557
21862167927_30_Z4,21862167927,30,4,165,185,0,-2.4797344089215585,0.07505585109176714,1.5,14.434879209052752,50.0,404.7870468145024,0.003236245954692557
21862167927_31_Z4,21862167927,31,4,165,185,0,-1.913338285403995,0.07393666244893152,1.55,14.434879209052752,50.0,429.32628797886434,0.003236245954692557
21862167927_32_Z4,21862167927,32,4,165,185,0,1.1123153449364906,0.07369827178930786,1.6,14.991036881520998,50.0,412.82175813501635,0.003236245954692557
21862167927_33_Z4,21862167927,33,4,165,185,0,0.1846410429523644,0.07423003595835587,1.65,15.08335740299718,50.0,413.72177210825726,0.003236245954692557
21862167927_34_Z3,21862167927,34,3,144,165,0,-0.3145108930104641,0.0741525821322147,1.7,15.08335740299718,50.0,404.98442367601075,0.003236245954692557
21862167927_36_Z3,21862167927,36,3,144,165,0,-1.4418864652578236,0.07144332413145534,1.8,15.08335740299718,50.0,438.5964912280703,0.003236245954692557
21862167927_37_Z3,21862167927,37,3,144,165,0,8.660489195133692,0.07319306587673967,1.85,19.413602000564026,50.0,444.21217663966576,0.003236245954692557
21862167927_38_Z4,21862167927,38,4,165,185,0,7.674069368205949,0.0776505854348733,1.9,23.250636684667,50.0,424.903011269166,0.003236245954692557
21862167927_39_Z4,21862167927,39,4,165,185,0,1.6171939639972948,0.07987333583270517,1.95,24.059233666665648,50.0,420.3362690152119,0.003236245954692557
21862167927_40_Z4,21862167927,40,4,165,185,0,1.5828027584318534,0.08064638162584534,2.0,24.850635045881575,50.0,398.2393628170192,0.003236245954692557
21862167927_41_Z4,21862167927,41,4,165,185,0,0.031185672131840647,0.08097559829462594,2.05,24.866227881947495,50.0,424.1781548250257,0.003236245954692557
21862167927_42_Z4,21862167927,42,4,165,185,0,4.90286928643269,0.08198513997559126,2.1,27.31766252516384,50.0,437.1836171191897,0.003236245954692557
21862167927_43_Z4,21862167927,43,4,165,185,0,10.001384239126736,0.08593801437166299,2.15,32.31835464472721,50.0,399.7335109926738,0.003236245954692557
21862167927_45_Z4,21862167927,45,4,165,185,0,-2.4520651156854285,0.08982516043391077,2.25,34.06488874793648,50.0,406.0455673358906,0.003236245954692557
21862167927_46_Z4,21862167927,46,4,165,185,0,-7.839426544295549,0.08697965439183236,2.3,34.06488874793648,50.0,400.436840189297,0.003236245954692557
21862167927_47_Z4,21862167927,47,4,165,185,0,-5.028551288341333,0.08378410037549769,2.35,34.06488874793648,50.0,410.826486225233,0.003236245954692557
21862167927_48_Z4,21862167927,48,4,165,185,0,-11.867005064929772,0.0802281943150586,2.4,34.06488874793648,50.0,445.67062818335836,0.003236245954692557
21862167927_49_Z3,21862167927,49,3,144,165,0,-1.5060833688104367,0.07474008479213926,2.45,34.06488874793648,50.0,406.9175991861678,0.003236245954692557
21862167927_50_Z3,21862167927,50,3,144,165,0,5.817891044187718,0.07775575997928506,2.5,36.97383427003034,50.0,405.67951318458404,0.003236245954692557
21862167927_51_Z3,21862167927,51,3,144,165,0,7.950676471579982,0.08078433903027776,2.55,40.94917250582033,50.0,407.1661237784988,0.003236245954692557
21862167927_52_Z3,21862167927,52,3,144,165,0,1.9214375591771784,0.08353670818941017,2.6,41.90989128540892,50.0,397.35099337748585,0.003236245954692557
21862167927_53_Z3,21862167927,53,3,144,165,0,-4.448817451323208,0.08296546248738133,2.65,41.90989128540892,50.0,440.5286343612332,0.003236245954692557
21862167927_54_Z3,21862167927,54,3,144,165,0,0.39787027677090236,0.08070819818122073,2.7,42.10882642379437,50.0,382.3178016726412,0.003236245954692557
21862167927_56_Z3,21862167927,56,3,144,165,0,-13.348729101674193,0.08323696678999865,2.8,46.52590029730159,50.0,416.8710152035338,0.003236245954692557
21862167927_58_Z3,21862167927,58,3,144,165,0,-7.444335394907341,0.073270289126033,2.9,46.52590029730159,50.0,427.5940706955539,0.003236245954692557
21862167927_59_Z3,21862167927,59,3,144,165,0,-2.3090067416217437,0.07107206700629512,2.95,46.52590029730159,50.0,400.86854852179795,0.003236245954692557
21862167927_60_Z3,21862167927,60,3,144,165,0,-7.88141879748207,0.06848062826495545,3.0,46.52590029730159,50.0,390.71477821190336,0.003236245954692557
21862167927_61_Z3,21862167927,61,3,144,165,0,-6.922684362755818,0.06465621115536202,3.05,46.52590029730159,50.0,410.5243515581254,0.003236245954692557
21862167927_62_Z3,21862167927,62,3,144,165,0,-1.6616445791753733,0.06243900565983196,3.1,46.52590029730159,50.0,425.03863987635435,0.003236245954692557
21862167927_63_Z3,21862167927,63,3,144,165,0,0.5803781121572769,0.06217667029560693,3.15,46.81608935338023,50.0,426.7744833782571,0.003236245954692557
21862167927_64_Z3,21862167927,64,3,144,165,0,2.3657276187041276,0.06297165282769343,3.2,47.99895316273229,50.0,432.00276481769566,0.003236245954692557
21862167927_65_Z4,21862167927,65,4,165,185,0,8.211799105637922,0.06556191794311168,3.25,52.10485271555125,50.0,421.84724689164796,0.003236245954692557
21862167927_66_Z4,21862167927,66,4,165,185,0,3.5530263463590757,0.06869473058121166,3.3,53.88136588873079,50.0,431.70436884821385,0.003236245954692557
21862167927_67_Z4,21862167927,67,4,165,185,0,2.7904789602649487,0.07049685284596875,3.35,55.276605368863265,50.0,441.14232644532456,0.003236245954692557
21862167927_68_Z4,21862167927,68,4,165,185,0,0.6540016889547928,0.0704728519648085,3.4,55.60360621334066,50.0,447.67767207610416,0.003236245954692557
21862167927_69_Z4,21862167927,69,4,165,185,0,12.004543735023931,0.0744528895977595,3.45,61.60587808085263,50.0,410.5090311986842,0.003236245954692557
21862167927_70_Z4,21862167927,70,4,165,185,0,-1.6082753805497987,0.07721656553937897,3.5,61.60587808085263,50.0,422.73367778299746,0.003236245954692557
21862167927_71_Z4,21862167927,71,4,165,185,0,4.8957671794061355,0.07708004272468509,3.55,64.0537616705557,50.0,419.1274528481633,0.003236245954692557
21862167927_72_Z4,21862167927,72,4,165,185,0,0.004956931490852412,0.07942521797557385,3.6,64.05624013630113,50.0,409.107079331197,0.003236245954692557
21862167927_73_Z4,21862167927,73,4,165,185,0,-5.019889543391145,0.07776003600658951,3.65,64.05624013630113,50.0,409.24410207029405,0.003236245954692557
21862167927_74_Z3,21862167927,74,3,144,165,0,-4.609799399320735,0.07503818982187922,3.7,64.05624013630113,50.0,395.25691699604664,0.003236245954692557
21862167927_76_Z3,21862167927,76,3,144,165,0,-7.224501903885084,0.07179112522654615,3.8,64.05624013630113,50.0,445.6327985739758,0.003236245954692557
21862167927_79_Z4,21862167927,79,4,165,185,0,1.364943198206305,0.07060441413279794,3.95,66.64331447710937,50.0,394.51827242524666,0.003236245954692557
21862167927_80_Z4,21862167927,80,4,165,185,0,-1.9658390699930806,0.0703848352230855,4.0,66.64331447710937,50.0,391.5426781519191,0.003236245954692557
21862167927_81_Z3,21862167927,81,3,144,165,0,-0.159891429861716,0.06973689885857058,4.05,66.64331447710937,50.0,399.7539975399756,0.003236245954692557
21862167927_83_Z3,21862167927,83,3,144,165,0,-4.186988439235591,0.06824253424837924,4.15,66.64331447710937,50.0,389.4658753709194,0.003236245954692557
21862167927_84_Z4,21862167927,84,4,165,185,0,-2.6357165916399197,0.0661254961569322,4.2,66.64331447710937,50.0,413.7931034482759,0.003236245954692557
21862167927_85_Z4,21862167927,85,4,165,185,0,-0.9663200678236592,0.06550222112107834,4.25,66.64331447710937,50.0,406.5040650406523,0.003236245954692557
21862167927_87_Z4,21862167927,87,4,165,185,0,2.835687148421755,0.06633217313823427,4.35,68.50219764301586,50.0,410.4903078677275,0.003236245954692557
21862167927_88_Z4,21862167927,88,4,165,185,0,1.6612842453502878,0.06757528050359214,4.4,69.332839765691,50.0,419.87403778866445,0.003236245954692557
21862167927_90_Z4,21862167927,90,4,165,185,0,-0.9954025065409553,0.06835969299026091,4.5,69.99796201847712,50.0,420.68794852758424,0.003236245954692557
21862167927_91_Z4,21862167927,91,4,165,185,0,3.088337985824438,0.06867036902327593,4.55,71.54213101138934,50.0,401.8998903909406,0.003236245954692557
21862167927_92_Z4,21862167927,92,4,165,185,0,2.8319312016114964,0.070457819343954,4.6,72.95809661219509,50.0,412.32638888888954,0.003236245954692557
21862167927_93_Z4,21862167927,93,4,165,185,0,1.1225642428561855,0.07128097723873732,4.65,73.51937873362318,50.0,421.65626581211023,0.003236245954692557
21862167927_94_Z4,21862167927,94,4,165,185,0,0.7705744818036067,0.07183671310473108,4.7,73.90466597452499,50.0,419.5070791819576,0.003236245954692557
21862167927_95_Z4,21862167927,95,4,165,185,0,1.0933992721112133,0.07226168064949935,4.75,74.4513656105806,50.0,404.1764904008076,0.003236245954692557
21862167927_96_Z4,21862167927,96,4,165,185,0,-3.691185344468863,0.07172647971603273,4.8,74.4513656105806,50.0,394.86673247779333,0.003236245954692557
21862167927_97_Z4,21862167927,97,4,165,185,0,-2.157530606170127,0.07009923848903434,4.85,74.4513656105806,50.0,390.55565418072126,0.003236245954692557
21862167927_98_Z4,21862167927,98,4,165,185,0,-3.532944813740329,0.06866752523602787,4.9,74.4513656105806,50.0,392.8866832092665,0.003236245954692557
21862167927_99_Z4,21862167927,99,4,165,185,0,-1.9425171156295846,0.06740183886905443,4.95,74.4513656105806,50.0,403.2965106084471,0.003236245954692557
21862167927_100_Z4,21862167927,100,4,165,185,0,-0.7650241673462119,0.06658086312643977,5.0,74.4513656105806,50.0,388.3495145631085,0.003236245954692557
21862167927_101_Z4,21862167927,101,4,165,185,0,-1.7275402728643314,0.06605517758956655,5.05,74.4513656105806,50.0,387.59689922480527,0.003236245954692557
21862167927_102_Z4,21862167927,102,4,165,185,0,2.911192583342171,0.06620184287005898,5.1,75.90696190225168,50.0,401.2841091492765,0.003236245954692557
21862167927_104_Z4,21862167927,104,4,165,185,0,-1.0509640581801136,0.06676565603258869,5.2,75.98977720075584,50.0,386.34900193175133,0.003236245954692557
21862167927_105_Z4,21862167927,105,4,165,185,0,1.450471395089295,0.06698620743083124,5.25,76.71501289830049,50.0,397.75809076116144,0.003236245954692557
21862167927_106_Z4,21862167927,106,4,165,185,0,1.81455643973797,0.06782986249456971,5.3,77.62229111816947,50.0,392.9273084479337,0.003236245954692557
21862167927_107_Z4,21862167927,107,4,165,185,0,-0.6791267982323177,0.06815363060701173,5.35,77.62229111816947,50.0,388.16108685104933,0.003236245954692557
21862167927_109_Z4,21862167927,109,4,165,185,0,-0.48934422900748586,0.0666465507493727,5.45,77.62229111816947,50.0,380.34865293185203,0.003236245954692557
21862167927_111_Z4,21862167927,111,4,165,185,0,-5.5465534054128645,0.06392059023200528,5.55,77.62229111816947,50.0,383.83382253330353,0.003236245954692557
21862167927_114_Z3,21862167927,114,3,144,165,0,-2.053133743367951,0.05940053493148807,5.7,77.62229111816947,50.0,389.75501113585665,0.003236245954692557
21862167927_115_Z3,21862167927,115,3,144,165,0,-0.15200447197095457,0.05851899419024434,5.75,77.62229111816947,50.0,414.36464088398174,0.003236245954692557
21862167927_116_Z3,21862167927,116,3,144,165,0,0.545018968986156,0.059028284315263684,5.8,77.89480060266254,50.0,420.0642451198392,0.003236245954692557
21862167927_117_Z4,21862167927,117,4,165,185,0,-2.1378781999624152,0.05851945888203463,5.85,77.89480060266254,50.0,413.29429998278147,0.003236245954692557
21862167927_119_Z4,21862167927,119,4,165,185,0,-6.047609173881981,0.052826440669523425,5.95,77.89480060266254,50.0,406.34674922601107,0.003236245954692557
21862167927_120_Z4,21862167927,120,4,165,185,0,0.735905981231781,0.051396439463863526,6.0,78.26275359327843,50.0,427.35042735042344,0.003236245954692557
21862167927_122_Z4,21862167927,122,4,165,185,0,3.98643309618501,0.0582627234117478,6.1,85.49756642992497,50.0,414.7226542249878,0.003236245954692557
21862167927_123_Z4,21862167927,123,4,165,185,0,0.4603638412550879,0.0593848427911868,6.15,85.72774835055252,50.0,400.80160320641573,0.003236245954692557
21862167927_124_Z4,21862167927,124,4,165,185,0,4.9756233095689595,0.06056254551505677,6.2,88.215560005337,50.0,407.94608017027235,0.003236245954692557
21862167927_125_Z4,21862167927,125,4,165,185,0,-1.69200035623183,0.06168895928484842,6.25,88.215560005337,50.0,401.1461318051548,0.003236245954692557
21862167927_126_Z4,21862167927,126,4,165,185,0,-0.7335944968280614,0.06078259979246902,6.3,88.215560005337,50.0,396.5631196298795,0.003236245954692557
21862167927_127_Z4,21862167927,127,4,165,185,0,0.7281877282282494,0.06085934586292566,6.35,88.57965386945112,50.0,396.68229354489694,0.003236245954692557
21862167927_128_Z4,21862167927,128,4,165,185,0,-2.7596547518265453,0.06045175718791456,6.4,88.57965386945112,50.0,435.12658227847754,0.003236245954692557
21862167927_129_Z4,21862167927,129,4,165,185,0,2.8266467887185627,0.06010917056545478,6.45,89.9929772638104,50.0,398.2477100756723,0.003236245954692557
21862167927_130_Z4,21862167927,130,4,165,185,0,3.7118546895295594,0.062146671128079985,6.5,91.84890460857518,50.0,393.23633503735294,0.003236245954692557
21862167927_131_Z4,21862167927,131,4,165,185,0,0.6387487311661744,0.06304444166259708,6.55,92.16827897415827,50.0,403.14025037131245,0.003236245954692557
21862167927_132_Z4,21862167927,132,4,165,185,0,5.115143320512786,0.06452550660388906,6.6,94.72585063441466,50.0,399.3465238700364,0.003236245954692557
21862167927_133_Z4,21862167927,133,4,165,185,0,-0.9923015478767923,0.06578658289849666,6.65,94.72585063441466,50.0,389.94800693240256,0.003236245954692557
21862167927_134_Z4,21862167927,134,4,165,185,0,-5.476774069619921,0.06401466352830791,6.7,94.72585063441466,50.0,388.62753119247753,0.003236245954692557
21862167927_135_Z4,21862167927,135,4,165,185,0,-5.000860095020457,0.061285226089412566,6.75,94.72585063441466,50.0,370.37037037036595,0.003236245954692557
21862167927_137_Z4,21862167927,137,4,165,185,0,4.076769372513226,0.06318024293788381,6.85,98.55861546773173,50.0,385.4737269222969,0.003236245954692557
21862167927_138_Z4,21862167927,138,4,165,185,0,-2.2260585778481072,0.06347505277671904,6.9,98.55861546773173,50.0,369.5339765961812,0.003236245954692557
21862167927_139_Z4,21862167927,139,4,165,185,0,-3.0077430580423226,0.0619574565319185,6.95,98.55861546773173,50.0,365.12027491409333,0.003236245954692557
21862167927_140_Z4,21862167927,140,4,165,185,0,1.6424613733913418,0.06161471525824151,7.0,99.3798461544274,50.0,359.79851283280925,0.003236245954692557
21862167927_141_Z4,21862167927,141,4,165,185,0,-2.2293783526014295,0.06163067805115122,7.05,99.3798461544274,50.0,383.83382253330353,0.003236245954692557
21862167927_142_Z4,21862167927,142,4,165,185,0,0.11923702328941488,0.06105316540611992,7.1,99.4394646660721,50.0,373.7619136609964,0.003236245954692557
21862167927_143_Z4,21862167927,143,4,165,185,0,-0.10437345478381133,0.06096041597597021,7.15,99.4394646660721,50.0,358.48718408316927,0.003236245954692557
21862167927_144_Z4,21862167927,144,4,165,185,0,-0.8762242335996717,0.060881675491947486,7.2,99.4394646660721,50.0,360.1656762110587,0.003236245954692557
21862167927_145_Z4,21862167927,145,4,165,185,0,-2.4161172901010985,0.060015959585125754,7.25,99.4394646660721,50.0,374.11971830986244,0.003236245954692557
21862167927_146_Z4,21862167927,146,4,165,185,0,-2.1070618385981845,0.05863637668563931,7.3,99.4394646660721,50.0,386.8078175895774,0.003236245954692557
21862167927_147_Z4,21862167927,147,4,165,185,0,2.491097678145181,0.059097087915467826,7.35,100.6850135051447,50.0,379.39297124600006,0.003236245954692557
21862167927_148_Z4,21862167927,148,4,165,185,0,-1.8406048796557712,0.058994696780038616,7.4,100.6850135051447,50.0,377.86174705490293,0.003236245954692557
21862167927_149_Z4,21862167927,149,4,165,185,0,1.126238476690304,0.05893803804943335,7.45,101.24813274348985,50.0,387.6803790652647,0.003236245954692557
21862167927_151_Z4,21862167927,151,4,165,185,0,1.3626822420783355,0.059815456446761665,7.55,102.25130800968348,50.0,385.1444291609315,0.003236245954692557
21862167927_153_Z4,21862167927,153,4,165,185,0,-3.789083775042954,0.05875709254048076,7.65,102.25130800968348,50.0,358.1963758954907,0.003236245954692557
21862167927_154_Z4,21862167927,154,4,165,185,0,3.548661797366364,0.0585194848554163,7.7,104.02563890836666,50.0,368.27195467421905,0.003236245954692557
21862167927_156_Z4,21862167927,156,4,165,185,0,-0.256631457119326,0.06090438971096341,7.8,105.41190701491958,50.0,380.0581265370035,0.003236245954692557
21862167927_157_Z4,21862167927,157,4,165,185,0,0.34304530651665743,0.061059023302361425,7.85,105.5834296681779,50.0,408.16326530612434,0.003236245954692557
21862167927_159_Z4,21862167927,159,4,165,185,0,0.3829488936631691,0.061824518601838456,7.95,106.25604088771178,50.0,391.964723174917,0.003236245954692557
21862167927_160_Z4,21862167927,160,4,165,185,0,-4.255147349194388,0.060686881956918494,8.0,106.25604088771178,50.0,350.19455252917913,0.003236245954692557
21862167927_161_Z4,21862167927,161,4,165,185,0,0.7782397974095545,0.059630778488641574,8.05,106.64516078641655,50.0,352.84350352843956,0.003236245954692557
21862167927_162_Z4,21862167927,162,4,165,185,0,6.188325579480306,0.06153399212993398,8.1,109.7393235761567,50.0,602.4096385542115,0.003236245954692557
21862167927_163_Z4,21862167927,163,4,165,185,0,7.243209385985722,0.06514911970847236,8.15,113.36092826914957,50.0,455.92705167173756,0.003236245954692557
21862167927_166_Z4,21862167927,166,4,165,185,0,10.406477599535974,0.08149017895137729,8.3,130.20655282561987,50.0,496.7602591792539,0.003236245954692557
21862167927_167_Z4,21862167927,167,4,165,185,0,8.067746724998642,0.08557665647229816,8.35,134.2404261881192,50.0,442.1843908910058,0.003236245954692557
21862167927_168_Z4,21862167927,168,4,165,185,0,5.643245638678508,0.08925505274911397,8.4,137.06204900745843,50.0,454.26388602105857,0.003236245954692557
21862167927_169_Z4,21862167927,169,4,165,185,0,4.593499495054942,0.09162197274051972,8.45,139.3587987549859,50.0,437.09616115544753,0.003236245954692557
21862167927_171_Z4,21862167927,171,4,165,185,0,4.02151222201428,0.0954997198020889,8.55,143.23712422377085,50.0,449.06641455919197,0.003236245954692557
21862167927_172_Z4,21862167927,172,4,165,185,0,4.587177663594872,0.09804888212339025,8.6,145.5307130555683,50.0,448.5109436670272,0.003236245954692557
21862167927_173_Z4,21862167927,173,4,165,185,0,0.07490223575052823,0.09879502447159377,8.65,145.56816417344356,50.0,459.27000241722186,0.003236245954692557
21862167927_174_Z4,21862167927,174,4,165,185,0,15.26289568057939,0.10232980690151909,8.7,153.19961201373326,50.0,596.7078189300366,0.003236245954692557
21862167927_175_Z4,21862167927,175,4,165,185,0,5.707222442546225,0.10866496973674994,8.75,156.05322323500639,50.0,540.5405405405405,0.003236245954692557
21862167927_177_Z4,21862167927,177,4,165,185,0,-1.18174360268452,0.11118789308501421,8.85,157.77463682853625,50.0,456.042563972624,0.003236245954692557
21862167927_178_Z4,21862167927,178,4,165,185,0,-0.5261486072568005,0.11008429094122638,8.9,157.77463682853625,50.0,440.063369125158,0.003236245954692557
21862167927_179_Z4,21862167927,179,4,165,185,0,4.215324424762173,0.11174732083356861,8.95,159.88229904091733,50.0,470.26279391425095,0.003236245954692557
21862167927_181_Z4,21862167927,181,4,165,185,0,6.380830395874995,0.11058314180030307,9.05,163.07271423885481,50.0,495.35603715171396,0.003236245954692557
21862167927_183_Z4,21862167927,183,4,165,185,0,15.897276141282646,0.12178066990321791,9.15,176.69755493733737,50.0,535.3955978584145,0.003236245954692557
21862167927_184_Z4,21862167927,184,4,165,185,0,18.601606440483863,0.13095784671174218,9.2,185.9983581575793,50.0,640.3415154749274,0.003236245954692557
21862167927_185_Z5,21862167927,185,5,185,206,0,12.511909158885487,0.13845416767535604,9.25,192.25431273702205,50.0,595.2380952380995,0.003236245954692557
21862167927_186_Z5,21862167927,186,5,185,206,0,10.448324190927565,0.144082579462975,9.3,197.47847483248583,50.0,595.7446808510638,0.003236245954692557
21862167927_188_Z5,21862167927,188,5,185,206,0,12.695796525938192,0.1572175909781703,9.4,211.03279091821304,50.0,551.1160099200749,0.003236245954692557
21862167927_189_Z5,21862167927,189,5,185,206,0,8.427923107478307,0.16295653555713002,9.45,215.2467524719522,50.0,521.6324025774754,0.003236245954692557
21862167927_192_Z5,21862167927,192,5,185,206,0,-4.99085588696704,0.15430559801320418,9.6,215.2467524719522,50.0,398.00995024875624,0.003236245954692557
21862167927_193_Z5,21862167927,193,5,185,206,0,4.80317395624013,0.15381522294500072,9.65,217.64833945007226,50.0,438.716753496032,0.003236245954692557
21862167927_194_Z4,21862167927,194,4,165,185,0,12.962869913827035,0.15905577390974263,9.7,224.12977440698577,50.0,437.7564979480251,0.003236245954692557
21862167927_195_Z4,21862167927,195,4,165,185,0,-0.8672233976535608,0.16228963138418795,9.75,224.12977440698577,50.0,420.06424511982976,0.003236245954692557
21862167927_196_Z4,21862167927,196,4,165,185,0,-3.329642288901425,0.16072702933652758,9.8,224.12977440698577,50.0,399.58304378040657,0.003236245954692557
21862167927_197_Z4,21862167927,197,4,165,185,0,-0.9293587920457753,0.15971530724839633,9.85,224.12977440698577,50.0,402.6170105686926,0.003236245954692557
21862167927_198_Z4,21862167927,198,4,165,185,0,-1.1700295589964753,0.15908070555440296,9.9,224.12977440698577,50.0,410.42974408498236,0.003236245954692557
21862167927_199_Z4,21862167927,199,4,165,185,0,3.9252686808173394,0.1599830491546359,9.95,226.09240874739444,50.0,430.78128059526387,0.003236245954692557
21862167927_200_Z4,21862167927,200,4,165,185,0,-1.4034444370207666,0.16073209220695833,10.0,226.09240874739444,50.0,407.2398190045349,0.003236245954692557
21862167927_202_Z4,21862167927,202,4,165,185,0,-2.4492354458836303,0.15706906492177622,10.1,226.09240874739444,50.0,385.1611595378072,0.003236245954692557
21862167927_203_Z4,21862167927,203,4,165,185,0,-3.7283055357750072,0.15520889016868583,10.15,226.09240874739444,50.0,394.6719289590443,0.003236245954692557
21862167927_204_Z4,21862167927,204,4,165,185,0,-2.9492048897888594,0.1541700924070248,10.2,226.09240874739444,50.0,418.80830001904604,0.003236245954692557
21862167927_205_Z4,21862167927,205,4,165,185,0,-8.511794601994268,0.15063999248190926,10.25,226.09240874739444,50.0,382.7751196172249,0.003236245954692557
21862167927_206_Z4,21862167927,206,4,165,185,0,-0.36296581521901317,0.14862801307239068,10.3,226.09240874739444,50.0,392.15686274509807,0.003236245954692557
21862167927_207_Z4,21862167927,207,4,165,185,0,-2.586055266202095,0.14800488443908408,10.35,226.09240874739444,50.0,400.0,0.003236245954692557
21862167927_208_Z4,21862167927,208,4,165,185,0,-5.220365855606303,0.14620872321813422,10.4,226.09240874739444,50.0,424.6676514032508,0.003236245954692557
21862167927_209_Z4,21862167927,209,4,165,185,0,-1.9229194260975078,0.14397936703412198,10.45,226.09240874739444,50.0,392.70687237025044,0.003236245954692557
21862167927_210_Z4,21862167927,210,4,165,185,0,0.8610555983910899,0.14389379294278334,10.5,226.52293654659,50.0,428.51577717179464,0.003236245954692557
21862167927_211_Z4,21862167927,211,4,165,185,0,4.120685948844027,0.14506204728893798,10.55,228.583279521012,50.0,425.74931880109466,0.003236245954692557
21862167927_212_Z4,21862167927,212,4,165,185,0,6.378747276743752,0.14775279168676006,10.6,231.77265315938388,50.0,431.4571484604843,0.003236245954692557
21862167927_213_Z4,21862167927,213,4,165,185,0,3.34673497109344,0.15053124080152758,10.65,233.4460206449306,50.0,417.05282669138234,0.003236245954692557
21862167927_214_Z4,21862167927,214,4,165,185,0,-3.9562917107971884,0.15032019439030464,10.7,233.4460206449306,50.0,425.9134723156187,0.003236245954692557
21862167927_215_Z4,21862167927,215,4,165,185,0,-9.26674765992368,0.146704670292117,10.75,233.4460206449306,50.0,509.2048570309491,0.003236245954692557
21862167927_216_Z4,21862167927,216,4,165,185,0,-3.660299290140756,0.14359200291495589,10.8,233.4460206449306,50.0,396.0396039604012,0.003236245954692557
21862167927_217_Z4,21862167927,217,4,165,185,0,-0.019824603893596304,0.14242932672481548,10.85,233.4460206449306,50.0,372.0383786958964,0.003236245954692557
21862167927_218_Z4,21862167927,218,4,165,185,0,-3.3111866167168387,0.14204922312019902,10.9,233.4460206449306,50.0,402.93040293041366,0.003236245954692557
21862167927_219_Z4,21862167927,219,4,165,185,0,-1.2238182955921388,0.14049275121800878,10.95,233.4460206449306,50.0,388.26574633304085,0.003236245954692557
21862167927_220_Z4,21862167927,220,4,165,185,0,-0.45010117863165533,0.1403443875784433,11.0,233.4460206449306,50.0,412.8522706874818,0.003236245954692557
21862167927_221_Z4,21862167927,221,4,165,185,0,0.16255542818629465,0.14004423737332067,11.05,233.52729835902375,50.0,406.7651466495473,0.003236245954692557
21862167927_222_Z4,21862167927,222,4,165,185,0,2.1585201635121507,0.14085741048637881,11.1,234.60655844077982,50.0,408.3806818181839,0.003236245954692557
21862167927_223_Z4,21862167927,223,4,165,185,0,7.730576467076617,0.1429452818138336,11.15,238.47184667431813,50.0,410.9589041095861,0.003236245954692557
21862167927_224_Z4,21862167927,224,4,165,185,0,4.53316402726449,0.14651677283718445,11.2,240.73842868795037,50.0,402.29885057472103,0.003236245954692557
21862167927_225_Z4,21862167927,225,4,165,185,0,3.374330615693964,0.14838021182427819,11.25,242.42559399579736,50.0,403.50877192982455,0.003236245954692557
21862167927_226_Z4,21862167927,226,4,165,185,0,-2.402407305276256,0.14863745500105233,11.3,242.42559399579736,50.0,388.24181919023744,0.003236245954692557
21862167927_227_Z4,21862167927,227,4,165,185,0,-2.4410884252101255,0.14729723952857077,11.35,242.42559399579736,50.0,351.04142288788944,0.003236245954692557
21862167927_228_Z4,21862167927,228,4,165,185,0,-4.165383873256189,0.14578037551451772,11.4,242.42559399579736,50.0,388.34951456310927,0.003236245954692557
21862167927_229_Z4,21862167927,229,4,165,185,0,-1.1069950954112073,0.14414095689974318,11.45,242.42559399579736,50.0,388.5171595078789,0.003236245954692557
21862167927_230_Z4,21862167927,230,4,165,185,0,-11.935670098625792,0.14169743425367248,11.5,242.42559399579736,50.0,472.8618421052688,0.003236245954692557
21862167927_231_Z4,21862167927,231,4,165,185,0,-12.982164308729693,0.1347253155133538,11.55,242.42559399579736,50.0,397.2194637537354,0.003236245954692557
21862167927_232_Z3,21862167927,232,3,144,165,0,-5.871944417790587,0.1297830054138453,11.6,242.42559399579736,50.0,397.4748655599679,0.003236245954692557
21862167927_233_Z3,21862167927,233,3,144,165,0,-5.022886587258398,0.12766796706641526,11.65,242.42559399579736,50.0,429.90207786005345,0.003236245954692557
21862167927_234_Z3,21862167927,234,3,144,165,0,-5.2389631843894335,0.12456704318864116,11.7,242.42559399579736,50.0,392.5190487185454,0.003236245954692557
21862167927_235_Z3,21862167927,235,3,144,165,0,-1.1574404870109731,0.12325849238775366,11.75,242.42559399579736,50.0,387.8474466709773,0.003236245954692557
21862167927_236_Z4,21862167927,236,4,165,185,0,-2.071392868699121,0.12250071931486953,11.8,242.42559399579736,50.0,376.78975131876894,0.003236245954692557
21862167927_237_Z4,21862167927,237,4,165,185,0,0.8527144689251713,0.12186400144350171,11.85,242.85195123025994,50.0,387.6803790652571,0.003236245954692557
21862167927_238_Z4,21862167927,238,4,165,185,0,10.196993463444585,0.12474068657961936,11.9,247.95044796198223,50.0,386.597938144332,0.003236245954692557
21862167927_239_Z4,21862167927,239,4,165,185,0,3.5952763507798693,0.12875986179798157,11.95,249.74808613737218,50.0,412.84403669724423,0.003236245954692557
21862167927_240_Z4,21862167927,240,4,165,185,0,1.6342217420057068,0.1295381273313213,12.0,250.56519700837504,50.0,391.73789173789277,0.003236245954692557
21862167927_241_Z4,21862167927,241,4,165,185,0,1.4404491917662199,0.13046566527070724,12.05,251.28542160425815,50.0,400.8819402685956,0.003236245954692557
21862167927_242_Z4,21862167927,242,4,165,185,0,1.391975741499607,0.1312294291947467,12.1,251.98140947500795,50.0,392.1568627450856,0.003236245954692557
21862167927_243_Z4,21862167927,243,4,165,185,0,3.0593381117964213,0.13193296761108264,12.15,253.51107853090616,50.0,386.3636363636364,0.003236245954692557
21862167927_245_Z4,21862167927,245,4,165,185,0,-0.3637937778750029,0.13496713463100807,12.25,255.5941735882421,50.0,387.3716831299692,0.003236245954692557
21862167927_246_Z4,21862167927,246,4,165,185,0,3.3235020022122512,0.13562585688914103,12.3,257.25592458934824,50.0,382.6787512588145,0.003236245954692557
21862167927_247_Z4,21862167927,247,4,165,185,0,4.475863547143092,0.13773889153400834,12.35,259.4938563629198,50.0,365.51279294775145,0.003236245954692557
21862167927_248_Z4,21862167927,248,4,165,185,0,0.1949658260497813,0.13906893859273475,12.4,259.59133927594473,50.0,378.619153674836,0.003236245954692557
21862167927_249_Z4,21862167927,249,4,165,185,0,-4.6616807544757535,0.13782411491921795,12.45,259.59133927594473,50.0,376.9705277587351,0.003236245954692557
21862167927_250_Z4,21862167927,250,4,165,185,0,-3.24757118582221,0.1357261109019208,12.5,259.59133927594473,50.0,369.5150115473503,0.003236245954692557
21862167927_251_Z4,21862167927,251,4,165,185,0,-5.605069403159064,0.13362609191701988,12.55,259.59133927594473,50.0,367.9476696647582,0.003236245954692557
21862167927_253_Z4,21862167927,253,4,165,185,0,-2.0081459016845997,0.13061872935481791,12.65,259.59133927594473,50.0,369.8376823505234,0.003236245954692557
21862167927_254_Z4,21862167927,254,4,165,185,0,-4.247164531840042,0.12915529670655373,12.7,259.59133927594473,50.0,367.17062634989776,0.003236245954692557
21862167927_255_Z4,21862167927,255,4,165,185,0,-5.8896461843148415,0.12655208686392228,12.75,259.59133927594473,50.0,367.2917069398703,0.003236245954692557
21862167927_256_Z4,21862167927,256,4,165,185,0,-5.816081707639029,0.12355801580811418,12.8,259.59133927594473,50.0,361.3369467028099,0.003236245954692557
21862167927_257_Z4,21862167927,257,4,165,185,0,-3.4380439529989246,0.12107139315391204,12.85,259.59133927594473,50.0,358.3006312915849,0.003236245954692557
21862167927_258_Z4,21862167927,258,4,165,185,0,-2.0609452907553703,0.12001887001391566,12.9,259.59133927594473,50.0,367.7315559641443,0.003236245954692557
21862167927_259_Z4,21862167927,259,4,165,185,0,-0.7784544875023016,0.11904305320133282,12.95,259.59133927594473,50.0,361.5482773287929,0.003236245954692557
21862167927_260_Z4,21862167927,260,4,165,185,0,-2.374110023439755,0.1185249501247842,13.0,259.59133927594473,50.0,363.8452700114944,0.003236245954692557
21862167927_261_Z4,21862167927,261,4,165,185,0,-5.009695572538959,0.11657221627474577,13.05,259.59133927594473,50.0,377.58346581876214,0.003236245954692557
21862167927_262_Z4,21862167927,262,4,165,185,0,-0.346342408524805,0.11505581300698696,13.1,259.59133927594473,50.0,370.45107866636613,0.003236245954692557
21862167927_263_Z4,21862167927,263,4,165,185,0,-1.5163077512082452,0.11483067307979491,13.15,259.59133927594473,50.0,366.67345691588133,0.003236245954692557
21862167927_264_Z4,21862167927,264,4,165,185,0,-3.9125706709271526,0.11346865986693427,13.2,259.59133927594473,50.0,358.2089552238806,0.003236245954692557
21862167927_265_Z4,21862167927,265,4,165,185,0,-5.656933715780667,0.11114194503316274,13.25,259.59133927594473,50.0,361.59100040176304,0.003236245954692557
21862167927_266_Z4,21862167927,266,4,165,185,0,-10.955363389967772,0.10686719884890836,13.3,259.59133927594473,50.0,356.7888999008868,0.003236245954692557
21862167927_267_Z4,21862167927,267,4,165,185,0,-6.566612375743546,0.10230618886824153,13.35,259.59133927594473,50.0,352.26772346983654,0.003236245954692557
21862167927_268_Z4,21862167927,268,4,165,185,0,-4.751844548621591,0.09958346831372099,13.4,259.59133927594473,50.0,361.83584079222857,0.003236245954692557
21862167927_269_Z4,21862167927,269,4,165,185,0,-4.89986997715269,0.0972758723122203,13.45,259.59133927594473,50.0,363.19612590799215,0.003236245954692557
21862167927_270_Z4,21862167927,270,4,165,185,0,-8.716489175424897,0.09394384477706778,13.5,259.59133927594473,50.0,374.90627343164005,0.003236245954692557
21862167927_273_Z4,21862167927,273,4,165,185,0,-4.6951000263464095,0.08653330197866474,13.65,259.59133927594473,50.0,342.2703936109517,0.003236245954692557
21862167927_274_Z4,21862167927,274,4,165,185,0,-1.7628418600871782,0.08490450429861111,13.7,259.59133927594473,50.0,360.45314109165673,0.003236245954692557
21862167927_275_Z4,21862167927,275,4,165,185,0,-3.363520683208918,0.08389419285024713,13.75,259.59133927594473,50.0,366.16623947271523,0.003236245954692557
21862167927_276_Z4,21862167927,276,4,165,185,0,-3.564208255301452,0.08199364613961344,13.8,259.59133927594473,50.0,367.64705882353115,0.003236245954692557
21862167927_277_Z4,21862167927,277,4,165,185,0,-4.181784816385601,0.079918181178549,13.85,259.59133927594473,50.0,358.0664412174228,0.003236245954692557
21862167927_278_Z4,21862167927,278,4,165,185,0,-1.2000979610446052,0.07871142526730267,13.9,259.59133927594473,50.0,357.8194064407477,0.003236245954692557
21862167927_279_Z4,21862167927,279,4,165,185,0,-2.362877220261396,0.07781612996035438,13.95,259.59133927594473,50.0,364.26712922810293,0.003236245954692557
21862167927_280_Z4,21862167927,280,4,165,185,0,2.0960559372302328,0.07765117939766113,14.0,260.6393672445598,50.0,359.03573260386526,0.003236245954692557
21862167927_281_Z4,21862167927,281,4,165,185,0,-0.34944697821052273,0.07822422179030718,14.05,260.6393672445598,50.0,356.9303985722764,0.003236245954692557
21862167927_282_Z4,21862167927,282,4,165,185,0,2.22376918707144,0.07858156597764038,14.1,261.7512518380955,50.0,359.864521591873,0.003236245954692557
21862167927_283_Z4,21862167927,283,4,165,185,0,-0.6581399472090368,0.07922423222396605,14.15,261.7512518380955,50.0,365.0467716176141,0.003236245954692557
21862167927_284_Z4,21862167927,284,4,165,185,0,1.196348404278325,0.07905647011173919,14.2,262.3494260402347,50.0,375.49407114624233,0.003236245954692557
21862167927_285_Z4,21862167927,285,4,165,185,0,-1.212889493637789,0.07924295375791646,14.25,262.3494260402347,50.0,352.85815102328684,0.003236245954692557
21862167927_287_Z4,21862167927,287,4,165,185,0,1.6103551944981689,0.07921116540598244,14.35,263.1546036374838,50.0,376.7266638760936,0.003236245954692557
21862167927_288_Z4,21862167927,288,4,165,185,0,2.301836939376358,0.08006577970070891,14.4,264.30552210717195,50.0,380.7106598984807,0.003236245954692557
21862167927_289_Z4,21862167927,289,4,165,185,0,5.930076664289231,0.08225604077455063,14.45,267.27056043931657,50.0,371.2105588781209,0.003236245954692557
21862167927_290_Z4,21862167927,290,4,165,185,0,3.453101190578309,0.08477978760356342,14.5,268.9971110346057,50.0,355.8718861209981,0.003236245954692557
21862167927_293_Z4,21862167927,293,4,165,185,0,-0.23867196617499076,0.08379040152180686,14.65,268.9971110346057,50.0,348.0530780944006,0.003236245954692557
21862167927_294_Z4,21862167927,294,4,165,185,0,-0.5242307387504184,0.08376789154689482,14.7,268.9971110346057,50.0,355.55555555555554,0.003236245954692557
21862167927_295_Z4,21862167927,295,4,165,185,0,-0.9496539789471399,0.08327895842391195,14.75,268.9971110346057,50.0,360.6279168434495,0.003236245954692557
21862167927_296_Z4,21862167927,296,4,165,185,0,-2.7393142013824843,0.08241228324885744,14.8,268.9971110346057,50.0,357.36808913180795,0.003236245954692557
21862167927_297_Z4,21862167927,297,4,165,185,0,0.638780668831231,0.08182113450363429,14.85,269.31650136902135,50.0,356.06195478013126,0.003236245954692557
21862167927_298_Z4,21862167927,298,4,165,185,0,-1.1988150244074518,0.08172207472701436,14.9,269.31650136902135,50.0,348.5535029627096,0.003236245954692557
21862167927_299_Z4,21862167927,299,4,165,185,0,-1.7852169039092018,0.08109200629210535,14.95,269.31650136902135,50.0,342.7419354838685,0.003236245954692557
21862167927_300_Z4,21862167927,300,4,165,185,0,-0.955856391138667,0.08003748444078226,15.0,269.31650136902135,50.0,363.8017280582119,0.003236245954692557
21862167927_301_Z4,21862167927,301,4,165,185,0,1.4843699598793876,0.08054461020575367,15.05,270.05868634896103,50.0,334.3166175024558,0.003236245954692557
21862167927_302_Z4,21862167927,302,4,165,185,0,-5.354989304520984,0.07963494358476306,15.1,270.05868634896103,50.0,344.7532859297576,0.003236245954692557
21862167927_303_Z4,21862167927,303,4,165,185,0,-4.296194099259083,0.07688859524950202,15.15,270.05868634896103,50.0,366.97247706421575,0.003236245954692557
21862167927_304_Z4,21862167927,304,4,165,185,0,-4.308264993969658,0.07511991330274034,15.2,270.05868634896103,50.0,367.07882534775734,0.003236245954692557
21862167927_305_Z4,21862167927,305,4,165,185,0,-5.868896380955363,0.07210933546993699,15.25,270.05868634896103,50.0,363.3254969010546,0.003236245954692557
21862167927_306_Z4,21862167927,306,4,165,185,0,-1.7844419241307037,0.07045195074700907,15.3,270.05868634896103,50.0,362.3844899438271,0.003236245954692557
21862167927_307_Z4,21862167927,307,4,165,185,0,-2.6338330573964583,0.06929598628408849,15.35,270.05868634896103,50.0,351.33948177425765,0.003236245954692557
21862167927_308_Z4,21862167927,308,4,165,185,0,2.919307716563054,0.06924414597739414,15.4,271.51834020724255,50.0,361.1039463502837,0.003236245954692557
21862167927_310_Z4,21862167927,310,4,165,185,0,-0.7482821209846122,0.07078637710146485,15.5,272.3423097406108,50.0,390.0156006240338,0.003236245954692557
21862167927_311_Z4,21862167927,311,4,165,185,0,2.3149994993436565,0.0709268383377024,15.55,273.49980949028264,50.0,384.0782122904984,0.003236245954692557
21862167927_312_Z4,21862167927,312,4,165,185,0,2.9301177536037812,0.072690723108326,15.6,274.96486836708453,50.0,383.9205058717355,0.003236245954692557
21862167927_313_Z4,21862167927,313,4,165,185,0,-1.6675200932712357,0.07282274779182797,15.65,274.96486836708453,50.0,381.06698756517807,0.003236245954692557
21862167927_314_Z4,21862167927,314,4,165,185,0,1.4211057181073272,0.07243449622484423,15.7,275.6754212261382,50.0,358.12091847483117,0.003236245954692557
21862167927_315_Z4,21862167927,315,4,165,185,0,4.1042049805892304,0.07432414827407828,15.75,277.7275237164328,50.0,414.33975860205203,0.003236245954692557
21862167927_316_Z5,21862167927,316,5,185,206,0,10.964784074305639,0.07738541197720385,15.8,283.2099157535856,50.0,443.0905566325046,0.003236245954692557
21862167927_317_Z5,21862167927,317,5,185,206,0,14.139594052719929,0.08465555243114564,15.85,290.2797127799456,50.0,418.1818181818182,0.003236245954692557
21862167927_318_Z5,21862167927,318,5,185,206,0,-0.8022494887107996,0.08754939643817268,15.9,290.2797127799456,50.0,425.803704492235,0.003236245954692557
21862167927_319_Z5,21862167927,319,5,185,206,0,-3.4047559158804006,0.08635650378097591,15.95,290.2797127799456,50.0,409.06230333542265,0.003236245954692557
21862167927_320_Z4,21862167927,320,4,165,185,0,-2.973876747198716,0.08500019166234479,16.0,290.2797127799456,50.0,388.6010362694447,0.003236245954692557
21862167927_321_Z4,21862167927,321,4,165,185,0,-0.46077430922068174,0.0836196247273688,16.05,290.2797127799456,50.0,369.0036900368954,0.003236245954692557
21862167927_322_Z4,21862167927,322,4,165,185,0,1.9828012681980454,0.08438817780329749,16.1,291.27111341404463,50.0,359.3244699964077,0.003236245954692557
21862167927_323_Z4,21862167927,323,4,165,185,0,-1.279135596380911,0.08481651438317482,16.15,291.27111341404463,50.0,391.35613408201175,0.003236245954692557
21862167927_324_Z4,21862167927,324,4,165,185,0,1.0280716055986545,0.08406585391996141,16.2,291.78514921684393,50.0,388.09831824062,0.003236245954692557
21862167927_326_Z4,21862167927,326,4,165,185,0,4.631070745887882,0.09287716662412772,16.3,300.7701235291172,50.0,370.86092715231786,0.003236245954692557
21862167927_327_Z4,21862167927,327,4,165,185,0,5.866654120548674,0.09531387351762005,16.35,303.70345058939154,50.0,361.99095022624834,0.003236245954692557
21862167927_328_Z5,21862167927,328,5,185,206,0,-6.040737016807327,0.09522990408082482,16.4,303.70345058939154,50.0,385.2504127683107,0.003236245954692557
21862167927_330_Z4,21862167927,330,4,165,185,0,-9.94809661571935,0.08820543447827299,16.5,303.70345058939154,50.0,357.05784337063966,0.003236245954692557
21862167927_331_Z4,21862167927,331,4,165,185,0,-3.1210484243569,0.08530641420003929,16.55,303.70345058939154,50.0,367.19706242348565,0.003236245954692557
21862167927_332_Z4,21862167927,332,4,165,185,0,-3.5815629097749024,0.0833266299807052,16.6,303.70345058939154,50.0,369.9788583509618,0.003236245954692557
21862167927_333_Z4,21862167927,333,4,165,185,0,-0.9751753915950587,0.08249462257244802,16.65,303.70345058939154,50.0,373.7444522307758,0.003236245954692557
21862167927_335_Z4,21862167927,335,4,165,185,0,-4.625268518790591,0.07702964630023586,16.75,303.70345058939154,50.0,334.85540334856887,0.003236245954692557
21862167927_337_Z4,21862167927,337,4,165,185,0,2.0632975753867413,0.07470937196647294,16.85,304.7350993770849,50.0,343.54423131977956,0.003236245954692557
21862167927_338_Z4,21862167927,338,4,165,185,0,-2.132912974293731,0.075110683195428,16.9,304.7350993770849,50.0,373.45102699032515,0.003236245954692557
21862167927_339_Z4,21862167927,339,4,165,185,0,0.6798228795046839,0.07445259394193464,16.95,305.0750108168372,50.0,373.59900373598776,0.003236245954692557
21862167927_340_Z4,21862167927,340,4,165,185,0,1.9777435610604357,0.0752093920644298,17.0,306.0638825973674,50.0,369.3823106915691,0.003236245954692557
21862167927_341_Z5,21862167927,341,5,185,206,0,-0.3678251861525439,0.07557115002341308,17.05,306.0638825973674,50.0,341.09149277688505,0.003236245954692557
21862167927_342_Z5,21862167927,342,5,185,206,0,2.4052805387178466,0.07612230937424685,17.1,307.26652286672635,50.0,366.7745415318346,0.003236245954692557
21862167927_345_Z4,21862167927,345,4,165,185,0,-4.347038884203215,0.0719424027824182,17.25,307.26652286672635,50.0,350.262697022771,0.003236245954692557
21862167927_346_Z4,21862167927,346,4,165,185,0,-1.7243137797269696,0.07046379700850926,17.3,307.26652286672635,50.0,373.28094302555627,0.003236245954692557
21862167927_347_Z4,21862167927,347,4,165,185,0,-1.7711908687135463,0.0695442530314349,17.35,307.26652286672635,50.0,336.2474781439095,0.003236245954692557
21862167927_349_Z4,21862167927,349,4,165,185,0,0.5138916276343082,0.07010677267223014,17.45,308.07737109735217,50.0,339.61099104662543,0.003236245954692557
21862167927_350_Z4,21862167927,350,4,165,185,0,-3.8350173098134803,0.06889087482240196,17.5,308.07737109735217,50.0,350.7541213609233,0.003236245954692557
21862167927_351_Z4,21862167927,351,4,165,185,0,-0.7798939958379947,0.06779645707792169,17.55,308.07737109735217,50.0,353.2974427994694,0.003236245954692557
21862167927_352_Z4,21862167927,352,4,165,185,0,0.18859166711814623,0.0676867602511732,17.6,308.1716669309112,50.0,351.7587939698235,0.003236245954692557
21862167927_353_Z5,21862167927,353,5,185,206,0,0.8050340515353298,0.06798318546375898,17.65,308.5741839566789,50.0,353.9196602371362,0.003236245954692557
21862167927_354_Z5,21862167927,354,5,185,206,0,0.029724402672940187,0.0681954982420395,17.7,308.5890461580154,50.0,348.28036569439394,0.003236245954692557
21862167927_355_Z5,21862167927,355,5,185,206,0,-0.4859891482829539,0.0679929098421933,17.75,308.5890461580154,50.0,354.52611675725683,0.003236245954692557
21862167927_357_Z5,21862167927,357,5,185,206,0,8.689246913214134,0.07328730827323764,17.85,315.97215604926896,50.0,371.017023134005,0.003236245954692557
21862167927_358_Z5,21862167927,358,5,185,206,0,4.907516807759748,0.07655508464845094,17.9,318.42591445314883,50.0,360.8660785886053,0.003236245954692557
21862167927_359_Z5,21862167927,359,5,185,206,0,2.175641817199022,0.07857429241718965,17.95,319.51373536174833,50.0,353.48837209302326,0.003236245954692557
21862167927_360_Z5,21862167927,360,5,185,206,0,-3.095535074865637,0.07809091428913005,18.0,319.51373536174833,50.0,353.912701533643,0.003236245954692557
21862167927_361_Z5,21862167927,361,5,185,206,0,-0.7677476395866449,0.07710724643937646,18.05,319.51373536174833,50.0,356.9415743001852,0.003236245954692557
21862167927_362_Z5,21862167927,362,5,185,206,0,-0.8084739761077674,0.07682157020589013,18.1,319.51373536174833,26.959999999999127,368.32412523024453,0.003236245954692557
21909979898_5_Z2,21909979898,5,2,124,144,0,-5.3414833339157894,0.2925229395769062,0.25,0.0,50.0,458.7155963302754,0.010309278350515464
21909979898_6_Z2,21909979898,6,2,124,144,0,-1.5606207442937148,0.2905618565770007,0.3,0.0,50.0,460.9622587150672,0.010309278350515464
21909979898_7_Z1,21909979898,7,1,103,124,0,3.0042046718997426,0.2906432244675878,0.35,1.5021023359498713,50.0,513.3651973800672,0.010309278350515464
21909979898_9_Z2,21909979898,9,2,124,144,0,-2.181494189735531,0.2982703534044219,0.45,8.017482069137998,50.0,663.4391249775861,0.010309278350515464
21909979898_10_Z2,21909979898,10,2,124,144,0,-0.27512448245045107,0.29699275181353935,0.5,8.017482069137998,50.0,628.491620111733,0.010309278350515464
21909979898_11_Z2,21909979898,11,2,124,144,0,5.457602666411162,0.29826369500298033,0.55,10.746283402343579,50.0,593.9287285525733,0.010309278350515464
21909979898_12_Z2,21909979898,12,2,124,144,0,6.478568726809613,0.3019113920231078,0.6,13.985567765748385,50.0,622.8246931672464,0.010309278350515464
21909979898_13_Z2,21909979898,13,2,124,144,0,1.915283164549578,0.30371703917899034,0.65,14.943209348023174,50.0,496.27791563275446,0.010309278350515464
21909979898_14_Z2,21909979898,14,2,124,144,0,0.5929960543613788,0.3039583049666898,0.7,15.239707375203864,50.0,503.5831880689522,0.010309278350515464
21909979898_15_Z2,21909979898,15,2,124,144,0,1.977042359959455,0.3053156366717736,0.75,16.22822855518359,50.0,512.5815470643062,0.010309278350515464
21909979898_17_Z2,21909979898,17,2,124,144,0,2.9130270100994267,0.3032084434681479,0.85,17.684742060233305,50.0,504.4136191677178,0.010309278350515464
21909979898_18_Z2,21909979898,18,2,124,144,0,0.8105228060950367,0.3040807864263771,0.9,18.090003463280823,50.0,512.6182965299682,0.010309278350515464
21909979898_20_Z3,21909979898,20,3,144,165,0,-0.785841989065375,0.3065804198619705,1.0,20.30957278609378,50.0,533.1437711036067,0.010309278350515464
21909979898_21_Z3,21909979898,21,3,144,165,0,2.453384468745753,0.3068098400002468,1.05,21.536265020466658,50.0,610.7587502936349,0.010309278350515464
21909979898_22_Z2,21909979898,22,2,124,144,0,-5.119055001406423,0.30639003875522414,1.1,21.536265020466658,50.0,462.16060080878253,0.010309278350515464
21909979898_23_Z2,21909979898,23,2,124,144,0,-10.358747414547224,0.3024850432128014,1.15,21.536265020466658,50.0,493.3399111988164,0.010309278350515464
21909979898_24_Z2,21909979898,24,2,124,144,0,-9.199259611511138,0.2972093415067648,1.2,21.536265020466658,50.0,520.2080832332931,0.010309278350515464
21909979898_25_Z2,21909979898,25,2,124,144,0,-4.134311585471437,0.29382379312774953,1.25,21.536265020466658,50.0,482.48749106504613,0.010309278350515464
21909979898_26_Z2,21909979898,26,2,124,144,0,4.902697911542191,0.29414096069051704,1.3,23.987613976237753,50.0,493.6347103143672,0.010309278350515464
21909979898_27_Z2,21909979898,27,2,124,144,0,7.6878325718065526,0.29738365364363273,1.35,27.83153026214103,50.0,490.10367577756875,0.010309278350515464
21909979898_28_Z2,21909979898,28,2,124,144,0,12.888552164241787,0.30242951114345745,1.4,34.27580634426192,50.0,509.46142649199385,0.010309278350515464
21909979898_31_Z2,21909979898,31,2,124,144,0,1.7977973108019114,0.30225522607013605,1.55,35.17470499966288,50.0,478.46889952153174,0.010309278350515464
21909979898_32_Z2,21909979898,32,2,124,144,0,9.913398425586479,0.3053556658557441,1.6,40.13140421245612,50.0,441.6961130742052,0.010309278350515464
21909979898_33_Z3,21909979898,33,3,144,165,0,3.134157565206806,0.3089057487526774,1.65,41.69848299505952,50.0,512.0852109791052,0.010309278350515464
21909979898_34_Z3,21909979898,34,3,144,165,0,2.1628096642347145,0.3099750665905247,1.7,42.77988782717688,50.0,489.5960832313337,0.010309278350515464
21909979898_35_Z3,21909979898,35,3,144,165,0,-1.7771481688706672,0.3103191439787412,1.75,42.77988782717688,50.0,557.1769700185752,0.010309278350515464
21909979898_36_Z3,21909979898,36,3,144,165,0,1.9409103355822026,0.30953128805063007,1.8,43.75034299496798,50.0,653.7473733364441,0.010309278350515464
21909979898_37_Z2,21909979898,37,2,124,144,0,7.397980919505471,0.3128312568245776,1.85,47.449333454720716,50.0,561.3247263541978,0.010309278350515464
21909979898_38_Z2,21909979898,38,2,124,144,0,-4.139922710497331,0.3133923645017683,1.9,47.449333454720716,50.0,543.1728788162567,0.010309278350515464
21909979898_39_Z2,21909979898,39,2,124,144,0,-3.1382318407356706,0.31144507042008646,1.95,47.449333454720716,50.0,583.4683954619142,0.010309278350515464
21909979898_40_Z2,21909979898,40,2,124,144,0,-3.446734019539008,0.3098548406536998,2.0,47.449333454720716,50.0,598.0650835532088,0.010309278350515464
21909979898_41_Z2,21909979898,41,2,124,144,0,1.3936353530237966,0.30887968306324487,2.05,48.146151131232614,50.0,564.2885933091508,0.010309278350515464
21909979898_42_Z2,21909979898,42,2,124,144,0,9.874359325151886,0.3122452409348568,2.1,53.08333079380856,50.0,599.2010652463389,0.010309278350515464
21909979898_43_Z2,21909979898,43,2,124,144,0,11.33085452889793,0.31680413944744706,2.15,58.74875805825752,50.0,580.4504295333156,0.010309278350515464
21909979898_44_Z2,21909979898,44,2,124,144,0,16.71393568501071,0.32498689805434916,2.2,67.10572590076288,50.0,589.1264096953389,0.010309278350515464
21909979898_45_Z2,21909979898,45,2,124,144,0,-5.976711627185409,0.3276580635279199,2.25,67.10572590076288,50.0,571.1775043936733,0.010309278350515464
21909979898_46_Z2,21909979898,46,2,124,144,0,-11.194450426859817,0.3227069266617553,2.3,67.10572590076288,50.0,546.7571644042237,0.010309278350515464
21909979898_47_Z2,21909979898,47,2,124,144,0,-9.015605737098326,0.3176276509412553,2.35,67.10572590076288,50.0,617.3994387277799,0.010309278350515464
21909979898_48_Z2,21909979898,48,2,124,144,0,7.595763115164345,0.31691479683503626,2.4,70.90360745834505,50.0,515.463917525776,0.010309278350515464
21909979898_49_Z2,21909979898,49,2,124,144,0,4.4756395965199545,0.3206664757215671,2.45,73.14142725660503,50.0,518.134715025906,0.010309278350515464
21909979898_50_Z2,21909979898,50,2,124,144,0,2.4498050605595836,0.32222009968714493,2.5,74.36632978688482,50.0,559.0900327742445,0.010309278350515464
21909979898_51_Z2,21909979898,51,2,124,144,0,2.0901300902022513,0.32326758570490116,2.55,75.41139483198594,50.0,626.3498920086369,0.010309278350515464
21909979898_53_Z1,21909979898,53,1,103,124,0,0.42042217603750487,0.32696745505813346,2.65,78.26777184730668,50.0,531.0382713788671,0.010309278350515464
21909979898_55_Z2,21909979898,55,2,124,144,0,6.037697982983104,0.3204196898270845,2.75,81.28662083879823,50.0,475.8128469468685,0.010309278350515464
21909979898_56_Z2,21909979898,56,2,124,144,0,9.161293028191608,0.3255460703649398,2.8,85.86726735289403,50.0,520.0594353640402,0.010309278350515464
21909979898_57_Z2,21909979898,57,2,124,144,0,3.7027471267306282,0.32885259425414703,2.85,87.71864091625935,50.0,714.2857142857202,0.010309278350515464
21909979898_58_Z1,21909979898,58,1,103,124,0,8.406235373566005,0.33070734742153735,2.9,91.92175860304235,50.0,825.9587020649057,0.010309278350515464
21909979898_59_Z1,21909979898,59,1,103,124,0,10.58254440822941,0.3366603088668408,2.95,97.21303080715705,50.0,495.3764861294551,0.010309278350515464
21909979898_60_Z2,21909979898,60,2,124,144,0,-4.467771199309823,0.338533594325054,3.0,97.21303080715705,50.0,505.3057099545234,0.010309278350515464
21909979898_61_Z2,21909979898,61,2,124,144,0,-12.699172405146214,0.3330002545651621,3.05,97.21303080715705,50.0,573.3739473212692,0.010309278350515464
21909979898_63_Z1,21909979898,63,1,103,124,0,5.530565376566642,0.33518485162754813,3.15,103.0372813057902,50.0,652.3272214386483,0.010309278350515464
21909979898_64_Z1,21909979898,64,1,103,124,0,4.626580414476507,0.33704301363564854,3.2,105.35057151302846,50.0,534.6350534635055,0.010309278350515464
21909979898_71_Z3,21909979898,71,3,144,165,0,4.092638372524334,0.3550630221145919,3.55,125.91621647044957,50.0,686.3417982155107,0.010309278350515464
21909979898_72_Z2,21909979898,72,2,124,144,0,-1.8147278015431993,0.35578531031866173,3.6,125.91621647044957,50.0,659.9713055954106,0.010309278350515464
21909979898_73_Z2,21909979898,73,2,124,144,0,-6.16433768653269,0.3536070263906099,3.65,125.91621647044957,50.0,625.5044390637618,0.010309278350515464
21909979898_74_Z2,21909979898,74,2,124,144,0,-6.815153891573232,0.3504256440918352,3.7,125.91621647044957,50.0,414.93775933609857,0.010309278350515464
21909979898_75_Z2,21909979898,75,2,124,144,0,-6.2237587667411844,0.34702743179361734,3.75,125.91621647044957,50.0,443.4589800443468,0.010309278350515464
21909979898_76_Z2,21909979898,76,2,124,144,0,-3.5850114863064846,0.34450628165215763,3.8,125.91621647044957,50.0,447.3272198613282,0.010309278350515464
21909979898_77_Z2,21909979898,77,2,124,144,0,4.971776570765996,0.34481893513527045,3.85,128.40210475583257,50.0,428.3091984499308,0.010309278350515464
21909979898_78_Z2,21909979898,78,2,124,144,0,0.11560171735709446,0.34626162572997266,3.9,128.45990561451111,50.0,486.25792811839136,0.010309278350515464
21909979898_79_Z2,21909979898,79,2,124,144,0,11.566231367029218,0.3491951455051403,3.95,134.24302129802572,50.0,420.6098843322802,0.010309278350515464
21909979898_80_Z2,21909979898,80,2,124,144,0,-0.9807018472166646,0.3521081975568363,4.0,134.24302129802572,50.0,422.8800356109562,0.010309278350515464
21909979898_81_Z3,21909979898,81,3,144,165,0,-16.28467961508045,0.3481099005931449,4.05,134.24302129802572,50.0,453.10376076121094,0.010309278350515464
21909979898_83_Z2,21909979898,83,2,124,144,0,3.4020081251369447,0.33615905514389854,4.15,135.9440253605942,50.0,422.9496138286126,0.010309278350515464
21909979898_84_Z2,21909979898,84,2,124,144,0,2.3698374341120143,0.3375993824137741,4.2,137.1289440776502,50.0,422.9496138286126,0.010309278350515464
21909979898_85_Z2,21909979898,85,2,124,144,0,-3.459802642519662,0.3377159064227737,4.25,137.1289440776502,50.0,450.6437768240308,0.010309278350515464
21909979898_86_Z2,21909979898,86,2,124,144,0,-8.17325399395304,0.3344404429437875,4.3,137.1289440776502,50.0,466.94060515502457,0.010309278350515464
21909979898_87_Z2,21909979898,87,2,124,144,0,-4.3286579607250815,0.3314714679260256,4.35,137.1289440776502,50.0,447.8827361563528,0.010309278350515464
21909979898_88_Z2,21909979898,88,2,124,144,0,-6.04257964207784,0.32853042703815316,4.4,137.1289440776502,50.0,460.73298429319374,0.010309278350515464
21909979898_89_Z2,21909979898,89,2,124,144,0,-1.650192860608172,0.3269728880650532,4.45,137.1289440776502,50.0,452.7618472683354,0.010309278350515464
21909979898_90_Z2,21909979898,90,2,124,144,0,-6.047364440299134,0.3249382499166151,4.5,137.1289440776502,50.0,468.50598646538174,0.010309278350515464
21909979898_91_Z2,21909979898,91,2,124,144,0,-6.578185529123857,0.321666294960499,4.55,137.1289440776502,50.0,488.2585445245267,0.010309278350515464
21909979898_92_Z2,21909979898,92,2,124,144,0,1.209347524714758,0.3203173463217795,4.6,137.73361784000758,50.0,466.7444574095676,0.010309278350515464
21909979898_93_Z2,21909979898,93,2,124,144,0,-1.5080783090804744,0.3203383195861707,4.65,137.73361784000758,50.0,447.42729306488184,0.010309278350515464
21909979898_94_Z2,21909979898,94,2,124,144,0,0.822597958661504,0.3201231366968695,4.7,138.14491681933833,50.0,421.4770020157548,0.010309278350515464
21909979898_95_Z3,21909979898,95,3,144,165,0,-3.1373291025431627,0.3199114713635599,4.75,138.14491681933833,50.0,479.1107704101245,0.010309278350515464
21909979898_96_Z3,21909979898,96,3,144,165,0,-7.1578028942348055,0.31705103304042226,4.8,138.14491681933833,50.0,488.16206980717294,0.010309278350515464
21909979898_97_Z2,21909979898,97,2,124,144,0,-2.2147077732264506,0.314337146371053,4.85,138.14491681933833,50.0,459.49625595643124,0.010309278350515464
21909979898_98_Z2,21909979898,98,2,124,144,0,3.389379001500288,0.31489699378369573,4.9,139.83960632008848,50.0,490.76212471131174,0.010309278350515464
21909979898_99_Z2,21909979898,99,2,124,144,0,9.293610259064849,0.31795111130353476,4.95,144.4864114496209,50.0,488.82681564246025,0.010309278350515464
21909979898_100_Z2,21909979898,100,2,124,144,0,-0.20111758597045082,0.32119583834993254,5.0,144.4864114496209,50.0,472.3665564478019,0.010309278350515464
21909979898_102_Z2,21909979898,102,2,124,144,0,0.7450556131258281,0.30907520856120274,5.1,144.85893925618382,50.0,535.3817504655489,0.010309278350515464
21909979898_103_Z2,21909979898,103,2,124,144,0,11.0619595475589,0.3134138563738198,5.15,150.38991902996327,50.0,452.09528777604436,0.010309278350515464
21909979898_104_Z2,21909979898,104,2,124,144,0,-5.258631565101155,0.31520733985546623,5.2,150.38991902996327,50.0,568.6789151356048,0.010309278350515464
21909979898_105_Z2,21909979898,105,2,124,144,0,-4.389874564908041,0.3113609681901356,5.25,150.38991902996327,50.0,480.67294211896376,0.010309278350515464
21909979898_106_Z2,21909979898,106,2,124,144,0,-2.677066755982196,0.3105596619482613,5.3,150.38991902996327,50.0,525.2626313156636,0.010309278350515464
21909979898_107_Z3,21909979898,107,3,144,165,0,0.7807705125896973,0.31002115367653077,5.35,150.78030428625812,50.0,525.4963020630585,0.010309278350515464
21909979898_108_Z3,21909979898,108,3,144,165,0,-6.76334165042681,0.30774887171785104,5.4,150.78030428625812,50.0,511.50895140665034,0.010309278350515464
21909979898_111_Z2,21909979898,111,2,124,144,0,-9.990236974963182,0.31105478428291755,5.55,160.89101943879155,50.0,388.1439661256217,0.010309278350515464
21909979898_112_Z2,21909979898,112,2,124,144,0,-23.64544836848802,0.30143591586287044,5.6,160.89101943879155,50.0,506.37659414853124,0.010309278350515464
21909979898_113_Z2,21909979898,113,2,124,144,0,-11.794410067293938,0.29290151836522643,5.65,160.89101943879155,50.0,502.1834061135351,0.010309278350515464
21909979898_114_Z2,21909979898,114,2,124,144,0,-10.420732785123505,0.2874652555202857,5.7,160.89101943879155,50.0,455.015511892456,0.010309278350515464
21909979898_115_Z2,21909979898,115,2,124,144,0,-5.788249639558217,0.28333488730072753,5.75,160.89101943879155,50.0,497.5124378109475,0.010309278350515464
21909979898_116_Z2,21909979898,116,2,124,144,0,-1.2281838383679542,0.2815464054572983,5.8,160.89101943879155,50.0,528.0073461891595,0.010309278350515464
21909979898_117_Z3,21909979898,117,3,144,165,0,3.519520852936921,0.2823035375234101,5.85,162.65077986526,50.0,523.7711522965316,0.010309278350515464
21909979898_118_Z2,21909979898,118,2,124,144,0,4.847986805505911,0.2844415567246883,5.9,165.07477326801296,50.0,499.83338887038803,0.010309278350515464
21909979898_119_Z2,21909979898,119,2,124,144,0,2.15589178206592,0.285941574757485,5.95,166.12210549574058,48.57999999999993,501.85873605947785,0.010309278350515464
21946978854_6_Z1,21946978854,6,1,103,124,0,3.4059648399243088,0.24118442706201107,0.3,10.14611405928062,50.0,399.0422984836395,0.004739336492890996
21946978854_7_Z1,21946978854,7,1,103,124,0,0.46653626475813326,0.24187028136019675,0.35,10.379382191659687,50.0,379.81551817688535,0.004739336492890996
21946978854_8_Z1,21946978854,8,1,103,124,0,9.76043897037141,0.24397051609258788,0.4,15.259601676845392,50.0,473.4848484848484,0.004739336492890996
21946978854_9_Z1,21946978854,9,1,103,124,0,25.648516894092836,0.25309731146215153,0.45,28.08386012389181,50.0,625.1698831204128,0.004739336492890996
21946978854_10_Z1,21946978854,10,1,103,124,0,15.107683445969315,0.2643272371728571,0.5,35.63770184687647,50.0,532.4813631522899,0.004739336492890996
21946978854_11_Z1,21946978854,11,1,103,124,0,5.58985020488592,0.2684861435523205,0.55,38.43262694931943,50.0,510.20408163265347,0.004739336492890996
21946978854_12_Z1,21946978854,12,1,103,124,0,9.089249695304943,0.27255260153767663,0.6,42.9772517969719,50.0,593.9417937042158,0.004739336492890996
21946978854_13_Z1,21946978854,13,1,103,124,0,8.789501190351189,0.27677263270349356,0.65,47.37200239214749,50.0,552.3336095001392,0.004739336492890996
21946978854_16_Z1,21946978854,16,1,103,124,0,13.266182448971563,0.29998524109969354,0.8,71.62602193226482,50.0,650.7592190889371,0.004739336492890996
21946978854_21_Z1,21946978854,21,1,103,124,0,1.5721826558606153,0.32930700169152743,1.05,97.90042330964647,50.0,467.28971962616845,0.004739336492890996
21946978854_22_Z1,21946978854,22,1,103,124,0,-4.473436521781878,0.3284968049212526,1.1,97.90042330964647,50.0,383.9122486288845,0.004739336492890996
21946978854_23_Z1,21946978854,23,1,103,124,0,-9.268566154009363,0.32529088499734476,1.15,97.90042330964647,50.0,398.49976558837244,0.004739336492890996
21946978854_24_Z1,21946978854,24,1,103,124,0,-5.565837734038951,0.3211130139841003,1.2,97.90042330964647,50.0,441.5011037527596,0.004739336492890996
21946978854_26_Z2,21946978854,26,2,124,144,0,3.514086201612372,0.32404463148040297,1.3,102.44552221149465,50.0,410.8182129407748,0.004739336492890996
21946978854_27_Z2,21946978854,27,2,124,144,0,-3.6398168414019665,0.3233982782007792,1.35,102.44552221149465,50.0,428.12077512392864,0.004739336492890996
21946978854_28_Z2,21946978854,28,2,124,144,0,1.151812055661594,0.32327932441502977,1.4,103.02142823932545,50.0,406.0696730070531,0.004739336492890996
21946978854_29_Z2,21946978854,29,2,124,144,0,1.7867685029035556,0.3230956045065081,1.45,103.91481249077722,50.0,428.76632235431737,0.004739336492890996
21946978854_30_Z2,21946978854,30,2,124,144,0,-2.8551158093378035,0.3243295480614686,1.5,103.91481249077722,50.0,389.89659264282074,0.004739336492890996
21946978854_35_Z4,21946978854,35,4,165,185,0,5.929733538660344,0.3258820968959541,1.75,115.58848771587455,50.0,455.2697473252896,0.004739336492890996
21946978854_36_Z4,21946978854,36,4,165,185,0,-0.21849491372654484,0.3282163318530256,1.8,115.58848771587455,50.0,427.52442996742764,0.004739336492890996
21946978854_37_Z4,21946978854,37,4,165,185,0,-5.523851963403786,0.32602915945889466,1.85,115.58848771587455,50.0,428.145941921072,0.004739336492890996
21946978854_38_Z4,21946978854,38,4,165,185,0,2.993965012698027,0.3255475815240408,1.9,117.08547022222356,50.0,438.88523151195807,0.004739336492890996
21946978854_39_Z4,21946978854,39,4,165,185,0,1.1104941726639481,0.32680566133893946,1.95,117.64071730855554,50.0,389.962699220076,0.004739336492890996
21946978854_40_Z4,21946978854,40,4,165,185,0,4.347778183782339,0.3279516869933129,2.0,119.8146064004467,50.0,422.56496936403835,0.004739336492890996
21946978854_41_Z4,21946978854,41,4,165,185,0,-4.47279989840581,0.32874316743288934,2.05,119.8146064004467,50.0,461.23435097738013,0.004739336492890996
21946978854_42_Z4,21946978854,42,4,165,185,0,-16.51208387175393,0.3226319310805995,2.1,119.8146064004467,50.0,467.37060758179,0.004739336492890996
21946978854_43_Z4,21946978854,43,4,165,185,0,-14.590280168965819,0.31500768527191764,2.15,119.8146064004467,50.0,386.847195357832,0.004739336492890996
21946978854_46_Z4,21946978854,46,4,165,185,0,-5.317658738939031,0.29675566961024363,2.3,119.8146064004467,50.0,334.4481605351177,0.004739336492890996
21946978854_47_Z4,21946978854,47,4,165,185,0,6.377999014384272,0.2979324008697757,2.35,123.00360590763884,50.0,364.96350364963524,0.004739336492890996
21946978854_48_Z4,21946978854,48,4,165,185,0,1.097929816912142,0.2995671888039786,2.4,123.55257081609491,50.0,391.30434782608694,0.004739336492890996
21946978854_50_Z4,21946978854,50,4,165,185,0,-11.286558717440585,0.2971250929640462,2.5,123.55257081609491,50.0,397.9659518019012,0.004739336492890996
21946978854_51_Z4,21946978854,51,4,165,185,0,-14.577707120520017,0.29013842539828744,2.55,123.55257081609491,50.0,383.32534738859806,0.004739336492890996
21946978854_52_Z4,21946978854,52,4,165,185,0,-12.41900409056575,0.2834279604938473,2.6,123.55257081609491,50.0,380.5496828752628,0.004739336492890996
21946978854_53_Z3,21946978854,53,3,144,165,0,-10.16687206476331,0.2779118574152258,2.65,123.55257081609491,50.0,386.5481252415942,0.004739336492890996
21946978854_54_Z3,21946978854,54,3,144,165,0,1.4808751747987117,0.27520776495503235,2.7,124.29300840349427,50.0,392.700392700393,0.004739336492890996
21946978854_55_Z4,21946978854,55,4,165,185,0,-4.538639507792823,0.2752807570442814,2.75,124.29300840349427,50.0,432.01455206912215,0.004739336492890996
21946978854_56_Z4,21946978854,56,4,165,185,0,1.2435030631887685,0.27383826547637996,2.8,124.91475993508865,50.0,390.2092940759127,0.004739336492890996
21946978854_57_Z4,21946978854,57,4,165,185,0,2.8183315613440527,0.2751415301751911,2.85,126.32392571576068,50.0,400.1143183766815,0.004739336492890996
21946978854_58_Z4,21946978854,58,4,165,185,0,1.0710447391638809,0.2761854085549332,2.9,126.85944808534262,50.0,405.9265272985591,0.004739336492890996
21946978854_60_Z4,21946978854,60,4,165,185,0,1.2987725262910317,0.2760417106988792,3.0,127.50883434848814,50.0,407.8511343359672,0.004739336492890996
21946978854_62_Z4,21946978854,62,4,165,185,0,-6.4607007817459134,0.2738543532648278,3.1,127.50883434848814,50.0,407.0265638389046,0.004739336492890996
21946978854_63_Z4,21946978854,63,4,165,185,0,-2.55394141027989,0.2714636658359936,3.15,127.50883434848814,50.0,420.420420420422,0.004739336492890996
21946978854_64_Z4,21946978854,64,4,165,185,0,3.24357830010365,0.271857367163128,3.2,129.13062349853996,50.0,454.22781271837687,0.004739336492890996
21946978854_65_Z4,21946978854,65,4,165,185,0,3.608126611204966,0.27334574392889427,3.25,130.93468680414244,50.0,434.8876540227121,0.004739336492890996
21946978854_66_Z4,21946978854,66,4,165,185,0,8.09520376373223,0.27653938579064424,3.3,134.98228868600856,50.0,434.78260869565054,0.004739336492890996
21946978854_67_Z4,21946978854,67,4,165,185,0,3.9802315282394147,0.27965181742756,3.35,136.97240445012827,50.0,466.43682822956856,0.004739336492890996
21946978854_68_Z4,21946978854,68,4,165,185,0,4.794816413343369,0.2816838305299137,3.4,139.36981265679995,50.0,459.52633439377934,0.004739336492890996
21946978854_69_Z4,21946978854,69,4,165,185,0,4.915415428116148,0.28409942589448217,3.45,141.82752037085802,50.0,487.8048780487823,0.004739336492890996
21946978854_70_Z4,21946978854,70,4,165,185,0,2.6420822244854207,0.2861413342979162,3.5,143.14856148310074,50.0,519.2557334487207,0.004739336492890996
21946978854_71_Z4,21946978854,71,4,165,185,0,10.87650927629636,0.28901963141273096,3.55,148.58681612124892,50.0,597.2696245733798,0.004739336492890996
21946978854_72_Z4,21946978854,72,4,165,185,0,13.3419336176986,0.295264750187368,3.6,155.25778293009822,50.0,642.019039185299,0.004739336492890996
21946978854_73_Z4,21946978854,73,4,165,185,0,19.865838475163287,0.304364437732686,3.65,165.19070216767986,50.0,751.3500821789127,0.004739336492890996
21946978854_75_Z4,21946978854,75,4,165,185,0,1.8156375176905613,0.3102850938744902,3.75,167.11526106660202,50.0,444.87427466151024,0.004739336492890996
21946978854_76_Z4,21946978854,76,4,165,185,0,2.471195365900485,0.3109572162298842,3.8,168.35085874955226,50.0,640.8389163996433,0.004739336492890996
21946978854_78_Z4,21946978854,78,4,165,185,0,3.627017238024223,0.31697816250035943,3.9,174.3480504337701,50.0,371.5170278637785,0.004739336492890996
21946978854_79_Z4,21946978854,79,4,165,185,0,2.7372975514563223,0.31874270455535036,3.95,175.71669920949827,50.0,386.68098818474607,0.004739336492890996
21946978854_80_Z4,21946978854,80,4,165,185,0,0.6711607699558044,0.31933447679381777,4.0,176.05227959447618,50.0,397.69337840524986,0.004739336492890996
21946978854_81_Z4,21946978854,81,4,165,185,0,5.92482664631973,0.3208451293242552,4.05,179.01469291763604,50.0,400.2401440864535,0.004739336492890996
21946978854_82_Z4,21946978854,82,4,165,185,0,2.2201847644847703,0.3234324680582112,4.1,180.12478529987843,50.0,427.1678769756541,0.004739336492890996
21946978854_84_Z4,21946978854,84,4,165,185,0,8.469732609334756,0.32750751855418075,4.2,186.0979586471228,50.0,410.9307581672482,0.004739336492890996
21946978854_85_Z4,21946978854,85,4,165,185,0,0.9907808327561725,0.3302097408872584,4.25,186.59334906350088,50.0,405.6795131845806,0.004739336492890996
21946978854_86_Z4,21946978854,86,4,165,185,0,-6.247047689435817,0.32853463608017713,4.3,186.59334906350088,50.0,416.449765747006,0.004739336492890996
21946978854_87_Z4,21946978854,87,4,165,185,0,2.611143474430264,0.32756689619558976,4.35,187.898920800716,50.0,416.25371655104215,0.004739336492890996
21946978854_89_Z4,21946978854,89,4,165,185,0,4.404917827525992,0.3272755507829657,4.45,190.101379714479,50.0,427.0462633451994,0.004739336492890996
21946978854_90_Z4,21946978854,90,4,165,185,0,4.190465690634596,0.32961671675877025,4.5,192.1966125597963,50.0,448.98977301072426,0.004739336492890996
21946978854_92_Z4,21946978854,92,4,165,185,0,1.8893875825826854,0.33274007546494894,4.6,194.5162680962524,50.0,468.5573366214634,0.004739336492890996
21946978854_94_Z4,21946978854,94,4,165,185,0,5.144805011956464,0.3338232098672184,4.7,197.08867060223062,50.0,483.20294523699914,0.004739336492890996
21946978854_95_Z4,21946978854,95,4,165,185,0,4.174460504494959,0.33649522185478925,4.75,199.1759008544781,50.0,440.52863436123283,0.004739336492890996
21946978854_96_Z4,21946978854,96,4,165,185,0,-2.3361372096237574,0.3368135857779445,4.8,199.1759008544781,50.0,437.7736085053135,0.004739336492890996
21946978854_97_Z4,21946978854,97,4,165,185,0,4.712302331654087,0.3373244149278558,4.85,201.53205202030514,50.0,448.93378226711377,0.004739336492890996
21946978854_98_Z4,21946978854,98,4,165,185,0,-3.0905091137453837,0.33780793967514205,4.9,201.53205202030514,50.0,437.21580972368434,0.004739336492890996
21946978854_99_Z4,21946978854,99,4,165,185,0,4.084899259931035,0.33775268593201285,4.95,203.57450165027066,50.0,457.5006019744691,0.004739336492890996
21946978854_101_Z4,21946978854,101,4,165,185,0,4.824916080269304,0.3423779709086913,5.05,208.08775961340356,50.0,471.6981132075512,0.004739336492890996
21946978854_102_Z4,21946978854,102,4,165,185,0,4.052513334710625,0.344610565070677,5.1,210.11401628075888,50.0,442.23327805417,0.004739336492890996
21946978854_103_Z4,21946978854,103,4,165,185,0,0.5004082781015313,0.34576074220120634,5.15,210.36422041980964,50.0,426.599749058977,0.004739336492890996
21946978854_104_Z4,21946978854,104,4,165,185,0,-1.4537678099947016,0.3456188751366962,5.2,210.36422041980964,50.0,442.27188081937584,0.004739336492890996
21946978854_105_Z3,21946978854,105,3,144,165,0,-1.9040913420451488,0.3447453897680662,5.25,210.36422041980964,50.0,445.3049370764794,0.004739336492890996
21946978854_106_Z3,21946978854,106,3,144,165,0,-9.013558486168677,0.34186273297780834,5.3,210.36422041980964,50.0,501.5673981191184,0.004739336492890996
21946978854_108_Z2,21946978854,108,2,124,144,0,4.831677379529083,0.3374876219910393,5.4,212.78005910957418,50.0,671.3554987212331,0.004739336492890996
21946978854_109_Z2,21946978854,109,2,124,144,0,1.7245184125902142,0.3399979939499635,5.45,213.6423183158693,50.0,750.375187593788,0.004739336492890996
21946978854_110_Z2,21946978854,110,2,124,144,0,-10.660785259310728,0.3368154678700407,5.5,213.6423183158693,50.0,827.1787296897991,0.004739336492890996
21946978854_112_Z2,21946978854,112,2,124,144,0,3.9688837371369345,0.3344553507583395,5.6,215.62676018443776,50.0,825.1900108577601,0.004739336492890996
21946978854_113_Z2,21946978854,113,2,124,144,0,-4.059882408060162,0.33473893275774425,5.65,215.62676018443776,50.0,762.2761921645118,0.004739336492890996
21946978854_114_Z2,21946978854,114,2,124,144,0,-2.270032961702782,0.33295103648485036,5.7,215.62676018443776,50.0,785.9014050964386,0.004739336492890996
21946978854_115_Z2,21946978854,115,2,124,144,0,-6.411805912981663,0.331059761156719,5.75,215.62676018443776,50.0,764.4197359277263,0.004739336492890996
21946978854_116_Z3,21946978854,116,3,144,165,0,-2.3460494393738145,0.3283847037762265,5.8,215.62676018443776,50.0,606.060606060609,0.004739336492890996
21946978854_118_Z3,21946978854,118,3,144,165,0,-3.234208074565913,0.3239098965265495,5.9,215.62676018443776,50.0,516.7958656330708,0.004739336492890996
21946978854_119_Z3,21946978854,119,3,144,165,0,4.389205446845722,0.32438304771214976,5.95,217.82136290786062,50.0,514.2405063291098,0.004739336492890996
21946978854_120_Z3,21946978854,120,3,144,165,0,0.4551647666150984,0.32602220834865314,6.0,218.04894529116817,50.0,529.4869454080747,0.004739336492890996
21946978854_121_Z3,21946978854,121,3,144,165,0,-2.3440594885724977,0.32527669462657915,6.05,218.04894529116817,50.0,528.0657148445129,0.004739336492890996
21946978854_122_Z3,21946978854,122,3,144,165,0,-1.7467717617411154,0.3240035958201766,6.1,218.04894529116817,50.0,525.3586583148134,0.004739336492890996
21946978854_123_Z3,21946978854,123,3,144,165,0,1.7100353120754335,0.32443589294717434,6.15,218.90396294720588,50.0,554.4554455445544,0.004739336492890996
21946978854_124_Z3,21946978854,124,3,144,165,0,-5.666896467926108,0.32356041233018223,6.2,218.90396294720588,50.0,556.3531945441467,0.004739336492890996
21946978854_125_Z3,21946978854,125,3,144,165,0,-5.486452756142057,0.32010692628660586,6.25,218.90396294720588,50.0,527.0626393675257,0.004739336492890996
21946978854_126_Z3,21946978854,126,3,144,165,0,-2.394327466284608,0.3186209909448591,6.3,218.90396294720588,50.0,535.8338914936375,0.004739336492890996
21946978854_127_Z3,21946978854,127,3,144,165,0,-2.194519526747399,0.31723847169867464,6.35,218.90396294720588,50.0,540.1080216043232,0.004739336492890996
21946978854_128_Z3,21946978854,128,3,144,165,0,-2.3111882209407213,0.316312747263758,6.4,218.90396294720588,50.0,566.8934240362765,0.004739336492890996
21946978854_129_Z3,21946978854,129,3,144,165,0,-2.0554182840839985,0.3149072302952509,6.45,218.90396294720588,50.0,551.267916207276,0.004739336492890996
21946978854_130_Z3,21946978854,130,3,144,165,0,0.276310315689102,0.3148320363136556,6.5,219.04211810505043,50.0,532.3505323505308,0.004739336492890996
21946978854_131_Z3,21946978854,131,3,144,165,0,-0.5647366828311533,0.31470703998670646,6.55,219.04211810505043,50.0,507.92360828932004,0.004739336492890996
21946978854_132_Z3,21946978854,132,3,144,165,0,-7.651654785044457,0.31258671017996753,6.6,219.04211810505043,50.0,517.2413793103376,0.004739336492890996
21946978854_133_Z3,21946978854,133,3,144,165,0,-4.917957165029861,0.3092757294278013,6.65,219.04211810505043,50.0,501.3497878904775,0.004739336492890996
21946978854_134_Z3,21946978854,134,3,144,165,0,-5.351982256081328,0.30712761447092546,6.7,219.04211810505043,50.0,511.40833988984906,0.004739336492890996
21946978854_135_Z3,21946978854,135,3,144,165,0,-11.398919924940401,0.3025723348601782,6.75,219.04211810505043,50.0,516.3511187607621,0.004739336492890996
21946978854_136_Z3,21946978854,136,3,144,165,0,-7.551839585879861,0.29801244134705535,6.8,219.04211810505043,50.0,459.9463395937115,0.004739336492890996
21946978854_137_Z3,21946978854,137,3,144,165,0,-10.83038710326366,0.2933196093126219,6.85,219.04211810505043,50.0,485.1425106124899,0.004739336492890996
21946978854_138_Z3,21946978854,138,3,144,165,0,-9.767548813262465,0.28805370658800117,6.9,219.04211810505043,50.0,470.36688617121877,0.004739336492890996
21946978854_139_Z3,21946978854,139,3,144,165,0,-4.539602302431717,0.2845502507192982,6.95,219.04211810505043,50.0,484.8032817452908,0.004739336492890996
21946978854_140_Z3,21946978854,140,3,144,165,0,-5.738808528472077,0.2821702637117162,7.0,219.04211810505043,50.0,483.2585433206723,0.004739336492890996
21946978854_141_Z3,21946978854,141,3,144,165,0,-8.133835801447276,0.2783629380134021,7.05,219.04211810505043,50.0,499.28673323823716,0.004739336492890996
21946978854_142_Z3,21946978854,142,3,144,165,0,-0.11799463117824871,0.2764486517060973,7.1,219.04211810505043,50.0,477.1160982505731,0.004739336492890996
21946978854_143_Z3,21946978854,143,3,144,165,0,-2.900450252454334,0.27569016946310576,7.15,219.04211810505043,50.0,493.8801803736342,0.004739336492890996
21946978854_144_Z3,21946978854,144,3,144,165,0,-5.311177065991728,0.27392469447810314,7.2,219.04211810505043,50.0,499.3486756404646,0.004739336492890996
21946978854_145_Z3,21946978854,145,3,144,165,0,-2.1057314117069836,0.27137952794624215,7.25,219.04211810505043,50.0,512.8205128205112,0.004739336492890996
21946978854_146_Z3,21946978854,146,3,144,165,0,7.366534860662341,0.27311987727792375,7.3,222.7253855353816,50.0,633.2871561448676,0.004739336492890996
21946978854_147_Z3,21946978854,147,3,144,165,0,5.111385961726683,0.27640286126541824,7.35,225.28107851624495,50.0,636.0424028268578,0.004739336492890996
21946978854_148_Z3,21946978854,148,3,144,165,0,-0.9175982275278329,0.2775964939330009,7.4,225.28107851624495,50.0,578.7037037037021,0.004739336492890996
21946978854_149_Z3,21946978854,149,3,144,165,0,-6.915877457296347,0.2753658551936151,7.45,225.28107851624495,50.0,536.7464905037203,0.004739336492890996
21946978854_150_Z3,21946978854,150,3,144,165,0,2.120212005303756,0.2736576160676579,7.5,226.34118451889682,50.0,520.5428518311958,0.004739336492890996
21946978854_151_Z3,21946978854,151,3,144,165,0,4.570361874842092,0.2760186616434716,7.55,228.62636545631787,50.0,547.2532098505552,0.004739336492890996
21946978854_153_Z3,21946978854,153,3,144,165,0,-5.4395376734648835,0.277471195471675,7.65,230.23175793469537,50.0,519.2730177751084,0.004739336492890996
21946978854_154_Z3,21946978854,154,3,144,165,0,-7.378849842252748,0.2740545079764275,7.7,230.23175793469537,50.0,556.0498220640677,0.004739336492890996
21946978854_155_Z3,21946978854,155,3,144,165,0,5.252454980721154,0.2728534266496443,7.75,232.85798542505594,50.0,615.5805561451845,0.004739336492890996
21946978854_157_Z3,21946978854,157,3,144,165,0,-5.9045705358031455,0.27744402410015434,7.85,236.8306553339368,50.0,491.61364950838737,0.004739336492890996
21946978854_158_Z3,21946978854,158,3,144,165,0,-4.956362521846472,0.2742978274255076,7.9,236.8306553339368,50.0,536.3655867839557,0.004739336492890996
21946978854_159_Z3,21946978854,159,3,144,165,0,1.26857501992788,0.27365641487921555,7.95,237.46494284390073,50.0,510.7832009080534,0.004739336492890996
21946978854_160_Z3,21946978854,160,3,144,165,0,-1.3988315275237255,0.2736246803241144,8.0,237.46494284390073,50.0,502.12437234453705,0.004739336492890996
21946978854_161_Z3,21946978854,161,3,144,165,0,0.44925192146831705,0.27341625770741307,8.05,237.6895688046349,50.0,486.92515779982125,0.004739336492890996
21946978854_162_Z3,21946978854,162,3,144,165,0,-1.5421364006800786,0.273266628220972,8.1,237.6895688046349,50.0,516.4781111657667,0.004739336492890996
21946978854_163_Z3,21946978854,163,3,144,165,0,-4.606999147125634,0.2714932290889438,8.15,237.6895688046349,50.0,529.8739265485063,0.004739336492890996
21946978854_164_Z3,21946978854,164,3,144,165,0,1.005122957977278,0.27057108339375824,8.2,238.19213028362353,50.0,516.4146071560373,0.004739336492890996
21946978854_165_Z3,21946978854,165,3,144,165,0,2.2371929545626017,0.2714185486463714,8.25,239.31072676090483,50.0,517.3189383715589,0.004739336492890996
21946978854_167_Z3,21946978854,167,3,144,165,0,1.286415839187498,0.2723696286316293,8.35,240.07710047396782,50.0,505.356781888001,0.004739336492890996
21946978854_168_Z3,21946978854,168,3,144,165,0,-0.6466187405580968,0.27272277836550035,8.4,240.07710047396782,50.0,520.4163330664622,0.004739336492890996
21946978854_169_Z3,21946978854,169,3,144,165,0,-8.660997854954758,0.27054548829396635,8.45,240.07710047396782,50.0,502.1971123665947,0.004739336492890996
21946978854_170_Z3,21946978854,170,3,144,165,0,1.5514953944303898,0.2680627338475665,8.5,240.852848171183,50.0,501.46259924781907,0.004739336492890996
21946978854_171_Z3,21946978854,171,3,144,165,0,4.072917986731113,0.2700961455819875,8.55,242.88930716454857,50.0,516.3107251818751,0.004739336492890996
21946978854_172_Z3,21946978854,172,3,144,165,0,1.569557080597633,0.27138147217772185,8.6,243.67408570484739,50.0,490.8698213233822,0.004739336492890996
21946978854_173_Z3,21946978854,173,3,144,165,0,-2.445886304219812,0.2714501991507471,8.65,243.67408570484739,50.0,471.78370531663444,0.004739336492890996
21946978854_174_Z3,21946978854,174,3,144,165,0,-3.80142668785561,0.26938339093633096,8.7,243.67408570484739,50.0,445.6633527596974,0.004739336492890996
21946978854_175_Z3,21946978854,175,3,144,165,0,-5.814857087712994,0.26747770926487263,8.75,243.67408570484739,50.0,458.0975478307662,0.004739336492890996
21946978854_176_Z3,21946978854,176,3,144,165,0,-9.162426618649874,0.2632409690694821,8.8,243.67408570484739,50.0,448.43049327353896,0.004739336492890996
21946978854_177_Z3,21946978854,177,3,144,165,0,-4.990528508470106,0.25990303502221657,8.85,243.67408570484739,50.0,456.6982408660431,0.004739336492890996
21946978854_178_Z3,21946978854,178,3,144,165,0,-5.085604877519813,0.25728878878834016,8.9,243.67408570484739,50.0,436.3803399173087,0.004739336492890996
21946978854_179_Z3,21946978854,179,3,144,165,0,-3.7574142624774822,0.2554087320585105,8.95,243.67408570484739,50.0,467.3807205452742,0.004739336492890996
21946978854_181_Z3,21946978854,181,3,144,165,0,2.149828471137596,0.2505270424662448,9.05,244.74899994041618,50.0,526.1106780982103,0.004739336492890996
21946978854_182_Z3,21946978854,182,3,144,165,0,5.299461504422197,0.25227441504362397,9.1,247.39873069262728,50.0,508.5176709890678,0.004739336492890996
21946978854_183_Z3,21946978854,183,3,144,165,0,4.24751629268053,0.25530299012724206,9.15,249.52248883896755,50.0,556.3047875927202,0.004739336492890996
21946978854_184_Z3,21946978854,184,3,144,165,0,2.590603170149734,0.2564956879552819,9.2,250.8177904240424,50.0,659.9853336592544,0.004739336492890996
21946978854_185_Z3,21946978854,185,3,144,165,0,4.668057480121547,0.2584736996153364,9.25,253.1518191641032,50.0,619.9511553635219,0.004739336492890996
21946978854_186_Z3,21946978854,186,3,144,165,0,8.91460826638945,0.2616008291289183,9.3,257.6091232972979,50.0,624.4963738920299,0.004739336492890996
21946978854_187_Z3,21946978854,187,3,144,165,0,13.427188828804333,0.26763122623405006,9.35,264.3227177117001,50.0,710.7709130672513,0.004739336492890996
21946978854_188_Z4,21946978854,188,4,165,185,0,9.545606780149228,0.27331137119132926,9.4,269.0955211017747,50.0,740.7407407407459,0.004739336492890996
21946978854_189_Z4,21946978854,189,4,165,185,0,7.624815117029243,0.2773787918152366,9.45,272.9079286602893,50.0,636.8159203980099,0.004739336492890996
21946978854_191_Z4,21946978854,191,4,165,185,0,15.24585153831822,0.28896794376065343,9.55,286.24964691017635,50.0,662.3978803267968,0.004739336492890996
21946978854_192_Z4,21946978854,192,4,165,185,0,12.697418002271661,0.29572432484437505,9.6,292.5983559113122,50.0,746.4079119238644,0.004739336492890996
21946978854_193_Z4,21946978854,193,4,165,185,0,12.205018328462984,0.30235204102534236,9.65,298.7008650755437,50.0,719.5538765965083,0.004739336492890996
21946978854_194_Z4,21946978854,194,4,165,185,0,-0.3532796653905734,0.30594756373302895,9.7,298.7008650755437,50.0,606.1791161517257,0.004739336492890996
21946978854_195_Z4,21946978854,195,4,165,185,0,-14.366146184369654,0.30121651807822647,9.75,298.7008650755437,50.0,578.8712011577546,0.004739336492890996
21946978854_196_Z4,21946978854,196,4,165,185,0,-3.2557337964356066,0.29709128018296194,9.8,298.7008650755437,50.0,581.26536999777,0.004739336492890996
21946978854_198_Z4,21946978854,198,4,165,185,0,-9.926213222250794,0.287081059480213,9.9,298.7008650755437,50.0,527.5884809848344,0.004739336492890996
21946978854_199_Z4,21946978854,199,4,165,185,0,-8.538680078052039,0.28258239724582473,9.95,298.7008650755437,50.0,613.352205708902,0.004739336492890996
21946978854_200_Z4,21946978854,200,4,165,185,0,-22.42571183210748,0.2752410540060798,10.0,298.7008650755437,50.0,629.5559973492318,0.004739336492890996
21946978854_201_Z4,21946978854,201,4,165,185,0,-18.62062164179224,0.2642972900102109,10.05,298.7008650755437,50.0,688.5697422781832,0.004739336492890996
21946978854_202_Z3,21946978854,202,3,144,165,0,-8.942748042262735,0.25729694544059617,10.1,298.7008650755437,50.0,503.1446540880503,0.004739336492890996
21946978854_204_Z3,21946978854,204,3,144,165,0,1.16775368321305,0.25497746144443384,10.2,299.2847419171502,50.0,593.3617652512485,0.004739336492890996
21946978854_205_Z3,21946978854,205,3,144,165,0,4.253147142788521,0.25591251787789154,10.25,301.41131548854446,50.0,534.7593582887673,0.004739336492890996
21946978854_206_Z3,21946978854,206,3,144,165,0,4.335125458012726,0.258738475638898,10.3,303.5788782175508,50.0,574.2867728788486,0.004739336492890996
21946978854_207_Z3,21946978854,207,3,144,165,0,0.4057284997508077,0.25961927608254126,10.35,303.7817424674262,50.0,554.9626467449264,0.004739336492890996
21946978854_208_Z3,21946978854,208,3,144,165,0,0.9153099723306468,0.2598894065438391,10.4,304.23939745359155,50.0,517.1184022824543,0.004739336492890996
21946978854_209_Z3,21946978854,209,3,144,165,0,2.96733388107657,0.2607741810898969,10.45,305.72306439412984,50.0,545.7025920873178,0.004739336492890996
21946978854_210_Z3,21946978854,210,3,144,165,0,3.545495786127958,0.26228096498076714,10.5,307.4958122871938,50.0,532.7650506126674,0.004739336492890996
21946978854_211_Z4,21946978854,211,4,165,185,0,-0.044269934957583246,0.26394307692845126,10.55,307.4958122871938,50.0,505.84336298622077,0.004739336492890996
21946978854_212_Z4,21946978854,212,4,165,185,0,-0.7853617256957932,0.2626691373094172,10.6,307.4958122871938,50.0,664.4518272425303,0.004739336492890996
21946978854_213_Z3,21946978854,213,3,144,165,0,10.41876905202048,0.26528450344857435,10.65,312.70519681320405,50.0,639.3180607352318,0.004739336492890996
21946978854_214_Z3,21946978854,214,3,144,165,0,6.7901297328292,0.27052655676736026,10.7,316.10026167961865,50.0,519.1256830601042,0.004739336492890996
21946978854_215_Z3,21946978854,215,3,144,165,0,11.259005153897988,0.27341892189303113,10.75,321.72976425656765,50.0,525.8545135845817,0.004739336492890996
21946978854_217_Z2,21946978854,217,2,124,144,0,-3.9048339821986247,0.28181318854410053,10.85,326.6193377543995,50.0,648.4149855907942,0.004739336492890996
21946978854_220_Z3,21946978854,220,3,144,165,0,2.0524185848670413,0.27160583878016037,11.0,327.64554704683303,50.0,522.9517722254492,0.004739336492890996
21946978854_221_Z3,21946978854,221,3,144,165,0,1.8487655774609948,0.272214755015989,11.05,328.5699298355635,50.0,487.23897911832535,0.004739336492890996
21946978854_223_Z3,21946978854,223,3,144,165,0,-7.556471498388987,0.26809651661125616,11.15,328.5699298355635,50.0,480.0349116299375,0.004739336492890996
21946978854_224_Z3,21946978854,224,3,144,165,0,-7.856070584366648,0.2642445675816191,11.2,328.5699298355635,50.0,518.6946185433277,0.004739336492890996
21946978854_225_Z3,21946978854,225,3,144,165,0,-2.433542510878169,0.26176946867591805,11.25,328.5699298355635,50.0,481.7987152034186,0.004739336492890996
21946978854_226_Z3,21946978854,226,3,144,165,0,-0.5378899226907379,0.26111909870981087,11.3,328.5699298355635,50.0,481.7618719890068,0.004739336492890996
21946978854_227_Z3,21946978854,227,3,144,165,0,-2.0742659156923082,0.2605042051859131,11.35,328.5699298355635,50.0,492.51752225799527,0.004739336492890996
21946978854_228_Z3,21946978854,228,3,144,165,0,-5.019266767807721,0.2587667387007126,11.4,328.5699298355635,50.0,458.5473220836354,0.004739336492890996
21946978854_229_Z3,21946978854,229,3,144,165,0,-2.4463685273864257,0.25663287446502636,11.45,328.5699298355635,50.0,476.8211920529801,0.004739336492890996
21946978854_230_Z3,21946978854,230,3,144,165,0,-2.431497697075997,0.2557632882599416,11.5,328.5699298355635,50.0,477.16428084526007,0.004739336492890996
21946978854_231_Z3,21946978854,231,3,144,165,0,-6.340404890986065,0.25325175733512434,11.55,328.5699298355635,50.0,496.01035152039043,0.004739336492890996
21946978854_232_Z3,21946978854,232,3,144,165,0,-0.6328526160685328,0.25161172606404425,11.6,328.5699298355635,50.0,484.45700444084736,0.004739336492890996
21946978854_233_Z3,21946978854,233,3,144,165,0,0.781411790377831,0.2515837189085694,11.65,328.9606357307524,50.0,462.1926418931398,0.004739336492890996
21946978854_234_Z3,21946978854,234,3,144,165,0,1.7528537634757413,0.2523962866208562,11.7,329.8370626124903,50.0,467.88600595492653,0.004739336492890996
21946978854_235_Z3,21946978854,235,3,144,165,0,-3.1003754161917527,0.25213996473622896,11.75,329.8370626124903,50.0,457.14285714285717,0.004739336492890996
21946978854_236_Z3,21946978854,236,3,144,165,0,-3.237160808885335,0.25029874175784683,11.8,329.8370626124903,50.0,452.7680592714537,0.004739336492890996
21946978854_237_Z3,21946978854,237,3,144,165,0,-2.2146276153858935,0.24914576020552917,11.85,329.8370626124903,50.0,466.3557628247767,0.004739336492890996
21946978854_238_Z3,21946978854,238,3,144,165,0,-5.882127421062705,0.24706727345122942,11.9,329.8370626124903,50.0,459.52633439377934,0.004739336492890996
21946978854_239_Z3,21946978854,239,3,144,165,0,0.17324955421418053,0.24512195436826048,11.95,329.9236873895974,50.0,457.75319473583573,0.004739336492890996
21946978854_240_Z3,21946978854,240,3,144,165,0,2.4555114252199814,0.24655893076139362,12.0,331.1514431022074,50.0,486.7166903265108,0.004739336492890996
21946978854_241_Z3,21946978854,241,3,144,165,0,-9.48169118377092,0.24495837118742966,12.05,331.1514431022074,50.0,494.53946012774935,0.004739336492890996
21946978854_242_Z3,21946978854,242,3,144,165,0,-14.22048295955301,0.23826640519541112,12.1,331.1514431022074,50.0,468.38407494145014,0.004739336492890996
21946978854_243_Z3,21946978854,243,3,144,165,0,-2.850334598197378,0.23400834038801074,12.15,331.1514431022074,50.0,433.56286661566895,0.004739336492890996
21946978854_245_Z3,21946978854,245,3,144,165,0,1.591992702086202,0.2331393220614009,12.25,331.94743945325047,50.0,498.0955171403574,0.004739336492890996
21946978854_246_Z3,21946978854,246,3,144,165,0,2.05205505965489,0.23441769945362034,12.3,332.9734669830779,50.0,603.0908405578648,0.004739336492890996
21946978854_247_Z3,21946978854,247,3,144,165,0,0.9619814154365258,0.23493167085346098,12.35,333.4544576907962,50.0,520.7248489897914,0.004739336492890996
21946978854_248_Z3,21946978854,248,3,144,165,0,6.744011869489384,0.23656857646407412,12.4,336.8264636255409,50.0,688.7052341597805,0.004739336492890996
21946978854_250_Z3,21946978854,250,3,144,165,0,3.7311049572138586,0.24547333925129328,12.5,343.9811617927435,50.0,517.1475231355502,0.004739336492890996
21946978854_251_Z4,21946978854,251,4,165,185,0,-7.165324694395338,0.24358807158120416,12.55,343.9811617927435,50.0,510.0182149362511,0.004739336492890996
21946978854_252_Z4,21946978854,252,4,165,185,0,2.286053264313068,0.24269550103467977,12.6,345.1241884249,50.0,472.93746715710404,0.004739336492890996
21946978854_254_Z3,21946978854,254,3,144,165,0,0.3804330002058123,0.24490363167877566,12.7,346.717804825045,50.0,696.7857945605788,0.004739336492890996
21946978854_255_Z3,21946978854,255,3,144,165,0,0.07372578784242023,0.2448736664515492,12.75,346.7546677189662,50.0,554.2008423852733,0.004739336492890996
21946978854_256_Z3,21946978854,256,3,144,165,0,0.7470715603667498,0.24507487778918516,12.8,346.9745308791821,29.43000000000029,551.0440835266601,0.004739336492890996
22118031985_6_Z2,22118031985,6,2,124,144,0,-2.36645142564646,0.29527932593301504,0.3,2.8667832321344804,50.0,455.6673628251375,0.006802721088435374
22118031985_7_Z2,22118031985,7,2,124,144,0,-3.9172080733709436,0.29398103234634665,0.35,2.8667832321344804,50.0,434.78260869565224,0.006802721088435374
22118031985_8_Z2,22118031985,8,2,124,144,0,-2.9181419016350674,0.2920206145139184,0.4,2.8667832321344804,50.0,435.2557127312297,0.006802721088435374
22118031985_9_Z2,22118031985,9,2,124,144,0,-3.8279773971003124,0.29064977138094167,0.45,2.8667832321344804,50.0,488.5631801021538,0.006802721088435374
22118031985_10_Z2,22118031985,10,2,124,144,0,0.32650332498428725,0.2890584927364962,0.5,3.030034894626624,50.0,434.63143254520224,0.006802721088435374
22118031985_11_Z2,22118031985,11,2,124,144,0,14.309843056769296,0.29341211745573154,0.55,10.184956423011272,50.0,461.6399208617278,0.006802721088435374
22118031985_12_Z2,22118031985,12,2,124,144,0,-0.6148896135241557,0.2971450452978688,0.6,10.184956423011272,50.0,440.0,0.006802721088435374
22118031985_13_Z2,22118031985,13,2,124,144,0,-6.641992032024859,0.29459480157563944,0.65,10.184956423011272,50.0,403.56839422259947,0.006802721088435374
22118031985_14_Z2,22118031985,14,2,124,144,0,-9.211525594053114,0.29135460903221705,0.7,10.184956423011272,50.0,427.90697674418607,0.006802721088435374
22118031985_15_Z2,22118031985,15,2,124,144,0,-8.396401319437928,0.2860753333202499,0.75,10.184956423011272,50.0,459.0984974958268,0.006802721088435374
22118031985_16_Z2,22118031985,16,2,124,144,0,-0.08169349997660902,0.28422672234483115,0.8,10.184956423011272,50.0,436.4906154517673,0.006802721088435374
22118031985_17_Z2,22118031985,17,2,124,144,0,3.394340331147305,0.2852571600508001,0.85,11.882126588584924,50.0,417.8854993731716,0.006802721088435374
22118031985_18_Z2,22118031985,18,2,124,144,0,-5.01328856405587,0.28515768126700863,0.9,11.882126588584924,50.0,450.77533357374745,0.006802721088435374
22118031985_20_Z2,22118031985,20,2,124,144,0,-7.803099228860219,0.27598253128601424,1.0,11.882126588584924,50.0,346.37326813365985,0.006802721088435374
22118031985_21_Z2,22118031985,21,2,124,144,0,-4.878625425772043,0.27281264525608356,1.05,11.882126588584924,50.0,374.8621830209489,0.006802721088435374
22118031985_22_Z2,22118031985,22,2,124,144,0,-1.3939745935122119,0.2711846545617976,1.1,11.882126588584924,50.0,353.20088300220607,0.006802721088435374
22118031985_23_Z2,22118031985,23,2,124,144,0,-0.6373527963938841,0.2708923005700282,1.15,11.882126588584924,50.0,393.9334252511327,0.006802721088435374
22118031985_24_Z2,22118031985,24,2,124,144,0,1.1983370898674366,0.2711180731985531,1.2,12.481295133518643,50.0,481.41729250914847,0.006802721088435374
22118031985_25_Z2,22118031985,25,2,124,144,0,-14.813296398433067,0.2680373472142905,1.25,12.481295133518643,50.0,498.00796812748905,0.006802721088435374
22118031985_26_Z2,22118031985,26,2,124,144,0,-4.717553293058586,0.2618251857645537,1.3,12.481295133518643,50.0,422.75849920732793,0.006802721088435374
22118031985_27_Z2,22118031985,27,2,124,144,0,4.722968299544846,0.26300054655960614,1.35,14.842779283291065,50.0,475.82794061667335,0.006802721088435374
22118031985_28_Z2,22118031985,28,2,124,144,0,-9.541796948025194,0.2619987969935351,1.4,14.842779283291065,50.0,474.94656851104105,0.006802721088435374
22118031985_29_Z2,22118031985,29,2,124,144,0,-13.798997197211747,0.2554924975343024,1.45,14.842779283291065,50.0,428.51577717179657,0.006802721088435374
22118031985_30_Z2,22118031985,30,2,124,144,0,-12.227423245123873,0.24877981678672417,1.5,14.842779283291065,50.0,419.2139737991266,0.006802721088435374
22118031985_31_Z2,22118031985,31,2,124,144,0,2.1763406629901283,0.24670322071341114,1.55,15.93094961478613,50.0,469.74821495678293,0.006802721088435374
22118031985_32_Z2,22118031985,32,2,124,144,0,-3.004816229417713,0.2465406360598791,1.6,15.93094961478613,50.0,391.0950661853188,0.006802721088435374
22118031985_33_Z2,22118031985,33,2,124,144,0,-8.479619261712116,0.24395940796922638,1.65,15.93094961478613,50.0,442.57112750263394,0.006802721088435374
22118031985_34_Z2,22118031985,34,2,124,144,0,-11.59279149368075,0.2381820074389201,1.7,15.93094961478613,50.0,458.51528384279294,0.006802721088435374
22118031985_35_Z2,22118031985,35,2,124,144,0,-5.774055029638532,0.23398050841125348,1.75,15.93094961478613,50.0,457.78229908443524,0.006802721088435374
22118031985_36_Z2,22118031985,36,2,124,144,0,1.058333690646748,0.23306170465128093,1.8,16.460116460109504,50.0,387.7638948729009,0.006802721088435374
22118031985_37_Z2,22118031985,37,2,124,144,0,-2.3688310379729387,0.23300891572631133,1.85,16.460116460109504,50.0,406.0089321965084,0.006802721088435374
22118031985_38_Z2,22118031985,38,2,124,144,0,-7.355352226901687,0.23013728872984976,1.9,16.460116460109504,50.0,456.82960255824605,0.006802721088435374
22118031985_39_Z2,22118031985,39,2,124,144,0,-2.0970613151948783,0.22774782159172582,1.95,16.460116460109504,50.0,510.725229826353,0.006802721088435374
22118031985_40_Z2,22118031985,40,2,124,144,0,-2.9026818434899724,0.22684877941304754,2.0,16.460116460109504,50.0,414.0786749482393,0.006802721088435374
22118031985_41_Z2,22118031985,41,2,124,144,0,-9.630667674229755,0.22356358427462156,2.05,16.460116460109504,50.0,364.22501011736085,0.006802721088435374
22118031985_42_Z2,22118031985,42,2,124,144,0,-2.92707814936756,0.2200742202899337,2.1,16.460116460109504,50.0,424.6284501061576,0.006802721088435374
22118031985_43_Z2,22118031985,43,2,124,144,0,0.47006412622693006,0.219550431744255,2.15,16.69514852322297,50.0,456.7078972407255,0.006802721088435374
22118031985_44_Z2,22118031985,44,2,124,144,0,1.770159766172867,0.22071060536390094,2.2,17.580228406309402,50.0,484.3304843304793,0.006802721088435374
22118031985_45_Z3,22118031985,45,3,144,165,0,-0.05712999589758283,0.22079095587390596,2.25,17.580228406309402,50.0,462.249614791987,0.006802721088435374
22118031985_46_Z2,22118031985,46,2,124,144,0,-0.24778525858295097,0.22063865231252142,2.3,17.580228406309402,50.0,434.18196171304845,0.006802721088435374
22118031985_47_Z2,22118031985,47,2,124,144,0,-5.654012847906131,0.21892575287396984,2.35,17.580228406309402,50.0,477.53418710657525,0.006802721088435374
22118031985_48_Z2,22118031985,48,2,124,144,0,2.8452014228167286,0.21863111846255356,2.4,19.002829117717766,50.0,430.26174256005584,0.006802721088435374
22118031985_49_Z2,22118031985,49,2,124,144,0,-5.199853207804551,0.21818561193013297,2.45,19.002829117717766,50.0,459.30084205154844,0.006802721088435374
22118031985_50_Z2,22118031985,50,2,124,144,0,-7.092891673964061,0.214704171413988,2.5,19.002829117717766,50.0,489.1410682840919,0.006802721088435374
22118031985_51_Z2,22118031985,51,2,124,144,0,-0.00366111418145465,0.21299339100767875,2.55,19.002829117717766,50.0,438.4426517011576,0.006802721088435374
22118031985_52_Z2,22118031985,52,2,124,144,0,-4.763926453930594,0.21177145917339613,2.6,19.002829117717766,50.0,556.5493937586967,0.006802721088435374
22118031985_53_Z2,22118031985,53,2,124,144,0,-1.7996112899631953,0.2103711528749168,2.65,19.002829117717766,50.0,446.1141112937294,0.006802721088435374
22118031985_55_Z2,22118031985,55,2,124,144,0,-0.19567575756701672,0.20589628694838522,2.75,19.002829117717766,50.0,570.300504496604,0.006802721088435374
22118031985_56_Z2,22118031985,56,2,124,144,0,-0.9172998365369835,0.2054201398776661,2.8,19.002829117717766,50.0,590.2383654937547,0.006802721088435374
22118031985_57_Z2,22118031985,57,2,124,144,0,12.20750508413414,0.2084077538807973,2.85,25.106581659784837,50.0,580.4749340369402,0.006802721088435374
22118031985_58_Z2,22118031985,58,2,124,144,0,6.534703654420525,0.2135760691967442,2.9,28.3739334869951,50.0,529.6100144439099,0.006802721088435374
22118031985_59_Z2,22118031985,59,2,124,144,0,5.884706361550286,0.2160181822141475,2.95,31.316286667770243,50.0,529.5950155763255,0.006802721088435374
22118031985_60_Z3,22118031985,60,3,144,165,0,4.007108389029952,0.21916249857622588,3.0,33.31984086228522,50.0,568.4754521963785,0.006802721088435374
22118031985_61_Z3,22118031985,61,3,144,165,0,1.9974755841292904,0.2201043789492705,3.05,34.318578654349864,50.0,580.5071799572255,0.006802721088435374
22118031985_62_Z2,22118031985,62,2,124,144,0,3.521387957137051,0.22186592103032662,3.1,36.07927263291839,50.0,566.2285136501486,0.006802721088435374
22118031985_63_Z2,22118031985,63,2,124,144,0,2.957626394709507,0.22291593114606273,3.15,37.55808583027314,50.0,583.5764902042515,0.006802721088435374
22118031985_64_Z3,22118031985,64,3,144,165,0,7.389560533909389,0.22626275176832814,3.2,41.25286609722784,50.0,599.0586221651719,0.006802721088435374
22118031985_65_Z3,22118031985,65,3,144,165,0,4.047834982345648,0.22846330747309654,3.25,43.27678358840066,50.0,578.5123966942137,0.006802721088435374
22118031985_66_Z3,22118031985,66,3,144,165,0,5.989692283634497,0.23115653691797294,3.3,46.27162973021791,50.0,588.8847994111136,0.006802721088435374
22118031985_67_Z3,22118031985,67,3,144,165,0,-2.720160888132284,0.23290546598266698,3.35,46.27162973021791,50.0,574.2821473158591,0.006802721088435374
22118031985_68_Z3,22118031985,68,3,144,165,0,1.0483488827663905,0.2308928236851244,3.4,46.795804171601105,50.0,611.6811365430115,0.006802721088435374
22118031985_69_Z3,22118031985,69,3,144,165,0,9.389748473769828,0.23436212777578216,3.45,51.49067840848602,50.0,566.0377358490566,0.006802721088435374
22118031985_70_Z3,22118031985,70,3,144,165,0,6.330711131769874,0.23819019607995726,3.5,54.656033974370956,50.0,611.995104039172,0.006802721088435374
22118031985_71_Z3,22118031985,71,3,144,165,0,3.931902694953692,0.24069264226657264,3.55,56.6219853218478,50.0,626.3048016701443,0.006802721088435374
22118031985_72_Z3,22118031985,72,3,144,165,0,8.083214346799934,0.24402629322622393,3.6,60.66359249524777,50.0,593.6675461741422,0.006802721088435374
22118031985_73_Z3,22118031985,73,3,144,165,0,3.52924187522342,0.24663447729193533,3.65,62.42821343285948,50.0,558.2693649685957,0.006802721088435374
22118031985_74_Z3,22118031985,74,3,144,165,0,4.983952831631882,0.24885709104649537,3.7,64.92018984867542,50.0,560.672807368842,0.006802721088435374
22118031985_75_Z3,22118031985,75,3,144,165,0,2.8371339331368404,0.2504432595818073,3.75,66.33875681524384,50.0,515.1175811870143,0.006802721088435374
22118031985_77_Z3,22118031985,77,3,144,165,0,-3.3795385150624497,0.2528590042756384,3.85,68.76633202808381,50.0,524.282560706405,0.006802721088435374
22118031985_78_Z3,22118031985,78,3,144,165,0,4.0267189188023735,0.25297217150074547,3.9,70.779691487485,50.0,529.500756429651,0.006802721088435374
22118031985_79_Z3,22118031985,79,3,144,165,0,1.6711505016380102,0.2550386752497334,3.95,71.615266738304,50.0,532.4206122837027,0.006802721088435374
22118031985_80_Z3,22118031985,80,3,144,165,0,-1.0508060846653393,0.25458081560004137,4.0,71.615266738304,50.0,503.67261280167793,0.006802721088435374
22118031985_81_Z3,22118031985,81,3,144,165,0,6.131877661659985,0.25578467855183346,4.05,74.681205569134,50.0,533.9978640085455,0.006802721088435374
22118031985_82_Z3,22118031985,82,3,144,165,0,5.254075029129012,0.2592402900991455,4.1,77.3082430836985,50.0,610.1281269066495,0.006802721088435374
22118031985_83_Z3,22118031985,83,3,144,165,0,-7.320075922009096,0.25852504900893486,4.15,77.3082430836985,50.0,516.5289256198386,0.006802721088435374
22118031985_84_Z3,22118031985,84,3,144,165,0,-2.9857892658234277,0.2558164649239445,4.2,77.3082430836985,50.0,486.9497467861303,0.006802721088435374
22118031985_85_Z3,22118031985,85,3,144,165,0,-1.3793026990559838,0.2543980090272523,4.25,77.3082430836985,50.0,505.3834322126981,0.006802721088435374
22118031985_86_Z2,22118031985,86,2,124,144,0,9.240961000177663,0.25625550745573794,4.3,81.92872358378733,50.0,536.3368195226608,0.006802721088435374
22118031985_87_Z2,22118031985,87,2,124,144,0,10.723429606655941,0.26231560829817746,4.35,87.2904383871153,50.0,537.1783997738213,0.006802721088435374
22118031985_89_Z3,22118031985,89,3,144,165,0,2.0135296878972895,0.263211731024769,4.45,88.29720323106395,50.0,574.1016372528204,0.006802721088435374
22118031985_90_Z3,22118031985,90,3,144,165,0,-3.553545943709878,0.2628324006071345,4.5,88.29720323106395,50.0,607.9027355623068,0.006802721088435374
22118031985_91_Z3,22118031985,91,3,144,165,0,1.690776803980384,0.2622581635702563,4.55,89.14259163305414,50.0,607.1645415907728,0.006802721088435374
22118031985_92_Z3,22118031985,92,3,144,165,0,3.927199074441546,0.2638856827500822,4.6,91.10619117027491,50.0,610.6870229007606,0.006802721088435374
22118031985_93_Z3,22118031985,93,3,144,165,0,4.659360487218009,0.26569453761573775,4.65,93.43587141388392,50.0,622.6650062266581,0.006802721088435374
22118031985_94_Z3,22118031985,94,3,144,165,0,12.104416833396954,0.2700348797094494,4.7,99.4880798305824,50.0,516.173434273917,0.006802721088435374
22118031985_95_Z3,22118031985,95,3,144,165,0,4.856086619038251,0.2748046379466275,4.75,101.91612314010152,50.0,520.7290206288774,0.006802721088435374
22118031985_96_Z3,22118031985,96,3,144,165,0,0.05138777645538539,0.2756668192611225,4.8,101.94181702832921,50.0,486.9141813755329,0.006802721088435374
22118031985_97_Z3,22118031985,97,3,144,165,0,-8.874742694571296,0.2734325877654553,4.85,101.94181702832921,50.0,465.5870445344078,0.006802721088435374
22118031985_98_Z3,22118031985,98,3,144,165,0,2.862763601810002,0.2713969580261543,4.9,103.37319882923421,50.0,488.0118820284403,0.006802721088435374
22118031985_99_Z3,22118031985,99,3,144,165,0,4.228691278741962,0.2741670152362666,4.95,105.4875444686052,50.0,538.0476556495007,0.006802721088435374
22118031985_100_Z3,22118031985,100,3,144,165,0,-0.6818063765178977,0.2738168802014174,5.0,105.4875444686052,50.0,520.4594400574276,0.006802721088435374
22118031985_101_Z3,22118031985,101,3,144,165,0,14.556037583881334,0.2784359755266414,5.05,112.76556326054586,50.0,439.85045084670963,0.006802721088435374
22118031985_102_Z3,22118031985,102,3,144,165,0,-0.2993914523483454,0.2816726403965593,5.1,112.76556326054586,50.0,481.2722326846624,0.006802721088435374
22118031985_103_Z3,22118031985,103,3,144,165,0,6.796407524022129,0.28274563100435796,5.15,116.16376702255693,50.0,478.25096788886515,0.006802721088435374
22118031985_104_Z3,22118031985,104,3,144,165,0,8.631643574665645,0.2874513781603846,5.2,120.47958880988975,50.0,455.92705167173057,0.006802721088435374
22118031985_105_Z3,22118031985,105,3,144,165,0,-13.20290475247532,0.2865549093436119,5.25,120.47958880988975,50.0,483.3040421792669,0.006802721088435374
22118031985_106_Z3,22118031985,106,3,144,165,0,-11.661581922116284,0.27927585839328545,5.3,120.47958880988975,50.0,480.8617041738732,0.006802721088435374
22118031985_107_Z3,22118031985,107,3,144,165,0,-8.399366781376443,0.27485213949473475,5.35,120.47958880988975,50.0,484.2615012106528,0.006802721088435374
22118031985_109_Z2,22118031985,109,2,124,144,0,5.815076931288672,0.2762329437215864,5.45,125.36687800828585,50.0,368.37631056956684,0.006802721088435374
22118031985_110_Z2,22118031985,110,2,124,144,0,-17.697296577113093,0.2743737332673705,5.5,125.36687800828585,50.0,393.1623931623932,0.006802721088435374
22118031985_111_Z2,22118031985,111,2,124,144,0,-17.612946541286647,0.26317244486384195,5.55,125.36687800828585,50.0,413.7931034482759,0.006802721088435374
22118031985_112_Z2,22118031985,112,2,124,144,0,-12.446959255581874,0.25675008183913395,5.6,125.36687800828585,50.0,445.84316810909917,0.006802721088435374
22118031985_114_Z3,22118031985,114,3,144,165,0,-7.707029541998395,0.2516123217731989,5.7,125.36687800828585,50.0,437.541019470575,0.006802721088435374
22118031985_115_Z3,22118031985,115,3,144,165,0,0.04000399101568064,0.24946097538632742,5.75,125.38688000379369,50.0,448.31223628691896,0.006802721088435374
22118031985_116_Z2,22118031985,116,2,124,144,0,-1.5842692831558338,0.24891194957661067,5.8,125.38688000379369,50.0,454.0967423494603,0.006802721088435374
22118031985_117_Z2,22118031985,117,2,124,144,0,8.77900223404157,0.25147220487744815,5.85,129.77638112081448,50.0,485.54403001544483,0.006802721088435374
22118031985_120_Z3,22118031985,120,3,144,165,0,-1.7220077460043512,0.2516480455318033,6.0,132.02705119445844,50.0,468.56696602889264,0.006802721088435374
22118031985_121_Z3,22118031985,121,3,144,165,0,-8.369873125033564,0.2488337977529321,6.05,132.02705119445844,50.0,512.6953124999995,0.006802721088435374
22118031985_122_Z3,22118031985,122,3,144,165,0,3.5292883821982173,0.24663788139951523,6.1,133.79169538555755,50.0,477.4637127578334,0.006802721088435374
22118031985_123_Z3,22118031985,123,3,144,165,0,5.525171423262975,0.2503483226522642,6.15,136.55428109718903,50.0,641.0256410256333,0.006802721088435374
22118031985_124_Z3,22118031985,124,3,144,165,0,2.686697937144686,0.2518540516450382,6.2,137.89763006576138,50.0,674.6900072939443,0.006802721088435374
22118031985_125_Z3,22118031985,125,3,144,165,0,2.1961811477569313,0.25272853423588854,6.25,138.99572063963984,50.0,594.1901408450757,0.006802721088435374
22118031985_126_Z3,22118031985,126,3,144,165,0,15.43551010316611,0.257554444231224,6.3,146.7134756912229,50.0,588.9057750759841,0.006802721088435374
22118031985_127_Z3,22118031985,127,3,144,165,0,13.346399857275628,0.26433398807677355,6.35,153.3866756198607,50.0,646.9319741227298,0.006802721088435374
22118031985_128_Z3,22118031985,128,3,144,165,0,2.620999014718791,0.2686455083232498,6.4,154.6971751272201,50.0,608.9309878213783,0.006802721088435374
22118031985_129_Z3,22118031985,129,3,144,165,0,18.786488235778506,0.2750785296253955,6.45,164.09041924510936,50.0,556.8962316688335,0.006802721088435374
22118031985_130_Z3,22118031985,130,3,144,165,0,-2.56544103509691,0.27728702446460013,6.5,164.09041924510936,50.0,596.4214711729564,0.006802721088435374
22118031985_131_Z3,22118031985,131,3,144,165,0,6.381329247501412,0.2793759221587427,6.55,167.28108386886007,50.0,569.2599620493334,0.006802721088435374
22118031985_132_Z3,22118031985,132,3,144,165,0,-8.044906622352187,0.27862773406832864,6.6,167.28108386886007,50.0,511.7469178878835,0.006802721088435374
22118031985_133_Z3,22118031985,133,3,144,165,0,-3.906576629308688,0.27552440676227247,6.65,167.28108386886007,50.0,497.6041282712844,0.006802721088435374
22118031985_134_Z3,22118031985,134,3,144,165,0,7.259854103012458,0.27589689067806084,6.7,170.9110109203663,50.0,586.879060993502,0.006802721088435374
22118031985_135_Z3,22118031985,135,3,144,165,0,10.934614338684355,0.28130266089039546,6.75,176.37831808970847,50.0,577.8120184899838,0.006802721088435374
22118031985_136_Z3,22118031985,136,3,144,165,0,0.08554707986797894,0.2837069449123762,6.8,176.42109162964246,50.0,542.0641803989712,0.006802721088435374
22118031985_137_Z3,22118031985,137,3,144,165,0,15.67685228504456,0.28748411260850953,6.85,184.25951777216474,50.0,585.5855855855784,0.006802721088435374
22118031985_138_Z3,22118031985,138,3,144,165,0,8.366118188727228,0.2937514788462604,6.9,188.44257686652836,50.0,572.3977104091686,0.006802721088435374
22118031985_139_Z3,22118031985,139,3,144,165,0,18.151442657326243,0.3002434371306644,6.95,197.51829819519148,50.0,659.9378881987521,0.006802721088435374
22118031985_140_Z3,22118031985,140,3,144,165,0,2.7685590012196144,0.30609475851088547,7.0,198.90257769580128,50.0,601.9095060190914,0.006802721088435374
22118031985_142_Z3,22118031985,142,3,144,165,0,9.196716533597964,0.30929366575766537,7.1,204.71746840189232,50.0,533.0174711282277,0.006802721088435374
22118031985_143_Z3,22118031985,143,3,144,165,0,6.983421407983087,0.31447553016795443,7.15,208.20917910588386,50.0,529.7010972379904,0.006802721088435374
22118031985_144_Z3,22118031985,144,3,144,165,0,-5.969315269202184,0.314269027794382,7.2,208.20917910588386,50.0,476.64442326024124,0.006802721088435374
22118031985_146_Z3,22118031985,146,3,144,165,0,-4.911114695991614,0.30546414910712716,7.3,208.20917910588386,50.0,493.1629679444107,0.006802721088435374
22118031985_147_Z3,22118031985,147,3,144,165,0,-2.386946646215165,0.30411864694459634,7.35,208.20917910588386,50.0,485.61151079136374,0.006802721088435374
22118031985_148_Z3,22118031985,148,3,144,165,0,-1.541893248849533,0.30297737045879575,7.4,208.20917910588386,50.0,499.20580894032554,0.006802721088435374
22118031985_149_Z3,22118031985,149,3,144,165,0,-4.842079212877479,0.30126441968246115,7.45,208.20917910588386,50.0,528.4926470588182,0.006802721088435374
22118031985_150_Z3,22118031985,150,3,144,165,0,3.790410726583673,0.30134668911274237,7.5,210.1043844691757,50.0,546.5587044534453,0.006802721088435374
22118031985_151_Z3,22118031985,151,3,144,165,0,-0.6440793211345408,0.30170802603660946,7.55,210.1043844691757,50.0,489.6200548374423,0.006802721088435374
22118031985_152_Z3,22118031985,152,3,144,165,0,3.790027354166682,0.30307390485253155,7.6,211.99939814625904,50.0,470.46523784631944,0.006802721088435374
22118031985_153_Z3,22118031985,153,3,144,165,0,-7.05027859522113,0.3020441142730305,7.65,211.99939814625904,50.0,451.4187446259631,0.006802721088435374
22118031985_154_Z3,22118031985,154,3,144,165,0,-6.119122568640819,0.29814499931755767,7.7,211.99939814625904,50.0,487.01298701299055,0.006802721088435374
22118031985_155_Z3,22118031985,155,3,144,165,0,5.410023514829277,0.2988169979742277,7.75,214.70440990367368,50.0,472.81323877068354,0.006802721088435374
22118031985_156_Z3,22118031985,156,3,144,165,0,-12.288459719261255,0.2970798653998904,7.8,214.70440990367368,50.0,492.83154121863436,0.006802721088435374
22118031985_157_Z3,22118031985,157,3,144,165,0,1.0929452507189126,0.29334371032809436,7.85,215.25088252903313,50.0,478.6521156423551,0.006802721088435374
22118031985_158_Z3,22118031985,158,3,144,165,0,-8.263128925499927,0.29286196195652303,7.9,215.25088252903313,50.0,489.09720807010683,0.006802721088435374
22118031985_159_Z3,22118031985,159,3,144,165,0,-6.191606069607701,0.2875130641473714,7.95,215.25088252903313,50.0,393.70078740157106,0.006802721088435374
22118031985_160_Z3,22118031985,160,3,144,165,0,4.306082791463496,0.2885241334204193,8.0,217.40392392476488,50.0,493.4790271413484,0.006802721088435374
22118031985_161_Z3,22118031985,161,3,144,165,0,1.208192494441164,0.2893058320709071,8.05,218.00802017198546,50.0,412.29385307345876,0.006802721088435374
22118031985_162_Z3,22118031985,162,3,144,165,0,3.522546401551608,0.29053597735558906,8.1,219.76929337276127,50.0,398.57352632682966,0.006802721088435374
22259327797_7_Z2,22259327797,7,2,124,144,0,-4.5050183052998705,0.2177769691973044,0.35,0.0,50.0,342.20532319391623,0.004608294930875576
22259327797_10_Z2,22259327797,10,2,124,144,0,2.9244205492249193,0.2148749967814821,0.5,1.5657812787067087,50.0,333.73063170441054,0.004608294930875576
22259327797_11_Z2,22259327797,11,2,124,144,0,0.5493766734683732,0.21580236144137918,0.55,1.8404696154408953,50.0,321.93158953722303,0.004608294930875576
22259327797_12_Z2,22259327797,12,2,124,144,0,-6.642957147297466,0.21441783772259088,0.6,1.8404696154408953,50.0,340.84453701950423,0.004608294930875576
22259327797_13_Z2,22259327797,13,2,124,144,0,-6.282458106783281,0.21090594540225208,0.65,1.8404696154408953,50.0,342.82700421940865,0.004608294930875576
22259327797_15_Z2,22259327797,15,2,124,144,0,5.287025942486878,0.21080793518741142,0.75,4.533416099663896,50.0,345.64700799308736,0.004608294930875576
22259327797_16_Z2,22259327797,16,2,124,144,0,2.398674991291614,0.21316309780706846,0.8,5.732753595309703,50.0,365.3635367190354,0.004608294930875576
22259327797_17_Z2,22259327797,17,2,124,144,0,-9.9886419828631,0.21067218981991098,0.85,5.732753595309703,50.0,358.57414047669204,0.004608294930875576
22259327797_18_Z2,22259327797,18,2,124,144,0,-3.8989145204700435,0.2070713296678412,0.9,5.732753595309703,50.0,342.80117531831604,0.004608294930875576
22259327797_19_Z2,22259327797,19,2,124,144,0,0.7575920866609636,0.20638716907462837,0.95,6.111549638640184,50.0,345.94594594594594,0.004608294930875576
22259327797_20_Z2,22259327797,20,2,124,144,0,1.357190183351122,0.20689432909753155,1.0,6.790144730315745,50.0,347.57718258024886,0.004608294930875576
22259327797_21_Z2,22259327797,21,2,124,144,0,9.3056911295796,0.2096207901091028,1.05,11.442990295105545,50.0,336.9391736123434,0.004608294930875576
22259327797_22_Z2,22259327797,22,2,124,144,0,4.068056586908028,0.21313018658380817,1.1,13.47701858855956,50.0,341.6398713826367,0.004608294930875576
22259327797_23_Z2,22259327797,23,2,124,144,0,2.305571126001894,0.21470647664455875,1.15,14.629804151560506,50.0,357.29298024379875,0.004608294930875576
22259327797_24_Z2,22259327797,24,2,124,144,0,4.126580966931499,0.2158646650501083,1.2,16.693094635026256,50.0,342.1211511370509,0.004608294930875576
22259327797_26_Z2,22259327797,26,2,124,144,0,-8.65025959643026,0.22138661465883322,1.3,23.247651686232473,50.0,357.3821755639939,0.004608294930875576
22259327797_27_Z2,22259327797,27,2,124,144,0,3.162408105041152,0.22048787646071727,1.35,24.82885573875305,50.0,352.9115200403321,0.004608294930875576
22259327797_29_Z2,22259327797,29,2,124,144,0,-4.81887854067071,0.2183133869358181,1.45,24.82885573875305,50.0,364.8155654641271,0.004608294930875576
22259327797_30_Z2,22259327797,30,2,124,144,0,0.2778860778556691,0.2166693344191578,1.5,24.967798777680883,50.0,365.0336215177701,0.004608294930875576
22259327797_31_Z2,22259327797,31,2,124,144,0,-0.7309589601119342,0.2171162675876507,1.55,24.967798777680883,50.0,380.8314820691845,0.004608294930875576
22259327797_32_Z2,22259327797,32,2,124,144,0,-0.4445217582229475,0.21662755511601547,1.6,24.967798777680883,50.0,361.28541547822834,0.004608294930875576
22259327797_33_Z2,22259327797,33,2,124,144,0,-0.26892225757882215,0.21620934866664313,1.65,24.967798777680883,50.0,370.17451084082484,0.004608294930875576
22259327797_34_Z2,22259327797,34,2,124,144,0,2.151543878010898,0.21708323940999047,1.7,26.043570716686332,50.0,359.28143712574916,0.004608294930875576
22259327797_35_Z2,22259327797,35,2,124,144,0,-0.5100932575674051,0.2173237604739469,1.75,26.043570716686332,50.0,386.41448037421134,0.004608294930875576
22259327797_36_Z2,22259327797,36,2,124,144,0,-0.6899924083276119,0.2171969246282258,1.8,26.043570716686332,50.0,342.89839379173384,0.004608294930875576
22259327797_37_Z2,22259327797,37,2,124,144,0,-8.987759437190277,0.21462007574746084,1.85,26.043570716686332,50.0,354.9060542797505,0.004608294930875576
22259327797_38_Z2,22259327797,38,2,124,144,0,2.700071073260631,0.21263187880408135,1.9,27.393606253316648,50.0,369.68576709796696,0.004608294930875576
22259327797_39_Z2,22259327797,39,2,124,144,0,-2.6592453696847542,0.2135359770847416,1.95,27.393606253316648,50.0,356.06195478013126,0.004608294930875576
22259327797_40_Z2,22259327797,40,2,124,144,0,-2.3406517834275746,0.21149617421326458,2.0,27.393606253316648,50.0,403.3071183706381,0.004608294930875576
22259327797_41_Z2,22259327797,41,2,124,144,0,0.5579485673256386,0.21137640627663928,2.05,27.672580536979467,50.0,398.64460833167175,0.004608294930875576
22259327797_43_Z2,22259327797,43,2,124,144,0,-0.3775191614346909,0.2088682613076858,2.15,27.672580536979467,50.0,374.1314804917149,0.004608294930875576
22259327797_44_Z3,22259327797,44,3,144,165,0,-0.8878146180555859,0.2082719974420504,2.2,27.672580536979467,50.0,371.74721189591224,0.004608294930875576
22259327797_45_Z3,22259327797,45,3,144,165,0,5.210220252749991,0.20967714056044576,2.25,30.277690663354463,50.0,360.780984719865,0.004608294930875576
22259327797_46_Z3,22259327797,46,3,144,165,0,1.665429111550793,0.21123333300769095,2.3,31.11040521912986,50.0,392.36668450151484,0.004608294930875576
22259327797_49_Z4,22259327797,49,4,165,185,0,7.633823638451474,0.21871471711526408,2.45,40.40396999510858,50.0,439.4960445355978,0.004608294930875576
22259327797_50_Z4,22259327797,50,4,165,185,0,11.661872291957138,0.224137074846601,2.5,46.23490614108715,50.0,474.06581148912267,0.004608294930875576
22259327797_51_Z5,22259327797,51,5,185,206,0,18.447049030863923,0.2306437808306816,2.55,55.45843065651911,50.0,597.8784956605604,0.004608294930875576
22259327797_52_Z5,22259327797,52,5,185,206,0,26.98975105426535,0.24364513463655518,2.6,68.95330618365179,50.0,735.4364234565502,0.004608294930875576
22259327797_53_Z5,22259327797,53,5,185,206,0,20.484827908424624,0.2545775227592996,2.65,79.1957201378641,50.0,825.5933952528411,0.004608294930875576
22259327797_54_Z5,22259327797,54,5,185,206,0,4.252935185246315,0.2610309975233547,2.7,81.32218773048726,50.0,539.4605394605375,0.004608294930875576
22259327797_55_Z5,22259327797,55,5,185,206,0,20.23050152754729,0.2665969324913663,2.75,91.4374384942609,50.0,703.1642390758384,0.004608294930875576
22259327797_56_Z4,22259327797,56,4,165,185,0,27.886865630962916,0.27934674532493026,2.8,105.38087130974236,50.0,688.4681583476769,0.004608294930875576
22259327797_57_Z5,22259327797,57,5,185,206,0,14.723570478530178,0.289339450396889,2.85,112.74265654900745,50.0,834.923664122136,0.004608294930875576
22259327797_58_Z4,22259327797,58,4,165,185,0,16.125373332836602,0.2976536204716029,2.9,120.80534321542575,50.0,821.266479360277,0.004608294930875576
22259327797_59_Z4,22259327797,59,4,165,185,0,8.279084245170452,0.3040175060585479,2.95,124.94488533801098,50.0,744.222483352919,0.004608294930875576
22259327797_60_Z4,22259327797,60,4,165,185,0,10.153400808986817,0.30776476728328034,3.0,130.02158574250439,50.0,872.8426899424663,0.004608294930875576
22259327797_61_Z4,22259327797,61,4,165,185,0,19.524446837354503,0.3150910639427277,3.05,139.78380916118164,50.0,866.5105386416899,0.004608294930875576
22259327797_62_Z4,22259327797,62,4,165,185,0,13.629958394571304,0.3244684199381949,3.1,146.5987883584673,50.0,685.1922344880096,0.004608294930875576
22259327797_65_Z4,22259327797,65,4,165,185,0,11.64240411572166,0.33433576856827657,3.25,156.84398620757906,50.0,501.0737294201879,0.004608294930875576
22259327797_66_Z5,22259327797,66,5,185,206,0,7.602577944837776,0.3392226257872685,3.3,160.64527517999795,50.0,448.430493273544,0.004608294930875576
22259327797_67_Z5,22259327797,67,5,185,206,0,-3.033695179366646,0.34025194005636106,3.35,160.64527517999795,50.0,433.60433604335935,0.004608294930875576
22259327797_68_Z4,22259327797,68,4,165,185,0,6.046074965708613,0.3407186583225035,3.4,163.66831266285226,50.0,544.8663374765877,0.004608294930875576
22259327797_70_Z5,22259327797,70,5,185,206,0,10.651926516349363,0.3492907231149996,3.5,173.09022989839707,50.0,479.51176983434937,0.004608294930875576
22259327797_71_Z4,22259327797,71,4,165,185,0,3.901817921744396,0.3527678352933092,3.55,175.04113885926927,50.0,554.1069100391164,0.004608294930875576
22259327797_72_Z4,22259327797,72,4,165,185,0,15.841686200673735,0.35727773185450934,3.6,182.96198195960613,50.0,598.2367758186357,0.004608294930875576
22259327797_73_Z5,22259327797,73,5,185,206,0,9.972050639433633,0.36461955449601074,3.65,187.94800727932295,50.0,539.146741678389,0.004608294930875576
22259327797_74_Z4,22259327797,74,4,165,185,0,9.342617031990244,0.3688482926945996,3.7,192.61931579531807,50.0,549.7382198952906,0.004608294930875576
22259327797_75_Z4,22259327797,75,4,165,185,0,8.886558504203322,0.37374589120956264,3.75,197.06259504741973,50.0,553.4725941796087,0.004608294930875576
22259327797_76_Z4,22259327797,76,4,165,185,0,1.7929287873064368,0.3762503625890296,3.8,197.95905944107295,50.0,475.1045229950599,0.004608294930875576
22259327797_77_Z5,22259327797,77,5,185,206,0,-2.2339909406225615,0.3765827329606141,3.85,197.95905944107295,50.0,331.548074470798,0.004608294930875576
22259327797_78_Z5,22259327797,78,5,185,206,0,-16.732403392841775,0.3715728250360941,3.9,197.95905944107295,50.0,246.00246002459969,0.004608294930875576
22259327797_79_Z5,22259327797,79,5,185,206,0,-17.51138749934023,0.3628144241937692,3.95,197.95905944107295,50.0,262.8696604600214,0.004608294930875576
22259327797_81_Z5,22259327797,81,5,185,206,0,-21.92196353895929,0.3470850488007995,4.05,197.95905944107295,50.0,542.4063116370755,0.004608294930875576
22259327797_84_Z3,22259327797,84,3,144,165,0,-21.253933316440566,0.3092988670156997,4.2,197.95905944107295,50.0,508.0109417741276,0.004608294930875576
22259327797_85_Z3,22259327797,85,3,144,165,0,-19.798375933484294,0.29927852751632594,4.25,197.95905944107295,50.0,569.2108667529161,0.004608294930875576
22259327797_86_Z3,22259327797,86,3,144,165,0,-8.558443382931614,0.29205648847733157,4.3,197.95905944107295,50.0,586.3779882724383,0.004608294930875576
22259327797_87_Z3,22259327797,87,3,144,165,0,-18.93284661065377,0.2856878929807139,4.35,197.95905944107295,50.0,520.4163330664528,0.004608294930875576
22259327797_88_Z3,22259327797,88,3,144,165,0,-15.61820234827701,0.27693517602742057,4.4,197.95905944107295,50.0,485.32980366203475,0.004608294930875576
22259327797_92_Z5,22259327797,92,5,185,206,0,-16.875631879358423,0.25681053449160574,4.6,199.14773356181053,50.0,452.9201430274156,0.004608294930875576
22259327797_93_Z5,22259327797,93,5,185,206,0,-10.883832054296818,0.25006753306064855,4.65,199.14773356181053,50.0,383.06451612903646,0.004608294930875576
22259327797_94_Z5,22259327797,94,5,185,206,0,-4.704052301045067,0.24605399172125533,4.7,199.14773356181053,50.0,423.95336512982794,0.004608294930875576
22259327797_95_Z4,22259327797,95,4,165,185,0,-10.808930162478191,0.24238676831040382,4.75,199.14773356181053,50.0,384.51679056652824,0.004608294930875576
22259327797_96_Z4,22259327797,96,4,165,185,0,-11.939572293691356,0.2369057431424434,4.8,199.14773356181053,50.0,431.71114599685995,0.004608294930875576
22259327797_97_Z4,22259327797,97,4,165,185,0,-12.711835778553166,0.23007443386001566,4.85,199.14773356181053,50.0,349.5688650664193,0.004608294930875576
22259327797_98_Z4,22259327797,98,4,165,185,0,-6.388232249120847,0.2259205723712412,4.9,199.14773356181053,50.0,332.93697978596765,0.004608294930875576
22259327797_100_Z4,22259327797,100,4,165,185,0,-7.123100910757728,0.21747318312599934,5.0,199.14773356181053,50.0,360.2792163927055,0.004608294930875576
22259327797_101_Z4,22259327797,101,4,165,185,0,-5.346885608529249,0.21429146867040785,5.05,199.14773356181053,50.0,373.2890916632083,0.004608294930875576
22259327797_102_Z4,22259327797,102,4,165,185,0,-4.81474845472485,0.21175215322705604,5.1,199.14773356181053,50.0,367.14089031665964,0.004608294930875576
22259327797_103_Z4,22259327797,103,4,165,185,0,-0.3149131912917369,0.21032149740436065,5.15,199.14773356181053,50.0,358.7613293051357,0.004608294930875576
22259327797_104_Z4,22259327797,104,4,165,185,0,-0.1576537467224739,0.21050969727771476,5.2,199.14773356181053,50.0,369.3931398416922,0.004608294930875576
22259327797_105_Z4,22259327797,105,4,165,185,0,1.061407735724174,0.21049643026431067,5.25,199.6784374296726,50.0,406.99066315537044,0.004608294930875576
22259327797_106_Z4,22259327797,106,4,165,185,0,-6.592313832091634,0.20968392617465648,5.3,199.6784374296726,50.0,362.13140196585755,0.004608294930875576
22259327797_107_Z5,22259327797,107,5,185,206,0,1.272502525778748,0.20710242343685867,5.35,200.314688692562,50.0,391.08330074305576,0.004608294930875576
22259327797_108_Z5,22259327797,108,5,185,206,0,9.5726900711594,0.21088979762964816,5.4,205.1010337281417,50.0,435.312554414074,0.004608294930875576
22259327797_109_Z5,22259327797,109,5,185,206,0,3.8948023885645853,0.2139558583721027,5.45,207.04843492242398,50.0,436.3001745200684,0.004608294930875576
22259327797_110_Z5,22259327797,110,5,185,206,0,11.870713648901358,0.21796704306190318,5.5,212.98379174687466,50.0,478.11695476277947,0.004608294930875576
22259327797_111_Z5,22259327797,111,5,185,206,0,4.193526301498423,0.2219693613086335,5.55,215.08055489762387,50.0,470.18995674252335,0.004608294930875576
22259327797_112_Z5,22259327797,112,5,185,206,0,9.361598881685552,0.22526407622886066,5.6,219.76135433846665,50.0,443.6932178322424,0.004608294930875576
22259327797_113_Z5,22259327797,113,5,185,206,0,3.346724613689844,0.22889139416963458,5.65,221.43471664531157,50.0,445.9957339538438,0.004608294930875576
22259327797_114_Z5,22259327797,114,5,185,206,0,0.9081886842495805,0.22888404685890087,5.7,221.88881098743636,50.0,614.146548072859,0.004608294930875576
22259327797_115_Z5,22259327797,115,5,185,206,0,24.250434765397017,0.23571270147720733,5.75,234.01402837013487,50.0,738.6888273314792,0.004608294930875576
22259327797_116_Z5,22259327797,116,5,185,206,0,12.040116751181756,0.24545471885120257,5.8,240.03408674572574,50.0,752.5325615050612,0.004608294930875576
22259327797_117_Z5,22259327797,117,5,185,206,0,7.499245907899706,0.24973919325952842,5.85,243.7837096996756,50.0,546.3547891412013,0.004608294930875576
22259327797_118_Z4,22259327797,118,4,165,185,0,9.740934871955801,0.25421183911836154,5.9,248.6541771356535,50.0,771.9523962689158,0.004608294930875576
22259327797_119_Z5,22259327797,119,5,185,206,0,6.288221621086905,0.25794609494485027,5.95,251.79828794619695,50.0,655.0626988583157,0.004608294930875576
22259327797_120_Z4,22259327797,120,4,165,185,0,16.974464992849676,0.26422337282921987,6.0,260.28552044262176,50.0,837.5634517766381,0.004608294930875576
22259327797_121_Z4,22259327797,121,4,165,185,0,9.900020682542504,0.26995924277140926,6.05,265.235530783893,50.0,666.8055844967732,0.004608294930875576
22259327797_122_Z5,22259327797,122,5,185,206,0,12.306189004395833,0.2772903154231227,6.1,271.3886252860909,50.0,433.7218758471092,0.004608294930875576
22259327797_123_Z5,22259327797,123,5,185,206,0,-3.8450721702848796,0.2782209391662255,6.15,271.3886252860909,50.0,430.7413284969427,0.004608294930875576
22259327797_125_Z5,22259327797,125,5,185,206,0,2.6632752792417023,0.2806416858000853,6.25,275.06881975949614,50.0,377.80870948498733,0.004608294930875576
22259327797_126_Z5,22259327797,126,5,185,206,0,0.043826341930525814,0.2810920447400651,6.3,275.0907329304614,50.0,352.34529839241867,0.004608294930875576
22259327797_127_Z5,22259327797,127,5,185,206,0,-4.348661005561439,0.2801228247612037,6.35,275.0907329304614,50.0,348.0040941658176,0.004608294930875576
22259327797_128_Z5,22259327797,128,5,185,206,0,-3.7408604734420123,0.2778709650886034,6.4,275.0907329304614,50.0,434.78260869564815,0.004608294930875576
22259327797_129_Z4,22259327797,129,4,165,185,0,2.1284749176752484,0.27750276897079035,6.45,276.154970389299,50.0,360.32944406314505,0.004608294930875576
22259327797_130_Z4,22259327797,130,4,165,185,0,2.8703847751598914,0.2787089777376655,6.5,277.59016277687897,50.0,362.93766011955483,0.004608294930875576
22259327797_131_Z4,22259327797,131,4,165,185,0,3.907133844728037,0.2804731341457619,6.55,279.543729699243,50.0,398.0539584254732,0.004608294930875576
22259327797_132_Z5,22259327797,132,5,185,206,0,6.2084791612161325,0.28298221118053385,6.6,282.64796927985105,50.0,447.9578392621892,0.004608294930875576
22259327797_133_Z5,22259327797,133,5,185,206,0,6.763776108060483,0.28631616518228437,6.65,286.0298573338813,50.0,440.451021846369,0.004608294930875576
22259327797_134_Z5,22259327797,134,5,185,206,0,6.297313861502289,0.2894154075002875,6.7,289.17851426463244,50.0,524.3609351103293,0.004608294930875576
22259327797_135_Z5,22259327797,135,5,185,206,0,23.352630435105766,0.2965446382992361,6.75,300.8548294821853,50.0,630.4468755794621,0.004608294930875576
22259327797_136_Z5,22259327797,136,5,185,206,0,22.13189777380512,0.30866969098836533,6.8,311.9207783690879,50.0,734.418420007938,0.004608294930875576
22259327797_137_Z5,22259327797,137,5,185,206,0,16.80689175225791,0.3179265157367792,6.85,320.32422424521684,50.0,769.9275362318866,0.004608294930875576
22259327797_138_Z5,22259327797,138,5,185,206,0,15.700519939360447,0.32614172992071205,6.9,328.17448421489706,50.0,783.0853563038382,0.004608294930875576
22259327797_139_Z5,22259327797,139,5,185,206,0,15.667473615488575,0.3344042710235811,6.95,336.00822102264135,50.0,844.3465491923569,0.004608294930875576
22259327797_140_Z5,22259327797,140,5,185,206,0,8.74786708397778,0.3399262923812235,7.0,340.38215456463024,50.0,662.7783669140995,0.004608294930875576
22259327797_142_Z4,22259327797,142,4,165,185,0,8.743168540390002,0.35106307753056815,7.1,351.1597013232189,50.0,611.0520722635293,0.004608294930875576
22259327797_143_Z4,22259327797,143,4,165,185,0,7.883931360828342,0.3550373306119122,7.15,355.10166700363305,50.0,670.7437364371724,0.004608294930875576
22259327797_144_Z4,22259327797,144,4,165,185,0,9.058302183347223,0.3594033762110467,7.2,359.63081809530667,50.0,554.3009648942718,0.004608294930875576
22259327797_145_Z4,22259327797,145,4,165,185,0,4.6832336319158685,0.36274356889620246,7.25,361.9724349112646,50.0,512.930113272067,0.004608294930875576
22259327797_146_Z5,22259327797,146,5,185,206,0,4.00489918172002,0.3650814024587756,7.3,363.9748845021246,50.0,493.78200438917077,0.004608294930875576
22259327797_147_Z5,22259327797,147,5,185,206,0,-1.5729511675069716,0.3656318902178808,7.35,363.9748845021246,50.0,424.6284501061641,0.004608294930875576
22259327797_149_Z5,22259327797,149,5,185,206,0,-0.6618173351547512,0.3659539409980595,7.45,364.6324846863671,50.0,422.7941176470616,0.004608294930875576
22259327797_150_Z5,22259327797,150,5,185,206,0,-7.427640942248445,0.36374781300215725,7.5,364.6324846863671,50.0,386.77918424753796,0.004608294930875576
22259327797_152_Z5,22259327797,152,5,185,206,0,-7.773811790097625,0.3544867389075805,7.6,364.6324846863671,50.0,356.37918745545136,0.004608294930875576
22259327797_153_Z5,22259327797,153,5,185,206,0,-7.68777817811997,0.35094132936869066,7.65,364.6324846863671,50.0,340.071792934062,0.004608294930875576
22259327797_154_Z5,22259327797,154,5,185,206,0,-10.953174990787943,0.3462147617678351,7.7,364.6324846863671,50.0,314.25364758697964,0.004608294930875576
22259327797_155_Z5,22259327797,155,5,185,206,0,-8.575252846030594,0.3408857694002393,7.75,364.6324846863671,50.0,333.3333333333333,0.004608294930875576
22259327797_156_Z5,22259327797,156,5,185,206,0,4.169491699539321,0.33985534957086044,7.8,366.71723053613675,50.0,423.05658381808894,0.004608294930875576
22259327797_157_Z5,22259327797,157,5,185,206,0,4.4542376756201065,0.34260455482163166,7.85,368.9443493739468,50.0,416.1566707466303,0.004608294930875576
22259327797_158_Z5,22259327797,158,5,185,206,0,-6.862085875256412,0.3421149787869361,7.9,368.9443493739468,50.0,354.9060542797522,0.004608294930875576
22259327797_159_Z5,22259327797,159,5,185,206,0,-14.129682474502374,0.33649900997097526,7.95,368.9443493739468,50.0,364.9635036496338,0.004608294930875576
22259327797_160_Z5,22259327797,160,5,185,206,0,-14.825380672756523,0.3292699320471062,8.0,368.9443493739468,50.0,357.44322960470686,0.004608294930875576
22259327797_161_Z5,22259327797,161,5,185,206,0,-16.113619001462553,0.3216528183160681,8.05,368.9443493739468,50.0,331.49171270718233,0.004608294930875576
22259327797_162_Z5,22259327797,162,5,185,206,0,-18.349971809091244,0.31273151721193376,8.1,368.9443493739468,50.0,348.4959647835687,0.004608294930875576
22259327797_163_Z4,22259327797,163,4,165,185,0,-5.698262348386379,0.3062052227017493,8.15,368.9443493739468,50.0,414.6660846791738,0.004608294930875576
22259327797_164_Z4,22259327797,164,4,165,185,0,6.897753927358167,0.3069865290143948,8.2,372.3932263376259,50.0,473.7384140061863,0.004608294930875576
22259327797_167_Z5,22259327797,167,5,185,206,0,0.5775043972021194,0.31625033309831796,8.35,380.1820957787341,50.0,482.27634434531745,0.004608294930875576
22259327797_168_Z5,22259327797,168,5,185,206,0,13.736018409129201,0.3198129834576644,8.4,387.0501049832987,50.0,659.2089492608936,0.004608294930875576
22259327797_169_Z5,22259327797,169,5,185,206,0,14.544234780554348,0.3272836679347381,8.45,394.32222237357587,50.0,708.7763185323989,0.004608294930875576
22259327797_170_Z5,22259327797,170,5,185,206,0,13.512454756792067,0.3342790343769008,8.5,401.0784497519719,50.0,719.4244604316574,0.004608294930875576
22259327797_171_Z5,22259327797,171,5,185,206,0,11.76021067490251,0.34070078758771744,8.55,406.95855508942316,50.0,652.7742907356276,0.004608294930875576
22259327797_172_Z5,22259327797,172,5,185,206,0,15.539882735480546,0.34683560891010534,8.6,414.72849645716343,50.0,660.377358490566,0.004608294930875576
22259327797_173_Z5,22259327797,173,5,185,206,0,10.118603675733084,0.35422512299763437,8.65,419.78779829503,50.0,659.1337099811631,0.004608294930875576
22259327797_174_Z5,22259327797,174,5,185,206,0,10.904053512316864,0.35887500410611506,8.7,425.2398250511884,50.0,708.610693579562,0.004608294930875576
22259327797_175_Z5,22259327797,175,5,185,206,0,11.548616658504102,0.3645310060084881,8.75,431.01413338044046,50.0,700.4202521512999,0.004608294930875576
22259327797_178_Z4,22259327797,178,4,165,185,0,15.003051218954624,0.38428266727770305,8.9,451.33986577915385,50.0,660.3081438004496,0.004608294930875576
22259327797_179_Z4,22259327797,179,4,165,185,0,13.24687199659968,0.3911370468374444,8.95,457.9633017774537,50.0,704.934541792553,0.004608294930875576
22259327797_180_Z4,22259327797,180,4,165,185,0,9.21369234463998,0.39675574479085646,9.0,462.5701479497737,50.0,694.7201270345234,0.004608294930875576
22259327797_181_Z5,22259327797,181,5,185,206,0,18.990719642393287,0.4033874907033976,9.05,472.0655077709703,50.0,767.543859649132,0.004608294930875576
22259327797_182_Z5,22259327797,182,5,185,206,0,16.456970177801395,0.41301165685899693,9.1,480.293992859871,50.0,731.6134000770047,0.004608294930875576
22259327797_183_Z5,22259327797,183,5,185,206,0,4.1554790796362795,0.41816586412289114,9.15,482.37173239968917,50.0,477.55491881566047,0.004608294930875576
22259327797_184_Z5,22259327797,184,5,185,206,0,4.224689215174749,0.41983845514652895,9.2,484.48407700727654,50.0,448.2696790389209,0.004608294930875576
22259327797_185_Z5,22259327797,185,5,185,206,0,7.474160007159753,0.42271757333183624,9.25,488.2211570108564,50.0,540.378264785358,0.004608294930875576
22259327797_186_Z5,22259327797,186,5,185,206,0,4.762794592998603,0.42605545739660905,9.3,490.6025543073557,50.0,520.3660506011166,0.004608294930875576
22259327797_187_Z5,22259327797,187,5,185,206,0,6.7641252288012765,0.4286708581881987,9.35,493.98461692175636,50.0,530.2226935312668,0.004608294930875576
22259327797_188_Z4,22259327797,188,4,165,185,0,6.889643317328023,0.43208792838436155,9.4,497.42943858042037,50.0,609.1696056428243,0.004608294930875576
22259327797_189_Z4,22259327797,189,4,165,185,0,10.96197609299088,0.4365489879891075,9.45,502.9104266269158,50.0,703.093611892317,0.004608294930875576
22259327797_191_Z4,22259327797,191,4,165,185,0,1.9555740630378295,0.4436088310504356,9.55,507.51240379717706,50.0,469.3675889328114,0.004608294930875576
22259327797_192_Z4,22259327797,192,4,165,185,0,4.382023712402884,0.44497155230903745,9.6,509.7034156533785,50.0,468.5408299866162,0.004608294930875576
22259327797_193_Z4,22259327797,193,4,165,185,0,5.762451850692742,0.4476641649130375,9.65,512.5846415787248,50.0,442.08664898317323,0.004608294930875576
22259327797_195_Z4,22259327797,195,4,165,185,0,2.515514591989586,0.44948208601997414,9.75,513.8481220030925,50.0,400.2001000500112,0.004608294930875576
22259327797_196_Z5,22259327797,196,5,185,206,0,1.9799870408838842,0.4510410498913357,9.8,514.8381155235345,50.0,418.4100418410081,0.004608294930875576
22259327797_197_Z5,22259327797,197,5,185,206,0,-5.05261755460765,0.45008975328938294,9.85,514.8381155235345,50.0,400.072740498274,0.004608294930875576
22259327797_198_Z4,22259327797,198,4,165,185,0,-5.732718699926977,0.44758981098683065,9.9,514.8381155235345,50.0,509.19377652050395,0.004608294930875576
22259327797_199_Z4,22259327797,199,4,165,185,0,-14.084088621287947,0.44266040294100123,9.95,514.8381155235345,50.0,472.58979206049474,0.004608294930875576
22259327797_201_Z4,22259327797,201,4,165,185,0,-18.906221620033307,0.42307690324348224,10.05,514.8381155235345,50.0,408.4411164057209,0.004608294930875576
22259327797_203_Z4,22259327797,203,4,165,185,0,-6.778356518971123,0.414499398117551,10.15,514.8381155235345,50.0,367.98528058878014,0.004608294930875576
22259327797_204_Z5,22259327797,204,5,185,206,0,-8.562853048043849,0.41053022458204685,10.2,514.8381155235345,50.0,440.4145077720166,0.004608294930875576
22259327797_206_Z5,22259327797,206,5,185,206,0,-7.175571153434248,0.4062299210544127,10.3,514.8381155235345,50.0,380.49940546966906,0.004608294930875576
22259327797_208_Z5,22259327797,208,5,185,206,0,3.0796012686140557,0.39987156643489247,10.4,516.3779161578416,50.0,368.2884279899195,0.004608294930875576
22259327797_209_Z5,22259327797,209,5,185,206,0,-3.016655555237435,0.4002874404319648,10.45,516.3779161578416,50.0,354.60992907801557,0.004608294930875576
22259327797_210_Z5,22259327797,210,5,185,206,0,-10.021861954590122,0.3969204851458274,10.5,516.3779161578416,50.0,332.6557013491001,0.004608294930875576
22259327797_211_Z5,22259327797,211,5,185,206,0,-9.020227190023775,0.3921384554541958,10.55,516.3779161578416,50.0,357.8122337706563,0.004608294930875576
22259327797_212_Z5,22259327797,212,5,185,206,0,-15.483649163989298,0.3860728373967545,10.6,516.3779161578416,50.0,380.90970199418115,0.004608294930875576
22259327797_213_Z5,22259327797,213,5,185,206,0,-17.791932127264886,0.3775486276069619,10.65,516.3779161578416,50.0,371.74721189591224,0.004608294930875576
22259327797_214_Z5,22259327797,214,5,185,206,0,-16.896242788243285,0.3690726734325017,10.7,516.3779161578416,50.0,442.3380726698313,0.004608294930875576
22259327797_215_Z4,22259327797,215,4,165,185,0,-20.69813160073204,0.35936373324471726,10.75,516.3779161578416,50.0,539.7448478900855,0.004608294930875576
22259327797_216_Z4,22259327797,216,4,165,185,0,-12.57915601683601,0.3510217059281479,10.8,516.3779161578416,50.0,336.8337626312705,0.004608294930875576
22259327797_217_Z4,22259327797,217,4,165,185,0,-10.026052740060322,0.34561107692723186,10.85,516.3779161578416,50.0,312.5697700379488,0.004608294930875576
22259327797_218_Z4,22259327797,218,4,165,185,0,-14.61475252367643,0.3393656086487089,10.9,516.3779161578416,50.0,288.96166441918785,0.004608294930875576
22259327797_219_Z5,22259327797,219,5,185,206,0,-5.081040820017165,0.33424228744339424,10.95,516.3779161578416,50.0,267.02269692923863,0.004608294930875576
22259327797_220_Z5,22259327797,220,5,185,206,0,-4.648275443117996,0.3320222802471261,11.0,516.3779161578416,50.0,322.65003226500477,0.004608294930875576
22259327797_221_Z5,22259327797,221,5,185,206,0,-5.723706739256841,0.3294722668353636,11.05,516.3779161578416,50.0,352.2898842476114,0.004608294930875576
22259327797_222_Z5,22259327797,222,5,185,206,0,-1.8523140681854784,0.3273344036973558,11.1,516.3779161578416,50.0,355.81158929176286,0.004608294930875576
22259327797_223_Z5,22259327797,223,5,185,206,0,-1.4014732968812496,0.32683684849242145,11.15,516.3779161578416,50.0,372.4394785847305,0.004608294930875576
22259327797_224_Z5,22259327797,224,5,185,206,0,-4.721142828722236,0.32526848142861947,11.2,516.3779161578416,50.0,372.80701754385666,0.004608294930875576
22259327797_225_Z5,22259327797,225,5,185,206,0,-5.311057703210395,0.3228457850097418,11.25,516.3779161578416,50.0,350.5154639175258,0.004608294930875576
22259327797_226_Z4,22259327797,226,4,165,185,0,-8.378847158637996,0.31927127246908654,11.3,516.3779161578416,50.0,350.8771929824433,0.004608294930875576
22259327797_228_Z5,22259327797,228,5,185,206,0,-2.8680287749335776,0.3142250745158364,11.4,516.3779161578416,50.0,327.94565472007105,0.004608294930875576
22259327797_229_Z5,22259327797,229,5,185,206,0,-6.812662277578852,0.311517541714428,11.45,516.3779161578416,50.0,309.21459492887925,0.004608294930875576
22259327797_231_Z5,22259327797,231,5,185,206,0,-12.453594207182505,0.30504520765771487,11.55,516.3779161578416,50.0,318.3023872678984,0.004608294930875576
22259327797_232_Z5,22259327797,232,5,185,206,0,-8.877304876962512,0.29891676816729607,11.6,516.3779161578416,50.0,315.4574132492142,0.004608294930875576
22259327797_233_Z5,22259327797,233,5,185,206,0,-12.18492904335335,0.2940605296289677,11.65,516.3779161578416,50.0,362.2532149972888,0.004608294930875576
22259327797_234_Z5,22259327797,234,5,185,206,0,-11.319348525234659,0.2879166203790062,11.7,516.3779161578416,50.0,388.06694154742104,0.004608294930875576
22259327797_235_Z5,22259327797,235,5,185,206,0,-3.2921056385481506,0.28431203995942217,11.75,516.3779161578416,50.0,364.40352896048233,0.004608294930875576
22259327797_236_Z5,22259327797,236,5,185,206,0,-9.419415863800282,0.2815407841461489,11.8,516.3779161578416,50.0,350.40431266847736,0.004608294930875576
22259327797_237_Z5,22259327797,237,5,185,206,0,-8.32395827802668,0.276643803963059,11.85,516.3779161578416,50.0,310.6192972238387,0.004608294930875576
22259327797_239_Z5,22259327797,239,5,185,206,0,-10.157472444045311,0.2700434942411378,11.95,516.3779161578416,50.0,315.45741324920414,0.004608294930875576
22259327797_240_Z5,22259327797,240,5,185,206,0,-9.81821727958993,0.2642401011562697,12.0,516.3779161578416,50.0,335.57046979866374,0.004608294930875576
22259327797_241_Z5,22259327797,241,5,185,206,0,1.6897161413702406,0.2625417922154454,12.05,517.2227742285268,50.0,361.15569823434885,0.004608294930875576
22259327797_242_Z5,22259327797,242,5,185,206,0,-0.33177753373081487,0.26309263357749224,12.1,517.2227742285268,50.0,345.76438626821624,0.004608294930875576
22259327797_243_Z5,22259327797,243,5,185,206,0,-3.358638632653083,0.2623030376754578,12.15,517.2227742285268,50.0,297.0470033199299,0.004608294930875576
22259327797_244_Z5,22259327797,244,5,185,206,0,-13.665354814305488,0.2581138529274982,12.2,517.2227742285268,50.0,311.52647975078116,0.004608294930875576
22259327797_245_Z5,22259327797,245,5,185,206,0,-13.002733386989973,0.2508965498516866,12.25,517.2227742285268,50.0,303.3547466095697,0.004608294930875576
22259327797_246_Z5,22259327797,246,5,185,206,0,-6.055626109282173,0.2461349021896613,12.3,517.2227742285268,50.0,291.47437454457076,0.004608294930875576
22259327797_248_Z5,22259327797,248,5,185,206,0,1.903581197587016,0.2442843167135093,12.4,518.1745648273203,50.0,316.25553447184524,0.004608294930875576
22259327797_249_Z5,22259327797,249,5,185,206,0,-7.125645768488994,0.24332206864021075,12.45,518.1745648273203,50.0,271.9361856417701,0.004608294930875576
22259327797_250_Z5,22259327797,250,5,185,206,0,-7.403398425601779,0.2392079953210656,12.5,518.1745648273203,50.0,252.77075636787723,0.004608294930875576
22259327797_251_Z5,22259327797,251,5,185,206,0,-5.296763345999523,0.23614501537163085,12.55,518.1745648273203,50.0,269.203158650398,0.004608294930875576
22259327797_252_Z5,22259327797,252,5,185,206,0,-0.5360185119915855,0.2345435546734712,12.6,518.1745648273203,50.0,257.84271594326975,0.004608294930875576
22259327797_253_Z5,22259327797,253,5,185,206,0,-2.0200243736571792,0.23427678561115567,12.65,518.1745648273203,50.0,258.15969020837383,0.004608294930875576
22259327797_254_Z5,22259327797,254,5,185,206,0,3.5660931182822537,0.23390567326409542,12.7,519.9576113864614,50.0,248.55012427505878,0.004608294930875576
22259327797_255_Z5,22259327797,255,5,185,206,0,9.169940416072109,0.23786810886445506,12.75,524.5425815944975,50.0,257.3529411764723,0.004608294930875576
22259327797_256_Z5,22259327797,256,5,185,206,0,4.785695571640929,0.24137030513725063,12.8,526.9354293803179,50.0,339.1182924396623,0.004608294930875576
22259327797_257_Z5,22259327797,257,5,185,206,0,0.1019080301990698,0.2423915076641501,12.85,526.9863833954175,50.0,422.7804028848446,0.004608294930875576
22259327797_258_Z5,22259327797,258,5,185,206,0,0.0,0.2424,12.9,526.9863833954175,50.0,647.3655817299191,0.004608294930875576
22259327797_259_Z4,22259327797,259,4,165,185,0,0.0,0.2424,12.95,526.9863833954175,35.23999999999978,737.2072853425427,0.004608294930875576
22582028728_5_Z2,22582028728,5,2,124,144,0,-6.0196088677032265,0.08082216935495962,0.25,0.0,50.0,476.7580452920141,0.005208333333333333
22582028728_7_Z2,22582028728,7,2,124,144,0,-2.0253034844257343,0.07648013024048826,0.35,0.0,50.0,570.6874189364469,0.005208333333333333
22582028728_9_Z2,22582028728,9,2,124,144,0,2.7901837360865045,0.07554785737665416,0.45,1.3950918680432522,50.0,457.06038008178984,0.005208333333333333
22582028728_10_Z2,22582028728,10,2,124,144,0,8.90413636130964,0.07858058570272398,0.5,5.847160048698072,50.0,467.81020271775407,0.005208333333333333
22582028728_11_Z3,22582028728,11,3,144,165,0,0.8775900689563798,0.08133796720470779,0.55,6.285955083176262,50.0,489.71596474045015,0.005208333333333333
22582028728_12_Z3,22582028728,12,3,144,165,0,-5.618180891638843,0.07963389335496451,0.6,6.285955083176262,50.0,449.43820224719025,0.005208333333333333
22582028728_13_Z3,22582028728,13,3,144,165,0,5.564542326796953,0.07979901925865802,0.65,9.068226246574739,50.0,440.1913875598086,0.005208333333333333
22582028728_14_Z3,22582028728,14,3,144,165,0,-2.5793217575316305,0.08041903744630187,0.7,9.068226246574739,50.0,454.38022537259195,0.005208333333333333
22582028728_15_Z3,22582028728,15,3,144,165,0,7.304077907569166,0.08210866139590733,0.75,12.720265200359322,50.0,449.9217527386541,0.005208333333333333
22582028728_16_Z3,22582028728,16,3,144,165,0,-12.267632933624384,0.08076849887946987,0.8,12.720265200359322,50.0,441.96324726680615,0.005208333333333333
22582028728_17_Z3,22582028728,17,3,144,165,0,-5.527306936319292,0.07575001469138094,0.85,12.720265200359322,50.0,439.602446483181,0.005208333333333333
22582028728_18_Z3,22582028728,18,3,144,165,0,-2.0688732793630606,0.07404609796493487,0.9,12.720265200359322,50.0,458.99632802937487,0.005208333333333333
22582028728_19_Z3,22582028728,19,3,144,165,0,6.736042980653764,0.07519521070019791,0.95,16.088286690686203,50.0,440.27003228646987,0.005208333333333333
22582028728_21_Z3,22582028728,21,3,144,165,0,0.3955909092177876,0.07657591120739339,1.05,16.286082145295097,50.0,461.7253948967183,0.005208333333333333
22582028728_22_Z3,22582028728,22,3,144,165,0,3.1027642265007103,0.07747515894877328,1.1,17.837464258545452,50.0,556.2422744128557,0.005208333333333333
22582028728_23_Z3,22582028728,23,3,144,165,0,2.7274079919437497,0.0789056000490821,1.15,19.201168254517327,50.0,549.1585473870699,0.005208333333333333
22582028728_24_Z3,22582028728,24,3,144,165,0,8.253162612617473,0.08180738098772061,1.2,23.327749560826064,50.0,522.9649840836742,0.005208333333333333
22582028728_25_Z3,22582028728,25,3,144,165,0,1.694916205157483,0.08438969635161084,1.25,24.175207663404805,50.0,493.8692098092641,0.005208333333333333
22582028728_26_Z3,22582028728,26,3,144,165,0,-0.08584619252690118,0.08476770877598719,1.3,24.175207663404805,50.0,469.8728579325586,0.005208333333333333
22582028728_27_Z3,22582028728,27,3,144,165,0,-0.4657196174145213,0.08446043380993111,1.35,24.175207663404805,50.0,484.12083656080466,0.005208333333333333
22582028728_28_Z3,22582028728,28,3,144,165,0,-1.1161453841896503,0.08410356956879117,1.4,24.175207663404805,50.0,469.0600757712444,0.005208333333333333
22582028728_29_Z3,22582028728,29,3,144,165,0,0.17657535640847755,0.0839032544415457,1.45,24.263495341609044,50.0,477.45358090185715,0.005208333333333333
22582028728_30_Z3,22582028728,30,3,144,165,0,-0.9509850604353005,0.0836307188125691,1.5,24.263495341609044,50.0,500.1136621959535,0.005208333333333333
22582028728_31_Z3,22582028728,31,3,144,165,0,1.467837960171721,0.083812883263404,1.55,24.997414321694905,50.0,465.99930963065196,0.005208333333333333
22582028728_32_Z3,22582028728,32,3,144,165,0,0.2961424994865638,0.08432365353269834,1.6,25.145485571438186,50.0,462.9629629629634,0.005208333333333333
22582028728_33_Z3,22582028728,33,3,144,165,0,-0.7647804356059851,0.0841277153877158,1.65,25.145485571438186,50.0,493.95332992675833,0.005208333333333333
22582028728_34_Z3,22582028728,34,3,144,165,0,0.03600017259395827,0.0838652560272786,1.7,25.163485657735166,50.0,517.7111716621247,0.005208333333333333
22582028728_35_Z3,22582028728,35,3,144,165,0,6.823033621498013,0.08553242246960836,1.75,28.575002468484172,50.0,548.5232067510537,0.005208333333333333
22582028728_36_Z4,22582028728,36,4,165,185,0,6.839976462872073,0.08909481062463838,1.8,31.99499069992021,50.0,547.9452054794535,0.005208333333333333
22582028728_37_Z4,22582028728,37,4,165,185,0,5.037997370527108,0.09225417784259762,1.85,34.51398938518376,50.0,532.3343848580439,0.005208333333333333
22582028728_38_Z3,22582028728,38,3,144,165,0,-1.5450498888236268,0.0931569973718175,1.9,34.51398938518376,50.0,538.3580080753683,0.005208333333333333
22582028728_39_Z3,22582028728,39,3,144,165,0,-4.301216086012829,0.09139151425912775,1.95,34.51398938518376,50.0,480.59807760768905,0.005208333333333333
22582028728_40_Z3,22582028728,40,3,144,165,0,9.586711971780062,0.091945575622776,2.0,39.307345371073794,50.0,405.5299539170507,0.005208333333333333
22582028728_41_Z3,22582028728,41,3,144,165,0,1.356617458368362,0.09651792669726421,2.05,39.985654100257975,50.0,511.073253833049,0.005208333333333333
22582028728_42_Z3,22582028728,42,3,144,165,0,-3.1782243706393274,0.09488117892603481,2.1,39.985654100257975,50.0,472.166998011931,0.005208333333333333
22582028728_44_Z3,22582028728,44,3,144,165,0,-3.2472796553443857,0.09217628588997047,2.2,39.985654100257975,50.0,444.75655430711817,0.005208333333333333
22582028728_45_Z3,22582028728,45,3,144,165,0,-1.5215468529332554,0.09076386267785803,2.25,39.985654100257975,50.0,493.8271604938263,0.005208333333333333
22582028728_46_Z4,22582028728,46,4,165,185,0,4.010236492653007,0.09136347946214363,2.3,41.99077234658448,50.0,505.47598989048487,0.005208333333333333
22582028728_47_Z3,22582028728,47,3,144,165,0,6.939426331655312,0.09461797621771414,2.35,45.460485512412134,50.0,493.7741519965658,0.005208333333333333
22582028728_48_Z3,22582028728,48,3,144,165,0,0.7855811046990482,0.0963082527837485,2.4,45.85327606476166,50.0,512.2674575357219,0.005208333333333333
22582028728_49_Z3,22582028728,49,3,144,165,0,-0.3242333183590915,0.09635135367924953,2.45,45.85327606476166,50.0,504.26687354538456,0.005208333333333333
22582028728_50_Z3,22582028728,50,3,144,165,0,2.0749510454091933,0.0967752325212366,2.5,46.890751587466255,50.0,511.7707267144269,0.005208333333333333
22582028728_51_Z3,22582028728,51,3,144,165,0,1.3287718029832831,0.09770425177373254,2.55,47.5551374889579,50.0,485.2686308492216,0.005208333333333333
22582028728_52_Z3,22582028728,52,3,144,165,0,-1.34844644847243,0.09797157083727359,2.6,47.5551374889579,50.0,470.68891741549214,0.005208333333333333
22582028728_53_Z3,22582028728,53,3,144,165,0,-6.9733302346533605,0.09547123501016187,2.65,47.5551374889579,50.0,456.53761869977905,0.005208333333333333
22582028728_54_Z3,22582028728,54,3,144,165,0,1.2547868463019256,0.09385551603228237,2.7,48.18253091210886,50.0,480.9619238476945,0.005208333333333333
22582028728_55_Z3,22582028728,55,3,144,165,0,5.633679668599285,0.0958765925383824,2.75,50.9993707464085,50.0,496.8619246861953,0.005208333333333333
22582028728_56_Z4,22582028728,56,4,165,185,0,-0.5092128735510073,0.09741176123156958,2.8,50.9993707464085,50.0,487.0129870129895,0.005208333333333333
22582028728_57_Z4,22582028728,57,4,165,185,0,1.8049911446423152,0.09725905980255203,2.85,51.90186631872966,50.0,481.92771084337045,0.005208333333333333
22582028728_58_Z4,22582028728,58,4,165,185,0,5.5974340697322305,0.09927773079593046,2.9,54.700583353595775,50.0,501.05485232068014,0.005208333333333333
22582028728_59_Z4,22582028728,59,4,165,185,0,6.797892363075647,0.10247565814556754,2.95,58.0995295351336,50.0,495.68569854965807,0.005208333333333333
22582028728_60_Z4,22582028728,60,4,165,185,0,0.8319687750056346,0.1046209871269581,3.0,58.515513922636416,50.0,485.1425106124944,0.005208333333333333
22582028728_61_Z4,22582028728,61,4,165,185,0,-0.09955017792185572,0.1042772022839729,3.05,58.515513922636416,50.0,463.1494160289943,0.005208333333333333
22582028728_62_Z4,22582028728,62,4,165,185,0,9.899996949696515,0.10669412169185052,3.1,63.46551239748467,50.0,536.7388487877131,0.005208333333333333
22582028728_63_Z4,22582028728,63,4,165,185,0,5.313109677329834,0.11119021521430454,3.15,66.12206723614959,50.0,484.1086087139527,0.005208333333333333
22582028728_64_Z4,22582028728,64,4,165,185,0,2.4825678424248565,0.11268632734778401,3.2,67.36335115736202,50.0,479.3289394847242,0.005208333333333333
22582028728_65_Z4,22582028728,65,4,165,185,0,1.376640830809123,0.1137833577425766,3.25,68.05167157276658,50.0,479.8255179934579,0.005208333333333333
22582028728_66_Z4,22582028728,66,4,165,185,0,9.286997632252849,0.11583407008790259,3.3,72.695170388893,50.0,574.7126436781602,0.005208333333333333
22582028728_67_Z4,22582028728,67,4,165,185,0,16.131246116615074,0.12267446708082368,3.35,80.76079344720054,50.0,635.2987889616792,0.005208333333333333
22582028728_68_Z5,22582028728,68,5,185,206,0,11.039321658886566,0.12996472959854224,3.4,86.28045427664382,50.0,543.6125525080272,0.005208333333333333
22582028728_69_Z5,22582028728,69,5,185,206,0,0.4499654826531696,0.1325117008347024,3.45,86.50543701797041,50.0,502.2321428571472,0.005208333333333333
22582028728_70_Z4,22582028728,70,4,165,185,0,6.330854980079266,0.13331479954530598,3.5,89.67086450801004,50.0,554.3710021322005,0.005208333333333333
22582028728_71_Z4,22582028728,71,4,165,185,0,17.663959587678846,0.1404061517837516,3.55,98.50284430184946,50.0,657.1087216248474,0.005208333333333333
22582028728_72_Z4,22582028728,72,4,165,185,0,11.313162874471175,0.14738201178713578,3.6,104.15942573908505,50.0,648.3882919599849,0.005208333333333333
22582028728_73_Z4,22582028728,73,4,165,185,0,9.259001216247214,0.15242293932420378,3.65,108.78892634720866,50.0,534.9276274386449,0.005208333333333333
22582028728_74_Z4,22582028728,74,4,165,185,0,8.024336093498732,0.15697408442713648,3.7,112.80109439395802,50.0,540.5405405405429,0.005208333333333333
22582028728_75_Z4,22582028728,75,4,165,185,0,6.664238224625592,0.1603848999558066,3.75,116.13321350627082,50.0,533.1627212625308,0.005208333333333333
22582028728_76_Z4,22582028728,76,4,165,185,0,4.371743924950579,0.16322851503632846,3.8,118.31908546874611,50.0,571.2925493929987,0.005208333333333333
22582028728_78_Z5,22582028728,78,5,185,206,0,9.654279735444675,0.1726607828985519,3.9,128.8717479437734,50.0,581.7711700064659,0.005208333333333333
22582028728_79_Z5,22582028728,79,5,185,206,0,5.345544431720782,0.1764217822834308,3.95,131.5445201596338,50.0,557.7244841048525,0.005208333333333333
22582028728_80_Z4,22582028728,80,4,165,185,0,4.883651413283701,0.17851494122955486,4.0,133.98634586627566,50.0,564.3644181671588,0.005208333333333333
22582028728_81_Z5,22582028728,81,5,185,206,0,11.145543830147233,0.18278982246898787,4.05,139.55911778134927,50.0,569.368001518319,0.005208333333333333
22582028728_82_Z5,22582028728,82,5,185,206,0,10.88016656270645,0.1880567018524777,4.1,144.9992010627025,50.0,535.9719645433908,0.005208333333333333
22582028728_83_Z5,22582028728,83,5,185,206,0,10.209951151070698,0.19383992755295207,4.15,150.10417663823785,50.0,487.0129870129895,0.005208333333333333
22582028728_84_Z5,22582028728,84,5,185,206,0,-4.1941381190570155,0.19535512472516084,4.2,150.10417663823785,50.0,464.17759838546755,0.005208333333333333
22582028728_85_Z5,22582028728,85,5,185,206,0,1.9706636353487283,0.19413405206714057,4.25,151.0895084559122,50.0,480.10973936899103,0.005208333333333333
22582028728_86_Z4,22582028728,86,4,165,185,0,3.8125386246287576,0.19607023263553036,4.3,152.9957777682266,50.0,499.0019960079849,0.005208333333333333
22582028728_89_Z4,22582028728,89,4,165,185,0,2.5888167676350804,0.19467833455238065,4.45,154.29018615204413,50.0,510.96444539067215,0.005208333333333333
22582028728_90_Z4,22582028728,90,4,165,185,0,4.706316552114913,0.1965571280357625,4.5,156.64334442810159,50.0,494.5831370701833,0.005208333333333333
22582028728_91_Z4,22582028728,91,4,165,185,0,4.21412791405038,0.19904320008713478,4.55,158.75040838512678,50.0,536.5178262374548,0.005208333333333333
22582028728_92_Z4,22582028728,92,4,165,185,0,3.382014593478914,0.20046258895467853,4.6,160.44141568186623,50.0,511.74691788787266,0.005208333333333333
22582028728_93_Z5,22582028728,93,5,185,206,0,7.862785462235706,0.203506670747173,4.65,164.37280841298409,50.0,597.4395448079721,0.005208333333333333
22582028728_94_Z5,22582028728,94,5,185,206,0,3.8333423107540625,0.2068955454550962,4.7,166.28947956836112,50.0,582.7263267429738,0.005208333333333333
22582028728_95_Z5,22582028728,95,5,185,206,0,5.296623888422289,0.20843899915949157,4.75,168.93779151257226,50.0,564.7658954272241,0.005208333333333333
22582028728_96_Z5,22582028728,96,5,185,206,0,4.77104397699128,0.21144330916759554,4.8,171.3233135010679,50.0,563.8340716874661,0.005208333333333333
22582028728_97_Z5,22582028728,97,5,185,206,0,7.776830196184449,0.2144525613800973,4.85,175.21172859916012,50.0,552.7406725011622,0.005208333333333333
22582028728_98_Z5,22582028728,98,5,185,206,0,1.2292462232979346,0.21658202420210895,4.9,175.8263517108091,50.0,529.2936667275054,0.005208333333333333
22582028728_99_Z4,22582028728,99,4,165,185,0,5.143581265290777,0.2183417269402796,4.95,178.39814234345448,50.0,504.9005049005038,0.005208333333333333
22582028728_100_Z4,22582028728,100,4,165,185,0,-2.3331667667601437,0.21920984917377703,5.0,178.39814234345448,50.0,508.0918328942385,0.005208333333333333
22582028728_101_Z4,22582028728,101,4,165,185,0,-3.887529910797184,0.21745121892021269,5.05,178.39814234345448,50.0,500.544069640916,0.005208333333333333
22582028728_102_Z4,22582028728,102,4,165,185,0,-5.870685841431509,0.21512599612836641,5.1,178.39814234345448,50.0,522.466039707425,0.005208333333333333
22582028728_103_Z4,22582028728,103,4,165,185,0,-7.372461082793791,0.2115944430736748,5.15,178.39814234345448,50.0,523.371232629482,0.005208333333333333
22582028728_104_Z4,22582028728,104,4,165,185,0,-6.130213468449256,0.20824061886599837,5.2,178.39814234345448,50.0,498.2752012265295,0.005208333333333333
22582028728_105_Z4,22582028728,105,4,165,185,0,-3.9664924205671355,0.20583333964603004,5.25,178.39814234345448,50.0,501.53246029534233,0.005208333333333333
22582028728_106_Z4,22582028728,106,4,165,185,0,-4.929372791106971,0.20346860396503622,5.3,178.39814234345448,50.0,512.6658624849239,0.005208333333333333
22582028728_107_Z4,22582028728,107,4,165,185,0,-4.590088288930019,0.20121280683089504,5.35,178.39814234345448,50.0,526.6773528738255,0.005208333333333333
22582028728_108_Z4,22582028728,108,4,165,185,0,-6.175871549196927,0.19850133104364145,5.4,178.39814234345448,50.0,531.0382713788715,0.005208333333333333
22582028728_110_Z4,22582028728,110,4,165,185,0,-2.3973145875391424,0.19348814210743753,5.5,178.39814234345448,50.0,484.6066134549611,0.005208333333333333
22582028728_111_Z3,22582028728,111,3,144,165,0,-8.190494633088974,0.19122120090191824,5.55,178.39814234345448,50.0,514.4995322731498,0.005208333333333333
22582028728_112_Z4,22582028728,112,4,165,185,0,-13.159041724507802,0.1854225742570347,5.6,178.39814234345448,50.0,493.3504933504945,0.005208333333333333
22582028728_113_Z4,22582028728,113,4,165,185,0,-2.9774869993393054,0.18079226273178423,5.65,178.39814234345448,50.0,546.9078670593188,0.005208333333333333
22582028728_114_Z4,22582028728,114,4,165,185,0,-3.110359637253225,0.1807827409438613,5.7,178.39814234345448,50.0,481.54093097913886,0.005208333333333333
22582028728_115_Z4,22582028728,115,4,165,185,0,-6.719464052103888,0.1769967716225004,5.75,178.39814234345448,50.0,504.23557886244527,0.005208333333333333
22582028728_116_Z4,22582028728,116,4,165,185,0,0.05537886897775479,0.1760633948871182,5.8,178.42583177794336,50.0,513.0836326321167,0.005208333333333333
22582028728_117_Z4,22582028728,117,4,165,185,0,-3.273633114018594,0.17510293995944984,5.85,178.42583177794336,50.0,491.40049140049274,0.005208333333333333
22582028728_118_Z4,22582028728,118,4,165,185,0,0.3505647780178833,0.1740620185278721,5.9,178.6011141669523,50.0,490.31053000233567,0.005208333333333333
22582028728_119_Z4,22582028728,119,4,165,185,0,0.18030651618778393,0.1744524292823221,5.95,178.6912674250462,50.0,541.0279531109124,0.005208333333333333
22582028728_120_Z4,22582028728,120,4,165,185,0,-1.3040442864178203,0.17435840120779736,6.0,178.6912674250462,50.0,537.3010952676136,0.005208333333333333
22582028728_121_Z4,22582028728,121,4,165,185,0,1.0065748578001603,0.17401098791362493,6.05,179.19455485394627,50.0,531.458940510887,0.005208333333333333
22582028728_122_Z4,22582028728,122,4,165,185,0,-5.585004339383374,0.17301873692298297,6.1,179.19455485394627,50.0,529.6905492054658,0.005208333333333333
22582028728_123_Z4,22582028728,123,4,165,185,0,1.0205394794780887,0.17159830513778965,6.15,179.70482459368532,50.0,537.5380756136942,0.005208333333333333
22582028728_124_Z4,22582028728,124,4,165,185,0,1.6700986698089082,0.17262577248989783,6.2,180.53987392858977,50.0,517.0975813177586,0.005208333333333333
22582028728_125_Z4,22582028728,125,4,165,185,0,-2.10248652918159,0.17247796285398537,6.25,180.53987392858977,50.0,523.9933811362482,0.005208333333333333
22582028728_127_Z4,22582028728,127,4,165,185,0,-3.695758054929172,0.17298826972515988,6.35,182.28557408569813,50.0,530.726256983251,0.005208333333333333
22582028728_128_Z4,22582028728,128,4,165,185,0,-2.414053579268682,0.1710867921204681,6.4,182.28557408569813,50.0,490.10709747685473,0.005208333333333333
22582028728_129_Z4,22582028728,129,4,165,185,0,-3.0510333612749605,0.16945570107815164,6.45,182.28557408569813,50.0,509.1875138366164,0.005208333333333333
22582028728_130_Z4,22582028728,130,4,165,185,0,21.03323282856502,0.17351027902015415,6.5,192.80219049998064,50.0,525.6241787122165,0.005208333333333333
22582028728_131_Z5,22582028728,131,5,185,206,0,17.941827529761895,0.18477148730752255,6.55,201.7731042648616,50.0,458.19014891179745,0.005208333333333333
22582028728_132_Z5,22582028728,132,5,185,206,0,2.6475020311150956,0.18921960460539325,6.6,203.09685528041913,50.0,546.5547530743654,0.005208333333333333
22582028728_133_Z5,22582028728,133,5,185,206,0,3.875330799552728,0.19090431240318062,6.65,205.0345206801955,50.0,556.2687205819452,0.005208333333333333
22582028728_134_Z5,22582028728,134,5,185,206,0,8.439218015173992,0.19351961790485805,6.7,209.2541296877825,50.0,619.2611573777502,0.005208333333333333
22582028728_135_Z5,22582028728,135,5,185,206,0,-4.993074480338464,0.195948395869358,6.75,209.2541296877825,50.0,538.2545174932767,0.005208333333333333
22582028728_136_Z4,22582028728,136,4,165,185,0,-10.83871406808396,0.18978924939058267,6.8,209.2541296877825,50.0,551.7545795630054,0.005208333333333333
22582028728_138_Z4,22582028728,138,4,165,185,0,-4.330391041798066,0.18903665156945954,6.9,210.86009200460666,50.0,496.27791563275514,0.005208333333333333
22582028728_139_Z4,22582028728,139,4,165,185,0,-2.624937253268513,0.18666295982508094,6.95,210.86009200460666,50.0,484.55481526347916,0.005208333333333333
22582028728_140_Z4,22582028728,140,4,165,185,0,-6.3797481301921835,0.1847119616269683,7.0,210.86009200460666,50.0,457.66590389015573,0.005208333333333333
22582028728_141_Z4,22582028728,141,4,165,185,0,-9.287384847094245,0.18061569599684602,7.05,210.86009200460666,50.0,480.3493449781736,0.005208333333333333
22582028728_142_Z4,22582028728,142,4,165,185,0,-3.6486564290265164,0.17736635872007495,7.1,210.86009200460666,50.0,479.8628963153355,0.005208333333333333
22582028728_143_Z4,22582028728,143,4,165,185,0,-4.943867405001697,0.17545641283466523,7.15,210.86009200460666,50.0,478.9670970429035,0.005208333333333333
22582028728_144_Z4,22582028728,144,4,165,185,0,-2.473002957312815,0.17308784481574752,7.2,210.86009200460666,50.0,488.6988393402508,0.005208333333333333
22582028728_145_Z4,22582028728,145,4,165,185,0,2.1782642406739114,0.17342893564961848,7.25,211.9492241249436,50.0,541.6384563304057,0.005208333333333333
22582028728_146_Z4,22582028728,146,4,165,185,0,-0.07248468102136485,0.174048222066918,7.3,211.9492241249436,50.0,515.9388243965317,0.005208333333333333
22582028728_147_Z4,22582028728,147,4,165,185,0,-1.585351077022608,0.1735178377321548,7.35,211.9492241249436,50.0,461.62723600692635,0.005208333333333333
22582028728_148_Z4,22582028728,148,4,165,185,0,-15.335222224582708,0.16962817782327747,7.4,211.9492241249436,50.0,480.9894640403131,0.005208333333333333
22582028728_149_Z4,22582028728,149,4,165,185,0,-9.174920557280757,0.16267065517287616,7.45,211.9492241249436,50.0,481.73424327578687,0.005208333333333333
22582028728_150_Z4,22582028728,150,4,165,185,0,3.5362022176662435,0.16162025059400392,7.5,213.71732523377673,50.0,479.06316536551026,0.005208333333333333
22582028728_151_Z4,22582028728,151,4,165,185,0,-9.230297723556134,0.16064861870451372,7.55,213.71732523377673,50.0,472.0692368213991,0.005208333333333333
22582028728_152_Z4,22582028728,152,4,165,185,0,-8.452282381266457,0.15572241485846772,7.6,213.71732523377673,50.0,482.37476808905706,0.005208333333333333
22582028728_153_Z3,22582028728,153,3,144,165,0,-1.2680175959573603,0.15329067735377871,7.65,213.71732523377673,50.0,489.8758981058004,0.005208333333333333
22582028728_154_Z4,22582028728,154,4,165,185,0,-4.110108666316933,0.152193168499702,7.7,213.71732523377673,50.0,480.0590841949791,0.005208333333333333
22582028728_155_Z4,22582028728,155,4,165,185,0,-0.2048201504028384,0.15095832626462152,7.75,213.71732523377673,50.0,477.8156996587075,0.005208333333333333
22582028728_156_Z4,22582028728,156,4,165,185,0,-9.636635853278563,0.148938793716346,7.8,213.71732523377673,50.0,478.7676935886765,0.005208333333333333
22582028728_157_Z4,22582028728,157,4,165,185,0,-6.514748219043668,0.1442093318173345,7.85,213.71732523377673,50.0,465.1162790697606,0.005208333333333333
22582028728_158_Z4,22582028728,158,4,165,185,0,-5.245445628909067,0.14155737621801254,7.9,213.71732523377673,50.0,480.12291146533784,0.005208333333333333
22582028728_159_Z4,22582028728,159,4,165,185,0,-4.630360711225819,0.13915894139410395,7.95,213.71732523377673,50.0,453.001132502835,0.005208333333333333
22582028728_160_Z4,22582028728,160,4,165,185,0,-6.460470333272099,0.13638692386693665,8.0,213.71732523377673,50.0,442.9678848283446,0.005208333333333333
22582028728_161_Z4,22582028728,161,4,165,185,0,-3.4663559560065096,0.13371323649239583,8.05,213.71732523377673,50.0,458.8775150017661,0.005208333333333333
22582028728_162_Z4,22582028728,162,4,165,185,0,-0.9227817979074189,0.13272451720869147,8.1,213.71732523377673,50.0,457.66590389016295,0.005208333333333333
22582028728_163_Z4,22582028728,163,4,165,185,0,-1.1577558860898307,0.13232066181612198,8.15,213.71732523377673,50.0,471.9101123595409,0.005208333333333333
22582028728_164_Z4,22582028728,164,4,165,185,0,-6.220583436073639,0.13054387050769142,8.2,213.71732523377673,50.0,470.8256263662403,0.005208333333333333
22582028728_165_Z4,22582028728,165,4,165,185,0,-5.883688911537149,0.1272168245703309,8.25,213.71732523377673,50.0,478.97817988291735,0.005208333333333333
22582028728_166_Z4,22582028728,166,4,165,185,0,-4.034444665012501,0.12498018321101732,8.3,213.71732523377673,50.0,495.3324442751021,0.005208333333333333
22582028728_167_Z4,22582028728,167,4,165,185,0,0.8171332764898125,0.12366427399992042,8.35,214.12589187202164,50.0,524.5410266017135,0.005208333333333333
22582028728_168_Z4,22582028728,168,4,165,185,0,4.809606210268242,0.12572790489630467,8.4,216.53069497715575,50.0,561.7977528089888,0.005208333333333333
22582028728_169_Z4,22582028728,169,4,165,185,0,-3.3687601139467915,0.12567128899714106,8.45,216.53069497715575,50.0,478.4688995215394,0.005208333333333333
22582028728_170_Z5,22582028728,170,5,185,206,0,6.192559881933107,0.1266129186810974,8.5,219.6269749181223,50.0,462.4763506411632,0.005208333333333333
22582028728_171_Z5,22582028728,171,5,185,206,0,1.696985471316566,0.12885665277737074,8.55,220.47546765378058,50.0,484.45700444084736,0.005208333333333333
22582028728_172_Z5,22582028728,172,5,185,206,0,-18.038913856032366,0.1250221787095735,8.6,220.47546765378058,50.0,524.57205963557,0.005208333333333333
22582028728_174_Z4,22582028728,174,4,165,185,0,-4.135840378672242,0.10952591825969754,8.7,220.47546765378058,50.0,455.23520485585306,0.005208333333333333
22582028728_175_Z4,22582028728,175,4,165,185,0,-9.148174654498689,0.10643993698059524,8.75,220.47546765378058,50.0,471.06325706594964,0.005208333333333333
22582028728_176_Z4,22582028728,176,4,165,185,0,-13.953496787660072,0.10035366039351375,8.8,220.47546765378058,50.0,483.00204347016825,0.005208333333333333
22582028728_177_Z4,22582028728,177,4,165,185,0,2.313339854468211,0.09728568170076632,8.85,221.6321375810147,50.0,505.161432022855,0.005208333333333333
22582028728_178_Z4,22582028728,178,4,165,185,0,-2.176082787874293,0.09781176886452958,8.9,221.6321375810147,50.0,487.72283888327513,0.005208333333333333
22582028728_179_Z4,22582028728,179,4,165,185,0,0.5799443925036201,0.09702459689118002,8.95,221.92210977726648,50.0,524.222704266091,0.005208333333333333
22582028728_180_Z4,22582028728,180,4,165,185,0,5.228935670257243,0.09853387781050917,9.0,224.5365776123951,50.0,476.6227871084939,0.005208333333333333
22582028728_181_Z4,22582028728,181,4,165,185,0,5.036512212328347,0.10158644718067183,9.05,227.05483371855928,50.0,399.09769217420774,0.005208333333333333
22582028728_182_Z4,22582028728,182,4,165,185,0,-3.944696529486748,0.10169801202847908,9.1,227.05483371855928,50.0,386.10038610039453,0.005208333333333333
22582028728_183_Z4,22582028728,183,4,165,185,0,-3.0701427197010673,0.09954275453077992,9.15,227.05483371855928,50.0,349.19249236141644,0.005208333333333333
22582028728_185_Z5,22582028728,185,5,185,206,0,-5.756641212837906,0.09698404131733526,9.25,227.05483371855928,50.0,355.0942365473858,0.005208333333333333
22582028728_186_Z5,22582028728,186,5,185,206,0,-8.213877407063308,0.09327974228734667,9.3,227.05483371855928,50.0,346.95451040864066,0.005208333333333333
22582028728_187_Z5,22582028728,187,5,185,206,0,-7.71618797828549,0.08935876133679375,9.35,227.05483371855928,50.0,342.67284821608143,0.005208333333333333
22582028728_188_Z5,22582028728,188,5,185,206,0,-4.564654072079151,0.08602046461985334,9.4,227.05483371855928,50.0,334.44816053511755,0.005208333333333333
22582028728_189_Z5,22582028728,189,5,185,206,0,-0.48128367799449734,0.08499416214911684,9.45,227.05483371855928,50.0,346.0207612456822,0.005208333333333333
22582028728_191_Z5,22582028728,191,5,185,206,0,-2.8557068442312357,0.08349701906623197,9.55,227.05483371855928,50.0,365.38022379539495,0.005208333333333333
22582028728_192_Z5,22582028728,192,5,185,206,0,1.994473858977159,0.0834953588639476,9.6,228.05207064804785,50.0,351.6028955532548,0.005208333333333333
22582028728_193_Z5,22582028728,193,5,185,206,0,-1.9735413681874547,0.0833846842013732,9.65,228.05207064804785,50.0,349.71828249466154,0.005208333333333333
22582028728_194_Z5,22582028728,194,5,185,206,0,1.0996661556135336,0.08322745830598514,9.7,228.6019037258546,50.0,344.82758620689657,0.005208333333333333
22582028728_195_Z5,22582028728,195,5,185,206,0,0.19006184295423623,0.0834556688218384,9.75,228.69693464733172,50.0,354.03926617314,0.005208333333333333
22582028728_196_Z5,22582028728,196,5,185,206,0,0.5887442284914073,0.08378609870210718,9.8,228.99130676157742,50.0,350.6829088224536,0.005208333333333333
22582028728_197_Z5,22582028728,197,5,185,206,0,-3.736256508263125,0.08308491694450305,9.85,228.99130676157742,50.0,341.9111031131812,0.005208333333333333
22582028728_198_Z5,22582028728,198,5,185,206,0,-3.249465293823846,0.08113678373539505,9.9,228.99130676157742,50.0,347.9328694228496,0.005208333333333333
22582028728_200_Z5,22582028728,200,5,185,206,0,-3.023784500578927,0.07743052609146706,10.0,228.99130676157742,50.0,355.0595992898782,0.005208333333333333
22582028728_201_Z5,22582028728,201,5,185,206,0,-3.889409676394081,0.0753581600611832,10.05,228.99130676157742,50.0,358.8248486207658,0.005208333333333333
22582028728_202_Z5,22582028728,202,5,185,206,0,1.1166710318862556,0.0751068869585977,10.1,229.54964227752055,50.0,349.07220282933184,0.005208333333333333
22582028728_203_Z5,22582028728,203,5,185,206,0,1.9521439378918615,0.07537910026412127,10.15,230.52571424646646,50.0,351.7686144225127,0.005208333333333333
22582028728_204_Z5,22582028728,204,5,185,206,0,2.414064052127628,0.07710464818024514,10.2,231.73274627253028,50.0,356.36507622252867,0.005208333333333333
22582028728_205_Z5,22582028728,205,5,185,206,0,-1.704192886245778,0.07691123165095627,10.25,231.73274627253028,50.0,354.02407363700064,0.005208333333333333
22582028728_206_Z5,22582028728,206,5,185,206,0,1.0439783223087886,0.07689514333283104,10.3,232.2547354336847,50.0,357.8528827037825,0.005208333333333333
22582028728_208_Z5,22582028728,208,5,185,206,0,-0.7230559919963753,0.07310710173787219,10.4,232.2547354336847,50.0,372.74798094844385,0.005208333333333333
22582028728_209_Z5,22582028728,209,5,185,206,0,1.6848294611280608,0.0738324609311813,10.45,233.09715016424872,50.0,368.68358273692877,0.005208333333333333
22582028728_210_Z5,22582028728,210,5,185,206,0,4.731534764172977,0.07513752791539975,10.5,235.4629175463352,50.0,391.67182024324705,0.005208333333333333
22582028728_211_Z5,22582028728,211,5,185,206,0,2.773208473817678,0.07687456805439581,10.55,236.14956396445245,24.76000000000022,384.91147036182326,0.005208333333333333
22610623020_6_Z1,22610623020,6,1,103,124,0,4.13755031194205,0.28843230744293913,0.3,15.483619240736061,50.0,512.1396054628221,0.011235955056179775
22610623020_7_Z2,22610623020,7,2,124,144,0,-5.958827861896339,0.28752919780685393,0.35,15.483619240736061,50.0,493.07794424426305,0.011235955056179775
22610623020_8_Z2,22610623020,8,2,124,144,0,4.669468954324088,0.2867300789355362,0.4,17.818353717898106,50.0,504.7955577990913,0.011235955056179775
22610623020_11_Z2,22610623020,11,2,124,144,0,13.445854144303894,0.2922528327085678,0.55,26.138947412124878,50.0,475.28517110266114,0.011235955056179775
22610623020_12_Z2,22610623020,12,2,124,144,0,31.44485723034404,0.30571777625988256,0.6,41.8613760272969,50.0,546.1393596986815,0.011235955056179775
22610623020_13_Z2,22610623020,13,2,124,144,0,-8.09565777754915,0.31073668693525375,0.65,41.8613760272969,50.0,542.2153369481019,0.011235955056179775
22610623020_15_Z2,22610623020,15,2,124,144,0,-20.066703355189475,0.2924663353993901,0.75,41.8613760272969,50.0,513.2416341613628,0.011235955056179775
22610623020_16_Z2,22610623020,16,2,124,144,0,-6.551190055396546,0.287217208635343,0.8,41.8613760272969,50.0,565.9555942533733,0.011235955056179775
22610623020_17_Z2,22610623020,17,2,124,144,0,-6.858910182110435,0.28339187079522976,0.85,41.8613760272969,50.0,491.4004914004917,0.011235955056179775
22610623020_18_Z2,22610623020,18,2,124,144,0,-14.088005388852935,0.2783142279749786,0.9,41.8613760272969,50.0,549.8130635583898,0.011235955056179775
22610623020_19_Z2,22610623020,19,2,124,144,0,-4.738460051553261,0.2735772120339204,0.95,41.8613760272969,50.0,511.6279069767442,0.011235955056179775
22610623020_20_Z1,22610623020,20,1,103,124,0,-7.996706399089135,0.27044618549417093,1.0,41.8613760272969,50.0,520.0367084735402,0.011235955056179775
22610623020_21_Z1,22610623020,21,1,103,124,0,-3.2057638935430077,0.2675659997249915,1.05,41.8613760272969,50.0,528.347896768949,0.011235955056179775
22610623020_22_Z2,22610623020,22,2,124,144,0,-5.618610495338089,0.2653466479828303,1.1,41.8613760272969,50.0,496.27791563275537,0.011235955056179775
22610623020_24_Z2,22610623020,24,2,124,144,0,-4.688844914826404,0.26293513676307634,1.2,41.8613760272969,50.0,474.9653671086486,0.011235955056179775
22610623020_25_Z2,22610623020,25,2,124,144,0,-10.892200579419978,0.2583116249118786,1.25,41.8613760272969,50.0,545.596258768512,0.011235955056179775
22610623020_26_Z2,22610623020,26,2,124,144,0,1.2999729965310962,0.2558167389085008,1.3,42.51136252556245,50.0,496.16599007667855,0.011235955056179775
22610623020_28_Z2,22610623020,28,2,124,144,0,-14.315717742109769,0.2538437794881402,1.4,43.67834392916569,50.0,519.480519480519,0.011235955056179775
22610623020_29_Z2,22610623020,29,2,124,144,0,-4.379902297054514,0.24924290174504088,1.45,43.67834392916569,50.0,510.20408163265495,0.011235955056179775
22610623020_30_Z2,22610623020,30,2,124,144,0,-2.9074453098444337,0.24758721205602424,1.5,43.67834392916569,50.0,494.91339015672094,0.011235955056179775
22610623020_31_Z2,22610623020,31,2,124,144,0,-8.043769642979555,0.24510939277666496,1.55,43.67834392916569,50.0,512.0424805613501,0.011235955056179775
22610623020_32_Z2,22610623020,32,2,124,144,0,1.3539085414753345,0.242404575196048,1.6,44.35529819990336,50.0,532.9153605015697,0.011235955056179775
22610623020_33_Z2,22610623020,33,2,124,144,0,2.7485826597020946,0.2449755402853029,1.65,45.729589529754406,50.0,523.9141456819327,0.011235955056179775
22610623020_34_Z2,22610623020,34,2,124,144,0,-16.84597252284169,0.24079869358623726,1.7,45.729589529754406,50.0,498.0511043741897,0.011235955056179775
22610623020_36_Z2,22610623020,36,2,124,144,0,-5.04973069155966,0.22720862298766872,1.8,45.729589529754406,50.0,492.8420558554315,0.011235955056179775
22610623020_37_Z2,22610623020,37,2,124,144,0,13.442245179322867,0.2294468622974427,1.85,52.45071211941584,50.0,387.38240177089074,0.011235955056179775
22610623020_38_Z2,22610623020,38,2,124,144,0,-5.298658304599485,0.2336110396202679,1.9,52.45071211941584,50.0,512.163892445584,0.011235955056179775
22610623020_39_Z2,22610623020,39,2,124,144,0,-16.764850006363588,0.22610869234265532,1.95,52.45071211941584,50.0,512.4263387138072,0.011235955056179775
22610623020_40_Z2,22610623020,40,2,124,144,0,-1.9710004793290068,0.2215409736004801,2.0,52.45071211941584,50.0,528.1690140845096,0.011235955056179775
22610623020_41_Z2,22610623020,41,2,124,144,0,-2.5275161001540027,0.2211435948505693,2.05,52.45071211941584,50.0,503.9596832253411,0.011235955056179775
22610623020_43_Z2,22610623020,43,2,124,144,0,0.3128677565130715,0.2205800850184976,2.15,52.607145997672376,50.0,522.875816993463,0.011235955056179775
22610623020_44_Z2,22610623020,44,2,124,144,0,-8.012030049747466,0.21812118333509511,2.2,52.607145997672376,50.0,504.20168067226984,0.011235955056179775
22610623020_45_Z2,22610623020,45,2,124,144,0,-2.9760682768761626,0.215414684379544,2.25,52.607145997672376,50.0,547.0459518599548,0.011235955056179775
22610623020_46_Z2,22610623020,46,2,124,144,0,-4.674902030879707,0.2140395831674663,2.3,52.607145997672376,50.0,503.22061191626574,0.011235955056179775
22610623020_47_Z2,22610623020,47,2,124,144,0,-7.935237391672615,0.21006298825062164,2.35,52.607145997672376,50.0,509.0497737556521,0.011235955056179775
22610623020_48_Z2,22610623020,48,2,124,144,0,-6.157657613184995,0.20744480191416917,2.4,52.607145997672376,50.0,488.003253355024,0.011235955056179775
22610623020_49_Z2,22610623020,49,2,124,144,0,-10.181219430974124,0.20262410322978716,2.45,52.607145997672376,50.0,492.6108374384253,0.011235955056179775
22610623020_50_Z2,22610623020,50,2,124,144,0,3.9841999292727337,0.2006990213732406,2.5,54.59924596230874,50.0,464.30644225188576,0.011235955056179775
22610623020_51_Z2,22610623020,51,2,124,144,0,3.679230951020486,0.2038355698411107,2.55,56.438861437818986,50.0,554.1754251863184,0.011235955056179775
22610623020_52_Z2,22610623020,52,2,124,144,0,-4.879395779375159,0.20246185118617177,2.6,56.438861437818986,50.0,541.4312617702446,0.011235955056179775
22610623020_53_Z2,22610623020,53,2,124,144,0,6.155604200869277,0.20309449221893455,2.65,59.516663538253624,50.0,475.4627271183536,0.011235955056179775
22610623020_54_Z2,22610623020,54,2,124,144,0,1.4983519412872965,0.205724177616375,2.7,60.26583950889727,50.0,503.66300366300555,0.011235955056179775
22610623020_55_Z2,22610623020,55,2,124,144,0,-4.106094270283506,0.2043038131826545,2.75,60.26583950889727,50.0,528.4691442209355,0.011235955056179775
22610623020_56_Z2,22610623020,56,2,124,144,0,11.63902468990068,0.20578574880717113,2.8,66.08535185384761,50.0,738.4468794664123,0.011235955056179775
22610623020_57_Z2,22610623020,57,2,124,144,0,5.507005398275737,0.210976870362077,2.85,68.83885455298548,50.0,637.3486297004439,0.011235955056179775
22610623020_58_Z2,22610623020,58,2,124,144,0,0.07859272823162655,0.2124017748375293,2.9,68.8781509171013,50.0,534.0873389883769,0.011235955056179775
22610623020_59_Z3,22610623020,59,3,144,165,0,-3.2210886405367205,0.21120634288232376,2.95,68.8781509171013,50.0,666.9207317073168,0.011235955056179775
22610623020_62_Z2,22610623020,62,2,124,144,0,-0.8999098363557323,0.21390988441045097,3.1,73.02592583470121,50.0,669.9751861042154,0.011235955056179775
22610623020_63_Z2,22610623020,63,2,124,144,0,10.820064588677212,0.21659053464766556,3.15,78.43595812903982,50.0,590.7516805866758,0.011235955056179775
22610623020_64_Z3,22610623020,64,3,144,165,0,9.172967122872251,0.22219185310333964,3.2,83.02244169047594,50.0,613.3575647432988,0.011235955056179775
22610623020_65_Z2,22610623020,65,2,124,144,0,2.3744519094142333,0.22495891832363485,3.25,84.20966764518306,50.0,644.7453255963867,0.011235955056179775
22610623020_66_Z3,22610623020,66,3,144,165,0,2.746211476251233,0.22592215174611566,3.3,85.58277338330868,50.0,672.1277042638084,0.011235955056179775
22610623020_67_Z3,22610623020,67,3,144,165,0,7.245489173762053,0.22861544694371602,3.35,89.2055179701897,50.0,658.0149881191734,0.011235955056179775
22610623020_68_Z3,22610623020,68,3,144,165,0,6.815913064523386,0.23194979873855712,3.4,92.6134745024514,50.0,684.4919786096257,0.011235955056179775
22610623020_69_Z3,22610623020,69,3,144,165,0,6.599967730203161,0.23557743925493968,3.45,95.91345836755298,50.0,672.1433905899933,0.011235955056179775
22610623020_70_Z3,22610623020,70,3,144,165,0,4.603914791028046,0.2380727740586569,3.5,98.215415763067,50.0,621.9765031098846,0.011235955056179775
22610623020_71_Z3,22610623020,71,3,144,165,0,6.038192797323063,0.24099925332755268,3.55,101.23451216172853,50.0,635.7156617222133,0.011235955056179775
22610623020_72_Z3,22610623020,72,3,144,165,0,5.860988701145516,0.24370324423922018,3.6,104.16500651230129,50.0,652.6616357332219,0.011235955056179775
22610623020_73_Z3,22610623020,73,3,144,165,0,6.694265845730513,0.2469528590359322,3.65,107.51213943516655,50.0,615.621392843401,0.011235955056179775
22610623020_74_Z3,22610623020,74,3,144,165,0,5.077553372473005,0.2501372073289788,3.7,110.05091612140305,50.0,633.187772925768,0.011235955056179775
22610623020_75_Z3,22610623020,75,3,144,165,0,1.3174749198670384,0.2516328151921324,3.75,110.70965358133657,50.0,585.9769650434404,0.011235955056179775
22610623020_76_Z3,22610623020,76,3,144,165,0,4.298022748340827,0.2526945554166805,3.8,112.85866495550698,50.0,576.3116057233685,0.011235955056179775
22610623020_77_Z3,22610623020,77,3,144,165,0,-3.3935638403044095,0.2536158983428452,3.85,112.85866495550698,50.0,602.0066889632119,0.011235955056179775
22610623020_78_Z3,22610623020,78,3,144,165,0,-0.7984773069287598,0.251897019183806,3.9,112.85866495550698,50.0,616.6122597025767,0.011235955056179775
22610623020_79_Z3,22610623020,79,3,144,165,0,-0.035508290026029954,0.2518699008943616,3.95,112.85866495550698,50.0,602.2584692597253,0.011235955056179775
22610623020_80_Z3,22610623020,80,3,144,165,0,0.059929690265562385,0.25180467447343324,4.0,112.88862980063976,50.0,595.7108816521034,0.011235955056179775
22610623020_81_Z3,22610623020,81,3,144,165,0,2.738213171900952,0.25258977798588444,4.05,114.25773638659024,50.0,555.5555555555545,0.011235955056179775
22610623020_82_Z3,22610623020,82,3,144,165,0,11.767408296957399,0.2551350215003989,4.1,120.14144053506894,50.0,693.893735130854,0.011235955056179775
22610623020_84_Z3,22610623020,84,3,144,165,0,-7.850010513828238,0.27442812993096094,4.2,136.72252041546577,50.0,486.85491723467214,0.011235955056179775
22610623020_85_Z2,22610623020,85,2,124,144,0,-19.444067049919795,0.267241073999739,4.25,136.72252041546577,50.0,582.1078431372491,0.011235955056179775
22610623020_86_Z2,22610623020,86,2,124,144,0,-9.37851364883852,0.25915725677900325,4.3,136.72252041546577,50.0,615.3272422151769,0.011235955056179775
22610623020_87_Z2,22610623020,87,2,124,144,0,0.6302154099710151,0.2571881264086673,4.35,137.03762812045127,50.0,620.034876961833,0.011235955056179775
22610623020_88_Z2,22610623020,88,2,124,144,0,5.17229644414283,0.25932932603053094,4.4,139.6237763425227,50.0,608.678578440994,0.011235955056179775
22610623020_89_Z2,22610623020,89,2,124,144,0,2.226305223074519,0.26067386011814403,4.45,140.73692895405995,50.0,569.216757741347,0.011235955056179775
22610623020_90_Z3,22610623020,90,3,144,165,0,2.147815265730401,0.2620824886060847,4.5,141.81083658692515,50.0,701.446733888647,0.011235955056179775
22610623020_91_Z3,22610623020,91,3,144,165,0,2.7199485234923486,0.26319289864792533,4.55,143.17081084867132,50.0,645.756457564585,0.011235955056179775
22610623020_92_Z3,22610623020,92,3,144,165,0,2.8942435817207297,0.264306235577127,4.6,144.6179326395317,50.0,674.8466257668762,0.011235955056179775
22610623020_94_Z3,22610623020,94,3,144,165,0,6.262145707077821,0.27170897969036417,4.7,152.34596600779136,50.0,654.4859558221967,0.011235955056179775
22610623020_95_Z3,22610623020,95,3,144,165,0,4.8225275389220315,0.2739683736076069,4.75,154.75722977725238,50.0,635.8974358974477,0.011235955056179775
22610623020_96_Z3,22610623020,96,3,144,165,0,0.515681129659697,0.2757858594814232,4.8,155.01507034208223,50.0,611.0782574413505,0.011235955056179775
22610623020_98_Z3,22610623020,98,3,144,165,0,-1.6121076107463068,0.2751691221218144,4.9,155.01507034208223,50.0,633.4343156155418,0.011235955056179775
22610623020_99_Z2,22610623020,99,2,124,144,0,12.53210021327061,0.27694489156680846,4.95,161.28112044871753,50.0,581.3953488372125,0.011235955056179775
22610623020_100_Z3,22610623020,100,3,144,165,0,17.83323246859095,0.28587963667590127,5.0,170.197736683013,50.0,612.1968448316553,0.011235955056179775
22610623020_101_Z3,22610623020,101,3,144,165,0,6.12686272191479,0.29180994236221885,5.05,173.2611680439704,50.0,651.7874777799709,0.011235955056179775
22610623020_102_Z2,22610623020,102,2,124,144,0,-4.60556491470777,0.292409016353459,5.1,173.2611680439704,50.0,574.5292052346008,0.011235955056179775
22610623020_103_Z2,22610623020,103,2,124,144,0,-12.368774005191995,0.2874251581921246,5.15,173.2611680439704,50.0,625.9780907668207,0.011235955056179775
22610623020_104_Z2,22610623020,104,2,124,144,0,-3.8570455883796058,0.28320608704928446,5.2,173.2611680439704,50.0,632.9113924050664,0.011235955056179775
22610623020_105_Z2,22610623020,105,2,124,144,0,2.8299859978264976,0.2830249111736623,5.25,174.67616104288365,50.0,568.5218432076589,0.011235955056179775
22610623020_106_Z3,22610623020,106,3,144,165,0,5.176659807008491,0.2854676219131209,5.3,177.2644909463879,50.0,586.1879465103483,0.011235955056179775
22664327478_8_Z4,22664327478,8,4,165,185,0,0.5895807012902878,0.4439338023896831,0.4,1.532823250245201,50.0,603.1363088057907,0.003787878787878788
22664327478_9_Z4,22664327478,9,4,165,185,0,-1.1428388393193245,0.4447109435551308,0.45,1.532823250245201,50.0,433.3694474539541,0.003787878787878788
22664327478_10_Z4,22664327478,10,4,165,185,0,-3.6757960982389477,0.4429590655015114,0.5,1.532823250245201,50.0,452.8502930207776,0.003787878787878788
22664327478_11_Z4,22664327478,11,4,165,185,0,2.7907726708733662,0.4424101504718362,0.55,2.928209585681884,50.0,387.3921465046666,0.003787878787878788
22664327478_12_Z4,22664327478,12,4,165,185,0,-5.157211144842563,0.44286271165236896,0.6,2.928209585681884,50.0,493.98625429553204,0.003787878787878788
22664327478_13_Z4,22664327478,13,4,165,185,0,-8.36867534357441,0.4385073538646511,0.65,2.928209585681884,50.0,511.72707889125826,0.003787878787878788
22664327478_14_Z4,22664327478,14,4,165,185,0,2.98539030145389,0.4371791925436373,0.7,4.420904736408829,50.0,578.8153579008305,0.003787878787878788
22664327478_15_Z3,22664327478,15,3,144,165,0,1.6417659559148206,0.4395722665177622,0.75,5.2417877143662395,50.0,1002.6155187445561,0.003787878787878788
22664327478_16_Z3,22664327478,16,3,144,165,0,-7.733386273400697,0.4363004529636585,0.8,5.2417877143662395,50.0,490.62554757315536,0.003787878787878788
22664327478_18_Z3,22664327478,18,3,144,165,0,0.9951080389566869,0.44072157616254887,0.9,11.21606399316903,50.0,741.626794258374,0.003787878787878788
22664327478_20_Z2,22664327478,20,2,124,144,0,15.262886246111748,0.4515020665073705,1.0,25.906269704640238,50.0,708.6614173228337,0.003787878787878788
22664327478_21_Z2,22664327478,21,2,124,144,0,16.616826779424628,0.46020103553419567,1.05,34.21468309435255,50.0,928.3819628647219,0.003787878787878788
22664327478_24_Z3,22664327478,24,3,144,165,0,-8.443316003839527,0.46690884439000935,1.2,39.01119105142976,50.0,391.52464302164833,0.003787878787878788
22664327478_25_Z4,22664327478,25,4,165,185,0,-4.296189665223665,0.463680753830143,1.25,39.01119105142976,50.0,371.3113152237634,0.003787878787878788
22664327478_26_Z4,22664327478,26,4,165,185,0,-5.951185741395534,0.46113376787135185,1.3,39.01119105142976,50.0,369.29570034291885,0.003787878787878788
22664327478_28_Z5,22664327478,28,5,185,206,0,-1.5875951235448156,0.45611271832942274,1.4,39.01119105142976,50.0,362.55065045851916,0.003787878787878788
22664327478_29_Z5,22664327478,29,5,185,206,0,1.9876860455692622,0.45640954831509367,1.45,40.00503407421439,50.0,382.20986796386416,0.003787878787878788
22664327478_30_Z5,22664327478,30,5,185,206,0,3.0307254545194837,0.457621270361981,1.5,41.520396801474135,50.0,394.79795633999123,0.003787878787878788
22664327478_31_Z5,22664327478,31,5,185,206,0,1.4891495775285648,0.458973357702273,1.55,42.26497159023842,50.0,395.5174686882005,0.003787878787878788
22664327478_32_Z5,22664327478,32,5,185,206,0,-1.1253713454368608,0.459005127951428,1.6,42.26497159023842,50.0,426.0607136516942,0.003787878787878788
22664327478_34_Z4,22664327478,34,4,165,185,0,-8.967144860579538,0.45475995397877955,1.7,42.26497159023842,50.0,393.86401326699826,0.003787878787878788
22664327478_35_Z4,22664327478,35,4,165,185,0,-10.59014146248694,0.4500399787338818,1.75,42.26497159023842,50.0,421.4430209035743,0.003787878787878788
22664327478_36_Z4,22664327478,36,4,165,185,0,-10.168167971994421,0.4444107947956077,1.8,42.26497159023842,50.0,397.6670201484621,0.003787878787878788
22664327478_37_Z4,22664327478,37,4,165,185,0,-0.686847106218238,0.4416234003286053,1.85,42.26497159023842,50.0,412.40810471579715,0.003787878787878788
22664327478_38_Z4,22664327478,38,4,165,185,0,-0.7518771487457343,0.44195057747128313,1.9,42.26497159023842,50.0,446.9490866692574,0.003787878787878788
22664327478_39_Z4,22664327478,39,4,165,185,0,-5.782647039457288,0.44002506813038583,1.95,42.26497159023842,50.0,425.33081285444297,0.003787878787878788
22664327478_40_Z4,22664327478,40,4,165,185,0,-3.704903522033419,0.43708998222188394,2.0,42.26497159023842,50.0,424.55333451264835,0.003787878787878788
22664327478_41_Z4,22664327478,41,4,165,185,0,0.9359497942054986,0.43709535456853726,2.05,42.73294648734117,50.0,519.2107995846304,0.003787878787878788
22664327478_42_Z4,22664327478,42,4,165,185,0,0.15615686441742582,0.4373380892137204,2.1,42.81102491954988,50.0,410.1014461472055,0.003787878787878788
22664327478_43_Z4,22664327478,43,4,165,185,0,-2.3740231734971076,0.43610508819961413,2.15,42.81102491954988,50.0,454.54545454545536,0.003787878787878788
22664327478_44_Z4,22664327478,44,4,165,185,0,2.264848045264671,0.4371999158470638,2.2,43.943448942182215,50.0,419.90342221289006,0.003787878787878788
22664327478_45_Z4,22664327478,45,4,165,185,0,-9.860186438141909,0.4345880976760288,2.25,43.943448942182215,50.0,414.19052764271413,0.003787878787878788
22664327478_46_Z4,22664327478,46,4,165,185,0,-2.234763963972341,0.43146920866004507,2.3,43.943448942182215,50.0,416.8494953927168,0.003787878787878788
22664327478_47_Z4,22664327478,47,4,165,185,0,1.2062595170513077,0.431341051003756,2.35,44.54657870070787,50.0,389.4494600814318,0.003787878787878788
22664327478_48_Z4,22664327478,48,4,165,185,0,0.9903698420246201,0.43210909967627614,2.4,45.04176362172018,50.0,465.34410972324355,0.003787878787878788
22664327478_49_Z4,22664327478,49,4,165,185,0,1.7414354647166874,0.4324934178663348,2.45,45.91248135407852,50.0,738.7646213831243,0.003787878787878788
22664327478_50_Z4,22664327478,50,4,165,185,0,-2.578512176891877,0.4327438711020857,2.5,45.91248135407852,50.0,523.7887385421195,0.003787878787878788
22664327478_51_Z4,22664327478,51,4,165,185,0,1.655233924998015,0.4316088287569422,2.55,46.74009831657753,50.0,705.6269223810388,0.003787878787878788
22664327478_52_Z4,22664327478,52,4,165,185,0,13.471168237969096,0.4356784686841261,2.6,53.47568243556208,50.0,801.1806873286977,0.003787878787878788
22664327478_53_Z4,22664327478,53,4,165,185,0,24.052912194300575,0.44566195409059006,2.65,65.50213853271237,50.0,902.4252679075005,0.003787878787878788
22664327478_54_Z5,22664327478,54,5,185,206,0,2.1247848372405542,0.4527333751435774,2.7,66.56453095133264,50.0,827.1787296898102,0.003787878787878788
22664327478_58_Z4,22664327478,58,4,165,185,0,-2.8704917096887357,0.45254853120927013,2.9,70.06237754869619,50.0,521.0504376823675,0.003787878787878788
22664327478_59_Z4,22664327478,59,4,165,185,0,15.452334485566212,0.456026144595085,2.95,77.7885447914793,50.0,694.8356807511738,0.003787878787878788
22664327478_60_Z4,22664327478,60,4,165,185,0,-3.14043372694357,0.45990003253211903,3.0,77.7885447914793,50.0,606.1719324026495,0.003787878787878788
22664327478_62_Z3,22664327478,62,3,144,165,0,1.3167307455132686,0.4561977202527482,3.1,78.44691016423593,50.0,499.31129476584084,0.003787878787878788
22664327478_63_Z4,22664327478,63,4,165,185,0,6.788075357891103,0.458312228197656,3.15,81.84094784318148,50.0,466.05876393110094,0.003787878787878788
22664327478_64_Z4,22664327478,64,4,165,185,0,-2.6643986755727838,0.4599402004931651,3.2,81.84094784318148,50.0,447.1640385973193,0.003787878787878788
22664327478_65_Z4,22664327478,65,4,165,185,0,-2.146849566625292,0.45779012091658483,3.25,81.84094784318148,50.0,423.47247428916995,0.003787878787878788
22664327478_67_Z4,22664327478,67,4,165,185,0,2.3391419497911556,0.4590674078945077,3.35,83.48477074332129,50.0,479.6163069544385,0.003787878787878788
22664327478_68_Z4,22664327478,68,4,165,185,0,-1.1211207429826118,0.45875121969259475,3.4,83.48477074332129,50.0,477.9200917606581,0.003787878787878788
22664327478_69_Z4,22664327478,69,4,165,185,0,4.283658328412685,0.45970023733225024,3.45,85.62659990752763,50.0,490.82373026034867,0.003787878787878788
22664327478_70_Z4,22664327478,70,4,165,185,0,5.1213640250769,0.46211652148827337,3.5,88.18728192006608,50.0,502.30221850146773,0.003787878787878788
22664327478_71_Z4,22664327478,71,4,165,185,0,15.727616340489135,0.4674883476012529,3.55,96.05109009031065,50.0,662.897250926107,0.003787878787878788
22664327478_72_Z4,22664327478,72,4,165,185,0,10.204546107099532,0.473882061372369,3.6,101.15336314386042,50.0,765.5332027772822,0.003787878787878788
22664327478_73_Z4,22664327478,73,4,165,185,0,5.706494106639752,0.4778314669537476,3.65,104.0066101971803,50.0,706.0333761232314,0.003787878787878788
22664327478_74_Z4,22664327478,74,4,165,185,0,4.922654073934041,0.4809279201123438,3.7,106.46793723414731,50.0,618.2942353155144,0.003787878787878788
22664327478_75_Z4,22664327478,75,4,165,185,0,-5.925042988922428,0.4805152625333132,3.75,106.46793723414731,50.0,501.1565150346944,0.003787878787878788
22664327478_76_Z4,22664327478,76,4,165,185,0,-15.180648727586572,0.474915572237649,3.8,106.46793723414731,50.0,703.7297677691748,0.003787878787878788
22664327478_77_Z4,22664327478,77,4,165,185,0,16.391012633911373,0.47439742710065397,3.85,114.663443551103,50.0,832.958126969832,0.003787878787878788
22664327478_79_Z4,22664327478,79,4,165,185,0,20.375148992647382,0.491242319025755,3.95,131.87091805448756,50.0,1267.9628064243363,0.003787878787878788
22664327478_80_Z4,22664327478,80,4,165,185,0,4.641750993304413,0.49813428737397886,4.0,134.19179355113977,50.0,828.247602441157,0.003787878787878788
22664327478_81_Z4,22664327478,81,4,165,185,0,-4.767393660979906,0.49806011842195586,4.05,134.19179355113977,50.0,559.3803786574869,0.003787878787878788
22664327478_82_Z4,22664327478,82,4,165,185,0,-5.584012140142477,0.4952479779079834,4.1,134.19179355113977,50.0,628.6911792722341,0.003787878787878788
22664327478_83_Z4,22664327478,83,4,165,185,0,-16.847030102841018,0.4896960843985202,4.15,134.19179355113977,50.0,638.2978723404256,0.003787878787878788
22664327478_84_Z4,22664327478,84,4,165,185,0,-11.969966492372123,0.48206081520589467,4.2,134.19179355113977,50.0,477.79154132012616,0.003787878787878788
22664327478_85_Z4,22664327478,85,4,165,185,0,-9.344162424095316,0.4773289504470329,4.25,134.19179355113977,50.0,498.15897769114065,0.003787878787878788
22664327478_86_Z4,22664327478,86,4,165,185,0,-20.183407106300024,0.4698142241493481,4.3,134.19179355113977,50.0,584.7953216374252,0.003787878787878788
22664327478_87_Z4,22664327478,87,4,165,185,0,-22.370849222068955,0.4589090999302986,4.35,134.19179355113977,50.0,700.0205888408525,0.003787878787878788
22664327478_88_Z4,22664327478,88,4,165,185,0,-28.915371500290348,0.44670929135414766,4.4,134.19179355113977,50.0,641.5241057542705,0.003787878787878788
22664327478_89_Z4,22664327478,89,4,165,185,0,-32.164094953937706,0.43087005881506585,4.45,134.19179355113977,50.0,623.973727422007,0.003787878787878788
22664327478_90_Z4,22664327478,90,4,165,185,0,-23.31756611462663,0.41633859903623527,4.5,134.19179355113977,50.0,682.4385805277519,0.003787878787878788
22664327478_91_Z4,22664327478,91,4,165,185,0,-13.093544854581978,0.4072607005442873,4.55,134.19179355113977,50.0,632.3949408404676,0.003787878787878788
22664327478_92_Z4,22664327478,92,4,165,185,0,15.240565599525667,0.4082168676425067,4.6,141.8120763509026,50.0,783.0260166708736,0.003787878787878788
22664327478_94_Z4,22664327478,94,4,165,185,0,22.68363476422371,0.4223688607065983,4.7,157.9417316311966,50.0,1094.2384993300643,0.003787878787878788
22664327478_95_Z5,22664327478,95,5,185,206,0,25.956842848307588,0.4348590415056,4.75,170.9201530553504,50.0,1287.8445549028404,0.003787878787878788
22664327478_96_Z5,22664327478,96,5,185,206,0,31.449496220802985,0.44918314962727646,4.8,186.6449011657519,50.0,1439.5994158147212,0.003787878787878788
22664327478_97_Z5,22664327478,97,5,185,206,0,28.465475824039117,0.46418935591388405,4.85,200.87763907777145,50.0,1273.3620866707847,0.003787878787878788
22664327478_98_Z4,22664327478,98,4,165,185,0,19.385102906555744,0.4767443119880567,4.9,210.57019053104932,50.0,1200.600300150088,0.003787878787878788
22664327478_99_Z4,22664327478,99,4,165,185,0,6.382665162748481,0.48323908322990455,4.95,213.76152311242356,50.0,794.6465913843477,0.003787878787878788
22664327478_101_Z4,22664327478,101,4,165,185,0,-9.609035277405155,0.47817433983330193,5.05,213.76152311242356,50.0,741.2252016568581,0.003787878787878788
22664327478_102_Z4,22664327478,102,4,165,185,0,-32.43141231881566,0.46729232715988056,5.1,213.76152311242356,50.0,850.7135016465515,0.003787878787878788
22664327478_103_Z3,22664327478,103,3,144,165,0,-29.210939370945766,0.45144232276437385,5.15,213.76152311242356,50.0,673.749676081884,0.003787878787878788
22664327478_104_Z3,22664327478,104,3,144,165,0,-31.629667544705626,0.4362668957126662,5.2,213.76152311242356,50.0,1067.4303566779272,0.003787878787878788
22664327478_105_Z3,22664327478,105,3,144,165,0,-25.1751376933895,0.42209780021408394,5.25,213.76152311242356,50.0,939.5184967704192,0.003787878787878788
22664327478_108_Z4,22664327478,108,4,165,185,0,-0.3906371212058275,0.4068321845690304,5.4,214.0176517432207,50.0,560.7476635514062,0.003787878787878788
22664327478_109_Z4,22664327478,109,4,165,185,0,5.605358933343837,0.4071402374550939,5.45,216.82033120989263,50.0,552.0654863887329,0.003787878787878788
22664327478_110_Z4,22664327478,110,4,165,185,0,3.192477836164585,0.4102471543054353,5.5,218.41657012797492,50.0,412.7215343529932,0.003787878787878788
22664327478_111_Z4,22664327478,111,4,165,185,0,-3.3867603259609496,0.4096441072301957,5.55,218.41657012797492,50.0,407.67386091127275,0.003787878787878788
22664327478_112_Z5,22664327478,112,5,185,206,0,2.3505987456708226,0.40924215094601396,5.6,219.59186950081033,50.0,405.43763415215557,0.003787878787878788
22664327478_113_Z5,22664327478,113,5,185,206,0,-2.5980001084495825,0.40994483302457974,5.65,219.59186950081033,50.0,371.05751391464986,0.003787878787878788
22664327478_115_Z4,22664327478,115,4,165,185,0,13.136343153424605,0.4156625820387548,5.75,229.42957799557632,50.0,729.6538821328369,0.003787878787878788
22664327478_116_Z4,22664327478,116,4,165,185,0,5.729931080154529,0.4204007899917622,5.8,232.2945435356536,50.0,540.123456790122,0.003787878787878788
22664327478_118_Z4,22664327478,118,4,165,185,0,-3.903700110157729,0.41724104333980583,5.9,232.2945435356536,50.0,403.29972502291344,0.003787878787878788
22664327478_119_Z4,22664327478,119,4,165,185,0,1.2766653989343695,0.4163911107558845,5.95,232.93287623512077,50.0,423.98546335554425,0.003787878787878788
22664327478_122_Z5,22664327478,122,5,185,206,0,5.1583719771365395,0.41936688640860853,6.1,237.1981015988432,50.0,428.83945322969254,0.003787878787878788
22664327478_123_Z5,22664327478,123,5,185,206,0,9.188882252005442,0.4233637240183987,6.15,241.79254272484593,50.0,434.2900302114801,0.003787878787878788
22664327478_124_Z5,22664327478,124,5,185,206,0,-4.89979068149637,0.4245121816204475,6.2,241.79254272484593,50.0,522.0522052205289,0.003787878787878788
22664327478_125_Z5,22664327478,125,5,185,206,0,-5.600408250696319,0.4215968180391851,6.25,241.79254272484593,50.0,416.14648356221045,0.003787878787878788
22664327478_127_Z4,22664327478,127,4,165,185,0,-15.67150476605309,0.414585829414456,6.35,241.79254272484593,50.0,415.8724657771614,0.003787878787878788
22664327478_128_Z4,22664327478,128,4,165,185,0,-2.692457857592899,0.40924835094920287,6.4,241.79254272484593,50.0,360.4902667628002,0.003787878787878788
22664327478_130_Z4,22664327478,130,4,165,185,0,-3.642611655936321,0.4110463829480384,6.5,244.36753302893084,50.0,386.0219422998832,0.003787878787878788
22664327478_131_Z4,22664327478,131,4,165,185,0,-6.594986978031443,0.4084712360285996,6.55,244.36753302893084,50.0,366.5373005605856,0.003787878787878788
22664327478_132_Z4,22664327478,132,4,165,185,0,-13.677527866631863,0.40319502393481776,6.6,244.36753302893084,50.0,407.46300664807967,0.003787878787878788
22664327478_133_Z4,22664327478,133,4,165,185,0,-5.5685366063502215,0.3982867776629049,6.65,244.36753302893084,50.0,344.35261707988667,0.003787878787878788
22664327478_134_Z4,22664327478,134,4,165,185,0,-5.187644616898524,0.3956099452512536,6.7,244.36753302893084,50.0,386.6691217087129,0.003787878787878788
22664327478_137_Z5,22664327478,137,5,185,206,0,8.183796472437393,0.3961998328951816,6.85,249.5194114587331,50.0,428.22185970636247,0.003787878787878788
22664327478_138_Z5,22664327478,138,5,185,206,0,13.379441962975193,0.40378843884806437,6.9,256.2091324402207,50.0,643.3301797540164,0.003787878787878788
22664327478_139_Z5,22664327478,139,5,185,206,0,11.391629033440609,0.40798688056579613,6.95,261.904946956941,50.0,791.9049714034468,0.003787878787878788
22664327478_140_Z5,22664327478,140,5,185,206,0,22.335593754335832,0.4174086262059215,7.0,273.0727438341089,50.0,997.4067424695769,0.003787878787878788
22664327478_141_Z5,22664327478,141,5,185,206,0,19.427708304713178,0.4277394812133007,7.05,282.7865979864655,50.0,754.5183365502628,0.003787878787878788
22664327478_142_Z5,22664327478,142,5,185,206,0,11.299968815661032,0.43551408693873433,7.1,288.436582394296,50.0,712.5890736342135,0.003787878787878788
22664327478_143_Z5,22664327478,143,5,185,206,0,13.947631894012716,0.442042579180458,7.15,295.41039834130237,50.0,690.3353057199236,0.003787878787878788
22664327478_144_Z5,22664327478,144,5,185,206,0,8.39158254111203,0.4471204451488705,7.2,299.6061896118584,50.0,673.9526411657492,0.003787878787878788
22664327478_145_Z4,22664327478,145,4,165,185,0,10.137672720966862,0.4520871888414111,7.25,304.6750259723418,50.0,519.480519480523,0.003787878787878788
22664327478_147_Z5,22664327478,147,5,185,206,0,-1.8393694490034704,0.45822944143117844,7.35,308.46942681218275,50.0,416.51575516117157,0.003787878787878788
22664327478_149_Z4,22664327478,149,4,165,185,0,-16.45789473647494,0.4495193213283739,7.45,308.46942681218275,50.0,484.6186262115462,0.003787878787878788
22664327478_150_Z4,22664327478,150,4,165,185,0,-29.662493312607126,0.43757550070001383,7.5,308.46942681218275,50.0,590.3398926654779,0.003787878787878788
22664327478_151_Z4,22664327478,151,4,165,185,0,-28.244776301481238,0.4223832397979634,7.55,308.46942681218275,50.0,462.14006398862244,0.003787878787878788
22664327478_152_Z4,22664327478,152,4,165,185,0,-22.31219666063498,0.4102880204000637,7.6,308.46942681218275,50.0,560.2240896358525,0.003787878787878788
22664327478_153_Z4,22664327478,153,4,165,185,0,-10.311470145601447,0.4014085441715117,7.65,308.46942681218275,50.0,413.30446762448753,0.003787878787878788
22664327478_154_Z4,22664327478,154,4,165,185,0,-2.362415707650257,0.3990007702818024,7.7,308.46942681218275,50.0,422.089342244104,0.003787878787878788
22664327478_155_Z4,22664327478,155,4,165,185,0,4.579379325645391,0.3992663796420637,7.75,310.75911647500544,50.0,423.05658381808894,0.003787878787878788
22664327478_156_Z4,22664327478,156,4,165,185,0,-0.39237695504050407,0.4004627774565277,7.8,310.75911647500544,50.0,441.82621502209366,0.003787878787878788
22664327478_157_Z5,22664327478,157,5,185,206,0,8.429932522144782,0.4023934559314232,7.85,314.97408273607783,50.0,491.95837275307133,0.003787878787878788
22664327478_158_Z5,22664327478,158,5,185,206,0,4.060830319555976,0.40543094216717696,7.9,317.0044978958558,50.0,833.3333333333364,0.003787878787878788
22664327478_159_Z5,22664327478,159,5,185,206,0,18.019659873127125,0.4107425538461209,7.95,326.0143278324194,50.0,974.3698368989614,0.003787878787878788
22664327478_160_Z5,22664327478,160,5,185,206,0,20.677244231666123,0.4212439666608644,8.0,336.35294994825244,50.0,927.6437847866378,0.003787878787878788
22664327478_161_Z5,22664327478,161,5,185,206,0,23.422012202063,0.4316982621159227,8.05,348.06395604928395,50.0,948.6931268151084,0.003787878787878788
22664327478_162_Z5,22664327478,162,5,185,206,0,6.6785914493888185,0.43987527459361175,8.1,351.40325177397835,50.0,811.5236356258882,0.003787878787878788
22664327478_163_Z4,22664327478,163,4,165,185,0,4.8573124326778725,0.44254060353180263,8.15,353.8319079903173,50.0,706.3572149344201,0.003787878787878788
22664327478_164_Z4,22664327478,164,4,165,185,0,-2.9551592045197594,0.4427888644604948,8.2,353.8319079903173,50.0,622.1151916516164,0.003787878787878788
22664327478_166_Z4,22664327478,166,4,165,185,0,-1.507556510538052,0.4417157348018043,8.3,353.8319079903173,50.0,470.29702970297456,0.003787878787878788
22664327478_167_Z4,22664327478,167,4,165,185,0,-2.2020952656018835,0.4408931627773358,8.35,353.8319079903173,50.0,464.3962848297281,0.003787878787878788
22664327478_168_Z4,22664327478,168,4,165,185,0,-6.542776677559232,0.4383916925801265,8.4,353.8319079903173,50.0,446.33368756640834,0.003787878787878788
22664327478_169_Z4,22664327478,169,4,165,185,0,-7.6587453786978585,0.435290225959729,8.45,353.8319079903173,50.0,395.0732047408724,0.003787878787878788
22664327478_171_Z4,22664327478,171,4,165,185,0,-11.574382077462133,0.421037701666194,8.55,353.8319079903173,50.0,505.8365758754721,0.003787878787878788
22664327478_172_Z4,22664327478,172,4,165,185,0,-12.510776568097072,0.4145390967009496,8.6,353.8319079903173,50.0,473.836011536886,0.003787878787878788
22664327478_173_Z4,22664327478,173,4,165,185,0,-5.942261920205851,0.40999436375874787,8.65,353.8319079903173,50.0,495.44193420530183,0.003787878787878788
22664327478_174_Z4,22664327478,174,4,165,185,0,-3.189212728942266,0.40762201122759306,8.7,353.8319079903173,50.0,444.9838187702383,0.003787878787878788
22664327478_175_Z4,22664327478,175,4,165,185,0,3.3759850327689946,0.4079160180780598,8.75,355.5199005067018,50.0,471.0446106954816,0.003787878787878788
22664327478_176_Z5,22664327478,176,5,185,206,0,-3.693482062414432,0.4080062183763756,8.8,355.5199005067018,50.0,401.4912532262807,0.003787878787878788
22664327478_177_Z5,22664327478,177,5,185,206,0,2.4406938896408974,0.4074165045790222,8.85,356.74024745152224,50.0,454.442172233581,0.003787878787878788
22664327478_178_Z5,22664327478,178,5,185,206,0,-8.718834480598275,0.4064583644842828,8.9,356.74024745152224,50.0,492.0291281243899,0.003787878787878788
22664327478_179_Z4,22664327478,179,4,165,185,0,-11.432382399062135,0.4007863504484797,8.95,356.74024745152224,50.0,437.22673329168674,0.003787878787878788
22664327478_180_Z4,22664327478,180,4,165,185,0,-12.528994531142416,0.39489832085986604,9.0,356.74024745152224,50.0,454.0763673890711,0.003787878787878788
22664327478_181_Z4,22664327478,181,4,165,185,0,-5.419139246818645,0.3902501860521534,9.05,356.74024745152224,50.0,395.80447259053517,0.003787878787878788
22664327478_182_Z4,22664327478,182,4,165,185,0,-0.7412181333118042,0.3886873870002632,9.1,356.74024745152224,50.0,400.7543611504001,0.003787878787878788
22664327478_183_Z4,22664327478,183,4,165,185,0,-2.227959903624992,0.3882425765620671,9.15,356.74024745152224,50.0,388.4478973146485,0.003787878787878788
22664327478_185_Z4,22664327478,185,4,165,185,0,1.7082985046456542,0.39094348232531,9.25,360.3372783602871,50.0,405.7279236276885,0.003787878787878788
22664327478_186_Z4,22664327478,186,4,165,185,0,-4.876120013367768,0.3900791362629514,9.3,360.3372783602871,50.0,404.57343887422786,0.003787878787878788
22664327478_187_Z4,22664327478,187,4,165,185,0,-1.0648762252033066,0.3884227599123843,9.35,360.3372783602871,50.0,383.14176245211087,0.003787878787878788
22664327478_188_Z4,22664327478,188,4,165,185,0,4.0693750410995335,0.3886077677115888,9.4,362.37196588083685,50.0,535.420098846773,0.003787878787878788
22664327478_189_Z5,22664327478,189,5,185,206,0,15.430146007539065,0.39413306388934355,9.45,370.0870388846064,50.0,616.1570059333678,0.003787878787878788
22664327478_190_Z5,22664327478,190,5,185,206,0,16.59232749225896,0.40224832377030295,9.5,378.38320263073587,50.0,877.0391159445678,0.003787878787878788
22664327478_191_Z5,22664327478,191,5,185,206,0,10.64951516589258,0.4082820974865744,9.55,383.70796021368216,50.0,913.7635636779186,0.003787878787878788
22664327478_192_Z5,22664327478,192,5,185,206,0,28.07187392396304,0.41944328411933723,9.6,397.7438971756637,50.0,1025.524156791225,0.003787878787878788
22664327478_193_Z5,22664327478,193,5,185,206,0,0.5961597136372347,0.4259585995014579,9.65,398.0419770324823,50.0,671.9609040928697,0.003787878787878788
22664327478_194_Z4,22664327478,194,4,165,185,0,-6.935380499508028,0.4244312579073403,9.7,398.0419770324823,50.0,410.3535353535316,0.003787878787878788
22664327478_195_Z4,22664327478,195,4,165,185,0,-1.8372063582434066,0.4219732822955396,9.75,398.0419770324823,50.0,421.2138617652725,0.003787878787878788
22664327478_196_Z4,22664327478,196,4,165,185,0,-7.0220984942388895,0.42004326345407245,9.8,398.0419770324823,50.0,422.2972972972921,0.003787878787878788
22664327478_197_Z4,22664327478,197,4,165,185,0,-11.682002672570434,0.41515811015270565,9.85,398.0419770324823,50.0,438.42168194499544,0.003787878787878788
22664327478_198_Z4,22664327478,198,4,165,185,0,-16.988824164598896,0.4080673807706018,9.9,398.0419770324823,50.0,434.6314325451984,0.003787878787878788
22664327478_199_Z4,22664327478,199,4,165,185,0,-0.7607695803083061,0.4028211698546574,9.95,398.0419770324823,50.0,693.4481109517026,0.003787878787878788
22664327478_200_Z4,22664327478,200,4,165,185,0,8.192017569615132,0.40496276323870545,10.0,402.13798581728986,50.0,590.3490759753726,0.003787878787878788
22664327478_201_Z5,22664327478,201,5,185,206,0,13.401476246361426,0.4108589234759799,10.05,408.8387239404706,50.0,961.3458842379275,0.003787878787878788
22664327478_202_Z5,22664327478,202,5,185,206,0,22.344214362288426,0.4195335479581775,10.1,420.0108311216148,50.0,1111.1111111111036,0.003787878787878788
22664327478_204_Z4,22664327478,204,4,165,185,0,15.98187941948379,0.43925452222687916,10.2,437.7120402386968,50.0,1019.3467859371812,0.003787878787878788
22664327478_205_Z4,22664327478,205,4,165,185,0,11.014069453657385,0.44601463296180033,10.25,443.21907496552546,50.0,959.3794651969832,0.003787878787878788
22664327478_206_Z4,22664327478,206,4,165,185,0,2.4096551663135415,0.44938067415083816,10.3,444.42390254868224,50.0,759.1186817256033,0.003787878787878788
22664327478_207_Z4,22664327478,207,4,165,185,0,-2.607370431472873,0.44872067830206375,10.35,444.42390254868224,50.0,570.7038681039792,0.003787878787878788
22664327478_208_Z4,22664327478,208,4,165,185,0,8.831223589893057,0.4507945622197041,10.4,448.83951434362876,50.0,645.295587010837,0.003787878787878788
22664327478_209_Z4,22664327478,209,4,165,185,0,-13.56532459792686,0.45036669163978965,10.45,448.83951434362876,50.0,494.0711462450646,0.003787878787878788
22664327478_210_Z4,22664327478,210,4,165,185,0,-14.201305225397505,0.4415546765953057,10.5,448.83951434362876,50.0,543.2215399149721,0.003787878787878788
22664327478_212_Z4,22664327478,212,4,165,185,0,-21.44020888605155,0.42511220207039513,10.6,448.83951434362876,50.0,476.82624451649554,0.003787878787878788
22664327478_213_Z4,22664327478,213,4,165,185,0,-23.58970742528311,0.41429807916400846,10.65,448.83951434362876,50.0,475.2646359905044,0.003787878787878788
22664327478_214_Z4,22664327478,214,4,165,185,0,-17.97371320957791,0.40395941416588205,10.7,448.83951434362876,50.0,430.57050592034614,0.003787878787878788
22664327478_215_Z4,22664327478,215,4,165,185,0,-18.77200288582958,0.3943084516281404,10.75,448.83951434362876,50.0,422.0398593200325,0.003787878787878788
22664327478_216_Z4,22664327478,216,4,165,185,0,-9.417266898233265,0.38754682834889287,10.8,448.83951434362876,50.0,397.6486860304403,0.003787878787878788
22664327478_217_Z4,22664327478,217,4,165,185,0,-1.2514937540579467,0.3845830523043903,10.85,448.83951434362876,50.0,433.4633723450252,0.003787878787878788
22664327478_218_Z4,22664327478,218,4,165,185,0,0.49815327030694334,0.38462838193093307,10.9,449.08859097878224,50.0,454.97630331753555,0.003787878787878788
22664327478_219_Z4,22664327478,219,4,165,185,0,5.225092387303107,0.3863926138238235,10.95,451.7011371724338,50.0,425.6272401433747,0.003787878787878788
22664327478_220_Z5,22664327478,220,5,185,206,0,3.4688178100183222,0.3879967010597841,11.0,453.43554607744295,50.0,701.4952925973777,0.003787878787878788
22664327478_221_Z5,22664327478,221,5,185,206,0,7.719142012135762,0.3913607062010421,11.05,457.29511708351083,50.0,711.9741100323569,0.003787878787878788
22664327478_222_Z5,22664327478,222,5,185,206,0,10.223317289834881,0.3957948711447766,11.1,462.4067757284283,50.0,613.953488372093,0.003787878787878788
22664327478_223_Z5,22664327478,223,5,185,206,0,4.434589695956447,0.39913455818450977,11.15,464.6240705764065,50.0,532.8923190003668,0.003787878787878788
22664327478_224_Z5,22664327478,224,5,185,206,0,7.391997692017981,0.40249708743563034,11.2,468.3200694224155,50.0,519.409513395299,0.003787878787878788
22664327478_226_Z5,22664327478,226,5,185,206,0,-9.463217546629153,0.40440311007536256,11.3,470.0815973868745,50.0,554.8216644649881,0.003787878787878788
22664327478_227_Z4,22664327478,227,4,165,185,0,0.4345603512103935,0.40007679904683435,11.35,470.2988775624797,50.0,442.96788482835353,0.003787878787878788
22664327478_228_Z4,22664327478,228,4,165,185,0,12.220272679674054,0.40478958546889665,11.4,476.4090139023167,50.0,555.7180462123345,0.003787878787878788
22664327478_230_Z4,22664327478,230,4,165,185,0,2.811292801641912,0.40763675345442635,11.5,477.81466030313766,50.0,318.7759005419294,0.003787878787878788
22664327478_231_Z4,22664327478,231,4,165,185,0,4.224471978715883,0.41009702939342113,11.55,479.9268962924956,50.0,388.7865766318886,0.003787878787878788
22664327478_232_Z4,22664327478,232,4,165,185,0,-11.864553571592182,0.4080923347944776,11.6,479.9268962924956,50.0,391.1642890013721,0.003787878787878788
22664327478_233_Z4,22664327478,233,4,165,185,0,-9.521868409092349,0.4021836187977242,11.65,479.9268962924956,50.0,406.710726995423,0.003787878787878788
22664327478_234_Z4,22664327478,234,4,165,185,0,-1.0852323008004987,0.3992368584302901,11.7,479.9268962924956,50.0,518.7549880287415,0.003787878787878788
22664327478_235_Z4,22664327478,235,4,165,185,0,13.226293012872134,0.4031300584514715,11.75,486.54004279893167,50.0,550.2567865003624,0.003787878787878788
22664327478_237_Z5,22664327478,237,5,185,206,0,3.070598468654225,0.40800097768877625,11.85,489.1682551854677,50.0,558.659217877094,0.003787878787878788
22664327478_238_Z5,22664327478,238,5,185,206,0,-4.285897506678907,0.40784713831216934,11.9,489.1682551854677,50.0,417.101147028148,0.003787878787878788
22664327478_240_Z4,22664327478,240,4,165,185,0,-6.2947164527954556,0.40593859515979125,12.0,489.9839381906936,50.0,390.11703511054424,0.003787878787878788
22664327478_241_Z5,22664327478,241,5,185,206,0,-1.0466411218660596,0.4038741470252844,12.05,489.9839381906936,50.0,377.3584905660438,0.003787878787878788
22664327478_242_Z5,22664327478,242,5,185,206,0,-1.179396175892066,0.40350670267812044,12.1,489.9839381906936,50.0,360.01107726391,0.003787878787878788
22664327478_243_Z5,22664327478,243,5,185,206,0,0.22640566493282677,0.403302528349956,12.15,490.09714102316,50.0,374.3982884649661,0.003787878787878788
22664327478_244_Z5,22664327478,244,5,185,206,0,-0.8989069493304669,0.4026171902843895,12.2,490.09714102316,50.0,551.7977928088259,0.003787878787878788
22664327478_246_Z4,22664327478,246,4,165,185,0,2.1318873775099973,0.4050528873210899,12.3,493.09150621348954,50.0,662.6506024096603,0.003787878787878788
22664327478_247_Z4,22664327478,247,4,165,185,0,3.718254465088421,0.4071873328133874,12.35,494.95063344603375,50.0,410.0227790432666,0.003787878787878788
22664327478_248_Z4,22664327478,248,4,165,185,0,-2.9965222042752657,0.40691072898845815,12.4,494.95063344603375,50.0,582.0503191889022,0.003787878787878788
22664327478_249_Z4,22664327478,249,4,165,185,0,-0.23291383799869436,0.4058076488384937,12.45,494.95063344603375,50.0,399.9999999999792,0.003787878787878788
22664327478_250_Z4,22664327478,250,4,165,185,0,8.379006619656138,0.40824389789090454,12.5,499.1401367558618,50.0,403.5648225996345,0.003787878787878788
22664327478_251_Z4,22664327478,251,4,165,185,0,0.4368292173148802,0.41036183795168063,12.55,499.35855136451926,50.0,686.4988558352217,0.003787878787878788
22664327478_252_Z5,22664327478,252,5,185,206,0,16.207371066686278,0.41390390434271335,12.6,507.4622368978624,50.0,838.0473496752643,0.003787878787878788
22664327478_253_Z5,22664327478,253,5,185,206,0,11.899216127213549,0.4220341362318497,12.65,513.4118449614691,50.0,1106.4172198752556,0.003787878787878788
22664327478_254_Z5,22664327478,254,5,185,206,0,16.67486308810419,0.42809543791572097,12.7,521.7492765055213,50.0,907.8071414161844,0.003787878787878788
22664327478_255_Z5,22664327478,255,5,185,206,0,25.528741109407974,0.439663739803224,12.75,534.5136470602253,50.0,1032.924467398336,0.003787878787878788
22664327478_256_Z5,22664327478,256,5,185,206,0,18.707503261098395,0.45029205540404993,12.8,543.8673986907745,50.0,1045.2961672473898,0.003787878787878788
22664327478_257_Z5,22664327478,257,5,185,206,0,8.796939506625677,0.45750479560549345,12.85,548.2658684440873,50.0,857.2869389813445,0.003787878787878788
22664327478_258_Z5,22664327478,258,5,185,206,0,12.562154548605236,0.46253219463848133,12.9,554.5469457183899,50.0,946.3722397476123,0.003787878787878788
22664327478_259_Z5,22664327478,259,5,185,206,0,4.4020774603366135,0.46689289486365987,12.95,556.7479844485582,50.0,605.6527590847862,0.003787878787878788
22664327478_260_Z5,22664327478,260,5,185,206,0,1.3322955252046995,0.46838738957967524,13.0,557.4141322111606,50.0,454.5454545454653,0.003787878787878788
22664327478_261_Z5,22664327478,261,5,185,206,0,1.0339947506930685,0.46865441787489065,13.05,557.931129586507,50.0,469.8512137823029,0.003787878787878788
22664327478_262_Z4,22664327478,262,4,165,185,0,8.993556046427443,0.47078796580978016,13.1,562.4279076097207,50.0,768.1755829903825,0.003787878787878788
22664327478_263_Z4,22664327478,263,4,165,185,0,4.802842732319732,0.47535729832267787,13.15,564.8293289758806,50.0,702.3705004389894,0.003787878787878788
22664327478_264_Z4,22664327478,264,4,165,185,0,5.023144152892428,0.47713120741897985,13.2,567.3409010523268,50.0,451.1677282377884,0.003787878787878788
22664327478_265_Z5,22664327478,265,5,185,206,0,-1.9376174781261852,0.47822693818547485,13.25,567.3409010523268,50.0,437.1357202331311,0.003787878787878788
22664327478_266_Z5,22664327478,266,5,185,206,0,-0.13152102875540095,0.4771767771695766,13.3,567.3409010523268,50.0,534.7593582887723,0.003787878787878788
22664327478_267_Z4,22664327478,267,4,165,185,0,7.496015649394167,0.4793664968080118,13.35,571.0889088770239,50.0,615.4747948417206,0.003787878787878788
22664327478_268_Z5,22664327478,268,5,185,206,0,6.693079405997082,0.48255855404481507,13.4,574.4354485800225,50.0,483.6759371221381,0.003787878787878788
22664327478_269_Z5,22664327478,269,5,185,206,0,10.551146240765775,0.4872558493443117,13.45,579.7110217004054,50.0,891.1642017444102,0.003787878787878788
22664327478_270_Z5,22664327478,270,5,185,206,0,10.861366352593677,0.492345010491574,13.5,585.1417048767022,50.0,825.5159474671501,0.003787878787878788
22664327478_271_Z5,22664327478,271,5,185,206,0,7.821928103849473,0.49774060837863315,13.55,589.0526689286269,50.0,693.9625260236018,0.003787878787878788
22664327478_272_Z4,22664327478,272,4,165,185,0,-8.098110300225585,0.4973408369541855,13.6,589.0526689286269,50.0,721.298337006614,0.003787878787878788
22664327478_273_Z4,22664327478,273,4,165,185,0,-7.6582343736988605,0.49311909927946795,13.65,589.0526689286269,50.0,545.2067242162599,0.003787878787878788
22664327478_274_Z4,22664327478,274,4,165,185,0,-6.254250574746948,0.4898504454825994,13.7,589.0526689286269,50.0,470.92547092546954,0.003787878787878788
22664327478_275_Z4,22664327478,275,4,165,185,0,-13.9433382910629,0.4847134904031817,13.75,589.0526689286269,50.0,565.4123610840425,0.003787878787878788
22664327478_277_Z4,22664327478,277,4,165,185,0,-2.7230216006719274,0.4753848095171093,13.85,589.0526689286269,50.0,684.5238095238021,0.003787878787878788
22664327478_278_Z5,22664327478,278,5,185,206,0,15.657076094562399,0.47923940659328745,13.9,596.8812069759081,50.0,699.6974281391937,0.003787878787878788
22664327478_279_Z5,22664327478,279,5,185,206,0,8.740407625976786,0.485422789355306,13.95,601.2514107888965,50.0,687.0828425598675,0.003787878787878788
22664327478_280_Z5,22664327478,280,5,185,206,0,7.921599760708318,0.48963466588028115,14.0,605.2122106692507,50.0,602.8636021100234,0.003787878787878788
22664327478_281_Z5,22664327478,281,5,185,206,0,-12.768251609785352,0.4889343060426333,14.05,605.2122106692507,50.0,617.828773168583,0.003787878787878788
22664327478_282_Z5,22664327478,282,5,185,206,0,-15.32752259503252,0.4813630363262168,14.1,605.2122106692507,50.0,614.1697740732598,0.003787878787878788
22664327478_283_Z5,22664327478,283,5,185,206,0,-13.627582689799965,0.4738536350480785,14.15,605.2122106692507,50.0,475.97461468720803,0.003787878787878788
22664327478_284_Z4,22664327478,284,4,165,185,0,-18.90509038728635,0.46604925546930115,14.2,605.2122106692507,50.0,566.3254192986295,0.003787878787878788
22664327478_285_Z4,22664327478,285,4,165,185,0,-16.37060106990168,0.4568927331308135,14.25,605.2122106692507,50.0,492.31981094918626,0.003787878787878788
22664327478_287_Z4,22664327478,287,4,165,185,0,10.877333825190362,0.4596471410312325,14.35,613.4022862693735,50.0,658.1494386372453,0.003787878787878788
22664327478_288_Z5,22664327478,288,5,185,206,0,12.55216176737008,0.4630889025442516,14.4,619.6783671530585,50.0,874.0781207320265,0.003787878787878788
22664327478_289_Z5,22664327478,289,5,185,206,0,11.172630876940616,0.47108544250315365,14.45,625.2646825915288,50.0,739.9103139013392,0.003787878787878788
22664327478_290_Z5,22664327478,290,5,185,206,0,1.399292814193359,0.47352050347968655,14.5,625.9643289986254,50.0,581.2746522732201,0.003787878787878788
22664327478_291_Z5,22664327478,291,5,185,206,0,-8.711407160918952,0.4719459852421515,14.55,625.9643289986254,50.0,406.2681369703965,0.003787878787878788
22664327478_292_Z5,22664327478,292,5,185,206,0,-10.495297614208425,0.46657554515915095,14.6,625.9643289986254,50.0,414.69194312795196,0.003787878787878788
22664327478_293_Z5,22664327478,293,5,185,206,0,-12.468471820194964,0.46123691616824336,14.65,625.9643289986254,50.0,432.9004329004472,0.003787878787878788
22664327478_294_Z5,22664327478,294,5,185,206,0,-13.372673413048346,0.454598409251058,14.7,625.9643289986254,50.0,407.8303425774805,0.003787878787878788
22664327478_295_Z5,22664327478,295,5,185,206,0,-16.07757921743689,0.447117403430512,14.75,625.9643289986254,50.0,501.1484652328313,0.003787878787878788
22664327478_296_Z5,22664327478,296,5,185,206,0,-9.047327381107038,0.44068084524972967,14.8,625.9643289986254,50.0,430.61264435310113,0.003787878787878788
22664327478_297_Z4,22664327478,297,4,165,185,0,-11.289656188358776,0.4358679054983267,14.85,625.9643289986254,50.0,415.0453955901505,0.003787878787878788
22664327478_298_Z4,22664327478,298,4,165,185,0,-8.8533685274665,0.43057349830968517,14.9,625.9643289986254,50.0,381.0975609756041,0.003787878787878788
22664327478_299_Z5,22664327478,299,5,185,206,0,-1.900477149659082,0.4279855556163814,14.95,625.9643289986254,50.0,370.18756169792294,0.003787878787878788
22664327478_300_Z5,22664327478,300,5,185,206,0,1.7738458273322522,0.4279135879540527,15.0,626.8512519122916,50.0,352.03003989673306,0.003787878787878788
22664327478_301_Z5,22664327478,301,5,185,206,0,4.112709946407335,0.42962189009957796,15.05,628.9076068854952,50.0,338.09166040571137,0.003787878787878788
22664327478_302_Z5,22664327478,302,5,185,206,0,4.160933796984523,0.4313191010073996,15.1,630.9880737839874,50.0,377.5260937152954,0.003787878787878788
22664327478_303_Z5,22664327478,303,5,185,206,0,9.411653040492638,0.4350337062338356,15.15,635.6939003042337,50.0,415.11000415111323,0.003787878787878788
22664327478_304_Z5,22664327478,304,5,185,206,0,-1.6239375805731697,0.4375835834534853,15.2,635.6939003042337,50.0,398.4785364970046,0.003787878787878788
22664327478_305_Z5,22664327478,305,5,185,206,0,-4.109158753527822,0.4350537517235662,15.25,635.6939003042337,50.0,381.06698756517807,0.003787878787878788
22664327478_306_Z5,22664327478,306,5,185,206,0,0.8176661109314409,0.43475436023310865,15.3,636.1027333596994,50.0,372.516556291393,0.003787878787878788
22664327478_307_Z5,22664327478,307,5,185,206,0,6.267083765919324,0.4361889630927617,15.35,639.2362752426591,50.0,306.8739770867481,0.003787878787878788
22664327478_308_Z5,22664327478,308,5,185,206,0,3.2250436027890146,0.43911089453925367,15.4,640.8487970440535,50.0,283.28611898016953,0.003787878787878788
22664327478_309_Z5,22664327478,309,5,185,206,0,-2.8484470635786465,0.4392312773045003,15.45,640.8487970440535,50.0,758.3682008368605,0.003787878787878788
22882313372_5_Z2,22882313372,5,2,124,144,0,-0.592361108146406,0.27929821176595754,0.25,1.8420153079122201,50.0,434.1085271317829,0.009708737864077669
22882313372_6_Z2,22882313372,6,2,124,144,0,-0.58847457627121,0.2790157062146893,0.3,1.8420153079122201,50.0,471.9885081058894,0.009708737864077669
22882313372_7_Z2,22882313372,7,2,124,144,0,-2.422707834101402,0.27835644869431636,0.35,1.8420153079122201,50.0,433.32676777624596,0.009708737864077669
22882313372_8_Z2,22882313372,8,2,124,144,0,-2.6972921658986024,0.27693886405529955,0.4,1.8420153079122201,50.0,454.90506329113924,0.009708737864077669
22882313372_9_Z2,22882313372,9,2,124,144,0,-2.8799999999999955,0.27566666666666667,0.45,1.8420153079122201,50.0,441.6783778357759,0.009708737864077669
22882313372_10_Z2,22882313372,10,2,124,144,0,0.7626157312175792,0.274873394129363,0.5,2.2233231735210097,50.0,463.70967741935516,0.009708737864077669
22882313372_11_Z2,22882313372,11,2,124,144,0,-0.8078914750016111,0.27537391684617574,0.55,2.2233231735210097,50.0,477.6119402985075,0.009708737864077669
22882313372_12_Z2,22882313372,12,2,124,144,0,-5.106189881563296,0.2735185645464836,0.6,2.2233231735210097,50.0,455.3553751732331,0.009708737864077669
22882313372_13_Z2,22882313372,13,2,124,144,0,-4.777253886847802,0.27109300678097203,0.65,2.2233231735210097,50.0,416.05991262741793,0.009708737864077669
22882313372_14_Z2,22882313372,14,2,124,144,0,-0.9983748274274831,0.26952673914710845,0.7,2.2233231735210097,50.0,420.8915247752058,0.009708737864077669
22882313372_15_Z2,22882313372,15,2,124,144,0,0.3670943396226676,0.26946940880503145,0.75,2.4068703433323435,50.0,435.14297554910905,0.009708737864077669
22882313372_16_Z2,22882313372,16,2,124,144,0,0.4765065502182324,0.2697463755458515,0.8,2.6451236184414597,50.0,462.784419591207,0.009708737864077669
22882313372_17_Z2,22882313372,17,2,124,144,0,-2.0343528376694167,0.2694578771503026,0.85,2.6451236184414597,50.0,433.25768516608184,0.009708737864077669
22882313372_18_Z2,22882313372,18,2,124,144,0,-5.5998075549540545,0.2675128477165562,0.9,2.6451236184414597,50.0,475.81284694686815,0.009708737864077669
22882313372_19_Z2,22882313372,19,2,124,144,0,-6.651857241547418,0.26435610610641236,0.95,2.6451236184414597,50.0,444.44444444444446,0.009708737864077669
22882313372_20_Z2,22882313372,20,2,124,144,0,-6.190604589847226,0.26109508211688603,1.0,2.6451236184414597,50.0,436.24826492167404,0.009708737864077669
22882313372_21_Z2,22882313372,21,2,124,144,0,-5.079870526948525,0.2583640684465801,1.05,2.6451236184414597,50.0,446.24746450304093,0.009708737864077669
22882313372_22_Z2,22882313372,22,2,124,144,0,-6.04063717587502,0.25553029491529694,1.1,2.6451236184414597,50.0,445.3049370764775,0.009708737864077669
22882313372_23_Z2,22882313372,23,2,124,144,0,-3.4872506391246247,0.2530327855381714,1.15,2.6451236184414597,50.0,440.44044044044006,0.009708737864077669
22882313372_24_Z2,22882313372,24,2,124,144,0,-0.018097548232958616,0.2522571795350226,1.2,2.6451236184414597,50.0,435.95598920489863,0.009708737864077669
22882313372_25_Z2,22882313372,25,2,124,144,0,-5.399375707566833,0.25127487928035125,1.25,2.6451236184414597,50.0,460.18407362945163,0.009708737864077669
22882313372_26_Z2,22882313372,26,2,124,144,0,-5.894652728452172,0.24786495893221608,1.3,2.6451236184414597,50.0,436.9414101290971,0.009708737864077669
22882313372_27_Z2,22882313372,27,2,124,144,0,-4.07054852320681,0.24565490857946554,1.35,2.6451236184414597,50.0,470.1273261508329,0.009708737864077669
22882313372_28_Z2,22882313372,28,2,124,144,0,-3.6219617648591225,0.24357898039624248,1.4,2.6451236184414597,50.0,422.79041675055305,0.009708737864077669
22882313372_29_Z2,22882313372,29,2,124,144,0,1.6892815885142909,0.24313764589369302,1.45,3.489764412698605,50.0,461.2916165262745,0.009708737864077669
22882313372_30_Z2,22882313372,30,2,124,144,0,-4.038771153400376,0.243004612848853,1.5,3.489764412698605,50.0,442.47787610619446,0.009708737864077669
22882313372_31_Z2,22882313372,31,2,124,144,0,-11.790086203305975,0.238730008836421,1.55,3.489764412698605,50.0,415.1017987744602,0.009708737864077669
22882313372_32_Z2,22882313372,32,2,124,144,0,-9.015427041031217,0.2332825067523021,1.6,3.489764412698605,50.0,396.5107057890577,0.009708737864077669
22882313372_33_Z2,22882313372,33,2,124,144,0,-1.9755006013409684,0.23057880895947536,1.65,3.489764412698605,50.0,418.16009557945017,0.009708737864077669
22882313372_34_Z2,22882313372,34,2,124,144,0,-3.9721628511262566,0.2293475906028136,1.7,3.489764412698605,50.0,444.44444444444446,0.009708737864077669
22882313372_35_Z2,22882313372,35,2,124,144,0,-7.479426053175018,0.22657254751003048,1.75,3.489764412698605,50.0,464.7403515861789,0.009708737864077669
22882313372_36_Z2,22882313372,36,2,124,144,0,-8.348049406560506,0.2224134139400769,1.8,3.489764412698605,50.0,440.0,0.009708737864077669
22882313372_37_Z2,22882313372,37,2,124,144,0,-5.937347990508101,0.21845064332489322,1.85,3.489764412698605,50.0,442.03335342575866,0.009708737864077669
22882313372_38_Z2,22882313372,38,2,124,144,0,-1.145353522053938,0.21722853807329384,1.9,3.489764412698605,50.0,436.0753221010898,0.009708737864077669
22882313372_39_Z2,22882313372,39,2,124,144,0,-1.851264439152601,0.2162268983275465,1.95,3.489764412698605,50.0,441.3239719157481,0.009708737864077669
22882313372_40_Z2,22882313372,40,2,124,144,0,0.24694659970418797,0.21588368740369526,2.0,3.613237712550699,50.0,449.4382022471885,0.009708737864077669
22882313372_41_Z2,22882313372,41,2,124,144,0,-5.986206437583121,0.21495833275272386,2.05,3.613237712550699,50.0,431.1189496374703,0.009708737864077669
22882313372_42_Z2,22882313372,42,2,124,144,0,-8.17570114828294,0.21070755505064087,2.1,3.613237712550699,50.0,431.21149897330355,0.009708737864077669
22882313372_43_Z2,22882313372,43,2,124,144,0,-2.707571631782173,0.20805398428503694,2.15,3.613237712550699,50.0,474.49584816132926,0.009708737864077669
22882313372_44_Z2,22882313372,44,2,124,144,0,-1.0208494208493448,0.207281879021879,2.2,3.613237712550699,50.0,436.68122270742265,0.009708737864077669
22882313372_45_Z2,22882313372,45,2,124,144,0,0.1744636954704788,0.20720999067717602,2.25,3.7004695602859385,50.0,474.49584816132926,0.009708737864077669
22882313372_46_Z2,22882313372,46,2,124,144,0,-8.375972757056445,0.20509116491674947,2.3,3.7004695602859385,50.0,441.0585404971963,0.009708737864077669
22882313372_47_Z2,22882313372,47,2,124,144,0,-3.3184909384140155,0.2019653217230168,2.35,3.7004695602859385,50.0,494.8453608247423,0.009708737864077669
22882313372_48_Z2,22882313372,48,2,124,144,0,-1.2398167477367679,0.20102800413001853,2.4,3.7004695602859385,50.0,482.3461315840211,0.009708737864077669
22882313372_49_Z2,22882313372,49,2,124,144,0,-3.646242302327437,0.19970421415422182,2.45,3.7004695602859385,50.0,496.2779156327577,0.009708737864077669
22882313372_50_Z2,22882313372,50,2,124,144,0,-0.39394094993582485,0.19860484381685925,2.5,3.7004695602859385,50.0,462.249614791987,0.009708737864077669
22882313372_51_Z2,22882313372,51,2,124,144,0,1.265482062875833,0.19917759715053535,2.55,4.333210591723855,50.0,474.71620227037914,0.009708737864077669
22882313372_52_Z2,22882313372,52,2,124,144,0,-4.281271536560041,0.19810988072300786,2.6,4.333210591723855,50.0,466.94519537969956,0.009708737864077669
22882313372_53_Z2,22882313372,53,2,124,144,0,-1.4180566801619534,0.1967745479082321,2.65,4.333210591723855,50.0,480.576692030436,0.009708737864077669
22882313372_54_Z2,22882313372,54,2,124,144,0,-1.6007267104754987,0.19600770648112356,2.7,4.333210591723855,50.0,481.83095763902884,0.009708737864077669
22882313372_55_Z2,22882313372,55,2,124,144,0,-1.7561185086032651,0.1951815637308611,2.75,4.333210591723855,50.0,475.4358161648176,0.009708737864077669
22882313372_56_Z2,22882313372,56,2,124,144,0,2.953485261092453,0.19520141602338834,2.8,5.809953222270082,50.0,581.8619582664562,0.009708737864077669
22882313372_57_Z2,22882313372,57,2,124,144,0,6.6806103823586795,0.19792541847513473,2.85,9.150258413449421,50.0,552.7043031977859,0.009708737864077669
22882313372_58_Z2,22882313372,58,2,124,144,0,5.133617006069528,0.2008497632322126,2.9,11.717066916484185,50.0,538.9221556886238,0.009708737864077669
22882313372_59_Z3,22882313372,59,3,144,165,0,5.699788539355097,0.20361847539485708,2.95,14.566961186161734,50.0,594.9008498583539,0.009708737864077669
22882313372_60_Z2,22882313372,60,2,124,144,0,3.1437457396046966,0.20580319586457624,3.0,16.138834055964082,50.0,551.2679162072723,0.009708737864077669
22882313372_61_Z2,22882313372,61,2,124,144,0,2.7314685395485867,0.20723630804330415,3.05,17.504568325738376,50.0,605.9421422986726,0.009708737864077669
22882313372_62_Z2,22882313372,62,2,124,144,0,2.2350466119665384,0.20849690097394488,3.1,18.622091631721645,50.0,592.0783993466719,0.009708737864077669
22882313372_63_Z2,22882313372,63,2,124,144,0,4.2800220178553445,0.209982419531494,3.15,20.762102640649317,50.0,571.7665615141979,0.009708737864077669
22882313372_64_Z2,22882313372,64,2,124,144,0,6.769720207774014,0.21281005980193674,3.2,24.146962744536324,50.0,575.7395274965218,0.009708737864077669
22882313372_65_Z2,22882313372,65,2,124,144,0,6.093013198916253,0.2161067138481167,3.25,27.19346934399445,50.0,576.7250257466562,0.009708737864077669
22882313372_67_Z3,22882313372,67,3,144,165,0,7.6536209654028085,0.22358475270725436,3.35,35.14829373910024,50.0,600.6006006006028,0.009708737864077669
22882313372_68_Z3,22882313372,68,3,144,165,0,6.172958773497385,0.22709589167522087,3.4,38.23477312584893,50.0,626.1180679785296,0.009708737864077669
22882313372_69_Z2,22882313372,69,2,124,144,0,7.629800983966788,0.23049369106011783,3.45,42.049673617832326,50.0,599.7392438070418,0.009708737864077669
22882313372_70_Z2,22882313372,70,2,124,144,0,7.341480976599087,0.2343856345882775,3.5,45.72041410613187,50.0,565.5526992287904,0.009708737864077669
22882313372_71_Z3,22882313372,71,3,144,165,0,6.202992570155686,0.2376923151052082,3.55,48.82191039120971,50.0,601.6847172081814,0.009708737864077669
22882313372_72_Z3,22882313372,72,3,144,165,0,6.499470283838434,0.24082890807720034,3.6,52.07164553312893,50.0,606.5507480792555,0.009708737864077669
22882313372_73_Z3,22882313372,73,3,144,165,0,5.619711080530749,0.24396100654969258,3.65,54.881501073394304,50.0,612.895317479775,0.009708737864077669
22882313372_74_Z3,22882313372,74,3,144,165,0,3.3185225952311157,0.2461935453465109,3.7,56.54076237100986,50.0,570.6134094151193,0.009708737864077669
22882313372_75_Z2,22882313372,75,2,124,144,0,3.0819424941558395,0.24771622920303,3.75,58.08173361808778,50.0,543.4782608695558,0.009708737864077669
22882313372_77_Z2,22882313372,77,2,124,144,0,1.1739837186583486,0.249548877455769,3.85,59.45554813751551,50.0,544.2746493615242,0.009708737864077669
22882313372_78_Z2,22882313372,78,2,124,144,0,1.8066010766632985,0.25027659393572393,3.9,60.358848675847156,50.0,537.4203821656074,0.009708737864077669
22882313372_79_Z2,22882313372,79,2,124,144,0,2.1768835591085463,0.2513616018950329,3.95,61.44729045540143,50.0,537.5273740792353,0.009708737864077669
22882313372_80_Z2,22882313372,80,2,124,144,0,1.0451517329060493,0.25212938182890204,4.0,61.969866321854454,50.0,511.60960251869176,0.009708737864077669
22882313372_81_Z2,22882313372,81,2,124,144,0,1.932579912663698,0.25284547336244545,4.05,62.9361562781863,50.0,540.6487785342405,0.009708737864077669
22882313372_82_Z2,22882313372,82,2,124,144,0,2.664800000000014,0.25398299999999996,4.1,64.26855627818631,50.0,513.5579293344355,0.009708737864077669
22882313372_83_Z2,22882313372,83,2,124,144,0,2.3028896103896273,0.25526283820346324,4.15,65.42000108338112,50.0,535.7142857142799,0.009708737864077669
22882313372_84_Z2,22882313372,84,2,124,144,0,2.025443722943635,0.25635207882395383,4.2,66.43272294485294,50.0,530.5561013951626,0.009708737864077669
22882313372_85_Z2,22882313372,85,2,124,144,0,0.9516666666668243,0.25714736111111114,4.25,66.90855627818635,50.0,448.7048745665942,0.009708737864077669
22882313372_86_Z2,22882313372,86,2,124,144,0,-0.40000000000009095,0.25724,4.3,66.90855627818635,50.0,477.7830864787424,0.009708737864077669
22882313372_87_Z2,22882313372,87,2,124,144,0,-0.2400000000000091,0.25704000000000005,4.35,66.90855627818635,50.0,478.46889952152554,0.009708737864077669
22882313372_88_Z2,22882313372,88,2,124,144,0,0.0,0.257,4.4,66.90855627818635,50.0,522.928399034591,0.009708737864077669
22882313372_89_Z2,22882313372,89,2,124,144,0,0.5363855421686594,0.25708546184738956,4.45,67.17674904927068,50.0,526.5210608424363,0.009708737864077669
22882313372_90_Z2,22882313372,90,2,124,144,0,3.50863254449348,0.2580440749807512,4.5,68.93106532151742,50.0,543.2595573440664,0.009708737864077669
22882313372_91_Z2,22882313372,91,2,124,144,0,5.667076030984845,0.26036657413660147,4.55,71.76460333700985,50.0,576.8848219614034,0.009708737864077669
22882313372_92_Z2,22882313372,92,2,124,144,0,6.04730571564005,0.26340183731573946,4.6,74.78825619482987,50.0,566.4778407197731,0.009708737864077669
22882313372_93_Z3,22882313372,93,3,144,165,0,6.196125438760646,0.26642155463214434,4.65,77.8863189142102,50.0,597.6095617529902,0.009708737864077669
22882313372_94_Z3,22882313372,94,3,144,165,0,6.4414122277994466,0.2695603161365939,4.7,81.10702502810992,50.0,577.1144278606965,0.009708737864077669
22882313372_95_Z3,22882313372,95,3,144,165,0,5.708700630304747,0.2727241780923161,4.75,83.96137534326229,50.0,568.5159772593585,0.009708737864077669
22882313372_96_Z3,22882313372,96,3,144,165,0,3.383224145297163,0.2749663124786111,4.8,85.65298741591087,50.0,557.6208178438653,0.009708737864077669
22882313372_98_Z2,22882313372,98,2,124,144,0,-0.40000000000009095,0.2759933333333333,4.9,85.9885562781864,50.0,538.8146078627055,0.009708737864077669
22882313372_99_Z2,22882313372,99,2,124,144,0,0.7036981132075653,0.275878641509434,4.95,86.34040533479018,50.0,525.5985984037387,0.009708737864077669
22882313372_100_Z2,22882313372,100,2,124,144,0,4.64741299790353,0.27737691125087355,5.0,88.66411183374194,50.0,535.1996706463573,0.009708737864077669
22882313372_102_Z2,22882313372,102,2,124,144,0,1.7834144801735192,0.28131235062800025,5.1,91.66534459935426,50.0,564.1748942172061,0.009708737864077669
22882313372_103_Z2,22882313372,103,2,124,144,0,-0.8752665095466909,0.28117926646536706,5.15,91.66534459935426,50.0,490.48459878359574,0.009708737864077669
22882313372_104_Z2,22882313372,104,2,124,144,0,4.11030013073389,0.28215783274794426,5.2,93.7204946647212,50.0,531.9148936170201,0.009708737864077669
22882313372_107_Z2,22882313372,107,2,124,144,0,1.5739809084096805,0.28569805049405106,5.35,96.60241594805407,50.0,513.0309870716237,0.009708737864077669
22882313372_108_Z2,22882313372,108,2,124,144,0,1.5641909457492602,0.2864215684066961,5.4,97.3845114209287,50.0,547.5166210402781,0.009708737864077669
22882313372_109_Z2,22882313372,109,2,124,144,0,1.7633562240621359,0.28729423775800245,5.45,98.26618953295977,50.0,515.5661312710658,0.009708737864077669
22882313372_110_Z2,22882313372,110,2,124,144,0,1.3012499999999818,0.28809510416666667,5.5,98.91681453295976,50.0,508.8540606554123,0.009708737864077669
22882313372_111_Z2,22882313372,111,2,124,144,0,0.42940326633163295,0.2884457385887772,5.55,99.13151616612558,50.0,509.16496945009806,0.009708737864077669
22882313372_112_Z2,22882313372,112,2,124,144,0,0.9893467336684125,0.28886844221105523,5.6,99.62618953295978,50.0,504.4625533566166,0.009708737864077669
22882313372_113_Z3,22882313372,113,3,144,165,0,0.2759618658495234,0.289115,5.65,99.68022286629312,19.579999999999927,480.0,0.009708737864077669
22910890927_6_Z3,22910890927,6,3,144,165,0,3.142900186215229,0.7767305705349764,0.3,6.281451815583068,50.0,421.94092827004243,0.0047169811320754715
22910890927_7_Z3,22910890927,7,3,144,165,0,3.1425261007364043,0.7781409470157804,0.35,7.85271486595127,50.0,405.95399188091966,0.0047169811320754715
22910890927_11_Z3,22910890927,11,3,144,165,0,2.8293220860930433,0.7850888090029965,0.55,14.454196656332101,50.0,385.4737269222969,0.0047169811320754715
22910890927_12_Z3,22910890927,12,3,144,165,0,-3.4864836918084166,0.7850900084982774,0.6,14.454196656332101,50.0,398.8831272437177,0.0047169811320754715
22910890927_13_Z3,22910890927,13,3,144,165,0,-4.781890006565163,0.7823758539224227,0.65,14.454196656332101,50.0,387.2019563888319,0.0047169811320754715
22910890927_14_Z3,22910890927,14,3,144,165,0,2.588373698373516,0.7822500422175421,0.7,15.74838350551886,50.0,381.38825324180056,0.0047169811320754715
22910890927_15_Z3,22910890927,15,3,144,165,0,3.2060429139016833,0.7835470194183459,0.75,17.3514049624697,50.0,399.4407829039341,0.0047169811320754715
22910890927_16_Z4,22910890927,16,4,165,185,0,5.809210411769072,0.7857793934825064,0.8,20.256010168354237,50.0,410.1722723543889,0.0047169811320754715
22910890927_17_Z4,22910890927,17,4,165,185,0,5.408879760306036,0.788792863910275,0.85,22.960450048507255,50.0,437.1150407311739,0.0047169811320754715
22910890927_18_Z4,22910890927,18,4,165,185,0,3.415866914023354,0.7909701045183134,0.9,24.668383505518932,50.0,395.0227138060439,0.0047169811320754715
22910890927_19_Z4,22910890927,19,4,165,185,0,-1.2216103382791061,0.7916463809332656,0.95,24.668383505518932,50.0,387.28088055442356,0.0047169811320754715
22910890927_20_Z4,22910890927,20,4,165,185,0,-0.4093993329008754,0.7908317449098453,1.0,24.668383505518932,50.0,374.08938767473853,0.0047169811320754715
22910890927_21_Z4,22910890927,21,4,165,185,0,2.0984731433550223,0.7917197320156325,1.05,25.717620077196443,50.0,408.66366979975436,0.0047169811320754715
22910890927_22_Z3,22910890927,22,3,144,165,0,-6.608383301336289,0.7905039414849401,1.1,25.717620077196443,50.0,434.78260869565156,0.0047169811320754715
22910890927_23_Z3,22910890927,23,3,144,165,0,-6.531631280067131,0.786914124288099,1.15,25.717620077196443,50.0,363.12285656647043,0.0047169811320754715
22910890927_24_Z3,22910890927,24,3,144,165,0,-5.077445405605431,0.7842160852055087,1.2,25.717620077196443,50.0,371.81996086105744,0.0047169811320754715
22910890927_25_Z3,22910890927,25,3,144,165,0,-3.6776835759205824,0.7818407762872636,1.25,25.717620077196443,50.0,390.70130884938425,0.0047169811320754715
22910890927_26_Z3,22910890927,26,3,144,165,0,-3.3454720181048287,0.7801954285105304,1.3,25.717620077196443,50.0,382.9101168883523,0.0047169811320754715
22910890927_27_Z3,22910890927,27,3,144,165,0,-4.417957706652487,0.7783988118437618,1.35,25.717620077196443,50.0,398.64460833167175,0.0047169811320754715
22910890927_28_Z3,22910890927,28,3,144,165,0,-5.064890184488149,0.7757160248516702,1.4,25.717620077196443,50.0,423.1311706629065,0.0047169811320754715
22910890927_29_Z3,22910890927,29,3,144,165,0,5.614074230922142,0.7756223504951169,1.45,28.524657192657514,50.0,399.6802557953622,0.0047169811320754715
22910890927_31_Z4,22910890927,31,4,165,185,0,4.870434298377631,0.7853947556005578,1.55,37.40107462265098,50.0,427.00284668564404,0.0047169811320754715
22910890927_32_Z4,22910890927,32,4,165,185,0,-0.749232444202562,0.7861498248956632,1.6,37.40107462265098,50.0,454.63530341964685,0.0047169811320754715
22910890927_33_Z4,22910890927,33,4,165,185,0,5.3572302539239445,0.7869601989547791,1.65,40.07968974961295,50.0,430.5043050430507,0.0047169811320754715
22910890927_34_Z4,22910890927,34,4,165,185,0,8.18840300542638,0.7906770618466294,1.7,44.17389125232614,50.0,419.7672199961851,0.0047169811320754715
22910890927_35_Z4,22910890927,35,4,165,185,0,10.744286500016642,0.795296987317005,1.75,49.546034502334464,50.0,480.38430744595644,0.0047169811320754715
22910890927_36_Z4,22910890927,36,4,165,185,0,11.034821475110675,0.8012441891149688,1.8,55.0634452398898,50.0,507.8204346942919,0.0047169811320754715
22910890927_37_Z4,22910890927,37,4,165,185,0,-7.2645691824577625,0.8021076590956896,1.85,55.0634452398898,50.0,417.9936305732483,0.0047169811320754715
22910890927_40_Z3,22910890927,40,3,144,165,0,-9.19543647311366,0.7914476931926205,2.0,55.0634452398898,50.0,418.4100418410018,0.0047169811320754715
22910890927_41_Z3,22910890927,41,3,144,165,0,-12.149992487625013,0.7860504184690229,2.05,55.0634452398898,50.0,412.49263406010726,0.0047169811320754715
22910890927_42_Z3,22910890927,42,3,144,165,0,-9.070647437113394,0.7806639086271052,2.1,55.0634452398898,50.0,374.8273821266518,0.0047169811320754715
22910890927_43_Z3,22910890927,43,3,144,165,0,-11.576865712279869,0.7756631843759638,2.15,55.0634452398898,50.0,423.8998788857492,0.0047169811320754715
22910890927_45_Z2,22910890927,45,2,124,144,0,-5.040410464747538,0.7683815788735268,2.25,55.0634452398898,50.0,438.59649122807144,0.0047169811320754715
22910890927_46_Z2,22910890927,46,2,124,144,0,-6.713212940390122,0.7652666377350341,2.3,55.0634452398898,50.0,419.4966040751103,0.0047169811320754715
22910890927_47_Z2,22910890927,47,2,124,144,0,-3.167666309882634,0.7627659360167797,2.35,55.0634452398898,50.0,408.3299305839117,0.0047169811320754715
22910890927_48_Z2,22910890927,48,2,124,144,0,-0.8815012844518151,0.7618996508033264,2.4,55.0634452398898,50.0,504.3076276528667,0.0047169811320754715
22910890927_49_Z2,22910890927,49,2,124,144,0,-8.620527570401237,0.7597604866046063,2.45,55.0634452398898,50.0,440.5286343612332,0.0047169811320754715
22910890927_50_Z2,22910890927,50,2,124,144,0,-10.891021397163286,0.7545814122646849,2.5,55.0634452398898,50.0,438.59649122806746,0.0047169811320754715
22910890927_51_Z2,22910890927,51,2,124,144,0,-6.9565497479839,0.749951160131722,2.55,55.0634452398898,50.0,377.9527559055118,0.0047169811320754715
22910890927_52_Z3,22910890927,52,3,144,165,0,-2.3070280539980104,0.7476848694849233,2.6,55.0634452398898,50.0,378.2600039816841,0.0047169811320754715
22910890927_53_Z3,22910890927,53,3,144,165,0,1.7151129024830425,0.7475620518416132,2.65,55.92100169113132,50.0,434.5127250155149,0.0047169811320754715
22910890927_55_Z3,22910890927,55,3,144,165,0,2.8617344173760557,0.7506777829995926,2.75,59.139820103390775,50.0,463.768115942029,0.0047169811320754715
22910890927_56_Z3,22910890927,56,3,144,165,0,-0.5243626645185486,0.75136454770419,2.8,59.139820103390775,50.0,416.83207622072536,0.0047169811320754715
22910890927_57_Z3,22910890927,57,3,144,165,0,-3.6998860974063064,0.7501213351612055,2.85,59.139820103390775,50.0,428.76632235431737,0.0047169811320754715
22910890927_58_Z3,22910890927,58,3,144,165,0,-0.9830738736436615,0.7490512183228305,2.9,59.139820103390775,50.0,413.0524576621225,0.0047169811320754715
22910890927_59_Z3,22910890927,59,3,144,165,0,-2.5798939279461592,0.7479156941798132,2.95,59.139820103390775,50.0,411.845459894095,0.0047169811320754715
22910890927_60_Z3,22910890927,60,3,144,165,0,2.215330146624183,0.7477870637709888,3.0,60.24748517670287,50.0,415.34810126582323,0.0047169811320754715
22910890927_61_Z3,22910890927,61,3,144,165,0,4.528199601279766,0.7498506541648595,3.05,62.51158497734275,50.0,428.5069914298588,0.0047169811320754715
22910890927_62_Z4,22910890927,62,4,165,185,0,0.32611702782537577,0.7509202001995228,3.1,62.67464349125544,50.0,438.1597291376217,0.0047169811320754715
22910890927_63_Z4,22910890927,63,4,165,185,0,-3.3894287503756004,0.75035068939562,3.15,62.67464349125544,50.0,406.7958841828148,0.0047169811320754715
22910890927_64_Z3,22910890927,64,3,144,165,0,-7.575009796207496,0.7474889615604264,3.2,62.67464349125544,50.0,421.6269841269824,0.0047169811320754715
22910890927_65_Z3,22910890927,65,3,144,165,0,-6.10637961040743,0.7434063298321879,3.25,62.67464349125544,50.0,446.791226645006,0.0047169811320754715
22910890927_66_Z3,22910890927,66,3,144,165,0,13.015603841746497,0.7454268011990057,3.3,69.18244541212869,50.0,508.0440304826393,0.0047169811320754715
22910890927_68_Z4,22910890927,68,4,165,185,0,9.598991173244485,0.7578960703779231,3.4,80.33409999709158,50.0,494.7155385653221,0.0047169811320754715
22910890927_69_Z4,22910890927,69,4,165,185,0,6.8154359479044615,0.7616959981705931,3.45,83.74181797104382,50.0,503.1193399074255,0.0047169811320754715
22910890927_70_Z4,22910890927,70,4,165,185,0,9.724465942076904,0.765846000188223,3.5,88.60405094208227,50.0,526.315789473687,0.0047169811320754715
22910890927_71_Z4,22910890927,71,4,165,185,0,10.717486994061801,0.7711043583678887,3.55,93.96279443911317,50.0,543.7055625261378,0.0047169811320754715
22910890927_72_Z4,22910890927,72,4,165,185,0,7.777476061407242,0.7758787377833851,3.6,97.85153246981679,50.0,466.0194174757282,0.0047169811320754715
22910890927_73_Z4,22910890927,73,4,165,185,0,-1.9992902531814707,0.7774357317964458,3.65,97.85153246981679,50.0,470.15535568274663,0.0047169811320754715
22910890927_74_Z4,22910890927,74,4,165,185,0,-1.9478111884136524,0.7757305829665471,3.7,97.85153246981679,50.0,424.1516966067872,0.0047169811320754715
22910890927_75_Z3,22910890927,75,3,144,165,0,4.629132613387355,0.7770153225374703,3.75,100.16609877651047,50.0,471.14252061249107,0.0047169811320754715
22910890927_77_Z3,22910890927,77,3,144,165,0,-1.7754442718364771,0.7780576001781313,3.85,100.43107170884127,50.0,401.68324407039216,0.0047169811320754715
22910890927_78_Z3,22910890927,78,3,144,165,0,-6.624348456041389,0.7757193006390667,3.9,100.43107170884127,50.0,413.39396444811814,0.0047169811320754715
22910890927_79_Z3,22910890927,79,3,144,165,0,-4.9821245653549795,0.7725182482268043,3.95,100.43107170884127,50.0,388.6513797123977,0.0047169811320754715
22910890927_80_Z3,22910890927,80,3,144,165,0,1.4338893222816296,0.7718414907768568,4.0,101.14801636998209,50.0,391.5910964550702,0.0047169811320754715
22910890927_81_Z3,22910890927,81,3,144,165,0,5.868727283334692,0.7735417055122856,4.05,104.08238001164943,50.0,445.705024311182,0.0047169811320754715
22910890927_83_Z4,22910890927,83,4,165,185,0,1.378885941644512,0.776381651193634,4.15,105.63511358076244,50.0,421.46670413037197,0.0047169811320754715
22910890927_84_Z4,22910890927,84,4,165,185,0,2.6365951629747997,0.7773235210804613,4.2,106.95341116224984,50.0,416.33624107850494,0.0047169811320754715
22910890927_85_Z4,22910890927,85,4,165,185,0,3.1508847997465637,0.7788701699461955,4.25,108.52885356212312,50.0,444.8038819247874,0.0047169811320754715
22910890927_86_Z4,22910890927,86,4,165,185,0,4.450699753996332,0.7807379674879656,4.3,110.75420343912128,50.0,468.90927624873274,0.0047169811320754715
22910890927_87_Z4,22910890927,87,4,165,185,0,7.945704601674606,0.7834724329479981,4.35,114.72705573995859,50.0,462.427745664735,0.0047169811320754715
22910890927_88_Z4,22910890927,88,4,165,185,0,7.045427583399942,0.7879096622272713,4.4,118.24976953165856,50.0,486.25792811839136,0.0047169811320754715
22910890927_89_Z3,22910890927,89,3,144,165,0,0.6368865843303411,0.7896338533945337,4.45,118.56821282382373,50.0,429.43028914972444,0.0047169811320754715
22910890927_90_Z3,22910890927,90,3,144,165,0,-0.28585365853655276,0.7895771544715448,4.5,118.56821282382373,50.0,437.28880938182914,0.0047169811320754715
22910890927_91_Z3,22910890927,91,3,144,165,0,-0.36345181034357665,0.7892793599367366,4.55,118.56821282382373,50.0,429.77143973431885,0.0047169811320754715
22910890927_92_Z3,22910890927,92,3,144,165,0,11.022993971783308,0.7916197515956043,4.6,124.07970980971538,50.0,562.3619200642703,0.0047169811320754715
22910890927_95_Z4,22910890927,95,4,165,185,0,-9.974476609452267,0.7988410392289598,4.75,129.8231433622003,50.0,529.6194586112151,0.0047169811320754715
22910890927_96_Z4,22910890927,96,4,165,185,0,-11.98787112505147,0.792142317437124,4.8,129.8231433622003,50.0,443.4589800443443,0.0047169811320754715
22910890927_97_Z3,22910890927,97,3,144,165,0,0.2959384680941639,0.789543726657434,4.85,129.9711125962474,50.0,399.4407829039368,0.0047169811320754715
22910890927_98_Z3,22910890927,98,3,144,165,0,0.6438247011951717,0.7898946082337317,4.9,130.29302494684498,50.0,420.16806722688676,0.0047169811320754715
22910890927_99_Z4,22910890927,99,4,165,185,0,-0.5340479215569758,0.7900839687418829,4.95,130.29302494684498,50.0,413.1093362709952,0.0047169811320754715
22910890927_100_Z4,22910890927,100,4,165,185,0,-7.736698735209757,0.7882003110689096,5.0,130.29302494684498,50.0,410.6280193236751,0.0047169811320754715
22910890927_101_Z3,22910890927,101,3,144,165,0,-7.909005182507826,0.7836909101708857,5.05,130.29302494684498,50.0,397.4562798092233,0.0047169811320754715
22910890927_102_Z3,22910890927,102,3,144,165,0,-4.618864006448348,0.7807739057420353,5.1,130.29302494684498,50.0,404.2854255104083,0.0047169811320754715
22910890927_103_Z3,22910890927,103,3,144,165,0,4.836556661769237,0.780506499032063,5.15,132.7113032777296,50.0,413.30446762448753,0.0047169811320754715
22910890927_107_Z4,22910890927,107,4,165,185,0,8.793652375843067,0.7982532040923801,5.35,150.6701490258962,50.0,465.0222401940959,0.0047169811320754715
22910890927_108_Z4,22910890927,108,4,165,185,0,3.668989754987024,0.8007574496490958,5.4,152.5046439033897,50.0,431.20344962759333,0.0047169811320754715
22910890927_109_Z4,22910890927,109,4,165,185,0,11.572027507341318,0.8046206077893476,5.45,158.29065765706036,50.0,508.233380768453,0.0047169811320754715
22910890927_110_Z4,22910890927,110,4,165,185,0,13.884734203442122,0.8110624316485295,5.5,165.23302475878143,50.0,517.9282868525821,0.0047169811320754715
22910890927_111_Z4,22910890927,111,4,165,185,0,10.023297824403926,0.8175488238495694,5.55,170.2446736709834,50.0,498.3388704318952,0.0047169811320754715
22910890927_112_Z4,22910890927,112,4,165,185,0,4.468185719289522,0.8206491468122014,5.6,172.47876653062815,50.0,465.68131200647593,0.0047169811320754715
22910890927_113_Z4,22910890927,113,4,165,185,0,6.64454650019411,0.8235727332324023,5.65,175.8010397807252,50.0,462.96296296296873,0.0047169811320754715
22910890927_114_Z4,22910890927,114,4,165,185,0,-3.2479870266806756,0.8246109186150548,5.7,175.8010397807252,50.0,448.08104422365153,0.0047169811320754715
22910890927_115_Z4,22910890927,115,4,165,185,0,-1.7880896779784052,0.8232136254651126,5.75,175.8010397807252,50.0,437.8980891719685,0.0047169811320754715
22910890927_116_Z4,22910890927,116,4,165,185,0,-9.544009439662887,0.8205215291502401,5.8,175.8010397807252,50.0,463.35299073293555,0.0047169811320754715
22910890927_117_Z3,22910890927,117,3,144,165,0,-12.937589841787485,0.8147010419366346,5.85,175.8010397807252,50.0,453.8234626730138,0.0047169811320754715
22910890927_118_Z3,22910890927,118,3,144,165,0,-9.704080571497116,0.808826489951593,5.9,175.8010397807252,50.0,476.284977178017,0.0047169811320754715
22910890927_119_Z3,22910890927,119,3,144,165,0,-8.309153769747581,0.8045318467186106,5.95,175.8010397807252,50.0,501.00200400801054,0.0047169811320754715
22910890927_120_Z3,22910890927,120,3,144,165,0,3.270605067652923,0.8026405591677149,6.0,177.43634231455167,50.0,498.6494909619768,0.0047169811320754715
22910890927_123_Z4,22910890927,123,4,165,185,0,11.429230252550497,0.8176435531936278,6.15,193.75141740760716,50.0,554.6751188589488,0.0047169811320754715
22910890927_127_Z4,22910890927,127,4,165,185,0,5.819543159847626,0.8304634985492811,6.35,205.24090692889968,50.0,448.0810442236436,0.0047169811320754715
22910890927_128_Z4,22910890927,128,4,165,185,0,1.1927693661796184,0.8322329587672269,6.4,205.83729161198949,50.0,436.318304591738,0.0047169811320754715
22910890927_129_Z4,22910890927,129,4,165,185,0,3.5762085387941625,0.8332776639578083,6.45,207.62539588138657,50.0,447.2097997277828,0.0047169811320754715
22910890927_130_Z4,22910890927,130,4,165,185,0,2.2209596027987573,0.8348687588956591,6.5,208.73587568278595,50.0,432.3656578134677,0.0047169811320754715
22910890927_131_Z4,22910890927,131,4,165,185,0,1.5350458715595323,0.8357958409785934,6.55,209.5033986185657,50.0,447.4708171206178,0.0047169811320754715
22910890927_132_Z4,22910890927,132,4,165,185,0,0.3011610249923251,0.8362301014974165,6.6,209.65397913106187,50.0,426.48709315375805,0.0047169811320754715
22910890927_133_Z3,22910890927,133,3,144,165,0,-1.6161225083662885,0.8359696979727437,6.65,209.65397913106187,50.0,464.62513199577256,0.0047169811320754715
22910890927_134_Z3,22910890927,134,3,144,165,0,-3.4420516013003635,0.8346163669272094,6.7,209.65397913106187,50.0,444.2727448329189,0.0047169811320754715
22910890927_135_Z3,22910890927,135,3,144,165,0,-3.3166438979963004,0.8328846914845173,6.75,209.65397913106187,50.0,419.3290734824211,0.0047169811320754715
22910890927_136_Z3,22910890927,136,3,144,165,0,-2.1139777213759317,0.8315642981528482,6.8,209.65397913106187,50.0,448.52191641183134,0.0047169811320754715
22910890927_137_Z3,22910890927,137,3,144,165,0,-2.8829451480953594,0.8302816154945544,6.85,209.65397913106187,50.0,488.0032533550285,0.0047169811320754715
22910890927_138_Z3,22910890927,138,3,144,165,0,-1.0530420202187543,0.8293537714329781,6.9,209.65397913106187,50.0,402.73862263391175,0.0047169811320754715
22910890927_139_Z3,22910890927,139,3,144,165,0,-2.4803348902878497,0.8284324942530581,6.95,209.65397913106187,50.0,392.6187671770671,0.0047169811320754715
22910890927_140_Z3,22910890927,140,3,144,165,0,-2.7732923500577726,0.8270554412947645,7.0,209.65397913106187,50.0,503.3924272269687,0.0047169811320754715
22910890927_142_Z3,22910890927,142,3,144,165,0,1.841073164515592,0.8280961465274485,7.1,211.9304989665461,50.0,416.53316244793285,0.0047169811320754715
22910890927_146_Z5,22910890927,146,5,185,206,0,4.133994302631891,0.8454751807428023,7.3,229.82892574641278,50.0,441.26917419625835,0.0047169811320754715
22910890927_147_Z5,22910890927,147,5,185,206,0,2.952930177842518,0.8474146928375499,7.35,231.30539083533404,50.0,428.22185970636247,0.0047169811320754715
22910890927_148_Z4,22910890927,148,4,165,185,0,1.238528768772312,0.8484765191777687,7.4,231.9246552197202,50.0,433.108758421555,0.0047169811320754715
22910890927_149_Z4,22910890927,149,4,165,185,0,3.4879328516076384,0.8494907772588189,7.45,233.668621645524,50.0,424.24242424242425,0.0047169811320754715
22910890927_150_Z4,22910890927,150,4,165,185,0,4.1997457254499295,0.8512728786037366,7.5,235.76849450824898,50.0,432.64503441495054,0.0047169811320754715
22910890927_151_Z4,22910890927,151,4,165,185,0,10.79620278980292,0.8554544904922238,7.55,241.16659590315044,50.0,483.48106365833684,0.0047169811320754715
22910890927_152_Z4,22910890927,152,4,165,185,0,2.3862758194184153,0.8585426947021233,7.6,242.35973381285964,50.0,461.56933574152185,0.0047169811320754715
22910890927_153_Z4,22910890927,153,4,165,185,0,7.87426205518409,0.8608408974001012,7.65,246.2968648404517,50.0,480.7692307692301,0.0047169811320754715
22910890927_154_Z4,22910890927,154,4,165,185,0,12.575456538755134,0.8661372821596266,7.7,252.58459310982926,50.0,529.531568228102,0.0047169811320754715
22910890927_155_Z4,22910890927,155,4,165,185,0,12.313035967009455,0.8725333546654743,7.75,258.741111093334,50.0,520.6247496996438,0.0047169811320754715
22910890927_156_Z4,22910890927,156,4,165,185,0,7.161406677736522,0.877696046931887,7.8,262.32181443220225,50.0,502.1088572002414,0.0047169811320754715
22910890927_157_Z4,22910890927,157,4,165,185,0,4.062348399204893,0.87986054852897,7.85,264.3529886318047,50.0,467.19875413665665,0.0047169811320754715
22910890927_158_Z4,22910890927,158,4,165,185,0,7.45197914516848,0.8831039016344403,7.9,268.07897820438893,50.0,459.54045954045785,0.0047169811320754715
22910890927_159_Z4,22910890927,159,4,165,185,0,5.961449538937131,0.8864115638845724,7.95,271.0597029738575,50.0,434.69261022563074,0.0047169811320754715
22910890927_160_Z4,22910890927,160,4,165,185,0,6.815828161598347,0.8892082040285105,8.0,274.46761705465667,50.0,485.5311711011782,0.0047169811320754715
22910890927_161_Z4,22910890927,161,4,165,185,0,10.950165489195115,0.8944647851845637,8.05,279.9426997992542,50.0,547.5562766173146,0.0047169811320754715
22910890927_162_Z4,22910890927,162,4,165,185,0,-0.41523809523778255,0.8966279365079364,8.1,279.9426997992542,50.0,538.737814263731,0.0047169811320754715
22910890927_163_Z3,22910890927,163,3,144,165,0,0.07999999999992724,0.8965066666666667,8.15,279.9826997992542,50.0,552.4861878453139,0.0047169811320754715
22910890927_164_Z3,22910890927,164,3,144,165,0,3.1919193048490797,0.8970770319975817,8.2,281.57865945167873,50.0,430.592577404138,0.0047169811320754715
22910890927_167_Z4,22910890927,167,4,165,185,0,28.04973559590644,0.9272752142690248,8.35,317.73598849865107,50.0,1015.1232649678416,0.0047169811320754715
22910890927_172_Z4,22910890927,172,4,165,185,0,-1.3608676155890862,0.9528684031950887,8.6,336.4045101121808,50.0,399.1484832357645,0.0047169811320754715
22910890927_173_Z4,22910890927,173,4,165,185,0,-3.348416681637673,0.9513017504396698,8.65,336.4045101121808,50.0,405.84415584415046,0.0047169811320754715
22910890927_174_Z4,22910890927,174,4,165,185,0,1.415195403669486,0.9508650296985548,8.7,337.11210781401553,50.0,441.3239719157601,0.0047169811320754715
22910890927_175_Z4,22910890927,175,4,165,185,0,5.632939142112036,0.9527124466910876,8.75,339.92857738507155,50.0,432.13514044390644,0.0047169811320754715
22910890927_176_Z4,22910890927,176,4,165,185,0,1.6461540384664204,0.954673340248165,8.8,340.75165440430476,50.0,481.6753926701754,0.0047169811320754715
22910890927_177_Z4,22910890927,177,4,165,185,0,1.872110752111439,0.9554088006942469,8.85,341.6877097803605,50.0,404.44893832153093,0.0047169811320754715
22910890927_178_Z4,22910890927,178,4,165,185,0,0.4992643350142316,0.9560889324673311,8.9,341.9373419478676,50.0,406.6693777958496,0.0047169811320754715
22910890927_179_Z4,22910890927,179,4,165,185,0,0.8108362727805343,0.9563408434989222,8.95,342.34276008425786,50.0,437.20190779014564,0.0047169811320754715
22910890927_180_Z4,22910890927,180,4,165,185,0,2.0691637272193475,0.957051241304135,9.0,343.37734194786754,50.0,410.0041000409949,0.0047169811320754715
22910890927_181_Z4,22910890927,181,4,165,185,0,1.4337850193783197,0.9580349568931424,9.05,344.0942344575567,50.0,416.9976171564836,0.0047169811320754715
22910890927_182_Z4,22910890927,182,4,165,185,0,-2.2337850193782742,0.9578686022832134,9.1,344.0942344575567,50.0,420.50460552662764,0.0047169811320754715
22910890927_184_Z3,22910890927,184,3,144,165,0,-7.648962754608874,0.9526777182530919,9.2,344.0942344575567,50.0,420.4204204204296,0.0047169811320754715
22910890927_185_Z3,22910890927,185,3,144,165,0,-7.117432159197506,0.9488871894103456,9.25,344.0942344575567,50.0,468.62265688671624,0.0047169811320754715
22910890927_186_Z3,22910890927,186,3,144,165,0,-4.4201018695657694,0.9459114680014438,9.3,344.0942344575567,50.0,428.9335153051204,0.0047169811320754715
22910890927_187_Z3,22910890927,187,3,144,165,0,-1.093593398349185,0.9447303865966492,9.35,344.0942344575567,50.0,457.5707154742103,0.0047169811320754715
22910890927_194_Z5,22910890927,194,5,185,206,0,13.424680365355698,0.9548096490941098,9.7,369.7922666854955,50.0,475.01032631144085,0.0047169811320754715
22910890927_195_Z5,22910890927,195,5,185,206,0,17.759851820722588,0.9626550205148204,9.75,378.6721925958568,50.0,645.6988127473413,0.0047169811320754715
22910890927_196_Z4,22910890927,196,4,165,185,0,-7.37477730600358,0.9678716261753071,9.8,378.6721925958568,50.0,514.6150679291898,0.0047169811320754715
22910890927_198_Z2,22910890927,198,2,124,144,0,-8.688091075592638,0.9491068400723589,9.9,378.6721925958568,50.0,595.9202383680814,0.0047169811320754715
22910890927_202_Z3,22910890927,202,3,144,165,0,1.7389642096168245,0.9412528059707934,10.1,379.5416747006652,50.0,443.4589800443407,0.0047169811320754715
22910890927_203_Z4,22910890927,203,4,165,185,0,2.102348340161143,0.9426389294051493,10.15,380.5928488707458,50.0,453.3678756476534,0.0047169811320754715
22910890927_204_Z4,22910890927,204,4,165,185,0,-3.7161073552745165,0.9421453022723084,10.2,380.5928488707458,50.0,512.7153404430029,0.0047169811320754715
22910890927_205_Z4,22910890927,205,4,165,185,0,-15.20047233753371,0.937694987298241,10.25,380.5928488707458,50.0,440.7934281707086,0.0047169811320754715
22910890927_207_Z3,22910890927,207,3,144,165,0,-24.09903226499955,0.9160851115434057,10.35,380.5928488707458,50.0,619.5786864931837,0.0047169811320754715
22910890927_208_Z3,22910890927,208,3,144,165,0,-11.677251480979521,0.9070237291008633,10.4,380.5928488707458,50.0,428.4839828606388,0.0047169811320754715
22910890927_209_Z3,22910890927,209,3,144,165,0,-10.590090860332566,0.9017961657407477,10.45,380.5928488707458,50.0,457.4383452665181,0.0047169811320754715
22910890927_210_Z3,22910890927,210,3,144,165,0,-5.008560929303712,0.8974882725209106,10.5,380.5928488707458,50.0,450.8919819643188,0.0047169811320754715
22910890927_211_Z3,22910890927,211,3,144,165,0,-1.4352219005004372,0.8962142225146968,10.55,380.5928488707458,50.0,392.15686274509216,0.0047169811320754715
22910890927_212_Z3,22910890927,212,3,144,165,0,-2.1532291575731506,0.8953794043358068,10.6,380.5928488707458,50.0,391.92631785225274,0.0047169811320754715
22910890927_214_Z4,22910890927,214,4,165,185,0,-0.7660606060601367,0.8936771717171718,10.7,380.5928488707458,50.0,383.06451612902947,0.0047169811320754715
22910890927_215_Z4,22910890927,215,4,165,185,0,-1.2000000000005002,0.8931466666666666,10.75,380.5928488707458,50.0,458.6241276171519,0.0047169811320754715
22910890927_216_Z4,22910890927,216,4,165,185,0,-1.4399999999995998,0.89254,10.8,380.5928488707458,50.0,397.5352812562155,0.0047169811320754715
22910890927_217_Z4,22910890927,217,4,165,185,0,-2.1080000000001746,0.8916819999999999,10.85,380.5928488707458,50.0,413.73603640876996,0.0047169811320754715
22910890927_218_Z4,22910890927,218,4,165,185,0,-1.4106492293813062,0.8906871571919959,10.9,380.5928488707458,50.0,440.35228182545205,0.0047169811320754715
22910890927_219_Z4,22910890927,219,4,165,185,0,-2.0583370719884897,0.8899927693348659,10.95,380.5928488707458,50.0,387.9728419010724,0.0047169811320754715
22910890927_220_Z4,22910890927,220,4,165,185,0,-2.663013698630266,0.8886162557077627,11.0,380.5928488707458,50.0,406.9175991861678,0.0047169811320754715
22910890927_221_Z4,22910890927,221,4,165,185,0,-1.503142181566318,0.8876925299943474,11.05,380.5928488707458,50.0,430.2757676510769,0.0047169811320754715
22910890927_222_Z4,22910890927,222,4,165,185,0,-8.505837448233933,0.8854885174906268,11.1,380.5928488707458,50.0,533.9905524748552,0.0047169811320754715
22910890927_223_Z4,22910890927,223,4,165,185,0,-5.1598531380473105,0.8814428986050401,11.15,380.5928488707458,50.0,442.3555432679007,0.0047169811320754715
22910890927_225_Z4,22910890927,225,4,165,185,0,-4.898414028668867,0.878521772399462,11.25,380.5928488707458,50.0,453.73840994280124,0.0047169811320754715
22910890927_226_Z4,22910890927,226,4,165,185,0,-6.701992389057068,0.8751208043292686,11.3,380.5928488707458,50.0,446.06650446065123,0.0047169811320754715
22910890927_227_Z4,22910890927,227,4,165,185,0,-3.5550984858164156,0.8728100774100621,11.35,380.5928488707458,50.0,397.2194637537354,0.0047169811320754715
22910890927_228_Z4,22910890927,228,4,165,185,0,-3.695163727146337,0.8709596257709964,11.4,380.5928488707458,50.0,396.7466772465649,0.0047169811320754715
22910890927_229_Z4,22910890927,229,4,165,185,0,-3.9173649408803612,0.8690498625770907,11.45,380.5928488707458,50.0,383.2190399354584,0.0047169811320754715
22910890927_230_Z4,22910890927,230,4,165,185,0,-4.006427849455122,0.8670884128562842,11.5,380.5928488707458,50.0,414.7738494963526,0.0047169811320754715
22910890927_231_Z4,22910890927,231,4,165,185,0,-3.38975964810561,0.8652047565883655,11.55,380.5928488707458,50.0,377.50844426783283,0.0047169811320754715
22910890927_232_Z4,22910890927,232,4,165,185,0,-3.1400468210740655,0.8636617008462708,11.6,380.5928488707458,50.0,387.5178462165969,0.0047169811320754715
22910890927_233_Z4,22910890927,233,4,165,185,0,-4.230844524741542,0.8616975934290206,11.65,380.5928488707458,50.0,386.10038610039294,0.0047169811320754715
22910890927_234_Z4,22910890927,234,4,165,185,0,-3.5125085794359165,0.8598629255347895,11.7,380.5928488707458,50.0,409.67616074912036,0.0047169811320754715
22910890927_235_Z4,22910890927,235,4,165,185,0,-2.4750988392461295,0.858215431559073,11.75,380.5928488707458,50.0,382.3706983296399,0.0047169811320754715
22910890927_236_Z4,22910890927,236,4,165,185,0,-7.046788826655757,0.8563025205116033,11.8,380.5928488707458,50.0,426.30937880633184,0.0047169811320754715
22910890927_237_Z4,22910890927,237,4,165,185,0,-4.321363440577898,0.852846968897173,11.85,380.5928488707458,50.0,488.56752003126763,0.0047169811320754715
22910890927_240_Z4,22910890927,240,4,165,185,0,-2.9253998005983703,0.8405998909936856,12.0,380.5928488707458,50.0,384.8766130858042,0.0047169811320754715
22910890927_242_Z4,22910890927,242,4,165,185,0,-2.855079106796211,0.8345204299816595,12.1,380.5928488707458,50.0,362.610797743746,0.0047169811320754715
22910890927_243_Z4,22910890927,243,4,165,185,0,-4.677824791719559,0.8329374177516501,12.15,380.5928488707458,50.0,397.4562798092233,0.0047169811320754715
22910890927_244_Z4,22910890927,244,4,165,185,0,-8.7282256284484,0.8289771992642551,12.2,380.5928488707458,50.0,522.0883534136623,0.0047169811320754715
22910890927_245_Z4,22910890927,245,4,165,185,0,-1.7480215599241546,0.8267062190868738,12.25,380.5928488707458,50.0,328.9473684210566,0.0047169811320754715
22910890927_246_Z4,22910890927,246,4,165,185,0,-1.043633116335286,0.8259271322434759,12.3,380.5928488707458,50.0,357.0720095219213,0.0047169811320754715
22910890927_247_Z4,22910890927,247,4,165,185,0,-1.2097530264206853,0.8254637477929901,12.35,380.5928488707458,50.0,348.7696182910249,0.0047169811320754715
22910890927_248_Z4,22910890927,248,4,165,185,0,-0.9197903293006675,0.8248714812934526,12.4,380.5928488707458,50.0,394.3545039435427,0.0047169811320754715
22910890927_249_Z4,22910890927,249,4,165,185,0,-1.2388019680195157,0.8243469452644525,12.45,380.5928488707458,50.0,379.46874375873995,0.0047169811320754715
22910890927_250_Z4,22910890927,250,4,165,185,0,-1.4078764478763333,0.8236907078507079,12.5,380.5928488707458,50.0,383.2190399354584,0.0047169811320754715
22910890927_251_Z4,22910890927,251,4,165,185,0,-0.9089287641643296,0.8231589993376723,12.55,380.5928488707458,50.0,392.07998431679897,0.0047169811320754715
22910890927_252_Z4,22910890927,252,4,165,185,0,-2.675382287959337,0.822162587398328,12.6,380.5928488707458,50.0,370.8040593286511,0.0047169811320754715
22910890927_253_Z4,22910890927,253,4,165,185,0,-2.799993790811186,0.8210544209552464,12.65,380.5928488707458,50.0,378.31021437578875,0.0047169811320754715
22910890927_254_Z4,22910890927,254,4,165,185,0,-6.96522646908943,0.8183299001772447,12.7,380.5928488707458,50.0,370.5870879656688,0.0047169811320754715
22910890927_255_Z4,22910890927,255,4,165,185,0,-4.176513135582127,0.8155895959891166,12.75,380.5928488707458,50.0,367.72216547498266,0.0047169811320754715
22910890927_256_Z4,22910890927,256,4,165,185,0,-4.678444744130275,0.8134759159081456,12.8,380.5928488707458,50.0,359.78412952228194,0.0047169811320754715
22910890927_257_Z4,22910890927,257,4,165,185,0,-11.03427770128792,0.8097670171902172,12.85,380.5928488707458,50.0,429.8554122704157,0.0047169811320754715
22910890927_258_Z4,22910890927,258,4,165,185,0,-15.692648699877964,0.8027341976993402,12.9,380.5928488707458,50.0,418.99441340781453,0.0047169811320754715
22910890927_259_Z4,22910890927,259,4,165,185,0,-11.41912272604418,0.7959520963828721,12.95,380.5928488707458,50.0,378.1847133757978,0.0047169811320754715
22910890927_260_Z4,22910890927,260,4,165,185,0,-11.756849907231299,0.790146825087745,13.0,380.5928488707458,50.0,355.20267446720516,0.0047169811320754715
22910890927_261_Z4,22910890927,261,4,165,185,0,-5.789750805821768,0.7855953023692538,13.05,380.5928488707458,50.0,335.9683794466379,0.0047169811320754715
22910890927_262_Z4,22910890927,262,4,165,185,0,-2.934696752351101,0.7838653542245447,13.1,380.5928488707458,50.0,355.5204424254323,0.0047169811320754715
22910890927_263_Z4,22910890927,263,4,165,185,0,-7.381508411975574,0.7809676891511723,13.15,380.5928488707458,50.0,363.93044884756,0.0047169811320754715
22910890927_264_Z4,22910890927,264,4,165,185,0,-7.41434834019924,0.7774579222419266,13.2,380.5928488707458,50.0,356.8596352101471,0.0047169811320754715
22910890927_265_Z4,22910890927,265,4,165,185,0,-4.8564667269040385,0.7746475427761783,13.25,380.5928488707458,33.67000000000007,409.95607613470423,0.0047169811320754715
22943992812_6_Z2,22943992812,6,2,124,144,0,-2.43806167400885,0.28067585903083697,0.3,0.0,50.0,405.5150040551501,0.009433962264150943
22943992812_7_Z2,22943992812,7,2,124,144,0,-2.726942148760372,0.2793927548209367,0.35,0.0,50.0,407.00040700040665,0.009433962264150943
22943992812_8_Z2,22943992812,8,2,124,144,0,-2.9124161250241514,0.2778005442228468,0.4,0.0,50.0,436.7679174111574,0.009433962264150943
22943992812_9_Z2,22943992812,9,2,124,144,0,1.8155663936111068,0.27770484492442127,0.45,0.9077831968055534,50.0,437.0282081843467,0.009433962264150943
22943992812_10_Z2,22943992812,10,2,124,144,0,-2.838885631660787,0.2775570180054223,0.5,0.9077831968055534,50.0,396.8253968253966,0.009433962264150943
22943992812_11_Z2,22943992812,11,2,124,144,0,-3.9947007653194078,0.27572744188314174,0.55,0.9077831968055534,50.0,389.2215568862278,0.009433962264150943
22943992812_13_Z2,22943992812,13,2,124,144,0,0.13341743888508972,0.2728070913701749,0.65,0.9744919162480983,50.0,391.7525773195876,0.009433962264150943
22943992812_14_Z2,22943992812,14,2,124,144,0,0.4682814648169824,0.2730017747781527,0.7,1.2086326486565895,50.0,379.0145621384401,0.009433962264150943
22943992812_15_Z3,22943992812,15,3,144,165,0,-0.9912641152415063,0.2729594349834178,0.75,1.2086326486565895,50.0,415.1190736290148,0.009433962264150943
22943992812_16_Z3,22943992812,16,3,144,165,0,-4.117661181219773,0.2717164061981038,0.8,1.2086326486565895,50.0,392.4808923776082,0.009433962264150943
22943992812_17_Z3,22943992812,17,3,144,165,0,-6.073857701942984,0.2690798511178794,0.85,1.2086326486565895,50.0,388.12342324859327,0.009433962264150943
22943992812_18_Z3,22943992812,18,3,144,165,0,-6.528701929616091,0.2658706760250931,0.9,1.2086326486565895,50.0,401.2841091492774,0.009433962264150943
22943992812_20_Z2,22943992812,20,2,124,144,0,-6.121189413167713,0.25979558945350795,1.0,1.2086326486565895,50.0,406.89788800620113,0.009433962264150943
22943992812_21_Z2,22943992812,21,2,124,144,0,-4.845541495236716,0.2569697348832981,1.05,1.2086326486565895,50.0,394.27267067856354,0.009433962264150943
22943992812_22_Z2,22943992812,22,2,124,144,0,-2.1480399680916094,0.2552244928687352,1.1,1.2086326486565895,50.0,340.74964922830156,0.009433962264150943
22943992812_28_Z4,22943992812,28,4,165,185,0,-1.3890373708920833,0.2551831091079812,1.4,2.2926642684829233,50.0,283.28611898016953,0.009433962264150943
22943992812_29_Z4,22943992812,29,4,165,185,0,-2.210461141242604,0.2542820869895959,1.45,2.2926642684829233,50.0,270.21810461300936,0.009433962264150943
22943992812_30_Z4,22943992812,30,4,165,185,0,-1.1891524976955452,0.2533595758179248,1.5,2.2926642684829233,50.0,273.6842105263158,0.009433962264150943
22943992812_31_Z4,22943992812,31,4,165,185,0,-0.5679356568365392,0.253007327971403,1.55,2.2926642684829233,50.0,291.77202878817303,0.009433962264150943
22943992812_32_Z4,22943992812,32,4,165,185,0,-1.3339701492536733,0.2525243383084577,1.6,2.2926642684829233,50.0,293.3124755572944,0.009433962264150943
22943992812_33_Z4,22943992812,33,4,165,185,0,-0.9860298507463199,0.2519086766169154,1.65,2.2926642684829233,50.0,296.61016949152514,0.009433962264150943
22943992812_34_Z4,22943992812,34,4,165,185,0,-0.8824242424240651,0.25141313131313137,1.7,2.2926642684829233,50.0,307.9291762894532,0.009433962264150943
22943992812_35_Z4,22943992812,35,4,165,185,0,0.46138377999631075,0.2513186430781807,1.75,2.5233561584810786,50.0,314.34184675834916,0.009433962264150943
22943992812_36_Z4,22943992812,36,4,165,185,0,1.4216674216754654,0.25183659774947,1.8,3.2341898693188114,50.0,275.83280288563617,0.009433962264150943
22943992812_37_Z4,22943992812,37,4,165,185,0,1.3865401660503949,0.25247930688894143,1.85,3.927459952344009,50.0,308.10706720585364,0.009433962264150943
22943992812_38_Z4,22943992812,38,4,165,185,0,1.6928328747018782,0.25334115232679016,1.9,4.773876389694948,50.0,337.5694996028601,0.009433962264150943
22943992812_39_Z4,22943992812,39,4,165,185,0,1.0349365055463977,0.2539545951914872,1.95,5.291344642468147,50.0,410.50903119868616,0.009433962264150943
22943992812_40_Z4,22943992812,40,4,165,185,0,2.104575689575654,0.2547576698092534,2.0,6.343632487255974,50.0,459.54045954045995,0.009433962264150943
22943992812_41_Z4,22943992812,41,4,165,185,0,1.8881801125703532,0.25577649781113193,2.05,7.28772254354115,50.0,493.38859285573244,0.009433962264150943
22943992812_42_Z3,22943992812,42,3,144,165,0,1.8523076923075905,0.2566989743589743,2.1,8.213876389694946,50.0,501.43266475644566,0.009433962264150943
22943992812_43_Z3,22943992812,43,3,144,165,0,1.1200000000000045,0.2574733333333333,2.15,8.773876389694948,50.0,450.0978473581221,0.009433962264150943
22943992812_44_Z3,22943992812,44,3,144,165,0,0.02727272727270247,0.2577713636363636,2.2,8.787512753331299,50.0,497.1167230065623,0.009433962264150943
22943992812_45_Z3,22943992812,45,3,144,165,0,-0.507272727272607,0.25760227272727276,2.25,8.787512753331299,50.0,523.3494363929116,0.009433962264150943
22943992812_46_Z3,22943992812,46,3,144,165,0,-0.2506194690265602,0.25740578171091444,2.3,8.787512753331299,50.0,517.6189528170414,0.009433962264150943
22943992812_48_Z2,22943992812,48,2,124,144,0,0.05211195928757206,0.2576130279898219,2.4,8.978878467488329,50.0,415.97337770382757,0.009433962264150943
22943992812_54_Z5,22943992812,54,5,185,206,0,-1.5037152200885657,0.25700691394465797,2.7,9.689857528275894,50.0,264.6041115408095,0.009433962264150943
22943992812_55_Z5,22943992812,55,5,185,206,0,-2.218498729083649,0.2560699001155182,2.75,9.689857528275894,50.0,262.86143447240073,0.009433962264150943
22943992812_56_Z5,22943992812,56,5,185,206,0,-1.24501303363229,0.25514730956467513,2.8,9.689857528275894,50.0,272.99454010919584,0.009433962264150943
22943992812_57_Z5,22943992812,57,5,185,206,0,-0.9679561111927342,0.25469394887370367,2.85,9.689857528275894,50.0,283.80295965943685,0.009433962264150943
22943992812_58_Z5,22943992812,58,5,185,206,0,-1.223685800604244,0.25410197381671706,2.9,9.689857528275894,50.0,279.0512258321702,0.009433962264150943
22943992812_59_Z5,22943992812,59,5,185,206,0,-1.131625857844142,0.25352222726627405,2.95,9.689857528275894,50.0,283.60748723766375,0.009433962264150943
22943992812_60_Z5,22943992812,60,5,185,206,0,-0.6670004131665337,0.2530042652623677,3.0,9.689857528275894,50.0,292.8257686676431,0.009433962264150943
22943992812_61_Z5,22943992812,61,5,185,206,0,0.9186262710106234,0.25309504807359756,3.05,10.149170663781206,50.0,316.26803716149345,0.009433962264150943
22943992812_62_Z5,22943992812,62,5,185,206,0,1.0310559006211406,0.253623685300207,3.1,10.664698614091776,50.0,299.6404314822217,0.009433962264150943
22943992812_63_Z5,22943992812,63,5,185,206,0,1.5657186522595907,0.2542354448807146,3.15,11.447557940221571,50.0,306.8112088361636,0.009433962264150943
22943992812_64_Z5,22943992812,64,5,185,206,0,1.5150513382909594,0.25509204508846894,3.2,12.205083609367051,50.0,310.86069555080473,0.009433962264150943
22943992812_65_Z5,22943992812,65,5,185,206,0,1.1395744160479921,0.2556661807063256,3.25,12.774870817391047,50.0,350.29878425716237,0.009433962264150943
22943992812_66_Z4,22943992812,66,4,165,185,0,1.9968349868980226,0.2564768978404265,3.3,13.773288310840059,50.0,542.8571428571429,0.009433962264150943
22943992812_67_Z4,22943992812,67,4,165,185,0,2.0287539531941547,0.25749180792747206,3.35,14.787665287437136,50.0,523.0335948501304,0.009433962264150943
22943992812_68_Z4,22943992812,68,4,165,185,0,1.647174487897587,0.25844667111399955,3.4,15.61125253138593,50.0,541.8422636965716,0.009433962264150943
22943992812_69_Z3,22943992812,69,3,144,165,0,0.6512995028652995,0.2590003896840832,3.45,15.93690228281858,50.0,459.9080183963187,0.009433962264150943
22943992812_70_Z3,22943992812,70,3,144,165,0,-0.5354632380747262,0.2590748315416059,3.5,15.93690228281858,50.0,533.9133873838275,0.009433962264150943
22943992812_71_Z3,22943992812,71,3,144,165,0,-0.5875080282594354,0.2587024298865339,3.55,15.93690228281858,50.0,525.6773150020215,0.009433962264150943
22943992812_72_Z3,22943992812,72,3,144,165,0,-0.317615292863934,0.2584941734456937,3.6,15.93690228281858,50.0,533.1146196432235,0.009433962264150943
22943992812_73_Z3,22943992812,73,3,144,165,0,0.7451233211234012,0.258597080993081,3.65,16.30946394338028,50.0,627.3279749068784,0.009433962264150943
22943992812_74_Z3,22943992812,74,3,144,165,0,0.045623342174963,0.2588247391688771,3.7,16.33227561446776,50.0,497.314501690874,0.009433962264150943
22943992812_79_Z4,22943992812,79,4,165,185,0,-10.348835579798731,0.24598415752934757,3.95,16.33227561446776,50.0,319.3612774451104,0.009433962264150943
22943992812_80_Z4,22943992812,80,4,165,185,0,-5.504817519341486,0.24176728935261993,4.0,16.33227561446776,50.0,281.23744475693195,0.009433962264150943
22943992812_81_Z4,22943992812,81,4,165,185,0,0.4504598455391715,0.24068821350103847,4.05,16.557505537237347,50.0,284.4950213371264,0.009433962264150943
22943992812_82_Z4,22943992812,82,4,165,185,0,-1.3113315926892142,0.2405640557006092,4.1,16.557505537237347,50.0,271.47087857848294,0.009433962264150943
22943992812_83_Z4,22943992812,83,4,165,185,0,-4.115214648814344,0.23927962930266777,4.15,16.557505537237347,50.0,262.63952724885064,0.009433962264150943
22943992812_85_Z5,22943992812,85,5,185,206,0,2.4829918386587906,0.2354812096062899,4.25,17.799001456566742,50.0,288.37622005323914,0.009433962264150943
22943992812_86_Z5,22943992812,86,5,185,206,0,5.546216840590716,0.23775750565424675,4.3,20.5721098768621,50.0,318.66162119099755,0.009433962264150943
22943992812_87_Z5,22943992812,87,5,185,206,0,3.259787048467217,0.24002176117392765,4.35,22.20200340109571,50.0,336.50039588282186,0.009433962264150943
22943992812_88_Z5,22943992812,88,5,185,206,0,4.231138744140026,0.24166487018183253,4.4,24.317572773165722,50.0,344.4084278768193,0.009433962264150943
22943992812_89_Z5,22943992812,89,5,185,206,0,11.807052134709465,0.24552919493582429,4.45,30.221098840520455,50.0,404.7763610605153,0.009433962264150943
22943992812_90_Z5,22943992812,90,5,185,206,0,8.702386255948738,0.2513823451454933,4.5,34.572291968494824,50.0,559.2170960655116,0.009433962264150943
22943992812_91_Z4,22943992812,91,4,165,185,0,5.284320281745579,0.25441546193706466,4.55,37.21445210936761,50.0,694.4444444444364,0.009433962264150943
22943992812_92_Z4,22943992812,92,4,165,185,0,4.518483442649085,0.25706090652162317,4.6,39.473693830692156,50.0,718.9934092270863,0.009433962264150943
22943992812_93_Z3,22943992812,93,3,144,165,0,0.7999999999999545,0.25826000000000005,4.65,39.87369383069213,50.0,525.9203606311125,0.009433962264150943
22943992812_94_Z3,22943992812,94,3,144,165,0,0.6399999999999864,0.25859999999999994,4.7,40.193693830692126,50.0,568.1818181818085,0.009433962264150943
22943992812_95_Z3,22943992812,95,3,144,165,0,0.28603773584916325,0.2588610062893081,4.75,40.33671269861671,50.0,557.6578370842559,0.009433962264150943
22943992812_96_Z3,22943992812,96,3,144,165,0,-0.7660377358490678,0.25874201257861634,4.8,40.33671269861671,50.0,569.9165479340512,0.009433962264150943
22943992812_97_Z3,22943992812,97,3,144,165,0,-1.6299415204678098,0.2581058479532164,4.85,40.33671269861671,50.0,585.8585858585859,0.009433962264150943
22943992812_98_Z3,22943992812,98,3,144,165,0,-2.120257462763334,0.25720760668387826,4.9,40.33671269861671,50.0,413.3858267716521,0.009433962264150943
22943992812_102_Z4,22943992812,102,4,165,185,0,-1.4999052090318514,0.2543985319323348,5.1,40.33671269861671,50.0,286.2805549438459,0.009433962264150943
22943992812_103_Z4,22943992812,103,4,165,185,0,-1.00761904761913,0.2537706349206349,5.15,40.33671269861671,50.0,290.5287623474718,0.009433962264150943
22943992812_104_Z4,22943992812,104,4,165,185,0,-0.3999999999999204,0.25334,5.2,40.33671269861671,50.0,315.65656565656275,0.009433962264150943
22943992812_105_Z4,22943992812,105,4,165,185,0,1.169135802469043,0.25362047325102877,5.25,40.92128059985123,50.0,305.69354222392496,0.009433962264150943
22943992812_106_Z4,22943992812,106,4,165,185,0,1.145004324919455,0.25416880802600195,5.3,41.49378276231096,50.0,302.84675953966894,0.009433962264150943
22943992812_107_Z4,22943992812,107,4,165,185,0,1.5258598726115906,0.2548723566878981,5.35,42.25671269861675,50.0,302.54134731746717,0.009433962264150943
22943992812_108_Z4,22943992812,108,4,165,185,0,0.959999999999809,0.25548000000000004,5.4,42.73671269861666,50.0,298.5074626865618,0.009433962264150943
22943992812_109_Z5,22943992812,109,5,185,206,0,1.632941176470581,0.2560882352941176,5.45,43.55318328685195,50.0,316.7898627243919,0.009433962264150943
22943992812_110_Z5,22943992812,110,5,185,206,0,1.832683929474797,0.25701463705029304,5.5,44.469525251589346,50.0,315.1467402009033,0.009433962264150943
22943992812_111_Z5,22943992812,111,5,185,206,0,1.869685515297192,0.2579110200152341,5.55,45.40436800923794,50.0,314.2801021410341,0.009433962264150943
22943992812_112_Z5,22943992812,112,5,185,206,0,0.98468937875748,0.25867637942551774,5.6,45.89671269861668,50.0,274.7791952895005,0.009433962264150943
22943992812_113_Z5,22943992812,113,5,185,206,0,0.14745098039202276,0.25895124183006535,5.65,45.97043818881269,50.0,270.0457000415437,0.009433962264150943
22943992812_114_Z5,22943992812,114,5,185,206,0,-0.7074509803919682,0.25879581699346405,5.7,45.97043818881269,50.0,318.5347401951053,0.009433962264150943
22943992812_117_Z4,22943992812,117,4,165,185,0,1.7751248111552513,0.2587022053075397,5.85,46.85800059439032,50.0,510.0510051005112,0.009433962264150943
22943992812_118_Z3,22943992812,118,3,144,165,0,4.650001701681617,0.2602914197027391,5.9,49.18300144523113,50.0,551.0726234993068,0.009433962264150943
22943992812_119_Z3,22943992812,119,3,144,165,0,6.064076852755079,0.2630671240082836,5.95,52.21503987160867,50.0,596.0659646334203,0.009433962264150943
22943992812_120_Z3,22943992812,120,3,144,165,0,5.255469287469282,0.2658638624078624,6.0,54.84277451534331,50.0,690.6357911842434,0.009433962264150943
22943992812_121_Z3,22943992812,121,3,144,165,0,6.261401273885326,0.2687471337579618,6.05,57.97347515228597,50.0,770.9033405811404,0.009433962264150943
22943992812_122_Z3,22943992812,122,3,144,165,0,5.914043170559125,0.27186535391601796,6.1,60.930496737565534,50.0,767.3667205169702,0.009433962264150943
22943992812_123_Z3,22943992812,123,3,144,165,0,4.624555555555617,0.2744926018518518,6.15,63.24277451534334,50.0,695.9634122091873,0.009433962264150943
22943992812_124_Z3,22943992812,124,3,144,165,0,1.8399999999999181,0.2761733333333333,6.2,64.1627745153433,50.0,583.8534326555256,0.009433962264150943
22943992812_125_Z3,22943992812,125,3,144,165,0,-0.2400000000000091,0.27646000000000004,6.25,64.1627745153433,50.0,480.9619238476901,0.009433962264150943
22943992812_126_Z3,22943992812,126,3,144,165,0,-0.39999999999997726,0.2763333333333333,6.3,64.1627745153433,50.0,511.40833988984906,0.009433962264150943
22943992812_127_Z3,22943992812,127,3,144,165,0,2.699015461506292,0.2766970511231712,6.35,65.51228224609645,50.0,537.6344086021576,0.009433962264150943
22943992812_128_Z3,22943992812,128,3,144,165,0,3.390168579021406,0.27841569753532114,6.4,67.20736653560715,50.0,622.3649869504065,0.009433962264150943
22943992812_129_Z3,22943992812,129,3,144,165,0,3.830815959472261,0.28024135109252457,6.45,69.12277451534328,50.0,656.006560065604,0.009433962264150943
22943992812_130_Z3,22943992812,130,3,144,165,0,-0.5393342453259038,0.2811976303389572,6.5,69.12277451534328,50.0,677.8309409888377,0.009433962264150943
22943992812_131_Z3,22943992812,131,3,144,165,0,1.705646040413967,0.2810833771457371,6.55,69.97559753555026,50.0,557.3248407643235,0.009433962264150943
22943992812_132_Z3,22943992812,132,3,144,165,0,3.262359969284603,0.2826289733132207,6.6,71.60677752019257,50.0,555.5555555555595,0.009433962264150943
22943992812_133_Z3,22943992812,133,3,144,165,0,2.151328235627375,0.28394617719248555,6.65,72.68244163800625,50.0,572.363041700735,0.009433962264150943
22943992812_134_Z3,22943992812,134,3,144,165,0,1.499999999999927,0.28445,6.7,72.77574163800625,6.220000000000255,603.3182503770639,0.009433962264150943
22980101796_6_Z3,22980101796,6,3,144,165,0,-2.3213993555599757,0.07943305056881698,0.3,3.52672264909981,50.0,397.8516013526956,0.002857142857142857
22980101796_7_Z3,22980101796,7,3,144,165,0,0.15094890510951586,0.07894075425790753,0.35,3.6021971016545677,50.0,426.6558309630234,0.002857142857142857
22980101796_8_Z3,22980101796,8,3,144,165,0,-0.8000000000000398,0.07884,0.4,3.6021971016545677,50.0,420.1680672268906,0.002857142857142857
22980101796_9_Z3,22980101796,9,3,144,165,0,-1.1199999999999477,0.07831333333333335,0.45,3.6021971016545677,50.0,431.62644692956616,0.002857142857142857
22980101796_10_Z3,22980101796,10,3,144,165,0,-1.039999999999992,0.07779333333333334,0.5,3.6021971016545677,50.0,423.8143289606462,0.002857142857142857
22980101796_11_Z3,22980101796,11,3,144,165,0,-1.3718032786885601,0.07716371584699454,0.55,3.6021971016545677,50.0,419.32907348242776,0.002857142857142857
22980101796_12_Z3,22980101796,12,3,144,165,0,-2.4966310070257123,0.07633420346604215,0.6,3.6021971016545677,50.0,427.69857433808534,0.002857142857142857
22980101796_13_Z3,22980101796,13,3,144,165,0,-4.538822401499061,0.074437361051386,0.65,3.6021971016545677,50.0,401.60642570281163,0.002857142857142857
22980101796_14_Z3,22980101796,14,3,144,165,0,-4.880279151258321,0.07210363709528392,0.7,3.6021971016545677,50.0,394.79795633999015,0.002857142857142857
22980101796_15_Z2,22980101796,15,2,124,144,0,-3.821032934762542,0.06987184196860766,0.75,3.6021971016545677,50.0,422.8755537656064,0.002857142857142857
22980101796_16_Z2,22980101796,16,2,124,144,0,-2.091431226765849,0.06837410780669144,0.8,3.6021971016545677,50.0,411.2808460634543,0.002857142857142857
22980101796_17_Z3,22980101796,17,3,144,165,0,0.027525942865054276,0.06788974770311082,0.85,3.615960073087095,50.0,404.61258345134576,0.002857142857142857
22980101796_18_Z3,22980101796,18,3,144,165,0,-0.6432256015681048,0.06784139865853785,0.9,3.615960073087095,50.0,430.063485562154,0.002857142857142857
22980101796_19_Z3,22980101796,19,3,144,165,0,-1.9469218564042023,0.06713414633572837,0.95,3.615960073087095,50.0,424.6284501061576,0.002857142857142857
22980101796_20_Z3,22980101796,20,3,144,165,0,-0.7973784848926471,0.06635264302048366,1.0,3.615960073087095,50.0,417.4493842621575,0.002857142857142857
22980101796_21_Z3,22980101796,21,3,144,165,0,1.2729501915707715,0.06652607918263091,1.05,4.252435168872481,50.0,421.6867469879522,0.002857142857142857
22980101796_22_Z3,22980101796,22,3,144,165,0,1.1270498084291205,0.06719706257982119,1.1,4.815960073087041,50.0,416.6666666666678,0.002857142857142857
22980101796_23_Z3,22980101796,23,3,144,165,0,-0.3627842416819078,0.06732571000884537,1.15,4.815960073087041,50.0,436.8546465448758,0.002857142857142857
22980101796_24_Z3,22980101796,24,3,144,165,0,2.5916439988978937,0.06778090822594152,1.2,6.111782072535988,50.0,449.56997654417444,0.002857142857142857
22980101796_25_Z3,22980101796,25,3,144,165,0,4.779015578965016,0.06976081729759384,1.25,8.501289862018496,50.0,491.70251997541544,0.002857142857142857
22980101796_26_Z3,22980101796,26,3,144,165,0,5.3310133402926,0.07224134450713798,1.3,11.166796532164796,50.0,481.83095763902884,0.002857142857142857
22980101796_27_Z3,22980101796,27,3,144,165,0,6.251628912744053,0.0751614576443857,1.35,14.292610988536822,50.0,471.790839394534,0.002857142857142857
22980101796_28_Z3,22980101796,28,3,144,165,0,4.80808937595657,0.07796109261609223,1.4,16.696655676515107,50.0,511.2474437627826,0.002857142857142857
22980101796_29_Z3,22980101796,29,3,144,165,0,5.813575298053081,0.08055474494408021,1.45,19.603443325541647,50.0,543.9005439005437,0.002857142857142857
22980101796_30_Z3,22980101796,30,3,144,165,0,6.072088979443919,0.08355379022588592,1.5,22.639487815263607,50.0,553.6190280910398,0.002857142857142857
22980101796_31_Z3,22980101796,31,3,144,165,0,6.735766462816855,0.08674972563497077,1.55,26.007371046672034,50.0,552.7043031977882,0.002857142857142857
22980101796_32_Z3,22980101796,32,3,144,165,0,6.17468756923725,0.0900418343442477,1.6,29.09471483129066,50.0,536.352800953517,0.002857142857142857
22980101796_33_Z3,22980101796,33,3,144,165,0,5.359600966409488,0.0928893019510041,1.65,31.774515314495403,50.0,545.0141299959632,0.002857142857142857
22980101796_34_Z3,22980101796,34,3,144,165,0,4.351170557028951,0.0953570920241803,1.7,33.95010059300988,50.0,511.006289308175,0.002857142857142857
22980101796_35_Z3,22980101796,35,3,144,165,0,4.393514923279639,0.09743746503495798,1.75,36.1468580546497,50.0,506.8937550689382,0.002857142857142857
22980101796_36_Z3,22980101796,36,3,144,165,0,5.514771688184737,0.0999542629504781,1.8,38.90424389874207,50.0,498.603909054646,0.002857142857142857
22980101796_37_Z3,22980101796,37,3,144,165,0,5.02546031497323,0.10264909490796903,1.85,41.41697405622868,50.0,498.00796812749184,0.002857142857142857
22980101796_38_Z3,22980101796,38,3,144,165,0,3.3346254342771715,0.10474865773026039,1.9,43.08428677336727,50.0,483.67593712212704,0.002857142857142857
22980101796_39_Z3,22980101796,39,3,144,165,0,2.7476365594709193,0.10623793099616996,1.95,44.45810505310273,50.0,478.65975269246235,0.002857142857142857
22980101796_40_Z3,22980101796,40,3,144,165,0,1.2384942816505884,0.1072516442929113,2.0,45.07735219392802,50.0,465.7756176589702,0.002857142857142857
22980101796_41_Z3,22980101796,41,3,144,165,0,0.0800000000000125,0.10757333333333337,2.05,45.11735219392803,50.0,472.9064039408867,0.002857142857142857
22980101796_42_Z3,22980101796,42,3,144,165,0,-1.2278974358974608,0.10731736752136753,2.1,45.11735219392803,50.0,470.2514823144565,0.002857142857142857
22980101796_43_Z3,22980101796,43,3,144,165,0,-1.1721025641025449,0.10654201709401712,2.15,45.11735219392803,50.0,462.8697927148315,0.002857142857142857
22980101796_44_Z3,22980101796,44,3,144,165,0,3.178413995658218,0.10702046737326013,2.2,46.70655919175714,50.0,460.5641911341382,0.002857142857142857
22980101796_45_Z3,22980101796,45,3,144,165,0,5.628792757871679,0.10937959147421145,2.25,49.520955570692976,50.0,467.38467791099333,0.002857142857142857
22980101796_46_Z3,22980101796,46,3,144,165,0,1.8168673205441337,0.11136744288514723,2.3,50.42938923096504,50.0,445.88569112281994,0.002857142857142857
22980101796_47_Z3,22980101796,47,3,144,165,0,0.17592592592592382,0.11167734567901233,2.35,50.517352193928005,50.0,456.80238331678333,0.002857142857142857
22980101796_48_Z3,22980101796,48,3,144,165,0,0.5600000000000307,0.11192,2.4,50.79735219392802,50.0,461.1066559743416,0.002857142857142857
22980101796_49_Z3,22980101796,49,3,144,165,0,1.759999999999991,0.11240666666666668,2.45,51.677352193928016,50.0,463.6162064099968,0.002857142857142857
22980101796_50_Z3,22980101796,50,3,144,165,0,1.2799999999999443,0.11328666666666667,2.5,52.31735219392799,50.0,466.29104332620716,0.002857142857142857
22980101796_51_Z3,22980101796,51,3,144,165,0,0.8169884169885222,0.11372808236808236,2.55,52.72584640242225,50.0,471.4080754252924,0.002857142857142857
22980101796_52_Z3,22980101796,52,3,144,165,0,3.286682993568178,0.11471398537070668,2.6,54.36918789920634,50.0,459.72416550070193,0.002857142857142857
22980101796_53_Z3,22980101796,53,3,144,165,0,4.447685198788491,0.11672442394905562,2.65,56.593030498600584,50.0,457.43834526650573,0.002857142857142857
22980101796_54_Z3,22980101796,54,3,144,165,0,2.7286433906548666,0.11862951653060044,2.7,57.95735219392802,50.0,474.683544303798,0.002857142857142857
22980101796_55_Z3,22980101796,55,3,144,165,0,1.6331034482758184,0.11958712643678159,2.75,58.773903918065926,50.0,467.95523906408863,0.002857142857142857
22980101796_56_Z3,22980101796,56,3,144,165,0,1.8068965517241793,0.12047609195402298,2.8,59.677352193928016,50.0,470.4959811801629,0.002857142857142857
22980101796_57_Z3,22980101796,57,3,144,165,0,1.528205128205144,0.12134940170940173,2.85,60.44145475803059,50.0,472.3762579585125,0.002857142857142857
22980101796_58_Z3,22980101796,58,3,144,165,0,-0.24820512820511453,0.12164136752136755,2.9,60.44145475803059,50.0,472.1621089907542,0.002857142857142857
22980101796_59_Z3,22980101796,59,3,144,165,0,0.1599999999999966,0.12157333333333334,2.95,60.521454758030586,50.0,461.0142313088765,0.002857142857142857
22980101796_62_Z2,22980101796,62,2,124,144,0,0.6927102803738592,0.12291137071651091,3.1,61.961454758030584,50.0,434.0106529887586,0.002857142857142857
22980101796_63_Z3,22980101796,63,3,144,165,0,0.3143288084464757,0.12315824032176977,3.15,62.11861916225382,50.0,436.0753221010878,0.002857142857142857
22980101796_64_Z3,22980101796,64,3,144,165,0,0.6586661154113926,0.1234365890570728,3.2,62.44795221995952,50.0,457.25646123260685,0.002857142857142857
22980101796_65_Z3,22980101796,65,3,144,165,0,-3.048055164821733,0.122939244133896,3.25,62.44795221995952,50.0,422.025723472667,0.002857142857142857
22980101796_66_Z3,22980101796,66,3,144,165,0,-4.944280109913365,0.12081553425632358,3.3,62.44795221995952,50.0,427.1765663140778,0.002857142857142857
22980101796_67_Z3,22980101796,67,3,144,165,0,-3.2206596491228083,0.11868685380116958,3.35,62.44795221995952,50.0,445.1325720921225,0.002857142857142857
22980101796_68_Z3,22980101796,68,3,144,165,0,-2.281071428571437,0.11737639880952379,3.4,62.44795221995952,50.0,437.723836052525,0.002857142857142857
22980101796_69_Z3,22980101796,69,3,144,165,0,-1.879497431355503,0.11638188765215414,3.45,62.44795221995952,50.0,443.36960902861847,0.002857142857142857
22980101796_70_Z3,22980101796,70,3,144,165,0,-3.3609693184556306,0.11500906101985152,3.5,62.44795221995952,50.0,441.5897230028087,0.002857142857142857
22980101796_71_Z3,22980101796,71,3,144,165,0,0.01867319246906618,0.11408727364405628,3.55,62.45728881619405,50.0,413.30853482124513,0.002857142857142857
22980101796_72_Z3,22980101796,72,3,144,165,0,0.3028649859134873,0.11434569048135036,3.6,62.608721309150795,50.0,435.72984749455526,0.002857142857142857
22980101796_73_Z3,22980101796,73,3,144,165,0,-1.596464088397795,0.11402725598526701,3.65,62.608721309150795,50.0,430.19163081736133,0.002857142857142857
22980101796_74_Z3,22980101796,74,3,144,165,0,-2.2289549139445626,0.1128876499080169,3.7,62.608721309150795,50.0,433.0789853578077,0.002857142857142857
22980101796_75_Z3,22980101796,75,3,144,165,0,0.5327329967591652,0.1126075542686729,3.75,62.87508780753038,50.0,440.0,0.002857142857142857
22980101796_76_Z3,22980101796,76,3,144,165,0,0.12872204161922696,0.11274926429889046,3.8,62.93944882833999,50.0,440.35228182546007,0.002857142857142857
22980101796_77_Z3,22980101796,77,3,144,165,0,-0.7776496137846607,0.11264050256797685,3.85,62.93944882833999,50.0,434.9545274812185,0.002857142857142857
22980101796_78_Z3,22980101796,78,3,144,165,0,-0.938386422251341,0.11215103298549116,3.9,62.93944882833999,50.0,433.07086614173073,0.002857142857142857
22980101796_79_Z3,22980101796,79,3,144,165,0,-3.1715707025601034,0.11119883013433367,3.95,62.93944882833999,50.0,423.04593070104863,0.002857142857142857
22980101796_80_Z3,22980101796,80,3,144,165,0,-4.682433408581545,0.10916471593878299,4.0,62.93944882833999,50.0,424.5855236554789,0.002857142857142857
22980101796_81_Z3,22980101796,81,3,144,165,0,-4.281605478432397,0.10694010298645759,4.05,62.93944882833999,50.0,433.41213553979713,0.002857142857142857
22980101796_82_Z3,22980101796,82,3,144,165,0,-1.9202388952745082,0.10522508702161615,4.1,62.93944882833999,50.0,427.2634791454683,0.002857142857142857
22980101796_83_Z3,22980101796,83,3,144,165,0,0.6158484848485841,0.10502941414141413,4.15,63.24737307076428,50.0,441.41252006421223,0.002857142857142857
22980101796_84_Z3,22980101796,84,3,144,165,0,0.1606808510637734,0.10529356028368796,4.2,63.32771349629617,50.0,446.6019417475728,0.002857142857142857
22980101796_85_Z3,22980101796,85,3,144,165,0,0.3622369109978649,0.10531427992585059,4.25,63.5088319517951,50.0,424.24242424242425,0.002857142857142857
22980101796_86_Z3,22980101796,86,3,144,165,0,1.8238817005447174,0.10588269532631217,4.3,64.42077280206746,50.0,445.344129554651,0.002857142857142857
22980101796_87_Z3,22980101796,87,3,144,165,0,2.3948414151412294,0.10696927253953704,4.35,65.61819350963808,50.0,455.26524148852366,0.002857142857142857
22980101796_88_Z3,22980101796,88,3,144,165,0,0.7234666963009033,0.1079030823542701,4.4,65.97992685778853,50.0,439.2971246006396,0.002857142857142857
22980101796_89_Z3,22980101796,89,3,144,165,0,-0.656766804399183,0.107721303900958,4.45,65.97992685778853,50.0,453.91750542727385,0.002857142857142857
22980101796_90_Z3,22980101796,90,3,144,165,0,-3.8635742307888563,0.10677318711184595,4.5,65.97992685778853,50.0,444.44444444444446,0.002857142857142857
22980101796_91_Z3,22980101796,91,3,144,165,0,-4.968505388026273,0.1045226178793706,4.55,65.97992685778853,50.0,427.96005706133553,0.002857142857142857
22980101796_92_Z3,22980101796,92,3,144,165,0,-6.500643505031263,0.10144009514708542,4.6,65.97992685778853,50.0,422.28031369395103,0.002857142857142857
22980101796_93_Z3,22980101796,93,3,144,165,0,-2.1378217274356075,0.09928578817395038,4.65,65.97992685778853,50.0,446.5152397592681,0.002857142857142857
22980101796_94_Z3,22980101796,94,3,144,165,0,-0.5665078310393881,0.09862340515741179,4.7,65.97992685778853,50.0,422.1954161640549,0.002857142857142857
22980101796_95_Z3,22980101796,95,3,144,165,0,2.1608512161546685,0.09911935534477588,4.75,67.06035246586586,50.0,437.81094527363183,0.002857142857142857
22980101796_96_Z3,22980101796,96,3,144,165,0,2.814031069777883,0.1003327693383777,4.8,68.4673680007548,50.0,496.9191015702604,0.002857142857142857
22980101796_97_Z3,22980101796,97,3,144,165,0,3.2258590835822076,0.10199390267840965,4.85,70.0802975425459,50.0,470.2514823144565,0.002857142857142857
22980101796_98_Z3,22980101796,98,3,144,165,0,-3.443065151584591,0.10202560964465071,4.9,70.0802975425459,50.0,449.65786901271093,0.002857142857142857
22980101796_101_Z2,22980101796,101,2,124,144,0,-3.3178698228628036,0.0942321933740938,5.05,70.0802975425459,50.0,378.4570596797731,0.002857142857142857
22980101796_103_Z3,22980101796,103,3,144,165,0,0.995453106938669,0.09303715070169823,5.15,70.57802409601524,50.0,413.7115839243481,0.002857142857142857
22980101796_104_Z3,22980101796,104,3,144,165,0,3.5532592983817324,0.09426463132677702,5.2,72.35465374520611,50.0,419.9916001679976,0.002857142857142857
22980101796_105_Z3,22980101796,105,3,144,165,0,0.6377822885571902,0.09541879814262023,5.25,72.6735448894847,50.0,437.0282081843452,0.002857142857142857
22980101796_106_Z3,22980101796,106,3,144,165,0,-2.5904229834254124,0.09493319808471455,5.3,72.6735448894847,50.0,419.41282204913364,0.002857142857142857
22980101796_107_Z3,22980101796,107,3,144,165,0,-2.010208811446347,0.09358548444066678,5.35,72.6735448894847,50.0,448.517940717623,0.002857142857142857
22980101796_108_Z3,22980101796,108,3,144,165,0,0.02981916329289902,0.09317354026090872,5.4,72.68845447113115,50.0,438.3343295477222,0.002857142857142857
22980101796_109_Z3,22980101796,109,3,144,165,0,-1.2540647393131223,0.09286262416604894,5.45,72.68845447113115,50.0,427.0896888346546,0.002857142857142857
22980101796_110_Z3,22980101796,110,3,144,165,0,-0.10829726325442834,0.09260008244589489,5.5,72.68845447113115,50.0,434.78260869564906,0.002857142857142857
22980101796_111_Z3,22980101796,111,3,144,165,0,-1.0165853658535866,0.09218943089430892,5.55,72.68845447113115,50.0,432.9896907216495,0.002857142857142857
22980101796_112_Z3,22980101796,112,3,144,165,0,-0.26011173184360814,0.09195329608938546,5.6,72.68845447113115,50.0,448.6054222742386,0.002857142857142857
22980101796_113_Z3,22980101796,113,3,144,165,0,-0.23360255387075313,0.09178426709231177,5.65,72.68845447113115,50.0,440.35228182546007,0.002857142857142857
22980101796_114_Z3,22980101796,114,3,144,165,0,-0.3062857142856501,0.09169885714285714,5.7,72.68845447113115,50.0,440.88176352704926,0.002857142857142857
22980101796_115_Z3,22980101796,115,3,144,165,0,-0.0028104283607603975,0.0916019214795815,5.75,72.68845447113115,50.0,429.00919305413845,0.002857142857142857
22980101796_116_Z3,22980101796,116,3,144,165,0,0.1677628093131034,0.09159041933798413,5.8,72.7723358757877,50.0,440.61686360905816,0.002857142857142857
22980101796_117_Z3,22980101796,117,3,144,165,0,0.506403816451126,0.09184003095798586,5.85,73.02553778401327,50.0,437.723836052525,0.002857142857142857
22980101796_118_Z3,22980101796,118,3,144,165,0,1.070707068366488,0.09216553932660321,5.9,73.56089131819651,50.0,442.8186368887134,0.002857142857142857
22980101796_119_Z3,22980101796,119,3,144,165,0,1.337306812970212,0.09279643128551782,5.95,74.22954472468162,50.0,447.06360495834144,0.002857142857142857
22980101796_120_Z3,22980101796,120,3,144,165,0,1.5215752023592017,0.09352515151121195,6.0,74.99033232586122,50.0,448.1564473416244,0.002857142857142857
22980101796_121_Z3,22980101796,121,3,144,165,0,0.9687666530570311,0.09415834846696992,6.05,75.47471565238973,50.0,434.6108257605621,0.002857142857142857
22980101796_122_Z3,22980101796,122,3,144,165,0,0.7734459605804034,0.09457600462060502,6.1,75.86143863267993,50.0,457.16557344464786,0.002857142857142857
22980101796_123_Z3,22980101796,123,3,144,165,0,0.7768421052632846,0.0949838596491228,6.15,76.24985968531158,50.0,441.0585404971923,0.002857142857142857
22980101796_124_Z3,22980101796,124,3,144,165,0,-0.48000000000007503,0.09510000000000002,6.2,76.24985968531158,50.0,435.55731538309055,0.002857142857142857
22980101796_125_Z3,22980101796,125,3,144,165,0,-1.7696945519861913,0.09450571035444778,6.25,76.24985968531158,50.0,425.1872848754859,0.002857142857142857
22980101796_126_Z3,22980101796,126,3,144,165,0,-2.303287904154189,0.09347002716488073,6.3,76.24985968531158,50.0,441.8557943362124,0.002857142857142857
22980101796_127_Z3,22980101796,127,3,144,165,0,-2.170968161143577,0.09232226554039419,6.35,76.24985968531158,50.0,429.88741044011965,0.002857142857142857
22980101796_128_Z3,22980101796,128,3,144,165,0,-0.1425610106230124,0.09161980715857976,6.4,76.24985968531158,50.0,444.1011778335589,0.002857142857142857
22980101796_129_Z3,22980101796,129,3,144,165,0,2.855478896761184,0.092422169115207,6.45,77.67759913369217,50.0,442.1221864951749,0.002857142857142857
22980101796_130_Z3,22980101796,130,3,144,165,0,2.7310327311457456,0.09386460134092554,6.5,79.04311549926504,50.0,457.89368903046386,0.002857142857142857
22980101796_131_Z3,22980101796,131,3,144,165,0,0.6400000000000148,0.09476666666666665,6.55,79.36311549926505,50.0,417.7441814203266,0.002857142857142857
22980101796_132_Z3,22980101796,132,3,144,165,0,-0.1599999999999966,0.09474666666666667,6.6,79.36311549926505,50.0,437.89808917197644,0.002857142857142857
22980101796_133_Z3,22980101796,133,3,144,165,0,0.7200000000000841,0.09495333333333333,6.65,79.72311549926509,50.0,446.1569661326267,0.002857142857142857
22980101796_134_Z3,22980101796,134,3,144,165,0,-0.1953719008264727,0.09512743801652897,6.7,79.72311549926509,50.0,431.832202344231,0.002857142857142857
22980101796_135_Z3,22980101796,135,3,144,165,0,-1.7246280991735716,0.09463487603305787,6.75,79.72311549926509,50.0,431.1189496374703,0.002857142857142857
22980101796_136_Z3,22980101796,136,3,144,165,0,-3.087901860231284,0.09340919470420647,6.8,79.72311549926509,50.0,432.7301337529492,0.002857142857142857
22980101796_137_Z3,22980101796,137,3,144,165,0,-2.4607595570915635,0.09196874412945744,6.85,79.72311549926509,50.0,425.79075425791007,0.002857142857142857
22980101796_138_Z3,22980101796,138,3,144,165,0,-1.8113385826771946,0.09091044619422571,6.9,79.72311549926509,50.0,433.1561330970667,0.002857142857142857
22980101796_139_Z3,22980101796,139,3,144,165,0,-0.727297297297298,0.09027817567567566,6.95,79.72311549926509,50.0,467.19479991874425,0.002857142857142857
22980101796_140_Z3,22980101796,140,3,144,165,0,-1.0773109976335888,0.08985663957736538,7.0,79.72311549926509,50.0,402.2526146420005,0.002857142857142857
22980101796_141_Z3,22980101796,141,3,144,165,0,-0.50946577914317,0.08943355293849915,7.05,79.72311549926509,50.0,431.37254901960785,0.002857142857142857
22980101796_142_Z3,22980101796,142,3,144,165,0,-1.0459259259259284,0.08908197530864197,7.1,79.72311549926509,50.0,428.83397998774535,0.002857142857142857
22980101796_143_Z3,22980101796,143,3,144,165,0,-0.9599999999999511,0.08855333333333335,7.15,79.72311549926509,50.0,417.08043694140713,0.002857142857142857
22980101796_144_Z3,22980101796,144,3,144,165,0,-0.7276061031790562,0.08810889371712353,7.2,79.72311549926509,50.0,408.66366979975817,0.002857142857142857
22980101796_145_Z3,22980101796,145,3,144,165,0,-0.11692265980374827,0.0879355146421576,7.25,79.72311549926509,50.0,411.0393423370511,0.002857142857142857
22980101796_146_Z3,22980101796,146,3,144,165,0,-0.43547123701725354,0.08779619087430461,7.3,79.72311549926509,50.0,420.420420420422,0.002857142857142857
22980101796_147_Z3,22980101796,147,3,144,165,0,-0.7199999999999704,0.0875,7.35,79.72311549926509,50.0,432.09876543209555,0.002857142857142857
22980101796_148_Z3,22980101796,148,3,144,165,0,-0.8000000000000398,0.08712,7.4,79.72311549926509,50.0,410.55718475073604,0.002857142857142857
22980101796_149_Z3,22980101796,149,3,144,165,0,-0.6499437055366002,0.08675774203526135,7.45,79.72311549926509,50.0,429.7114794352373,0.002857142857142857
22980101796_150_Z3,22980101796,150,3,144,165,0,-0.6212758066584456,0.08642761131522236,7.5,79.72311549926509,50.0,411.20031329547913,0.002857142857142857
22980101796_151_Z3,22980101796,151,3,144,165,0,-0.6835423925668351,0.08613291424699963,7.55,79.72311549926509,50.0,410.5090311986842,0.002857142857142857
22980101796_152_Z3,22980101796,152,3,144,165,0,-0.9252380952381145,0.08570376984126983,7.6,79.72311549926509,50.0,428.348909657316,0.002857142857142857
22980101796_153_Z3,22980101796,153,3,144,165,0,-0.7181614225094108,0.08530095520187483,7.65,79.72311549926509,50.0,421.01042502005487,0.002857142857142857
22980101796_154_Z3,22980101796,154,3,144,165,0,-0.8018385774905994,0.08491996408687044,7.7,79.72311549926509,50.0,423.30175367868884,0.002857142857142857
22980101796_155_Z3,22980101796,155,3,144,165,0,-0.15999999999993975,0.08466666666666667,7.75,79.72311549926509,50.0,424.79243097123026,0.002857142857142857
22980101796_156_Z3,22980101796,156,3,144,165,0,-0.6400000000000148,0.08449333333333332,7.8,79.72311549926509,50.0,433.0789853578077,0.002857142857142857
22980101796_157_Z3,22980101796,157,3,144,165,0,-0.46572149641292526,0.08420703477599363,7.85,79.72311549926509,50.0,426.0499087035913,0.002857142857142857
22980101796_158_Z3,22980101796,158,3,144,165,0,-0.7079771337241141,0.08391106337990949,7.9,79.72311549926509,50.0,436.3347877826253,0.002857142857142857
22980101796_159_Z3,22980101796,159,3,144,165,0,-0.5739936775552508,0.08358526870389885,7.95,79.72311549926509,50.0,452.5777253050006,0.002857142857142857
22980101796_160_Z3,22980101796,160,3,144,165,0,-0.3570964247020356,0.08334608161791261,8.0,79.72311549926509,50.0,416.33624107850494,0.002857142857142857
22980101796_161_Z3,22980101796,161,3,144,165,0,-0.9036215240159606,0.08306986589623212,8.05,79.72311549926509,50.0,414.25020712510576,0.002857142857142857
22980101796_162_Z3,22980101796,162,3,144,165,0,-0.9115897435897011,0.08258386324786325,8.1,79.72311549926509,50.0,434.3534057255707,0.002857142857142857
22980101796_163_Z3,22980101796,163,3,144,165,0,-1.3049624060150506,0.08203791979949876,8.15,79.72311549926509,50.0,428.348909657316,0.002857142857142857
22980101796_164_Z3,22980101796,164,3,144,165,0,-0.7651328320802406,0.08146623391812866,8.2,79.72311549926509,50.0,427.8882456581975,0.002857142857142857
22980101796_165_Z3,22980101796,165,3,144,165,0,-0.10708786049627861,0.08133355220210149,8.25,79.72311549926509,50.0,410.55718475073604,0.002857142857142857
22980101796_166_Z3,22980101796,166,3,144,165,0,-0.862816901408479,0.08106617370892018,8.3,79.72311549926509,50.0,414.0786749482308,0.002857142857142857
22980101796_167_Z3,22980101796,167,3,144,165,0,-0.6081138790035254,0.08067198102016607,8.35,79.72311549926509,50.0,409.1971940763858,0.002857142857142857
22980101796_168_Z3,22980101796,168,3,144,165,0,-0.5918861209963779,0.08038396204033217,8.4,79.72311549926509,50.0,397.4562798092233,0.002857142857142857
22980101796_169_Z3,22980101796,169,3,144,165,0,-0.4714049586777662,0.08013619834710747,8.45,79.72311549926509,50.0,409.4165813715425,0.002857142857142857
22980101796_170_Z3,22980101796,170,3,144,165,0,-1.0204168514412402,0.0797521002486058,8.5,79.72311549926509,50.0,414.0378548895952,0.002857142857142857
22980101796_171_Z3,22980101796,171,3,144,165,0,-0.7199010306109983,0.07929825435611947,8.55,79.72311549926509,50.0,423.2164449818553,0.002857142857142857
22980101796_172_Z3,22980101796,172,3,144,165,0,-0.26827715927007034,0.07905263891007068,8.6,79.72311549926509,50.0,442.74501911853037,0.002857142857142857
22980101796_173_Z3,22980101796,173,3,144,165,0,0.0800000000000125,0.07901333333333334,8.65,79.7631154992651,50.0,446.16876818623325,0.002857142857142857
22980101796_174_Z3,22980101796,174,3,144,165,0,0.6719313304720913,0.07920663805436338,8.7,80.09908116450114,50.0,434.33298862460896,0.002857142857142857
22980101796_175_Z3,22980101796,175,3,144,165,0,0.9764476185125659,0.07958185560084105,8.75,80.58730497375743,50.0,441.50110375276,0.002857142857142857
22980101796_176_Z3,22980101796,176,3,144,165,0,1.3116210510153508,0.08019166148452395,8.8,81.2431154992651,50.0,452.2217852929559,0.002857142857142857
22980101796_177_Z3,22980101796,177,3,144,165,0,1.1999999999999886,0.08081999999999999,8.85,81.8431154992651,50.0,489.8958971218638,0.002857142857142857
22980101796_178_Z3,22980101796,178,3,144,165,0,1.3599999999999852,0.08144000000000001,8.9,82.52311549926509,50.0,478.4688995215325,0.002857142857142857
22980101796_179_Z3,22980101796,179,3,144,165,0,2.0762975086379356,0.08231295387040069,8.95,83.56126425358406,50.0,479.13755240566843,0.002857142857142857
22980101796_180_Z3,22980101796,180,3,144,165,0,2.31559401414043,0.0834032549105824,9.0,84.71906126065427,50.0,471.79083939454455,0.002857142857142857
22980101796_181_Z3,22980101796,181,3,144,165,0,2.998457123009132,0.08473221399565388,9.05,86.21828982215884,50.0,445.1639012545522,0.002857142857142857
22980101796_182_Z3,22980101796,182,3,144,165,0,2.015262213941014,0.08606178120525304,9.1,87.22592092912934,50.0,482.3151125401908,0.002857142857142857
22980101796_183_Z3,22980101796,183,3,144,165,0,-0.7052404893581752,0.08648362954583541,9.15,87.22592092912934,50.0,439.47263284059574,0.002857142857142857
22980101796_184_Z3,22980101796,184,3,144,165,0,-2.7003703703703366,0.0854484259259259,9.2,87.22592092912934,50.0,445.9957339538359,0.002857142857142857
22980101796_185_Z3,22980101796,185,3,144,165,0,-2.4188545470740053,0.084186131053116,9.25,87.22592092912934,50.0,441.50110375276,0.002857142857142857
22980101796_186_Z3,22980101796,186,3,144,165,0,-2.5859952317882744,0.08292707634706295,9.3,87.22592092912934,50.0,425.2733900364589,0.002857142857142857
22980101796_187_Z3,22980101796,187,3,144,165,0,-2.1151502211376965,0.08175494043685291,9.35,87.22592092912934,50.0,432.4749361116504,0.002857142857142857
22980101796_188_Z3,22980101796,188,3,144,165,0,-1.254306569343072,0.08087737226277374,9.4,87.22592092912934,50.0,439.8826979472161,0.002857142857142857
22980101796_189_Z3,22980101796,189,3,144,165,0,0.1691463514096938,0.08062164307384943,9.45,87.31049410483419,50.0,451.3343799058162,0.002857142857142857
22980101796_190_Z3,22980101796,190,3,144,165,0,1.5347162523841575,0.0810503694976286,9.5,88.07785223102627,50.0,447.51830756712906,0.002857142857142857
22980101796_191_Z3,22980101796,191,3,144,165,0,1.9511853187254928,0.08195821800898544,9.55,89.05344489038902,50.0,452.5777253050006,0.002857142857142857
22980101796_192_Z3,22980101796,192,3,144,165,0,1.199258646823722,0.08276114579027147,9.6,89.65307421380088,50.0,448.255700643138,0.002857142857142857
22980101796_193_Z3,22980101796,193,3,144,165,0,0.16000000000005343,0.08313333333333336,9.65,89.7330742138009,50.0,455.6752278376249,0.002857142857142857
22980101796_194_Z3,22980101796,194,3,144,165,0,-1.120000000000033,0.08288000000000001,9.7,89.7330742138009,50.0,442.0333534257546,0.002857142857142857
22980101796_195_Z3,22980101796,195,3,144,165,0,-2.5262159350947115,0.08196021635115457,9.75,89.7330742138009,50.0,431.88064389477387,0.002857142857142857
22980101796_196_Z3,22980101796,196,3,144,165,0,-3.8830788938163323,0.08038765672733633,9.8,89.7330742138009,50.0,425.3595300790041,0.002857142857142857
22980101796_197_Z3,22980101796,197,3,144,165,0,-4.0805234749901445,0.07829879746667562,9.85,89.7330742138009,50.0,427.18446601941747,0.002857142857142857
22980101796_198_Z3,22980101796,198,3,144,165,0,-3.198437699354912,0.07645283389388235,9.9,89.7330742138009,50.0,429.0091930541305,0.002857142857142857
22980101796_199_Z3,22980101796,199,3,144,165,0,-1.5117439967439452,0.075317036358703,9.95,89.7330742138009,50.0,430.8656482569569,0.002857142857142857
22980101796_200_Z3,22980101796,200,3,144,165,0,0.1488967971530144,0.07491055753262156,10.0,89.80752261237741,50.0,425.015179113541,0.002857142857142857
22980101796_201_Z3,22980101796,201,3,144,165,0,2.105986147810313,0.07554438761694475,10.05,90.86051568628257,50.0,453.2912889239278,0.002857142857142857
22980101796_202_Z3,22980101796,202,3,144,165,0,2.1451170550367067,0.0766136113881585,10.1,91.93307421380092,50.0,460.1547793348546,0.002857142857142857
22980101796_203_Z3,22980101796,203,3,144,165,0,2.4369892473118284,0.07778974910394267,10.15,93.15156883745684,50.0,472.9064039408867,0.002857142857142857
22980101796_204_Z3,22980101796,204,3,144,165,0,0.8430107526881159,0.07863541218637993,10.2,93.5730742138009,50.0,474.5896776745133,0.002857142857142857
22980101796_205_Z3,22980101796,205,3,144,165,0,0.3200000000000216,0.07881999999999997,10.25,93.7330742138009,50.0,464.92823933697804,0.002857142857142857
22980101796_206_Z3,22980101796,206,3,144,165,0,4.052698214703412,0.07986803019672047,10.3,95.75942332115261,50.0,488.37663606172595,0.002857142857142857
22980101796_207_Z3,22980101796,207,3,144,165,0,5.366014606483276,0.08233115862284435,10.35,98.44243062439425,50.0,495.97024178549884,0.002857142857142857
22980101796_208_Z3,22980101796,208,3,144,165,0,5.484274018726694,0.0850554048931717,10.4,101.1845676337576,50.0,544.0062172138987,0.002857142857142857
22980101796_209_Z3,22980101796,209,3,144,165,0,4.45701316008666,0.0875126052251652,10.45,103.41307421380093,50.0,498.6039090546528,0.002857142857142857
22980101796_210_Z3,22980101796,210,3,144,165,0,5.4334597578823605,0.0899981645474095,10.5,106.1298040927421,50.0,545.6750202101907,0.002857142857142857
22980101796_211_Z3,22980101796,211,3,144,165,0,5.604791359795939,0.09273404208129807,10.55,108.93219977264008,50.0,576.4261578215124,0.002857142857142857
22980101796_212_Z3,22980101796,212,3,144,165,0,6.12525458448809,0.09565303210527594,10.6,111.99482706488412,50.0,565.3139511407153,0.002857142857142857
22980101796_213_Z3,22980101796,213,3,144,165,0,6.116319868134582,0.09878487929842532,10.65,115.05298699895141,50.0,540.8653846153838,0.002857142857142857
22980101796_214_Z3,22980101796,214,3,144,165,0,5.251115959177497,0.10163324576860763,10.7,117.67854497854016,50.0,513.1241365699618,0.002857142857142857
22980101796_215_Z3,22980101796,215,3,144,165,0,4.169778563436722,0.10399989439468613,10.75,119.76343426025852,50.0,510.62091503266987,0.002857142857142857
22980101796_216_Z3,22980101796,216,3,144,165,0,2.6035352262336744,0.10567151212922464,10.8,121.06520187337536,50.0,502.10885720025055,0.002857142857142857
22980101796_217_Z3,22980101796,217,3,144,165,0,2.5357446808510815,0.10695070921985814,10.85,122.3330742138009,50.0,515.7706804205529,0.002857142857142857
22980101796_218_Z3,22980101796,218,3,144,165,0,0.8000000000000114,0.10779999999999999,10.9,122.7330742138009,50.0,487.50761730652476,0.002857142857142857
22980101796_219_Z3,22980101796,219,3,144,165,0,0.0,0.10800666666666668,10.95,122.7330742138009,50.0,480.96192384768136,0.002857142857142857
22980101796_220_Z3,22980101796,220,3,144,165,0,-0.7904761904761983,0.10778238095238094,11.0,122.7330742138009,50.0,449.8337570897782,0.002857142857142857
22980101796_221_Z3,22980101796,221,3,144,165,0,-0.7452219227313037,0.10727845642407907,11.05,122.7330742138009,50.0,446.881982530981,0.002857142857142857
22980101796_222_Z3,22980101796,222,3,144,165,0,3.003436806674898,0.10782505369615375,11.1,124.23479261713835,50.0,451.86640471513095,0.002857142857142857
22980101796_223_Z3,22980101796,223,3,144,165,0,6.016954043962727,0.11023684642954062,11.15,127.24326963911972,50.0,488.49989822917775,0.002857142857142857
22980101796_224_Z3,22980101796,224,3,144,165,0,1.2353072625699042,0.11215039106145253,11.2,127.86092327040467,50.0,478.94631810017404,0.002857142857142857
22980101796_225_Z3,22980101796,225,3,144,165,0,0.0,0.11230000000000001,11.25,127.86092327040467,50.0,469.8512137823029,0.002857142857142857
22980101796_226_Z3,22980101796,226,3,144,165,0,0.4000000000000057,0.11241333333333334,11.3,128.06092327040466,50.0,452.67489711935514,0.002857142857142857
22980101796_227_Z3,22980101796,227,3,144,165,0,1.2799999999999727,0.11278666666666667,11.35,128.70092327040464,50.0,456.98390621895555,0.002857142857142857
22980101796_228_Z3,22980101796,228,3,144,165,0,0.47999999999996135,0.11334666666666664,11.4,128.94092327040462,50.0,456.62100456620277,0.002857142857142857
22980101796_229_Z3,22980101796,229,3,144,165,0,0.3935742971887919,0.11345279785809903,11.45,129.137710418999,50.0,467.2897196261744,0.002857142857142857
22980101796_230_Z3,22980101796,230,3,144,165,0,2.6447930497499783,0.11416358112722999,11.5,130.460106943874,50.0,452.5777253049844,0.002857142857142857
22980101796_231_Z3,22980101796,231,3,144,165,0,4.4320664939338315,0.1160224775351618,11.55,132.6761401908409,50.0,463.52277307538236,0.002857142857142857
22980101796_232_Z3,22980101796,232,3,144,165,0,2.2980367473627155,0.11780182141808757,11.6,133.82515856452227,50.0,513.630975898846,0.002857142857142857
22980101796_233_Z3,22980101796,233,3,144,165,0,1.2715294117647318,0.11860807843137253,11.65,134.46092327040463,50.0,482.2182037372045,0.002857142857142857
22980101796_234_Z3,22980101796,234,3,144,165,0,1.5658914728681737,0.11930806201550388,11.7,135.24386900683874,50.0,472.720110301355,0.002857142857142857
22980101796_235_Z3,22980101796,235,3,144,165,0,0.8341085271318889,0.11998155038759689,11.75,135.66092327040468,50.0,482.8973843058279,0.002857142857142857
22980101796_236_Z3,22980101796,236,3,144,165,0,-0.9600000000000932,0.11989333333333332,11.8,135.66092327040468,50.0,465.49281521959256,0.002857142857142857
22980101796_237_Z3,22980101796,237,3,144,165,0,5.684341886080802e-14,0.11960000000000001,11.85,135.6609232704047,50.0,444.53424934330366,0.002857142857142857
22980101796_238_Z3,22980101796,238,3,144,165,0,0.508963317384314,0.11974814460393407,11.9,135.91540492909687,50.0,451.95519748477625,0.002857142857142857
22980101796_239_Z3,22980101796,239,3,144,165,0,0.9382438898228713,0.12013162234004339,11.95,136.38452687400832,50.0,439.73615830501126,0.002857142857142857
22980101796_240_Z3,22980101796,240,3,144,165,0,0.5527927927928147,0.12051165165165167,12.0,136.66092327040474,50.0,461.1991177060451,0.002857142857142857
22980101796_241_Z3,22980101796,241,3,144,165,0,0.399999999999892,0.12073999999999997,12.05,136.86092327040467,50.0,464.2712959224787,0.002857142857142857
22980101796_242_Z3,22980101796,242,3,144,165,0,0.3690663070310336,0.1209845664070801,12.1,137.0454564239202,50.0,440.26415849510283,0.002857142857142857
22980101796_243_Z3,22980101796,243,3,144,165,0,-3.4067995911666458,0.12028475665315408,12.15,137.0454564239202,50.0,449.21874999999363,0.002857142857142857
22980101796_244_Z3,22980101796,244,3,144,165,0,-5.077721199842927,0.11803325464668861,12.2,137.0454564239202,50.0,412.20115416322795,0.002857142857142857
22980101796_245_Z3,22980101796,245,3,144,165,0,-2.731524239425653,0.11603086510863476,12.25,137.0454564239202,50.0,422.9607250755318,0.002857142857142857
22980101796_246_Z3,22980101796,246,3,144,165,0,-2.1814095863343255,0.11489225356702076,12.3,137.0454564239202,50.0,423.6472174080469,0.002857142857142857
22980101796_247_Z3,22980101796,247,3,144,165,0,-2.0441007732308094,0.11382581118981364,12.35,137.0454564239202,50.0,394.4363711853845,0.002857142857142857
22980101796_248_Z3,22980101796,248,3,144,165,0,-3.1543811460382187,0.11248021356267433,12.4,137.0454564239202,50.0,413.0605822187242,0.002857142857142857
22980101796_249_Z3,22980101796,249,3,144,165,0,0.34976877973221576,0.11171242984105911,12.45,137.22034081378632,50.0,398.3270264887542,0.002857142857142857
22980101796_250_Z3,22980101796,250,3,144,165,0,0.5971014492754989,0.11209120772946864,12.5,137.51889153842407,50.0,439.56043956043,0.002857142857142857
22980101796_251_Z3,22980101796,251,3,144,165,0,-1.4699704774509996,0.11193908785503413,12.55,137.51889153842407,50.0,443.9063761097705,0.002857142857142857
22980101796_252_Z3,22980101796,252,3,144,165,0,-1.3734193530576704,0.11101507944861332,12.6,137.51889153842407,50.0,445.88569112281994,0.002857142857142857
22980101796_253_Z3,22980101796,253,3,144,165,0,0.12338983050850061,0.1108158192090395,12.65,137.58058645367834,50.0,422.025723472667,0.002857142857142857
22980101796_254_Z3,22980101796,254,3,144,165,0,-0.27918367346933337,0.11075034013605439,12.7,137.58058645367834,50.0,435.2987732489199,0.002857142857142857
22980101796_255_Z3,22980101796,255,3,144,165,0,-0.040816326530631386,0.11073673469387753,12.75,137.58058645367834,50.0,454.7251878212739,0.002857142857142857
22980101796_256_Z3,22980101796,256,3,144,165,0,-1.6586569656284667,0.11030596111512295,12.8,137.58058645367834,50.0,456.2586788335661,0.002857142857142857
22980101796_257_Z3,22980101796,257,3,144,165,0,-3.4485940303873974,0.10906896007005748,12.85,137.58058645367834,50.0,423.89987888574143,0.002857142857142857
22980101796_258_Z3,22980101796,258,3,144,165,0,-4.368095495823951,0.10702429655123138,12.9,137.58058645367834,50.0,434.78260869564906,0.002857142857142857
22980101796_259_Z3,22980101796,259,3,144,165,0,-4.305580398964423,0.10486681919643319,12.95,137.58058645367834,50.0,414.6796599626826,0.002857142857142857
22980101796_260_Z3,22980101796,260,3,144,165,0,-2.299073109195689,0.10308287239501072,13.0,137.58058645367834,50.0,426.68735453840605,0.002857142857142857
22980101796_261_Z3,22980101796,261,3,144,165,0,0.4118680245844928,0.1027055875805247,13.05,137.78652046597057,50.0,432.18769294093306,0.002857142857142857
22980101796_262_Z3,22980101796,262,3,144,165,0,-0.07594042277460744,0.10287232229903755,13.1,137.78652046597057,50.0,430.8656482569569,0.002857142857142857
22980101796_263_Z3,22980101796,263,3,144,165,0,0.7154557973996134,0.10290455183350322,13.15,138.14424836467037,50.0,448.9795918367347,0.002857142857142857
22980101796_264_Z3,22980101796,264,3,144,165,0,2.1562966007904834,0.10366699446640318,13.2,139.22239666506562,50.0,467.65393608729806,0.002857142857142857
22980101796_265_Z3,22980101796,265,3,144,165,0,2.152320000000003,0.10483397333333334,13.25,140.29855666506563,50.0,479.9040191961587,0.002857142857142857
22980101796_266_Z3,22980101796,266,3,144,165,0,0.5017967541555208,0.1055056428261599,13.3,140.5494550421434,50.0,480.28817290373104,0.002857142857142857
22980101796_267_Z3,22980101796,267,3,144,165,0,0.822422655127184,0.10575929211913164,13.35,140.96066636970698,50.0,468.05046805047357,0.002857142857142857
22980101796_268_Z3,22980101796,268,3,144,165,0,-3.2713555204251463,0.10535862334631498,13.4,140.96066636970698,50.0,448.8680718188934,0.002857142857142857
22980101796_269_Z3,22980101796,269,3,144,165,0,-5.608832322477099,0.10297244758326167,13.45,140.96066636970698,50.0,432.9896907216495,0.002857142857142857
22980101796_270_Z3,22980101796,270,3,144,165,0,-6.31410640130332,0.0999002061095739,13.5,140.96066636970698,50.0,423.38709677419047,0.002857142857142857
22980101796_271_Z3,22980101796,271,3,144,165,0,-2.364407923697854,0.09770491905111277,13.55,140.96066636970698,50.0,428.68277474668986,0.002857142857142857
22980101796_272_Z3,22980101796,272,3,144,165,0,-0.04714245647633675,0.0970523921335298,13.6,140.96066636970698,50.0,430.7692307692308,0.002857142857142857
22980101796_273_Z3,22980101796,273,3,144,165,0,1.7092811783054458,0.09759886836705942,13.65,141.8153069588597,50.0,458.0760804620507,0.002857142857142857
22980101796_274_Z3,22980101796,274,3,144,165,0,3.464193076339626,0.09881428160377363,13.7,143.5474034970295,50.0,487.2344572208195,0.002857142857142857
22980101796_275_Z3,22980101796,275,3,144,165,0,3.4990529212362844,0.10075992742660907,13.75,145.29692995764765,50.0,495.25381758151946,0.002857142857142857
22980101796_276_Z3,22980101796,276,3,144,165,0,-2.7399749584559174,0.10102006454532074,13.8,145.29692995764765,50.0,459.54045954044955,0.002857142857142857
22980101796_277_Z3,22980101796,277,3,144,165,0,-5.330714428107882,0.09884805212719754,13.85,145.29692995764765,50.0,426.43923240938045,0.002857142857142857
22980101796_278_Z3,22980101796,278,3,144,165,0,-4.3005119124954945,0.09636909766756462,13.9,145.29692995764765,50.0,432.55996854110373,0.002857142857142857
22980101796_279_Z3,22980101796,279,3,144,165,0,-2.555619632827643,0.09464549558569543,13.95,145.29692995764765,50.0,438.50490707871074,0.002857142857142857
22980101796_280_Z3,22980101796,280,3,144,165,0,-0.8354571756863436,0.0937322073247049,14.0,145.29692995764765,50.0,436.42134497123715,0.002857142857142857
22980101796_281_Z3,22980101796,281,3,144,165,0,3.0312022337454607,0.09425709799228826,14.05,146.8125310745204,50.0,451.86640471513095,0.002857142857142857
22980101796_282_Z3,22980101796,282,3,144,165,0,2.0005994449583966,0.0958384107308048,14.1,147.8128307969996,50.0,449.43820224718434,0.002857142857142857
22980101796_283_Z3,22980101796,283,3,144,165,0,-1.1122426747720056,0.09595065876393112,14.15,147.8128307969996,50.0,456.43976979559966,0.002857142857142857
22980101796_284_Z3,22980101796,284,3,144,165,0,-3.232413626373699,0.09477055827838826,14.2,147.8128307969996,50.0,462.96296296296026,0.002857142857142857
22980101796_285_Z3,22980101796,285,3,144,165,0,-1.438592472359403,0.09349175570061943,14.25,147.8128307969996,50.0,441.41252006420416,0.002857142857142857
22980101796_286_Z3,22980101796,286,3,144,165,0,-0.1971767584097961,0.09329269806320081,14.3,147.8128307969996,50.0,457.256461232611,0.002857142857142857
22980101796_287_Z3,22980101796,287,3,144,165,0,-0.7481967213115581,0.09291530054644806,14.35,147.8128307969996,50.0,447.90652385588777,0.002857142857142857
22980101796_288_Z3,22980101796,288,3,144,165,0,-0.6918032786884112,0.09263726775956285,14.4,147.8128307969996,50.0,454.7333608929385,0.002857142857142857
22980101796_289_Z3,22980101796,289,3,144,165,0,-0.39999999999994884,0.09231333333333334,14.45,147.8128307969996,50.0,452.4886877828061,0.002857142857142857
22980101796_290_Z3,22980101796,290,3,144,165,0,-0.2400000000000091,0.09218666666666668,14.5,147.8128307969996,50.0,453.20197044334975,0.002857142857142857
22980101796_291_Z3,22980101796,291,3,144,165,0,-0.08000000000004093,0.09211333333333335,14.55,147.8128307969996,50.0,449.5300367797256,0.002857142857142857
22980101796_292_Z3,22980101796,292,3,144,165,0,-0.31172413793115084,0.09198873563218389,14.6,147.8128307969996,50.0,438.1597291376296,0.002857142857142857
22980101796_293_Z3,22980101796,293,3,144,165,0,0.23172413793113833,0.09196206896551722,14.65,147.92869286596516,50.0,452.7559055118013,0.002857142857142857
22980101796_294_Z3,22980101796,294,3,144,165,0,0.5432298274214702,0.09220266226828783,14.7,148.20030777967588,50.0,483.5784807576141,0.002857142857142857
22980101796_295_Z3,22980101796,295,3,144,165,0,-0.06322982742148042,0.09222895264542293,14.75,148.20030777967588,50.0,474.7774480712064,0.002857142857142857
22980101796_296_Z3,22980101796,296,3,144,165,0,0.8799999999999955,0.09252000000000002,14.8,148.64030777967588,50.0,488.20179007323173,0.002857142857142857
22980101796_297_Z3,22980101796,297,3,144,165,0,1.2864000000000146,0.09304106666666667,14.85,149.2835077796759,50.0,476.37951568083326,0.002857142857142857
22980101796_298_Z3,22980101796,298,3,144,165,0,1.194934379905817,0.0936415394034537,14.9,149.8809749696288,50.0,449.5300367797256,0.002857142857142857
22980101796_299_Z3,22980101796,299,3,144,165,0,0.9969562183848097,0.09423721553578697,14.95,150.3794530788212,50.0,499.0019960079804,0.002857142857142857
22980101796_300_Z3,22980101796,300,3,144,165,0,0.9611352390299146,0.09469980970296758,15.0,150.86002069833614,50.0,479.3289394847242,0.002857142857142857
22980101796_301_Z3,22980101796,301,3,144,165,0,0.33473680098651926,0.09505118662582884,15.05,151.02738909882942,50.0,474.1209008297211,0.002857142857142857
22980101796_302_Z3,22980101796,302,3,144,165,0,-1.1741626383070525,0.09485898879220826,15.1,151.02738909882942,50.0,466.9102720259825,0.002857142857142857
22980101796_303_Z3,22980101796,303,3,144,165,0,-1.8233333333333235,0.09408694444444446,15.15,151.02738909882942,50.0,452.6667978744225,0.002857142857142857
22980101796_304_Z3,22980101796,304,3,144,165,0,-2.738436578171161,0.09293457472959686,15.2,151.02738909882942,50.0,448.9795918367347,0.002857142857142857
22980101796_305_Z3,22980101796,305,3,144,165,0,-2.1582300884955146,0.09166592920353982,15.25,151.02738909882942,50.0,436.6812227074305,0.002857142857142857
22980101796_306_Z3,22980101796,306,3,144,165,0,1.3564306418219019,0.09136027467218774,15.3,151.70560441974038,50.0,455.71626708936594,0.002857142857142857
22980101796_307_Z3,22980101796,307,3,144,165,0,2.9635693581780345,0.09258460731538991,15.35,153.18738909882939,50.0,471.40807542528364,0.002857142857142857
22980101796_308_Z4,22980101796,308,4,165,185,0,2.3413919413919473,0.09393511599511599,15.4,154.35808506952537,50.0,486.3813229571962,0.002857142857142857
22980101796_309_Z3,22980101796,309,3,144,165,0,-0.26139194139187794,0.09451557997557997,15.45,154.35808506952537,50.0,446.4285714285655,0.002857142857142857
22980101796_310_Z3,22980101796,310,3,144,165,0,0.7928571428570308,0.09448428571428569,15.5,154.7545136409539,50.0,483.6525440123938,0.002857142857142857
22980101796_311_Z3,22980101796,311,3,144,165,0,0.6471428571429669,0.09495214285714286,15.55,155.07808506952537,50.0,479.52047952046905,0.002857142857142857
22980101796_312_Z3,22980101796,312,3,144,165,0,-0.2895936427668744,0.09504831557401724,15.6,155.07808506952537,50.0,452.6748971193382,0.002857142857142857
22980101796_313_Z3,22980101796,313,3,144,165,0,-2.133023124681074,0.09447147824228454,15.65,155.07808506952537,50.0,450.3622478950486,0.002857142857142857
22980101796_314_Z3,22980101796,314,3,144,165,0,-2.6128166879855144,0.0931692373237272,15.7,155.07808506952537,50.0,433.66844076483716,0.002857142857142857
22980101796_315_Z3,22980101796,315,3,144,165,0,-1.9483005513006333,0.09206540899224233,15.75,155.07808506952537,50.0,411.60732661041243,0.002857142857142857
22980101796_316_Z3,22980101796,316,3,144,165,0,-1.0962659932659164,0.0912998709315376,15.8,155.07808506952537,50.0,413.3858267716595,0.002857142857142857
22980101796_317_Z3,22980101796,317,3,144,165,0,-0.024923076923045073,0.09096502564102565,15.85,155.07808506952537,50.0,422.79041675055305,0.002857142857142857
22980101796_318_Z3,22980101796,318,3,144,165,0,-0.6828188585608927,0.09092762034739452,15.9,155.07808506952537,50.0,438.3343295477142,0.002857142857142857
22980101796_319_Z3,22980101796,319,3,144,165,0,-1.0258003740824506,0.0904437352187649,15.95,155.07808506952537,50.0,463.70967741935146,0.002857142857142857
22980101796_320_Z3,22980101796,320,3,144,165,0,-1.03326991750788,0.08989328077957207,16.0,155.07808506952537,50.0,474.0272565672601,0.002857142857142857
22980101796_321_Z3,22980101796,321,3,144,165,0,-0.7531877729257133,0.08946049490538574,16.05,155.07808506952537,50.0,471.50471504714415,0.002857142857142857
22980101796_322_Z3,22980101796,322,3,144,165,0,-0.31999999999996476,0.08917333333333334,16.1,155.07808506952537,50.0,469.5754255527241,0.002857142857142857
22980101796_323_Z3,22980101796,323,3,144,165,0,-0.2234920634921025,0.08908804232804234,16.15,155.07808506952537,50.0,481.44433299901107,0.002857142857142857
22980101796_324_Z3,22980101796,324,3,144,165,0,-0.6834347657762976,0.08884239050200027,16.2,155.07808506952537,50.0,461.94014862421363,0.002857142857142857
22980101796_325_Z3,22980101796,325,3,144,165,0,-0.6930731707316511,0.08847769105691058,16.25,155.07808506952537,50.0,472.53396337862665,0.002857142857142857
22980101796_326_Z3,22980101796,326,3,144,165,0,-0.6400000000000148,0.08819333333333335,16.3,155.07808506952537,50.0,463.24269889223217,0.002857142857142857
22980101796_327_Z3,22980101796,327,3,144,165,0,-0.6499481865285759,0.08781250431778927,16.35,155.07808506952537,50.0,471.40807542528364,0.002857142857142857
22980101796_328_Z3,22980101796,328,3,144,165,0,-0.6300518134713968,0.08753585492227976,16.4,155.07808506952537,50.0,460.0,0.002857142857142857
22980101796_329_Z3,22980101796,329,3,144,165,0,-0.31999999999993634,0.08724666666666671,16.45,155.07808506952537,50.0,469.29996089167525,0.002857142857142857
22980101796_330_Z3,22980101796,330,3,144,165,0,-1.2000000000001023,0.0869266666666667,16.5,155.07808506952537,50.0,469.77124183007373,0.002857142857142857
22980101796_331_Z3,22980101796,331,3,144,165,0,-0.43630522088355406,0.08648487282463185,16.55,155.07808506952537,50.0,451.1573165947469,0.002857142857142857
22980101796_332_Z3,22980101796,332,3,144,165,0,-0.6787968199327565,0.08619112422479032,16.6,155.07808506952537,50.0,469.1005506832663,0.002857142857142857
22980101796_333_Z3,22980101796,333,3,144,165,0,-0.3387646258503878,0.08596714376417232,16.65,155.07808506952537,50.0,475.341651812225,0.002857142857142857
22980101796_334_Z3,22980101796,334,3,144,165,0,-0.18234385964913713,0.0858185029239766,16.7,155.07808506952537,50.0,468.90927624873274,0.002857142857142857
22980101796_335_Z3,22980101796,335,3,144,165,0,-0.545204294157827,0.08565170825459366,16.75,155.07808506952537,50.0,457.07472178060675,0.002857142857142857
22980101796_336_Z3,22980101796,336,3,144,165,0,-0.6985851795263045,0.08536853170359053,16.8,155.07808506952537,50.0,463.9903167238276,0.002857142857142857
22980101796_337_Z3,22980101796,337,3,144,165,0,-0.8398283261803385,0.08493673819742488,16.85,155.07808506952537,50.0,470.2194357366691,0.002857142857142857
22980101796_338_Z3,22980101796,338,3,144,165,0,-0.8555324214831899,0.0845270208482077,16.9,155.07808506952537,50.0,467.8600488201804,0.002857142857142857
22980101796_339_Z3,22980101796,339,3,144,165,0,-1.0246392523365273,0.08404864641744549,16.95,155.07808506952537,50.0,474.02725656724306,0.002857142857142857
22980101796_340_Z3,22980101796,340,3,144,165,0,-0.9189153439153586,0.08358307098765429,17.0,155.07808506952537,50.0,486.4207539521672,0.002857142857142857
22980101796_341_Z3,22980101796,341,3,144,165,0,-1.321771351363651,0.08301069022450816,17.05,155.07808506952537,50.0,479.8080767692881,0.002857142857142857
22980101796_342_Z3,22980101796,342,3,144,165,0,-0.9593133047208653,0.08240643776824033,17.1,155.07808506952537,50.0,465.83850931676625,0.002857142857142857
22980101796_343_Z3,22980101796,343,3,144,165,0,-0.37162649115603585,0.08214691238173594,17.15,155.07808506952537,50.0,459.08183632735864,0.002857142857142857
22980101796_344_Z3,22980101796,344,3,144,165,0,-0.955102480806687,0.08176113730103504,17.2,155.07808506952537,50.0,473.5433395099884,0.002857142857142857
22980101796_345_Z3,22980101796,345,3,144,165,0,-0.417886412652706,0.0814507213036185,17.25,155.07808506952537,50.0,477.51691205731726,0.002857142857142857
22980101796_346_Z3,22980101796,346,3,144,165,0,-0.8153846153846871,0.0810997435897436,17.3,155.07808506952537,50.0,469.1164972634551,0.002857142857142857
22980101796_347_Z3,22980101796,347,3,144,165,0,-0.6961702127659066,0.08077730496453898,17.35,155.07808506952537,50.0,467.2897196261917,0.002857142857142857
22980101796_348_Z3,22980101796,348,3,144,165,0,-1.0638297872340559,0.08026794326241136,17.4,155.07808506952537,50.0,465.39862403883285,0.002857142857142857
22980101796_349_Z3,22980101796,349,3,144,165,0,-0.3977142857143292,0.07994019047619047,17.45,155.07808506952537,50.0,481.9277108433805,0.002857142857142857
22980101796_350_Z3,22980101796,350,3,144,165,0,0.11568038740918496,0.07984411622276028,17.5,155.13592526322998,50.0,483.55899419728524,0.002857142857142857
22980101796_351_Z3,22980101796,351,3,144,165,0,0.4420338983051977,0.08000248587570621,17.55,155.3569422123826,50.0,502.51256281407035,0.002857142857142857
22980101796_352_Z3,22980101796,352,3,144,165,0,0.2300990099009823,0.08018584158415847,17.6,155.47199171733308,50.0,500.90162292125973,0.002857142857142857
22980101796_353_Z3,22980101796,353,3,144,165,0,1.2193391923460695,0.08049156747135386,17.65,156.08166131350612,50.0,508.543531326283,0.002857142857142857
22980101796_354_Z3,22980101796,354,3,144,165,0,1.1905617977529062,0.08116902621722845,17.7,156.67694221238258,50.0,488.10250152533763,0.002857142857142857
22980101796_355_Z3,22980101796,355,3,144,165,0,1.675809523809562,0.08184009523809524,17.75,157.51484697428737,50.0,490.19607843137254,0.002857142857142857
22980101796_356_Z3,22980101796,356,3,144,165,0,2.550331140566101,0.0829097817269405,17.8,158.7900125445704,50.0,488.79837067207603,0.002857142857142857
22980101796_357_Z3,22980101796,357,3,144,165,0,1.1192525732343483,0.08391034994316836,17.85,159.34963883118758,50.0,491.8355301987199,0.002857142857142857
22980101796_358_Z3,22980101796,358,3,144,165,0,-1.968719591319342,0.08362378222823662,17.9,159.34963883118758,50.0,476.56870532167835,0.002857142857142857
22980101796_359_Z3,22980101796,359,3,144,165,0,-0.8566736462907159,0.0829246660662689,17.95,159.34963883118758,50.0,476.7580452920129,0.002857142857142857
22980101796_360_Z3,22980101796,360,3,144,165,0,-1.0000000000002003,0.08269999999999998,18.0,159.34963883118758,5.959999999999127,558.659217877201,0.002857142857142857
23059351180_8_Z4,23059351180,8,4,165,185,0,1.7812009423913082,0.07157070841107739,0.4,1.2781904164442608,50.0,335.30571992110424,0.011111111111111112
23059351180_9_Z4,23059351180,9,4,165,185,0,3.943825799300896,0.07296209318214111,0.45,3.250103316094709,50.0,350.87719298245645,0.011111111111111112
23059351180_10_Z4,23059351180,10,4,165,185,0,5.069945934216122,0.07534898136323148,0.5,5.78507628320277,50.0,346.6557911908649,0.011111111111111112
23059351180_11_Z4,23059351180,11,4,165,185,0,2.097579617834384,0.07725853503184714,0.55,6.833866092119962,50.0,328.00328003279975,0.011111111111111112
23059351180_12_Z4,23059351180,12,4,165,185,0,0.0,0.07764666666666668,0.6,6.833866092119962,50.0,348.97246994959335,0.011111111111111112
23059351180_13_Z4,23059351180,13,4,165,185,0,-0.06543209876545575,0.0776448559670782,0.65,6.833866092119962,50.0,331.1943696957148,0.011111111111111112
23059351180_14_Z4,23059351180,14,4,165,185,0,0.6013613023052073,0.0776810710513857,0.7,7.1345467432725655,50.0,326.5462927391475,0.011111111111111112
23059351180_15_Z4,23059351180,15,4,165,185,0,0.9378407645113214,0.07827422568727792,0.75,7.603467125528226,50.0,318.2179793158308,0.011111111111111112
23059351180_16_Z4,23059351180,16,4,165,185,0,-0.7628904892237358,0.07811788745390653,0.8,7.603467125528226,50.0,316.72297297297365,0.011111111111111112
23059351180_17_Z4,23059351180,17,4,165,185,0,1.0938012177757912,0.07818669096543344,0.85,8.150367734416122,50.0,319.29754540011965,0.011111111111111112
23059351180_18_Z4,23059351180,18,4,165,185,0,0.38574127560363536,0.07877586106738244,0.9,8.34323837221794,50.0,317.775571002979,0.011111111111111112
23059351180_19_Z4,23059351180,19,4,165,185,0,0.2867364977385023,0.07873001511357773,0.95,8.48660662108719,50.0,319.1065017949742,0.011111111111111112
23059351180_20_Z4,23059351180,20,4,165,185,0,0.8028415300547351,0.07905976320582879,1.0,8.888027386114558,50.0,313.84856806590807,0.011111111111111112
23059351180_21_Z4,23059351180,21,4,165,185,0,0.9078362573098673,0.07952844054580896,1.05,9.341945514769492,50.0,302.66343825665894,0.011111111111111112
23059351180_22_Z4,23059351180,22,4,165,185,0,1.2253969080588547,0.07997730106734743,1.1,9.95464396879892,50.0,314.77473932716805,0.011111111111111112
23059351180_23_Z4,23059351180,23,4,165,185,0,1.2873223136745366,0.08073334303773823,1.15,10.598305125636188,50.0,307.4400491904081,0.011111111111111112
23059351180_24_Z4,23059351180,24,4,165,185,0,1.3447005580059397,0.08128636975788761,1.2,11.270655404639157,50.0,306.8072866730593,0.011111111111111112
23059351180_25_Z4,23059351180,25,4,165,185,0,1.9073819997605312,0.08215614556980579,1.25,12.224346404519423,50.0,316.92372702302873,0.011111111111111112
23059351180_26_Z4,23059351180,26,4,165,185,0,1.2946200471525344,0.08292908931557316,1.3,12.87165642809569,50.0,309.8373353989163,0.011111111111111112
23059351180_27_Z4,23059351180,27,4,165,185,0,1.797940906757475,0.08373202800722514,1.35,13.770626881474428,50.0,308.26140567200935,0.011111111111111112
23059351180_28_Z4,23059351180,28,4,165,185,0,1.9247193481042189,0.08462523092473681,1.4,14.732986555526537,50.0,313.72549019607845,0.011111111111111112
23059351180_29_Z4,23059351180,29,4,165,185,0,1.1794529098104363,0.08537859352104124,1.45,15.322713010431755,50.0,321.1561621838623,0.011111111111111112
23059351180_30_Z4,23059351180,30,4,165,185,0,1.3725641523801642,0.08615536036256301,1.5,16.008995086621837,50.0,319.6164602477031,0.011111111111111112
23059351180_31_Z4,23059351180,31,4,165,185,0,2.043802103455903,0.08677271738785305,1.55,17.03089613834979,50.0,311.95164749463714,0.011111111111111112
23059351180_32_Z4,23059351180,32,4,165,185,0,1.9244439269953943,0.08800560065031514,1.6,17.993118101847486,50.0,324.0178209801547,0.011111111111111112
23059351180_33_Z4,23059351180,33,4,165,185,0,1.2619614256769864,0.0887057088870597,1.65,18.62409881468598,50.0,314.77473932716947,0.011111111111111112
23059351180_34_Z4,23059351180,34,4,165,185,0,-0.4401863070810066,0.08891917926085163,1.7,18.62409881468598,50.0,315.72300568301415,0.011111111111111112
23059351180_35_Z4,23059351180,35,4,165,185,0,3.3993834982862268,0.08958636796778816,1.75,20.323790563829093,50.0,340.0,0.011111111111111112
23059351180_36_Z4,23059351180,36,4,165,185,0,1.5506317826378222,0.09091629640926406,1.8,21.099106455148004,50.0,328.3120896098867,0.011111111111111112
23059351180_37_Z4,23059351180,37,4,165,185,0,-0.4415746012443833,0.09111082279219786,1.85,21.099106455148004,50.0,325.60032560032647,0.011111111111111112
23059351180_38_Z4,23059351180,38,4,165,185,0,-0.2630229680626428,0.0911390707970055,1.9,21.099106455148004,50.0,321.2851405622493,0.011111111111111112
23059351180_39_Z4,23059351180,39,4,165,185,0,0.2877660891982998,0.0908818023657153,1.95,21.242989499747154,50.0,308.3445750626319,0.011111111111111112
23059351180_40_Z4,23059351180,40,4,165,185,0,1.307569704890625,0.09138945799583559,2.0,21.896774352192466,50.0,313.02170283806447,0.011111111111111112
23059351180_41_Z4,23059351180,41,4,165,185,0,2.2401252434895866,0.09235119029387262,2.05,23.01683697393726,50.0,300.90270812437365,0.011111111111111112
23059351180_42_Z4,23059351180,42,4,165,185,0,2.753035660041121,0.0933855642855628,2.1,24.39335480395782,50.0,310.6796116504854,0.011111111111111112
23059351180_43_Z4,23059351180,43,4,165,185,0,1.8111243068130705,0.09470433672965355,2.15,25.298916957364355,50.0,314.92756665966755,0.011111111111111112
23059351180_44_Z4,23059351180,44,4,165,185,0,0.8235830533284343,0.09545430325312868,2.2,25.710708484028572,50.0,316.957210776545,0.011111111111111112
23059351180_45_Z4,23059351180,45,4,165,185,0,-1.442015126240534,0.09513766227859673,2.25,25.710708484028572,50.0,302.54134731746717,0.011111111111111112
23059351180_46_Z4,23059351180,46,4,165,185,0,-0.21103844072425204,0.0947563166140621,2.3,25.710708484028572,50.0,301.02347983142454,0.011111111111111112
23059351180_47_Z4,23059351180,47,4,165,185,0,-0.8610136044991634,0.09460073590284361,2.35,25.710708484028572,50.0,306.49775234981576,0.011111111111111112
23059351180_48_Z4,23059351180,48,4,165,185,0,-4.393346089168119,0.0931550303513125,2.4,25.710708484028572,50.0,301.9931548218236,0.011111111111111112
23059351180_49_Z4,23059351180,49,4,165,185,0,0.8226877221524376,0.09215906583389036,2.45,26.12205234510479,50.0,304.0745996351109,0.011111111111111112
23059351180_50_Z4,23059351180,50,4,165,185,0,2.6761233460096605,0.09307423316980949,2.5,27.46011401810962,50.0,304.87804878048894,0.011111111111111112
23059351180_51_Z5,23059351180,51,5,185,206,0,1.6663275312989754,0.09421868196946723,2.55,28.29327778375911,50.0,314.8897885739988,0.011111111111111112
23059351180_52_Z5,23059351180,52,5,185,206,0,-0.14891250480783924,0.09469419192500135,2.6,28.29327778375911,50.0,317.96502384737863,0.011111111111111112
23059351180_53_Z5,23059351180,53,5,185,206,0,0.28910985068927175,0.09470297498031183,2.65,28.437832709103745,50.0,310.3662321539392,0.011111111111111112
23059351180_55_Z5,23059351180,55,5,185,206,0,0.926323061427837,0.09450468964157532,2.75,28.900994239817663,50.0,319.2338387869121,0.011111111111111112
23059351180_56_Z5,23059351180,56,5,185,206,0,-0.16616304834190032,0.09457762488060883,2.8,28.900994239817663,50.0,297.5385447660245,0.011111111111111112
23059351180_57_Z4,23059351180,57,4,165,185,0,1.104763446387608,0.09491384576912522,2.85,29.453375963011467,50.0,308.8326127239026,0.011111111111111112
23059351180_58_Z4,23059351180,58,4,165,185,0,-0.8140370043608698,0.09497793956046781,2.9,29.453375963011467,50.0,312.6832128200113,0.011111111111111112
23059351180_59_Z4,23059351180,59,4,165,185,0,-0.7663250624216573,0.09478515432058725,2.95,29.453375963011467,50.0,316.6098392596205,0.011111111111111112
23059351180_60_Z4,23059351180,60,4,165,185,0,-1.2658527902247272,0.09388931854946873,3.0,29.453375963011467,50.0,313.8309796009854,0.011111111111111112
23059351180_61_Z4,23059351180,61,4,165,185,0,-2.907696295636356,0.09311366350879989,3.05,29.453375963011467,50.0,310.1977510663052,0.011111111111111112
23059351180_62_Z4,23059351180,62,4,165,185,0,-0.6705764054365488,0.0919893450165461,3.1,29.453375963011467,50.0,325.732899022799,0.011111111111111112
23059351180_63_Z4,23059351180,63,4,165,185,0,1.6428542510063835,0.09239944748226799,3.15,30.27480308851466,50.0,299.2817238627301,0.011111111111111112
23059351180_64_Z4,23059351180,64,4,165,185,0,1.4880616997964466,0.09309041276085223,3.2,31.018833938412882,50.0,307.83802983660894,0.011111111111111112
23059351180_65_Z5,23059351180,65,5,185,206,0,-0.9027967992113588,0.09349580956522799,3.25,31.018833938412882,50.0,309.8373353989163,0.011111111111111112
23059351180_66_Z5,23059351180,66,5,185,206,0,-0.24044015751044867,0.09284709123847609,3.3,31.018833938412882,50.0,309.72537683253995,0.011111111111111112
23059351180_67_Z5,23059351180,67,5,185,206,0,1.027507325837803,0.09321747941051374,3.35,31.532587601331784,50.0,298.0222162015799,0.011111111111111112
23059351180_69_Z5,23059351180,69,5,185,206,0,0.5128629879425262,0.09482083515972152,3.45,32.9968046293847,50.0,309.53363598844385,0.011111111111111112
23059351180_70_Z5,23059351180,70,5,185,206,0,-0.7239958602368404,0.09500699954433467,3.5,32.9968046293847,50.0,305.6351480420254,0.011111111111111112
23059351180_71_Z5,23059351180,71,5,185,206,0,-2.985609373190954,0.09370022089270635,3.55,32.9968046293847,50.0,316.26803716149345,0.011111111111111112
23059351180_72_Z5,23059351180,72,5,185,206,0,-2.7010488780865103,0.09248802428578747,3.6,32.9968046293847,50.0,307.7554370127219,0.011111111111111112
23059351180_73_Z5,23059351180,73,5,185,206,0,-2.075237608075213,0.09109942109771559,3.65,32.9968046293847,50.0,303.29289428076055,0.011111111111111112
23059351180_74_Z4,23059351180,74,4,165,185,0,-0.6539244087531131,0.09050317349931179,3.7,32.9968046293847,50.0,301.8716039444553,0.011111111111111112
23059351180_75_Z4,23059351180,75,4,165,185,0,2.5333250574929878,0.09083717229895312,3.75,34.26346715813119,50.0,315.8310303987376,0.011111111111111112
23059351180_76_Z4,23059351180,76,4,165,185,0,-0.6279354547893377,0.09169860320709294,3.8,34.26346715813119,50.0,306.3569057952509,0.011111111111111112
23059351180_77_Z5,23059351180,77,5,185,206,0,-1.7529275966246871,0.09083904281696009,3.85,34.26346715813119,50.0,307.81859224297136,0.011111111111111112
23059351180_78_Z5,23059351180,78,5,185,206,0,-0.799999999999983,0.09025333333333332,3.9,34.26346715813119,50.0,307.6923076923077,0.011111111111111112
23059351180_79_Z4,23059351180,79,4,165,185,0,-0.6416827386692887,0.08985111660237863,3.95,34.26346715813119,50.0,298.7132352941178,0.011111111111111112
23059351180_80_Z4,23059351180,80,4,165,185,0,-2.67498309675301,0.08912052742885405,4.0,34.26346715813119,50.0,317.8206583427943,0.011111111111111112
23059351180_81_Z4,23059351180,81,4,165,185,0,-2.307218646985689,0.0878411307021269,4.05,34.26346715813119,50.0,318.7250996015919,0.011111111111111112
23059351180_82_Z4,23059351180,82,4,165,185,0,-2.776115517592018,0.08644277540505728,4.1,34.26346715813119,50.0,312.8666405944502,0.011111111111111112
23059351180_83_Z4,23059351180,83,4,165,185,0,-0.7283257525987779,0.08565566295343433,4.15,34.26346715813119,50.0,308.83261272390547,0.011111111111111112
23059351180_84_Z4,23059351180,84,4,165,185,0,-2.2103198213839903,0.08493883416871047,4.2,34.26346715813119,50.0,293.88714733541815,0.011111111111111112
23059351180_85_Z4,23059351180,85,4,165,185,0,-0.6796196275859359,0.08421213039455709,4.25,34.26346715813119,50.0,301.02347983142727,0.011111111111111112
23059351180_86_Z4,23059351180,86,4,165,185,0,-1.261734798431263,0.0836374208858896,4.3,34.26346715813119,50.0,312.56511773286246,0.011111111111111112
23059351180_87_Z4,23059351180,87,4,165,185,0,-1.827709121479586,0.0831194843771893,4.35,34.26346715813119,50.0,302.91556228701415,0.011111111111111112
23059351180_88_Z4,23059351180,88,4,165,185,0,-2.864423842509325,0.08163750179821254,4.4,34.26346715813119,50.0,293.13232830820635,0.011111111111111112
23059351180_89_Z4,23059351180,89,4,165,185,0,1.5436993988279255,0.08125011468341364,4.45,35.035316857545155,50.0,322.82567413596746,0.011111111111111112
23059351180_91_Z4,23059351180,91,4,165,185,0,-1.348731038326207,0.0816627304268714,4.55,35.2043571463617,50.0,294.21379535794995,0.011111111111111112
23059351180_92_Z4,23059351180,92,4,165,185,0,-1.3739621279920868,0.08098544667945166,4.6,35.2043571463617,50.0,298.6065029860618,0.011111111111111112
23059351180_93_Z4,23059351180,93,4,165,185,0,-1.7951306417339765,0.08017136092931008,4.65,35.2043571463617,50.0,288.6280546469153,0.011111111111111112
23059351180_94_Z4,23059351180,94,4,165,185,0,-0.16649541641064047,0.0796616927302259,4.7,35.2043571463617,50.0,298.6263189329058,0.011111111111111112
23059351180_95_Z4,23059351180,95,4,165,185,0,0.9314727763204189,0.07981362762196194,4.75,35.67009353452191,50.0,295.4209748892151,0.011111111111111112
23059351180_96_Z4,23059351180,96,4,165,185,0,2.8497323869597437,0.08080975502145712,4.8,37.09495972800178,50.0,309.5975232198198,0.011111111111111112
23059351180_97_Z5,23059351180,97,5,185,206,0,1.942488694855598,0.08210881112149858,4.85,38.06620407542958,50.0,306.6230580539652,0.011111111111111112
23059351180_98_Z5,23059351180,98,5,185,206,0,0.20579103397031417,0.08255247850419098,4.9,38.16909959241474,50.0,306.0599877575991,0.011111111111111112
23059351180_99_Z5,23059351180,99,5,185,206,0,0.6091639280718368,0.08279549943542815,4.95,38.47368155645066,50.0,292.91154071470396,0.011111111111111112
23059351180_100_Z5,23059351180,100,5,185,206,0,-0.22153002818451403,0.08291223684210525,5.0,38.47368155645066,12.5600000000004,322.84100080709396,0.011111111111111112
23064485029_6_Z2,23064485029,6,2,124,144,0,2.5741580227942222,0.0758198655397618,0.3,2.287079011397097,50.0,466.7444574095681,0.0038022813688212928
23064485029_7_Z2,23064485029,7,2,124,144,0,1.8762871599299729,0.07709394658348466,0.35,3.2252225913620833,50.0,497.8096375945841,0.0038022813688212928
23064485029_8_Z2,23064485029,8,2,124,144,0,-1.0846719868479227,0.0770599327784818,0.4,3.2252225913620833,50.0,466.5314401622717,0.0038022813688212928
23064485029_9_Z2,23064485029,9,2,124,144,0,1.2855973624994022,0.0770376192718963,0.45,3.8680212726117844,50.0,484.06615570794634,0.0038022813688212928
23064485029_10_Z2,23064485029,10,2,124,144,0,1.78929242504978,0.07792295313683148,0.5,4.762667485136674,50.0,482.70313757039395,0.0038022813688212928
23064485029_11_Z2,23064485029,11,2,124,144,0,1.825224361863775,0.07893790003800466,0.55,5.675279666068562,50.0,474.58967767451117,0.0038022813688212928
23064485029_12_Z2,23064485029,12,2,124,144,0,0.4374629085178583,0.07937387715026568,0.6,5.894011120327491,50.0,479.23322683706033,0.0038022813688212928
23064485029_13_Z2,23064485029,13,2,124,144,0,1.5657599841112528,0.07986683823742406,0.65,6.676891112383117,50.0,456.25867883356506,0.0038022813688212928
23064485029_14_Z2,23064485029,14,2,124,144,0,5.124418025923205,0.08145888379984784,0.7,9.23910012534472,50.0,509.1649694501016,0.0038022813688212928
23064485029_15_Z2,23064485029,15,2,124,144,0,-3.162930007690562,0.08253653253260766,0.75,9.23910012534472,50.0,460.0,0.0038022813688212928
23064485029_16_Z2,23064485029,16,2,124,144,0,-7.182302094038164,0.07930913919987886,0.8,9.23910012534472,50.0,463.5482511588714,0.0038022813688212928
23064485029_17_Z2,23064485029,17,2,124,144,0,-2.0600008248391077,0.07701520541202725,0.85,9.23910012534472,50.0,474.777448071216,0.0038022813688212928
23064485029_18_Z2,23064485029,18,2,124,144,0,0.7717046627263073,0.07687804421928261,0.9,9.624952456707874,50.0,496.22866216752686,0.0038022813688212928
23064485029_19_Z2,23064485029,19,2,124,144,0,0.2887977447349783,0.07711032705028284,0.95,9.769351329075363,50.0,454.7251878212739,0.0038022813688212928
23064485029_20_Z2,23064485029,20,2,124,144,0,0.22763418014767467,0.07722377448249156,1.0,9.8831684191492,50.0,483.57848075760523,0.0038022813688212928
23064485029_21_Z2,23064485029,21,2,124,144,0,2.617568075117333,0.07784767996870108,1.05,11.191952456707867,50.0,486.12517723313863,0.0038022813688212928
23064485029_22_Z2,23064485029,22,2,124,144,0,4.840211570673858,0.07979065599364342,1.1,13.612058242044796,50.0,540.1080216043208,0.0038022813688212928
23064485029_23_Z2,23064485029,23,2,124,144,0,6.636799484315617,0.08259089139156699,1.15,16.930457984202604,50.0,576.5407554671973,0.0038022813688212928
23064485029_24_Z2,23064485029,24,2,124,144,0,3.5729143529359533,0.08545361831767563,1.2,18.71691516067058,50.0,529.208223081619,0.0038022813688212928
23064485029_25_Z2,23064485029,25,2,124,144,0,0.35398237688937684,0.08627129078595874,1.25,18.89390634911527,50.0,494.16880806483573,0.0038022813688212928
23064485029_26_Z2,23064485029,26,2,124,144,0,-0.5379077848147347,0.08612157142035703,1.3,18.89390634911527,50.0,508.0109417741299,0.0038022813688212928
23064485029_27_Z2,23064485029,27,2,124,144,0,0.15999999999993975,0.08615333333333336,1.35,18.97390634911524,50.0,524.2992538818319,0.0038022813688212928
23064485029_28_Z2,23064485029,28,2,124,144,0,-1.477647058823493,0.08575764705882352,1.4,18.97390634911524,50.0,482.8973843058346,0.0038022813688212928
23064485029_29_Z2,23064485029,29,2,124,144,0,-0.6256256684492314,0.08519383244206775,1.45,18.97390634911524,50.0,500.8012820512813,0.0038022813688212928
23064485029_30_Z2,23064485029,30,2,124,144,0,0.023272727272740212,0.08504472727272729,1.5,18.98554271275161,50.0,492.12598425196893,0.0038022813688212928
23064485029_31_Z2,23064485029,31,2,124,144,0,0.19130434782607608,0.08522521739130436,1.55,19.081194886664647,50.0,501.4039310068201,0.0038022813688212928
23064485029_32_Z2,23064485029,32,2,124,144,0,-1.7913043478260704,0.08461043478260873,1.6,19.081194886664647,50.0,476.8527717067341,0.0038022813688212928
23064485029_33_Z2,23064485029,33,2,124,144,0,2.1170913770913558,0.08472062205062206,1.65,20.139740575210325,50.0,483.77343277565103,0.0038022813688212928
23064485029_34_Z2,23064485029,34,2,124,144,0,4.972684339427133,0.08646726479081047,1.7,22.62608274492389,50.0,544.5744251714409,0.0038022813688212928
23064485029_35_Z2,23064485029,35,2,124,144,0,8.902729716077062,0.09003310968323963,1.75,27.077447602962422,50.0,583.8198498748953,0.0038022813688212928
23064485029_36_Z3,23064485029,36,3,144,165,0,7.089421982217289,0.09413028176911775,1.8,30.622158594071067,50.0,585.9375000000009,0.0038022813688212928
23064485029_37_Z3,23064485029,37,3,144,165,0,2.1923873059992616,0.0965688979034536,1.85,31.718352247070698,50.0,526.1027923917435,0.0038022813688212928
23064485029_38_Z3,23064485029,38,3,144,165,0,-2.4018279626972117,0.09647024827342454,1.9,31.718352247070698,50.0,528.5627159991863,0.0038022813688212928
23064485029_39_Z2,23064485029,39,2,124,144,0,-4.870661971790099,0.09432506997149837,1.95,31.718352247070698,50.0,474.7626186906576,0.0038022813688212928
23064485029_40_Z2,23064485029,40,2,124,144,0,0.84935230895573,0.09345537891683431,2.0,32.14302840154856,50.0,429.9394176275174,0.0038022813688212928
23064485029_41_Z2,23064485029,41,2,124,144,0,0.6688229047194625,0.0938963449584413,2.05,32.477439853908294,50.0,444.3546758230641,0.0038022813688212928
23064485029_42_Z2,23064485029,42,2,124,144,0,0.5590463140586621,0.09420456015346672,2.1,32.756963010937625,50.0,482.41206030150755,0.0038022813688212928
23064485029_43_Z2,23064485029,43,2,124,144,0,-1.065505458027559,0.0940683482175704,2.15,32.756963010937625,50.0,493.31963001027657,0.0038022813688212928
23064485029_44_Z2,23064485029,44,2,124,144,0,-1.3775218986851314,0.09343872486645644,2.2,32.756963010937625,50.0,471.7908393945361,0.0038022813688212928
23064485029_45_Z2,23064485029,45,2,124,144,0,3.7209849739596166,0.09388426372925214,2.25,34.61745549791743,50.0,511.50895140665034,0.0038022813688212928
23064485029_47_Z2,23064485029,47,2,124,144,0,3.3802945241287716,0.09674541298080158,2.35,37.321950535261635,50.0,560.785099138791,0.0038022813688212928
23064485029_48_Z2,23064485029,48,2,124,144,0,2.51400599400597,0.09837281718281718,2.4,38.57895353226462,50.0,528.6701911346094,0.0038022813688212928
23064485029_49_Z2,23064485029,49,2,124,144,0,1.9289320388350006,0.0993622330097087,2.45,39.54341955168212,50.0,537.9557680812906,0.0038022813688212928
23064485029_50_Z2,23064485029,50,2,124,144,0,0.7654971849093215,0.10027797121366613,2.5,39.92616814413678,50.0,517.3099880620749,0.0038022813688212928
23064485029_51_Z2,23064485029,51,2,124,144,0,-0.5887015363285002,0.10002974456833147,2.55,39.92616814413678,50.0,509.5801059926626,0.0038022813688212928
23064485029_52_Z2,23064485029,52,2,124,144,0,-6.317154012482661,0.09867895643402896,2.6,39.92616814413678,50.0,494.75559073817783,0.0038022813688212928
23064485029_53_Z2,23064485029,53,2,124,144,0,-5.46857367493314,0.09516325942006215,2.65,39.92616814413678,50.0,497.8096375945813,0.0038022813688212928
23064485029_54_Z2,23064485029,54,2,124,144,0,3.895943222459266,0.09476437818027843,2.7,41.874139755366414,50.0,533.8078291814954,0.0038022813688212928
23064485029_55_Z2,23064485029,55,2,124,144,0,5.63059612392334,0.09767033921622333,2.75,44.689437817328084,50.0,525.8899676375398,0.0038022813688212928
23064485029_56_Z3,23064485029,56,3,144,165,0,0.6911720964034487,0.09895280912838353,2.8,45.03502386552981,50.0,525.4648342764751,0.0038022813688212928
23064485029_57_Z2,23064485029,57,2,124,144,0,2.8903911213164974,0.09988060466896286,2.85,46.48021942618806,50.0,521.3764337851949,0.0038022813688212928
23064485029_58_Z3,23064485029,58,3,144,165,0,5.330871794871825,0.10190567521367522,2.9,49.14565532362397,50.0,540.0254129606096,0.0038022813688212928
23064485029_59_Z3,23064485029,59,3,144,165,0,4.537792259313022,0.1045851032010966,2.95,51.41455145328048,50.0,546.9078670593188,0.0038022813688212928
23064485029_60_Z3,23064485029,60,3,144,165,0,-0.662480904001626,0.10542739488216188,3.0,51.41455145328048,50.0,520.1040208041632,0.0038022813688212928
23064485029_61_Z2,23064485029,61,2,124,144,0,2.7087406233480635,0.10565508520294645,3.05,52.76892176495451,50.0,528.4926470588238,0.0038022813688212928
23064485029_63_Z3,23064485029,63,3,144,165,0,4.29590939122221,0.11315313575585968,3.15,60.29740859613757,50.0,539.352776667999,0.0038022813688212928
23064485029_64_Z3,23064485029,64,3,144,165,0,1.5698181818182206,0.11458742424242421,3.2,61.08231768704668,50.0,517.4129353233831,0.0038022813688212928
23064485029_65_Z2,23064485029,65,2,124,144,0,3.842264989718558,0.11564425614895726,3.25,63.00345018190596,50.0,534.7593582887688,0.0038022813688212928
23064485029_66_Z3,23064485029,66,3,144,165,0,10.909232885835737,0.11929068817712947,3.3,68.45806662482383,50.0,622.4988883948419,0.0038022813688212928
23064485029_67_Z3,23064485029,67,3,144,165,0,17.093600130729925,0.126590542556551,3.35,77.00486669018879,50.0,717.9896290386935,0.0038022813688212928
23064485029_68_Z3,23064485029,68,3,144,165,0,5.899560799345295,0.1327385685055942,3.4,79.95464708986144,50.0,604.5949214026615,0.0038022813688212928
23064485029_69_Z3,23064485029,69,3,144,165,0,1.260574317539465,0.1340137562504956,3.45,80.58493424863117,50.0,538.9221556886189,0.0038022813688212928
23064485029_70_Z3,23064485029,70,3,144,165,0,10.441436778699995,0.1366355609881214,3.5,85.80565263798117,50.0,654.8918436197674,0.0038022813688212928
23064485029_71_Z3,23064485029,71,3,144,165,0,13.36427957188306,0.14303602352276232,3.55,92.4877924239227,50.0,671.6712761754262,0.0038022813688212928
23064485029_72_Z3,23064485029,72,3,144,165,0,13.79608697145926,0.1498004101617478,3.6,99.38583590965233,50.0,664.5187273459544,0.0038022813688212928
23064485029_73_Z4,23064485029,73,4,165,185,0,6.659361589186744,0.15519969161102845,3.65,102.7155167042457,50.0,569.3581780538321,0.0038022813688212928
23064485029_74_Z3,23064485029,74,3,144,165,0,3.590665236617099,0.1573406630703345,3.7,104.51084932255425,50.0,557.6679340937858,0.0038022813688212928
23064485029_75_Z3,23064485029,75,3,144,165,0,5.941601910737461,0.1597609903410313,3.75,107.48165027792298,50.0,564.8577768811814,0.0038022813688212928
23064485029_76_Z3,23064485029,76,3,144,165,0,9.169930229171769,0.16344884687350167,3.8,112.06661539250887,50.0,587.9967558799656,0.0038022813688212928
23064485029_77_Z3,23064485029,77,3,144,165,0,12.114012469791419,0.16891749705426307,3.85,118.12362162740457,50.0,637.3232423819951,0.0038022813688212928
23064485029_78_Z3,23064485029,78,3,144,165,0,7.663087266094067,0.17406196532138873,3.9,121.95516526045161,50.0,576.1970991456396,0.0038022813688212928
23064485029_79_Z3,23064485029,79,3,144,165,0,7.063852279571904,0.17737697206978953,3.95,125.48709140023756,50.0,576.5407554671999,0.0038022813688212928
23064485029_80_Z3,23064485029,80,3,144,165,0,10.008509431623168,0.18189703652932313,4.0,130.49134611604916,50.0,599.2808629644379,0.0038022813688212928
23064485029_81_Z3,23064485029,81,3,144,165,0,7.758809218908993,0.18624187910171808,4.05,134.37075072550365,50.0,563.6070853462228,0.0038022813688212928
23064485029_82_Z3,23064485029,82,3,144,165,0,9.138905340261715,0.1904300216862308,4.1,138.9402033956345,50.0,596.540067607864,0.0038022813688212928
23064485029_83_Z3,23064485029,83,3,144,165,0,7.012044877659605,0.19479074378587755,4.15,142.44622583446431,50.0,549.8821681068433,0.0038022813688212928
23064485029_84_Z3,23064485029,84,3,144,165,0,-2.514889378614214,0.19569436675415228,4.2,142.44622583446431,50.0,514.4032921810661,0.0038022813688212928
23064485029_85_Z3,23064485029,85,3,144,165,0,1.0188987375772172,0.19516911003670873,4.25,142.95567520325292,50.0,546.4480874316963,0.0038022813688212928
23064485029_86_Z3,23064485029,86,3,144,165,0,1.4787407797682022,0.19602363935721812,4.3,143.69504559313702,50.0,563.947633434032,0.0038022813688212928
23064485029_87_Z3,23064485029,87,3,144,165,0,-2.7600226244343844,0.19561694758672699,4.35,143.69504559313702,50.0,532.8005328005373,0.0038022813688212928
23064485029_88_Z2,23064485029,88,2,124,144,0,3.409865523973565,0.19539213430178481,4.4,145.3999783551238,50.0,565.4450261780105,0.0038022813688212928
23064485029_89_Z3,23064485029,89,3,144,165,0,3.7097724850762006,0.19777303978750216,4.45,147.2548645976619,50.0,602.1678040947446,0.0038022813688212928
23064485029_90_Z3,23064485029,90,3,144,165,0,0.6545588758546046,0.19842715374683523,4.5,147.5821440355892,50.0,573.2358173552069,0.0038022813688212928
23064485029_92_Z3,23064485029,92,3,144,165,0,5.734420253164501,0.20245067172995782,4.6,152.84207472424418,50.0,622.6149829282994,0.0038022813688212928
23064485029_93_Z3,23064485029,93,3,144,165,0,8.09769538504338,0.20596399159470843,4.65,156.89092241676587,50.0,629.7972839992191,0.0038022813688212928
23064485029_94_Z3,23064485029,94,3,144,165,0,5.580401498728122,0.2096612599162004,4.7,159.68112316612994,50.0,618.8118811881128,0.0038022813688212928
23064485029_95_Z3,23064485029,95,3,144,165,0,6.987974559952647,0.21258895607598535,4.75,163.17511044610626,50.0,629.9212598425287,0.0038022813688212928
23064485029_96_Z3,23064485029,96,3,144,165,0,5.497522929907518,0.21572644052974985,4.8,165.92387191106002,50.0,618.145563310063,0.0038022813688212928
23064485029_97_Z3,23064485029,97,3,144,165,0,4.081593216341048,0.2182522964307021,4.85,167.96466851923054,50.0,583.3836250251454,0.0038022813688212928
23064485029_98_Z3,23064485029,98,3,144,165,0,1.3097323248198904,0.21951044701633882,4.9,168.6195346816405,50.0,570.3048180924349,0.0038022813688212928
23064485029_99_Z3,23064485029,99,3,144,165,0,-0.5575655450645627,0.21974329050620944,4.95,168.6195346816405,50.0,560.224089635849,0.0038022813688212928
23064485029_100_Z3,23064485029,100,3,144,165,0,-2.411774622892608,0.2189817871931381,5.0,168.6195346816405,50.0,544.5744251714409,0.0038022813688212928
23064485029_102_Z2,23064485029,102,2,124,144,0,-5.669581459015035,0.2149008920780693,5.1,168.6195346816405,50.0,555.5555555555618,0.0038022813688212928
23064485029_103_Z2,23064485029,103,2,124,144,0,-5.575805622336759,0.21216909436233547,5.15,168.6195346816405,50.0,573.6894164193847,0.0038022813688212928
23064485029_104_Z2,23064485029,104,2,124,144,0,-5.8699567738553355,0.20921560450210555,5.2,168.6195346816405,50.0,547.5562766173146,0.0038022813688212928
23064485029_105_Z2,23064485029,105,2,124,144,0,-4.113426386007518,0.2067151084660113,5.25,168.6195346816405,50.0,544.5352003111622,0.0038022813688212928
23064485029_106_Z2,23064485029,106,2,124,144,0,-4.524259153526202,0.20461903865520983,5.3,168.6195346816405,50.0,556.4387917329126,0.0038022813688212928
23064485029_107_Z2,23064485029,107,2,124,144,0,-4.651800232288053,0.20237812620983348,5.35,168.6195346816405,50.0,564.5161290322643,0.0038022813688212928
23064485029_108_Z2,23064485029,108,2,124,144,0,-5.853711404874161,0.19968873912908797,5.4,168.6195346816405,50.0,569.800569800566,0.0038022813688212928
23064485029_109_Z2,23064485029,109,2,124,144,0,-6.5963338680219294,0.19664361302219413,5.45,168.6195346816405,50.0,548.5893416927904,0.0038022813688212928
23064485029_110_Z2,23064485029,110,2,124,144,0,-7.2433456855125655,0.19309569482628844,5.5,168.6195346816405,50.0,549.5623855078352,0.0038022813688212928
23064485029_111_Z2,23064485029,111,2,124,144,0,0.679423019022181,0.19090556315062693,5.55,168.95924619115158,50.0,561.2347163760236,0.0038022813688212928
23064485029_112_Z2,23064485029,112,2,124,144,0,-1.0974826495718162,0.19190013442679218,5.6,168.95924619115158,50.0,545.6750202101907,0.0038022813688212928
23064485029_113_Z2,23064485029,113,2,124,144,0,-8.641538239043882,0.1889375537809833,5.65,168.95924619115158,50.0,552.3771947129555,0.0038022813688212928
23064485029_114_Z2,23064485029,114,2,124,144,0,-4.219246951437071,0.1856392625298881,5.7,168.95924619115158,50.0,526.1027923917532,0.0038022813688212928
23064485029_115_Z2,23064485029,115,2,124,144,0,-7.383074409255585,0.18284407255984492,5.75,168.95924619115158,50.0,505.24679362611704,0.0038022813688212928
23064485029_116_Z2,23064485029,116,2,124,144,0,-3.660815126269142,0.17986585476148653,5.8,168.95924619115158,50.0,430.3278688524494,0.0038022813688212928
23064485029_117_Z2,23064485029,117,2,124,144,0,0.9156491244877998,0.17938878756388432,5.85,169.41707075339548,50.0,528.5627159991911,0.0038022813688212928
23064485029_118_Z2,23064485029,118,2,124,144,0,-0.33958123953095765,0.17955180625348968,5.9,169.41707075339548,50.0,509.9039027260269,0.0038022813688212928
23064485029_119_Z2,23064485029,119,2,124,144,0,-2.66737114142137,0.17885027614261784,5.95,169.41707075339548,50.0,534.6534653465346,0.0038022813688212928
23064485029_120_Z2,23064485029,120,2,124,144,0,-2.2697142857143717,0.17742076190476191,6.0,169.41707075339548,50.0,530.8289097590803,0.0038022813688212928
23064485029_121_Z2,23064485029,121,2,124,144,0,-1.4399999999999409,0.1766,6.05,169.41707075339548,50.0,530.2435192458752,0.0038022813688212928
23064485029_122_Z2,23064485029,122,2,124,144,0,-0.8000000000000114,0.17605999999999997,6.1,169.41707075339548,50.0,537.2065260644722,0.0038022813688212928
23064485029_123_Z2,23064485029,123,2,124,144,0,-2.9186341463414465,0.17523034146341465,6.15,169.41707075339548,50.0,499.2718951528956,0.0038022813688212928
23064485029_124_Z2,23064485029,124,2,124,144,0,-1.8013658536585808,0.17375034146341461,6.2,169.41707075339548,50.0,498.30576041458966,0.0038022813688212928
23064485029_125_Z2,23064485029,125,2,124,144,0,0.15574879227045813,0.17348595813204506,6.25,169.4949451495307,50.0,528.8932419196941,0.0038022813688212928
23064485029_126_Z2,23064485029,126,2,124,144,0,0.9245220676247641,0.17376478739786735,6.3,169.9572061833431,50.0,523.9822652156304,0.0038022813688212928
23064485029_127_Z2,23064485029,127,2,124,144,0,1.399729140104796,0.17434726429617034,6.35,170.6570707533955,50.0,557.6578370842458,0.0038022813688212928
23064485029_128_Z2,23064485029,128,2,124,144,0,1.0016949152542907,0.17500361581920904,6.4,171.15791821102263,50.0,524.299253881839,0.0038022813688212928
23064485029_129_Z2,23064485029,129,2,124,144,0,1.8637543130016638,0.17562438201882352,6.45,172.08979536752346,50.0,551.0726234993068,0.0038022813688212928
23064485029_130_Z2,23064485029,130,2,124,144,0,2.5745507717440432,0.17687224090038925,6.5,173.3770707533955,50.0,542.6045016077146,0.0038022813688212928
23064485029_131_Z2,23064485029,131,2,124,144,0,0.4030273426274107,0.17774247231398854,6.55,173.5785844247092,50.0,398.327026488747,0.0038022813688212928
23064485029_132_Z2,23064485029,132,2,124,144,0,-3.203027342627365,0.1767123746906585,6.6,173.5785844247092,50.0,389.3442622950878,0.0038022813688212928
23064485029_133_Z2,23064485029,133,2,124,144,0,0.9979615229715364,0.1760399045819263,6.65,174.07756518619496,50.0,532.5443786982172,0.0038022813688212928
23064485029_134_Z2,23064485029,134,2,124,144,0,3.9939631768011736,0.17780079640026702,6.7,176.07454677459555,50.0,558.6592178770962,0.0038022813688212928
23064485029_135_Z2,23064485029,135,2,124,144,0,-2.770727048109336,0.17774609253144022,6.75,176.07454677459555,50.0,476.88160895707597,0.0038022813688212928
23064485029_136_Z2,23064485029,136,2,124,144,0,-1.238809994961457,0.17706452470129452,6.8,176.07454677459555,50.0,495.54013875124065,0.0038022813688212928
23064485029_137_Z2,23064485029,137,2,124,144,0,-2.602755110770204,0.17572359777809834,6.85,176.07454677459555,50.0,405.6795131845827,0.0038022813688212928
23064485029_138_Z2,23064485029,138,2,124,144,0,3.5902405663440504,0.17591374787530936,6.9,177.86966705776757,50.0,435.81616481775336,0.0038022813688212928
23064485029_140_Z2,23064485029,140,2,124,144,0,2.3724286928603533,0.17911938588313,7.0,180.69588201678118,50.0,482.36358154959197,0.0038022813688212928
23064485029_141_Z2,23064485029,141,2,124,144,0,8.809750023026595,0.18194395824506462,7.05,185.10075702829448,50.0,524.218913818415,0.0038022813688212928
23064485029_142_Z3,23064485029,142,3,144,165,0,4.12794694667042,0.18559950262503455,7.1,187.1647305016297,50.0,497.5124378109453,0.0038022813688212928
23064485029_143_Z3,23064485029,143,3,144,165,0,-0.23593908629436555,0.1862813536379019,7.15,187.1647305016297,50.0,505.0505050505101,0.0038022813688212928
23064485029_144_Z2,23064485029,144,2,124,144,0,0.07178613452163063,0.18617872043367842,7.2,187.2006235688905,50.0,506.4829821718024,0.0038022813688212928
23064485029_145_Z2,23064485029,145,2,124,144,0,1.9405426739587028,0.18675110746470985,7.25,188.17089490586986,50.0,525.9963584867459,0.0038022813688212928
23064485029_146_Z2,23064485029,146,2,124,144,0,-0.09638972218601793,0.18719696730576935,7.3,188.17089490586986,50.0,548.3744614179451,0.0038022813688212928
23064485029_147_Z2,23064485029,147,2,124,144,0,0.5665071770335999,0.18723496012759172,7.35,188.45414849438666,50.0,528.2405526208831,0.0038022813688212928
23064485029_148_Z2,23064485029,148,2,124,144,0,6.14337840117804,0.188763533238867,7.4,191.52583769497568,50.0,572.8960885025693,0.0038022813688212928
23064485029_149_Z2,23064485029,149,2,124,144,0,8.695000559451557,0.19262422441457375,7.45,195.87333797470146,50.0,603.0150753768844,0.0038022813688212928
23064485029_150_Z3,23064485029,150,3,144,165,0,7.745342905471318,0.1969609872004371,7.5,199.74600942743712,50.0,598.6787778695231,0.0038022813688212928
23064485029_151_Z3,23064485029,151,3,144,165,0,7.447960927056215,0.20050203361145205,7.55,203.46998989096522,50.0,565.8852061439015,0.0038022813688212928
23064485029_152_Z3,23064485029,152,3,144,165,0,5.787030197795502,0.20396469423088767,7.6,206.36350498986297,50.0,558.5477757829631,0.0038022813688212928
23064485029_153_Z3,23064485029,153,3,144,165,0,4.860440208621526,0.2066933996179899,7.65,208.79372509417374,50.0,557.8800557879999,0.0038022813688212928
23064485029_154_Z3,23064485029,154,3,144,165,0,2.532466297693418,0.2084107688663776,7.7,210.05995824302045,50.0,551.9053876478423,0.0038022813688212928
23064485029_155_Z2,23064485029,155,2,124,144,0,6.747750181973231,0.21066920136294173,7.75,213.43383333400706,50.0,556.328233657859,0.0038022813688212928
23064485029_156_Z3,23064485029,156,3,144,165,0,3.0434978729702493,0.21329111472560794,7.8,214.9555822704922,50.0,534.0793489318329,0.0038022813688212928
23064485029_157_Z3,23064485029,157,3,144,165,0,-2.33500307842354,0.21355222863361908,7.85,214.9555822704922,50.0,521.0420841683405,0.0038022813688212928
23064485029_158_Z2,23064485029,158,2,124,144,0,-6.569033815854141,0.21119124704516062,7.9,214.9555822704922,50.0,510.9708446047563,0.0038022813688212928
23064485029_159_Z2,23064485029,159,2,124,144,0,-4.745337834967017,0.20833177335604508,7.95,214.9555822704922,50.0,511.40833988984906,0.0038022813688212928
23064485029_160_Z2,23064485029,160,2,124,144,0,-5.858072591183372,0.2055354539196019,8.0,214.9555822704922,50.0,503.22061191626113,0.0038022813688212928
23064485029_161_Z2,23064485029,161,2,124,144,0,-2.06192740881653,0.2036488431181397,8.05,214.9555822704922,50.0,485.2405984634044,0.0038022813688212928
23064485029_162_Z2,23064485029,162,2,124,144,0,0.15866666666659057,0.20303300000000002,8.1,215.03491560382548,50.0,474.9653671086507,0.0038022813688212928
23064485029_163_Z2,23064485029,163,2,124,144,0,1.0413333333333412,0.20361966666666664,8.15,215.55558227049215,50.0,508.0268238162971,0.0038022813688212928
23064485029_164_Z2,23064485029,164,2,124,144,0,1.1690177201799088,0.20400615498545357,8.2,216.1400911305821,50.0,532.5443786982172,0.0038022813688212928
23064485029_165_Z2,23064485029,165,2,124,144,0,-2.477976996197981,0.20377536744929703,8.25,216.1400911305821,50.0,505.5611729019323,0.0038022813688212928
23064485029_166_Z2,23064485029,166,2,124,144,0,-1.1659664040215603,0.2027015580834894,8.3,216.1400911305821,50.0,512.4162396531358,0.0038022813688212928
23064485029_167_Z2,23064485029,167,2,124,144,0,5.205630480856769,0.2038024480701541,8.35,218.7429063710105,50.0,527.8116118554585,0.0038022813688212928
23064485029_169_Z2,23064485029,169,2,124,144,0,-3.3170730262644383,0.20422297867144676,8.45,218.7429063710105,50.0,545.3443748737604,0.0038022813688212928
23064485029_170_Z2,23064485029,170,2,124,144,0,-4.387659574468046,0.20215588652482266,8.5,218.7429063710105,50.0,558.2137161084546,0.0038022813688212928
23064485029_171_Z2,23064485029,171,2,124,144,0,-7.02750718340377,0.19946481964835416,8.55,218.7429063710105,50.0,667.5829569998236,0.0038022813688212928
23064485029_172_Z2,23064485029,172,2,124,144,0,-12.910158176073367,0.19467991132593412,8.6,218.7429063710105,50.0,644.3817962142352,0.0038022813688212928
23064485029_174_Z1,23064485029,174,1,103,124,0,-24.573432381485244,0.1709381644012374,8.7,218.7429063710105,50.0,809.4645080946096,0.0038022813688212928
23064485029_175_Z1,23064485029,175,1,103,124,0,-14.77633138222285,0.16161613574827005,8.75,218.7429063710105,50.0,597.7286312014502,0.0038022813688212928
23064485029_176_Z1,23064485029,176,1,103,124,0,-24.306586539072388,0.1522839517418509,8.8,218.7429063710105,50.0,623.9935587761638,0.0038022813688212928
23064485029_177_Z1,23064485029,177,1,103,124,0,-21.4880473169033,0.1395383535613645,8.85,218.7429063710105,50.0,560.8974358974351,0.0038022813688212928
23064485029_178_Z1,23064485029,178,1,103,124,0,-7.748497024774508,0.13281034045204987,8.9,218.7429063710105,50.0,442.65593561367564,0.0038022813688212928
23064485029_179_Z1,23064485029,179,1,103,124,0,-11.785824311048172,0.12826854259378043,8.95,218.7429063710105,50.0,408.07998367679886,0.0038022813688212928
23064485029_180_Z2,23064485029,180,2,124,144,0,-10.668623284603454,0.12247146197050575,9.0,218.7429063710105,50.0,382.240517494852,0.0038022813688212928
23064485029_181_Z2,23064485029,181,2,124,144,0,-7.878622096478523,0.11765756287913338,9.05,218.7429063710105,50.0,380.0760152030423,0.0038022813688212928
23064485029_182_Z2,23064485029,182,2,124,144,0,-7.442696624230024,0.11401589357377022,9.1,218.7429063710105,50.0,382.755842062857,0.0038022813688212928
23064485029_184_Z3,23064485029,184,3,144,165,0,-3.572143404160613,0.10855992201440119,9.2,218.7429063710105,50.0,436.7679174111505,0.0038022813688212928
23064485029_185_Z3,23064485029,185,3,144,165,0,4.471531281694922,0.10886410554881298,9.25,220.97867201185795,50.0,475.01032631144085,0.0038022813688212928
23064485029_186_Z3,23064485029,186,3,144,165,0,1.921183932346679,0.11063788583509512,9.3,221.9392639780313,50.0,476.56870532167835,0.0038022813688212928
23064485029_187_Z3,23064485029,187,3,144,165,0,0.9501075268817658,0.11146254480286735,9.35,222.4143177414722,50.0,469.39174652846424,0.0038022813688212928
23064485029_188_Z3,23064485029,188,3,144,165,0,0.7298924731182979,0.11161250896057347,9.4,222.77926397803134,50.0,459.4486616060607,0.0038022813688212928
23064485029_189_Z3,23064485029,189,3,144,165,0,4.557780358495307,0.11296607254060423,9.45,225.05815415727898,50.0,518.2379908311733,0.0038022813688212928
23064485029_190_Z3,23064485029,190,3,144,165,0,5.543703822197671,0.11563534830711891,9.5,227.83000606837783,50.0,523.1388329979994,0.0038022813688212928
23064485029_191_Z3,23064485029,191,3,144,165,0,4.748813054146439,0.1181083829083168,9.55,230.20441259545106,50.0,532.2415557830052,0.0038022813688212928
23064485029_192_Z3,23064485029,192,3,144,165,0,0.9741004259792874,0.11980574321284523,9.6,230.6914628084407,50.0,510.6048703849168,0.0038022813688212928
23064485029_193_Z3,23064485029,193,3,144,165,0,4.747354924542606,0.12066627064011004,9.65,233.065140270712,50.0,519.1693290734831,0.0038022813688212928
23064485029_194_Z3,23064485029,194,3,144,165,0,5.392126578952684,0.12383855863449844,9.7,235.76120356018833,50.0,545.6453305351563,0.0038022813688212928
23064485029_195_Z3,23064485029,195,3,144,165,0,3.7161208356859845,0.1256944193487672,9.75,237.6192639780313,50.0,549.9901787468096,0.0038022813688212928
23064485029_196_Z3,23064485029,196,3,144,165,0,2.5646916196266147,0.12764029127225357,9.8,238.90160978784462,50.0,528.0259951259162,0.0038022813688212928
23064485029_197_Z3,23064485029,197,3,144,165,0,-3.978344793039952,0.12705612416941045,9.85,238.90160978784462,50.0,510.9862033724928,0.0038022813688212928
23064485029_198_Z2,23064485029,198,2,124,144,0,0.5016352925129013,0.12605711453126964,9.9,239.15242743410107,50.0,478.0876494024008,0.0038022813688212928
23064485029_199_Z2,23064485029,199,2,124,144,0,-2.592501702575902,0.12586255534797194,9.95,239.15242743410107,50.0,484.5548152634703,0.0038022813688212928
23064485029_200_Z2,23064485029,200,2,124,144,0,-5.489548857588318,0.123630303319569,10.0,239.15242743410107,50.0,465.83850931676625,0.0038022813688212928
23064485029_201_Z2,23064485029,201,2,124,144,0,-3.805931558935356,0.12127716096324462,10.05,239.15242743410107,50.0,452.93422607326755,0.0038022813688212928
23064485029_202_Z2,23064485029,202,2,124,144,0,-4.361567939671431,0.11933687035338407,10.1,239.15242743410107,50.0,446.8819825309645,0.0038022813688212928
23064485029_203_Z2,23064485029,203,2,124,144,0,-5.427348490833111,0.11680511805230874,10.15,239.15242743410107,50.0,441.7670682730988,0.0038022813688212928
23064485029_204_Z2,23064485029,204,2,124,144,0,-5.946416270398885,0.11401893454947071,10.2,239.15242743410107,50.0,453.5147392290229,0.0038022813688212928
23064485029_205_Z2,23064485029,205,2,124,144,0,-5.327662318889082,0.11112946305066278,10.25,239.15242743410107,50.0,434.0106529887508,0.0038022813688212928
23064485029_206_Z2,23064485029,206,2,124,144,0,-3.325576408778886,0.10889711271064245,10.3,239.15242743410107,50.0,441.14698215360835,0.0038022813688212928
23064485029_207_Z2,23064485029,207,2,124,144,0,0.30293129971732924,0.1080973085267241,10.35,239.30389308395974,50.0,460.64490286400695,0.0038022813688212928
23064485029_208_Z2,23064485029,208,2,124,144,0,2.24564012885412,0.1088636809326584,10.4,240.4267131483868,50.0,461.28500823722675,0.0038022813688212928
23064485029_209_Z3,23064485029,209,3,144,165,0,2.799999999999983,0.11014666666666668,10.45,241.82671314838677,50.0,491.2556494399742,0.0038022813688212928
23064485029_210_Z3,23064485029,210,3,144,165,0,2.631558389985514,0.11147879422572943,10.5,243.14249234337953,50.0,507.92360828932004,0.0038022813688212928
23064485029_211_Z3,23064485029,211,3,144,165,0,3.8018547991292166,0.11304717027609307,10.55,245.04341974294414,50.0,498.1071926678571,0.0038022813688212928
23064485029_212_Z3,23064485029,212,3,144,165,0,4.784653128511792,0.11523414897824535,10.6,247.43574630720002,50.0,497.90878311094275,0.0038022813688212928
23064485029_213_Z3,23064485029,213,3,144,165,0,1.6978699502688528,0.11706854906377909,10.65,248.28468128233445,50.0,476.4740917212551,0.0038022813688212928
23064485029_214_Z3,23064485029,214,3,144,165,0,-0.7559362678954074,0.11710415787179745,10.7,248.28468128233445,50.0,482.3151125401908,0.0038022813688212928
23064485029_215_Z3,23064485029,215,3,144,165,0,-0.9119170984455707,0.11672134715025903,10.75,248.28468128233445,50.0,467.2897196261744,0.0038022813688212928
23064485029_216_Z3,23064485029,216,3,144,165,0,-1.248082901554426,0.11613602763385149,10.8,248.28468128233445,50.0,490.484598783587,0.0038022813688212928
23064485029_217_Z2,23064485029,217,2,124,144,0,-0.8214925373134179,0.11563104477611938,10.85,248.28468128233445,50.0,461.83102417821885,0.0038022813688212928
23064485029_218_Z2,23064485029,218,2,124,144,0,-0.2031380045584683,0.11531282307673456,10.9,248.28468128233445,50.0,459.7144931042834,0.0038022813688212928
23064485029_219_Z2,23064485029,219,2,124,144,0,0.8872656246842325,0.11555131484673539,10.95,248.72831409467656,50.0,467.1684401765,0.0038022813688212928
23064485029_221_Z3,23064485029,221,3,144,165,0,-1.5261613784012127,0.1154050609170511,11.05,248.72831409467656,50.0,470.5882352941176,0.0038022813688212928
23064485029_222_Z2,23064485029,222,2,124,144,0,-1.6214602090888945,0.11454807211435884,11.1,248.72831409467656,50.0,508.2872928177,0.0038022813688212928
23064485029_223_Z2,23064485029,223,2,124,144,0,-1.8579816513761784,0.11374082568807341,11.15,248.72831409467656,50.0,492.41678156391146,0.0038022813688212928
23064485029_224_Z2,23064485029,224,2,124,144,0,-2.7922226013805016,0.11261751736896115,11.2,248.72831409467656,50.0,488.3011190234014,0.0038022813688212928
23064485029_225_Z2,23064485029,225,2,124,144,0,-4.80777739861955,0.11061303799701527,11.25,248.72831409467656,50.0,476.7580452920129,0.0038022813688212928
23064485029_226_Z2,23064485029,226,2,124,144,0,-2.355797665369579,0.10878070038910505,11.3,248.72831409467656,50.0,466.720779220773,0.0038022813688212928
23064485029_227_Z2,23064485029,227,2,124,144,0,-0.3400248991506487,0.10817031821936739,11.35,248.72831409467656,50.0,476.6633565044825,0.0038022813688212928
23064485029_228_Z2,23064485029,228,2,124,144,0,-0.6696242439903699,0.1079080223404124,11.4,248.72831409467656,50.0,480.19207683071903,0.0038022813688212928
23064485029_229_Z2,23064485029,229,2,124,144,0,-1.2965000941442781,0.10743844323102993,11.45,248.72831409467656,50.0,477.3269689737581,0.0038022813688212928
23064485029_230_Z2,23064485029,230,2,124,144,0,-0.3728810489927241,0.10693720758555134,11.5,248.72831409467656,50.0,492.91435613061714,0.0038022813688212928
23064485029_231_Z2,23064485029,231,2,124,144,0,2.8009540700419393,0.10758995100178761,11.55,250.12879112969753,50.0,494.7555907381689,0.0038022813688212928
23064485029_232_Z2,23064485029,232,2,124,144,0,-1.0286548540265414,0.10822211237241179,11.6,250.12879112969753,50.0,495.14755397108553,0.0038022813688212928
23064485029_233_Z2,23064485029,233,2,124,144,0,-1.7774712643677617,0.10737478927203062,11.65,250.12879112969753,50.0,523.3494363929116,0.0038022813688212928
23064485029_234_Z2,23064485029,234,2,124,144,0,-2.075436699857761,0.10633411759127548,11.7,250.12879112969753,50.0,513.6309758988646,0.0038022813688212928
23064485029_235_Z2,23064485029,235,2,124,144,0,-2.4455485859560895,0.10541254174135747,11.75,250.12879112969753,50.0,475.1534349633715,0.0038022813688212928
23064485029_236_Z2,23064485029,236,2,124,144,0,-5.069110687003899,0.10340247642856946,11.8,250.12879112969753,50.0,449.07123902837515,0.0038022813688212928
23064485029_237_Z2,23064485029,237,2,124,144,0,-4.7107495515433015,0.10087919575852475,11.85,250.12879112969753,50.0,457.98486658700654,0.0038022813688212928
23064485029_238_Z2,23064485029,238,2,124,144,0,-1.4804957043583613,0.09933757272453726,11.9,250.12879112969753,50.0,454.90506329114385,0.0038022813688212928
23064485029_239_Z2,23064485029,239,2,124,144,0,-4.407246732321767,0.0980286079496542,11.95,250.12879112969753,50.0,455.5357496533987,0.0038022813688212928
23064485029_240_Z2,23064485029,240,2,124,144,0,-2.051412038958915,0.09617017480310915,12.0,250.12879112969753,50.0,462.8697927148272,0.0038022813688212928
23064485029_241_Z2,23064485029,241,2,124,144,0,-2.504292472040248,0.095297138560822,12.05,250.12879112969753,50.0,461.75466773740686,0.0038022813688212928
23064485029_242_Z2,23064485029,242,2,124,144,0,-7.288561199252882,0.09297476798375225,12.1,250.12879112969753,50.0,414.0378548895952,0.0038022813688212928
23064485029_244_Z2,23064485029,244,2,124,144,0,-11.029612402435786,0.0840782686174897,12.2,250.12879112969753,50.0,423.52941176470586,0.0038022813688212928
23064485029_245_Z2,23064485029,245,2,124,144,0,-7.703076815312386,0.07904776534119975,12.25,250.12879112969753,50.0,413.4794293983806,0.0038022813688212928
23064485029_246_Z2,23064485029,246,2,124,144,0,-2.8908207146348275,0.07665255698712492,12.3,250.12879112969753,50.0,442.5668879501184,0.0038022813688212928
23064485029_247_Z2,23064485029,247,2,124,144,0,-5.36076638080047,0.07464204042404539,12.35,250.12879112969753,50.0,453.47003154573093,0.0038022813688212928
23064485029_248_Z2,23064485029,248,2,124,144,0,-3.348093749870742,0.07233709722512673,12.4,250.12879112969753,50.0,445.8228338825341,0.0038022813688212928
23064485029_249_Z2,23064485029,249,2,124,144,0,-2.3153208063690442,0.07090427508641516,12.45,250.12879112969753,50.0,459.9080183963355,0.0038022813688212928
23064485029_250_Z2,23064485029,250,2,124,144,0,-5.74357454908224,0.06925130041726295,12.5,250.12879112969753,50.0,465.6813120064674,0.0038022813688212928
23064485029_251_Z2,23064485029,251,2,124,144,0,-1.7398243482439852,0.0666841147313185,12.55,250.12879112969753,50.0,465.1162790697777,0.0038022813688212928
23064485029_252_Z2,23064485029,252,2,124,144,0,7.188328357221252,0.06813957728033075,12.6,253.72295530830814,50.0,488.5496183206107,0.0038022813688212928
23064485029_253_Z3,23064485029,253,3,144,165,0,9.76867927321095,0.07292185223886748,12.65,258.60729494491363,50.0,572.4437425977119,0.0038022813688212928
23064485029_254_Z3,23064485029,254,3,144,165,0,5.210144596230606,0.07651444940156125,12.7,261.21236724302895,50.0,543.3688871000146,0.0038022813688212928
23064485029_255_Z3,23064485029,255,3,144,165,0,2.5313423369900647,0.0784175190330375,12.75,262.478038411524,50.0,513.0228887134936,0.0038022813688212928
23064485029_256_Z3,23064485029,256,3,144,165,0,2.477734695289314,0.07965422682854217,12.8,263.71690575916864,50.0,494.95149475352986,0.0038022813688212928
23064485029_257_Z3,23064485029,257,3,144,165,0,1.9746115542662892,0.08078208186286359,12.85,264.7042115363018,50.0,493.5225169648262,0.0038022813688212928
23064485029_258_Z3,23064485029,258,3,144,165,0,-0.5665454545454338,0.08120557575757574,12.9,264.7042115363018,50.0,439.8240703718474,0.0038022813688212928
23064485029_259_Z2,23064485029,259,2,124,144,0,-2.8777682709447276,0.08025745870469399,12.95,264.7042115363018,50.0,490.829243089652,0.0038022813688212928
23064485029_260_Z2,23064485029,260,2,124,144,0,-3.393044072674968,0.07874308946453197,13.0,264.7042115363018,50.0,463.80318612623375,0.0038022813688212928
23064485029_261_Z2,23064485029,261,2,124,144,0,-3.1626422018348137,0.0769231009174312,13.05,264.7042115363018,50.0,488.1025015253196,0.0038022813688212928
23064485029_262_Z2,23064485029,262,2,124,144,0,-2.240000000000066,0.07569333333333333,13.1,264.7042115363018,50.0,475.43581616482186,0.0038022813688212928
23064485029_263_Z2,23064485029,263,2,124,144,0,-0.31999999999996476,0.07494666666666665,13.15,264.7042115363018,50.0,481.3477737665407,0.0038022813688212928
23064485029_264_Z2,23064485029,264,2,124,144,0,2.1523790695135006,0.07536618787901081,13.2,265.7804010710585,50.0,485.338725985855,0.0038022813688212928
23064485029_265_Z3,23064485029,265,3,144,165,0,3.3817025011304622,0.07696223039634816,13.25,267.47125232162375,50.0,504.9005049005038,0.0038022813688212928
23064485029_266_Z3,23064485029,266,3,144,165,0,1.025918429356068,0.0780414787113864,13.3,267.9842115363018,50.0,485.92832557198386,0.0038022813688212928
23064485029_267_Z3,23064485029,267,3,144,165,0,-0.15358490566040928,0.0782677358490566,13.35,267.9842115363018,50.0,468.81369751325394,0.0038022813688212928
23064485029_268_Z3,23064485029,268,3,144,165,0,0.07358490566042519,0.07816213836477988,13.4,268.02100398913205,50.0,466.4723032069905,0.0038022813688212928
23064485029_269_Z3,23064485029,269,3,144,165,0,0.18044532494943155,0.07820818352785797,13.45,268.1112266516068,50.0,473.15367208394537,0.0038022813688212928
23064485029_270_Z3,23064485029,270,3,144,165,0,-0.0792829612848891,0.07829250276742727,13.5,268.1112266516068,50.0,471.14252061248055,0.0038022813688212928
23064485029_271_Z2,23064485029,271,2,124,144,0,-1.5815495319487525,0.07793399964693823,13.55,268.1112266516068,50.0,453.72050816695116,0.0038022813688212928
23064485029_272_Z3,23064485029,272,3,144,165,0,-1.7196128317158355,0.07698592431794149,13.6,268.1112266516068,50.0,445.8756502353144,0.0038022813688212928
23064485029_274_Z2,23064485029,274,2,124,144,0,0.6575040085647572,0.07637387525363024,13.7,268.43997865588915,50.0,474.28856714928213,0.0038022813688212928
23064485029_275_Z3,23064485029,275,3,144,165,0,-0.1829832721339244,0.07651796790425677,13.75,268.43997865588915,50.0,490.3964037597189,0.0038022813688212928
23064485029_276_Z3,23064485029,276,3,144,165,0,-1.2421218281755557,0.07617175162512861,13.8,268.43997865588915,50.0,474.12090082970406,0.0038022813688212928
23064485029_277_Z3,23064485029,277,3,144,165,0,-1.183839546944057,0.07555304265522714,13.85,268.43997865588915,50.0,473.18611987382315,0.0038022813688212928
23064485029_278_Z2,23064485029,278,2,124,144,0,-0.2497763756317113,0.0751786418095695,13.9,268.43997865588915,50.0,459.88758303526487,0.0038022813688212928
23064485029_280_Z3,23064485029,280,3,144,165,0,0.0,0.07439999999999998,14.0,268.43997865588915,7.430000000000291,563.3802816901119,0.0038022813688212928
23095730671_6_Z3,23095730671,6,3,144,165,0,-0.8512635195318126,0.28290547906858377,0.3,2.209113036752285,50.0,391.6718202432489,0.008130081300813009
23095730671_7_Z3,23095730671,7,3,144,165,0,-2.144958766676041,0.282238144378484,0.35,2.209113036752285,50.0,389.2312682452159,0.008130081300813009
23095730671_8_Z2,23095730671,8,2,124,144,0,-2.5225421925566707,0.280959609197038,0.4,2.209113036752285,50.0,372.4394785847303,0.008130081300813009
23095730671_9_Z2,23095730671,9,2,124,144,0,-3.2537664019187105,0.279573368327085,0.45,2.209113036752285,50.0,393.5458480913027,0.008130081300813009
23095730671_10_Z2,23095730671,10,2,124,144,0,1.1353366344794722,0.2788068633340522,0.5,2.776781353992021,50.0,268.3178534571721,0.008130081300813009
23095730671_11_Z3,23095730671,11,3,144,165,0,-1.3752356137683819,0.2792284094165602,0.55,2.776781353992021,50.0,348.35619420857864,0.008130081300813009
23095730671_12_Z3,23095730671,12,3,144,165,0,-4.073095504002595,0.27755006431410023,0.6,2.776781353992021,50.0,394.166338194719,0.008130081300813009
23095730671_13_Z3,23095730671,13,3,144,165,0,-4.134946933169431,0.27555706276751774,0.65,2.776781353992021,50.0,333.8898163606005,0.008130081300813009
23095730671_15_Z3,23095730671,15,3,144,165,0,0.26212983664311196,0.27416384707265395,0.75,2.907846272313577,50.0,398.8831272437177,0.008130081300813009
23095730671_16_Z3,23095730671,16,3,144,165,0,0.28032786885228234,0.2743401092896175,0.8,3.0480102067397183,50.0,379.1658351626421,0.008130081300813009
23095730671_17_Z3,23095730671,17,3,144,165,0,-3.0481875179752933,0.27376631195475026,0.85,3.0480102067397183,50.0,365.6307129798902,0.008130081300813009
23095730671_18_Z3,23095730671,18,3,144,165,0,-5.656455104787824,0.2715031772693953,0.9,3.0480102067397183,50.0,398.1684252438789,0.008130081300813009
23095730671_19_Z2,23095730671,19,2,124,144,0,-6.485700185646465,0.2683954241578029,0.95,3.0480102067397183,50.0,392.69585705870753,0.008130081300813009
23095730671_20_Z2,23095730671,20,2,124,144,0,-6.152752886025837,0.2652180635177806,1.0,3.0480102067397183,50.0,379.92401519696153,0.008130081300813009
23095730671_21_Z2,23095730671,21,2,124,144,0,-6.006504675405495,0.2622370794494217,1.05,3.0480102067397183,50.0,395.9611958028114,0.008130081300813009
23095730671_22_Z2,23095730671,22,2,124,144,0,-5.555267102547077,0.25925785242471994,1.1,3.0480102067397183,50.0,361.66365280289176,0.008130081300813009
23095730671_23_Z2,23095730671,23,2,124,144,0,-3.3767993085982653,0.2569793163252446,1.15,3.0480102067397183,50.0,377.28355837966717,0.008130081300813009
23095730671_24_Z2,23095730671,24,2,124,144,0,-0.1542754545957905,0.25617423733103434,1.2,3.0480102067397183,50.0,369.8376823505234,0.008130081300813009
23095730671_25_Z2,23095730671,25,2,124,144,0,-6.28531395096627,0.25489126106141624,1.25,3.0480102067397183,50.0,397.3773097556135,0.008130081300813009
23095730671_26_Z2,23095730671,26,2,124,144,0,-5.733954890448615,0.25138424560945716,1.3,3.0480102067397183,50.0,355.7312252964433,0.008130081300813009
23095730671_27_Z2,23095730671,27,2,124,144,0,-4.10743986664329,0.2491687379540117,1.35,3.0480102067397183,50.0,308.16640986132467,0.008130081300813009
23095730671_28_Z2,23095730671,28,2,124,144,0,-3.256992428686715,0.24708956634537174,1.4,3.0480102067397183,50.0,276.18440620352703,0.008130081300813009
23095730671_29_Z2,23095730671,29,2,124,144,0,1.4327483392953582,0.2468193391951771,1.45,3.7643843763873974,50.0,301.20481927710733,0.008130081300813009
23095730671_31_Z3,23095730671,31,3,144,165,0,-12.04565241591223,0.2416611824964991,1.55,3.7643843763873974,50.0,303.4901365705613,0.008130081300813009
23095730671_32_Z3,23095730671,32,3,144,165,0,-8.823404105846919,0.23626814041818103,1.6,3.7643843763873974,50.0,321.737381862055,0.008130081300813009
23095730671_33_Z3,23095730671,33,3,144,165,0,-2.2939315491895513,0.2335635754386681,1.65,3.7643843763873974,50.0,318.0914512922468,0.008130081300813009
23095730671_34_Z3,23095730671,34,3,144,165,0,-3.956148689851773,0.2322249709602644,1.7,3.7643843763873974,50.0,357.5936053849393,0.008130081300813009
23095730671_35_Z3,23095730671,35,3,144,165,0,-8.319416258506408,0.22911762505439912,1.75,3.7643843763873974,50.0,381.98632891033367,0.008130081300813009
23095730671_36_Z3,23095730671,36,3,144,165,0,-7.779611520656601,0.22505117308851796,1.8,3.7643843763873974,50.0,271.00271002710014,0.008130081300813009
23095730671_37_Z3,23095730671,37,3,144,165,0,-5.919265572350696,0.22121850315455086,1.85,3.7643843763873974,50.0,222.3045572434234,0.008130081300813009
23095730671_38_Z3,23095730671,38,3,144,165,0,-1.2768058177612147,0.21987213431290767,1.9,3.7643843763873974,50.0,248.03637866887087,0.008130081300813009
23095730671_39_Z3,23095730671,39,3,144,165,0,-2.085750911387265,0.21888632225485266,1.95,3.7643843763873974,50.0,284.41410693970414,0.008130081300813009
23095730671_40_Z3,23095730671,40,3,144,165,0,-0.2650050700863744,0.21832225126752164,2.0,3.7643843763873974,50.0,374.14258989815085,0.008130081300813009
23095730671_41_Z3,23095730671,41,3,144,165,0,-7.138731995520743,0.2169258922668856,2.05,3.7643843763873974,50.0,349.5824431928514,0.008130081300813009
23095730671_42_Z3,23095730671,42,3,144,165,0,-7.193826138945951,0.21264909495536066,2.1,3.7643843763873974,50.0,337.55274261603637,0.008130081300813009
23095730671_43_Z3,23095730671,43,3,144,165,0,-3.081596065123449,0.21023733115972398,2.15,3.7643843763873974,50.0,357.49751737834896,0.008130081300813009
23095730671_44_Z3,23095730671,44,3,144,165,0,-0.4692743718384804,0.20940886421514593,2.2,3.7643843763873974,50.0,308.451573103025,0.008130081300813009
23095730671_45_Z3,23095730671,45,3,144,165,0,-1.0374293103295145,0.20941477223057395,2.25,3.7643843763873974,50.0,318.7101612298454,0.008130081300813009
23095730671_46_Z3,23095730671,46,3,144,165,0,-8.758553313228504,0.20647056232377556,2.3,3.7643843763873974,50.0,380.15206082432957,0.008130081300813009
23095730671_47_Z3,23095730671,47,3,144,165,0,-2.0180173764420033,0.20379779281204005,2.35,3.7643843763873974,50.0,331.6749585406317,0.008130081300813009
23095730671_48_Z3,23095730671,48,3,144,165,0,-1.4295426312817767,0.20315317146621495,2.4,3.7643843763873974,50.0,328.12198417293706,0.008130081300813009
23095730671_49_Z3,23095730671,49,3,144,165,0,-2.6542227588896026,0.20205512351745572,2.45,3.7643843763873974,50.0,333.5417969564325,0.008130081300813009
23095730671_50_Z3,23095730671,50,3,144,165,0,-0.021787013580478742,0.20117225057656637,2.5,3.7643843763873974,50.0,338.24114604059054,0.008130081300813009
23095730671_51_Z3,23095730671,51,3,144,165,0,-0.37349449355019715,0.20167788904635708,2.55,3.7643843763873974,50.0,342.46575342465525,0.008130081300813009
23095730671_52_Z3,23095730671,52,3,144,165,0,-4.004069855190323,0.1999957393675456,2.6,3.7643843763873974,50.0,313.72549019607845,0.008130081300813009
23095730671_53_Z3,23095730671,53,3,144,165,0,-1.3040104060633553,0.19885972529134335,2.65,3.7643843763873974,50.0,304.63038180341323,0.008130081300813009
23095730671_54_Z3,23095730671,54,3,144,165,0,-1.7708245803191858,0.19815001067042998,2.7,3.7643843763873974,50.0,302.1148036253771,0.008130081300813009
23095730671_55_Z3,23095730671,55,3,144,165,0,-1.6363339754108779,0.1971720861969196,2.75,3.7643843763873974,50.0,351.9749706687533,0.008130081300813009
23095730671_56_Z3,23095730671,56,3,144,165,0,3.8847992274200465,0.1975825538910681,2.8,5.706783990097421,50.0,372.7479809484368,0.008130081300813009
23095730671_58_Z4,23095730671,58,4,165,185,0,5.293251538447294,0.20338765831710487,2.9,11.567861678140588,50.0,317.9313268334051,0.008130081300813009
23095730671_59_Z4,23095730671,59,4,165,185,0,4.94108385056245,0.20587905162456635,2.95,14.038403603421813,50.0,333.2026656213251,0.008130081300813009
23095730671_60_Z4,23095730671,60,4,165,185,0,3.2800118618847023,0.2079982031373839,3.0,15.678409534364164,50.0,323.36297493936934,0.008130081300813009
23095730671_61_Z4,23095730671,61,4,165,185,0,3.002413949539175,0.20949969300818166,3.05,17.17961650913375,50.0,339.5246654683432,0.008130081300813009
23095730671_62_Z4,23095730671,62,4,165,185,0,3.2352983912203968,0.21102079901689583,3.1,18.79726570474395,50.0,328.0705351650606,0.008130081300813009
23095730671_63_Z4,23095730671,63,4,165,185,0,4.631907210466807,0.21299798794427444,3.15,21.113219309977353,50.0,339.11829243965616,0.008130081300813009
23095730671_64_Z4,23095730671,64,4,165,185,0,5.832469694346969,0.21560072518754392,3.2,24.029454157150838,50.0,344.1992306134854,0.008130081300813009
23095730671_65_Z4,23095730671,65,4,165,185,0,7.1901412818307335,0.21889372185301306,3.25,27.624524798066204,50.0,339.7282174260594,0.008130081300813009
23095730671_66_Z4,23095730671,66,4,165,185,0,6.825015410964511,0.22238523386553424,3.3,31.03703250354846,50.0,343.5731608730799,0.008130081300813009
23095730671_67_Z4,23095730671,67,4,165,185,0,7.484880836309117,0.2259957845599516,3.35,34.77947292170302,50.0,348.7020534676489,0.008130081300813009
23095730671_68_Z4,23095730671,68,4,165,185,0,6.855920025080422,0.2295515032578503,3.4,38.20743293424323,50.0,322.38565383840347,0.008130081300813009
23095730671_69_Z4,23095730671,69,4,165,185,0,7.511189546130936,0.23318715513450752,3.45,41.9630277073087,50.0,349.9902780478331,0.008130081300813009
23095730671_70_Z4,23095730671,70,4,165,185,0,6.60523759521277,0.23671988943077227,3.5,45.26564650491508,50.0,341.43402289616415,0.008130081300813009
23095730671_71_Z4,23095730671,71,4,165,185,0,6.766126118152101,0.24004497422240578,3.55,48.64870956399113,50.0,363.41611144760606,0.008130081300813009
23095730671_72_Z4,23095730671,72,4,165,185,0,6.425324377789423,0.24329336941946186,3.6,51.861371752885844,50.0,383.4510595358245,0.008130081300813009
23095730671_73_Z4,23095730671,73,4,165,185,0,5.1820820614234435,0.24631145592938833,3.65,54.452412783597566,50.0,351.8373729476132,0.008130081300813009
23095730671_74_Z4,23095730671,74,4,165,185,0,3.40191786912402,0.2484416352673594,3.7,56.153371718159576,50.0,352.40464344942114,0.008130081300813009
23095730671_75_Z4,23095730671,75,4,165,185,0,2.8220253164556084,0.24996966244725738,3.75,57.56438437638738,50.0,332.4208056315974,0.008130081300813009
23095730671_76_Z4,23095730671,76,4,165,185,0,0.8000000000001251,0.25085333333333326,3.8,57.96438437638744,50.0,321.1561621838638,0.008130081300813009
23095730671_77_Z4,23095730671,77,4,165,185,0,0.9649298773275063,0.25127531783312496,3.85,58.446849315051196,50.0,362.4647603705173,0.008130081300813009
23095730671_78_Z4,23095730671,78,4,165,185,0,1.5019055657104445,0.25187609225321816,3.9,59.19780209790642,50.0,348.36065573770685,0.008130081300813009
23095730671_79_Z4,23095730671,79,4,165,185,0,1.940138080807003,0.25274419179375207,3.95,60.16787113830992,50.0,359.928014397119,0.008130081300813009
23095730671_80_Z4,23095730671,80,4,165,185,0,0.9199281459138433,0.25352528887781706,4.0,60.62783521126684,50.0,355.942258255885,0.008130081300813009
23095730671_81_Z4,23095730671,81,4,165,185,0,1.757399451897811,0.254084722855414,4.05,61.50653493721575,50.0,331.4486254630505,0.008130081300813009
23095730671_82_Z4,23095730671,82,4,165,185,0,2.3685346992388645,0.2551780387965264,4.1,62.69080228683518,50.0,335.00837520938506,0.008130081300813009
23095730671_83_Z4,23095730671,83,4,165,185,0,1.9871641791045818,0.25628106965174124,4.15,63.68438437638747,50.0,317.271465397579,0.008130081300813009
23095730671_84_Z4,23095730671,84,4,165,185,0,0.7999999999998408,0.2569866666666667,4.2,64.08438437638739,50.0,335.3718682185802,0.008130081300813009
23095730671_85_Z4,23095730671,85,4,165,185,0,0.3598864490604683,0.2573005349818661,4.25,64.26432760091762,50.0,245.19820187985488,0.008130081300813009
23095730671_86_Z4,23095730671,86,4,165,185,0,-0.5470342153834054,0.2571698836149436,4.3,64.26432760091762,50.0,238.94862604539904,0.008130081300813009
23095730671_87_Z4,23095730671,87,4,165,185,0,-0.812164948453642,0.2569195704467354,4.35,64.26432760091762,50.0,353.56511490866336,0.008130081300813009
23095730671_88_Z4,23095730671,88,4,165,185,0,-0.31163810489556454,0.25651156547048987,4.4,64.26432760091762,50.0,321.60804020100505,0.008130081300813009
23095730671_89_Z4,23095730671,89,4,165,185,0,1.5764782841450824,0.2568356080784335,4.45,65.05256674299017,50.0,339.8640543782519,0.008130081300813009
23095730671_90_Z4,23095730671,90,4,165,185,0,5.005228037907614,0.25841447399893924,4.5,67.55518076194397,50.0,346.02076124567395,0.008130081300813009
23095730671_91_Z4,23095730671,91,4,165,185,0,5.826412470481728,0.2612862655795805,4.55,70.46838699718484,50.0,359.7122302158276,0.008130081300813009
23095730671_92_Z4,23095730671,92,4,165,185,0,5.881416901150487,0.2641646512951722,4.6,73.40909544776008,50.0,367.5759334494063,0.008130081300813009
23095730671_93_Z4,23095730671,93,4,165,185,0,6.615253723877345,0.26731871843141336,4.65,76.71672230969875,50.0,347.6482617586938,0.008130081300813009
23095730671_94_Z4,23095730671,94,4,165,185,0,5.8899193760771595,0.27042151155071037,4.7,79.66168199773733,50.0,349.58244319285444,0.008130081300813009
23095730671_95_Z4,23095730671,95,4,165,185,0,5.6831009021741465,0.27339173950670137,4.75,82.5032324488244,50.0,350.587750051552,0.008130081300813009
23095730671_96_Z4,23095730671,96,4,165,185,0,1.9965056098399145,0.2753691347048508,4.8,83.50148525374436,50.0,345.62211981566867,0.008130081300813009
23095730671_97_Z4,23095730671,97,4,165,185,0,-0.31999566606452845,0.27566444737723855,4.85,83.50148525374436,50.0,345.38805363673765,0.008130081300813009
23095730671_98_Z4,23095730671,98,4,165,185,0,-0.20336881991670452,0.2755614114875485,4.9,83.50148525374436,50.0,340.4084901882224,0.008130081300813009
23095730671_99_Z4,23095730671,99,4,165,185,0,2.651770436599577,0.2759388815370019,4.95,84.82737047204415,50.0,328.8121660501448,0.008130081300813009
23095730671_100_Z4,23095730671,100,4,165,185,0,4.137560591905526,0.2778841728949136,5.0,86.89615076799691,50.0,362.39178578618834,0.008130081300813009
23095730671_101_Z4,23095730671,101,4,165,185,0,4.248573620857201,0.27996586636162324,5.05,89.02043757842551,50.0,414.7738494963451,0.008130081300813009
23095730671_102_Z4,23095730671,102,4,165,185,0,-1.8886537914835344,0.28071256515822596,5.1,89.02043757842551,50.0,350.08237232290315,0.008130081300813009
23095730671_103_Z4,23095730671,103,4,165,185,0,1.4681020832977083,0.280151760181467,5.15,89.75448862007437,50.0,381.53376573826733,0.008130081300813009
23095730671_104_Z4,23095730671,104,4,165,185,0,3.377829743565485,0.28175946455334117,5.2,91.44340349185711,50.0,282.7140549272996,0.008130081300813009
23095730671_105_Z4,23095730671,105,4,165,185,0,2.145835350879338,0.28298930774075326,5.25,92.51632116729678,50.0,366.82290605258015,0.008130081300813009
23095730671_106_Z4,23095730671,106,4,165,185,0,1.6062043562361623,0.2840186480431367,5.3,93.31942334541486,50.0,395.49139806209445,0.008130081300813009
23095730671_107_Z4,23095730671,107,4,165,185,0,0.6024918938568362,0.2844754690900279,5.35,93.62066929234328,50.0,388.0481179666213,0.008130081300813009
23095730671_108_Z4,23095730671,108,4,165,185,0,1.2726995073891203,0.28492404269293925,5.4,94.25701904603784,50.0,388.07189542484355,0.008130081300813009
23095730671_109_Z4,23095730671,109,4,165,185,0,2.0575862068965307,0.28587706896551723,5.45,95.2858121494861,50.0,356.7181926278238,0.008130081300813009
23095730671_110_Z4,23095730671,110,4,165,185,0,1.0751401869159736,0.28655545171339564,5.5,95.82338224294409,50.0,392.8054579284616,0.008130081300813009
23095730671_111_Z4,23095730671,111,4,165,185,0,0.9765521207763186,0.287081708123652,5.55,96.31165830333225,50.0,385.653682992675,0.008130081300813009
23095730671_112_Z4,23095730671,112,4,165,185,0,-0.4761777635138742,0.28746429021193304,5.6,96.31165830333225,50.0,403.14452731304436,0.008130081300813009
23095730671_113_Z4,23095730671,113,4,165,185,0,-4.544677539773147,0.2858874327215139,5.65,96.31165830333225,50.0,386.10038610038583,0.008130081300813009
23095730671_114_Z3,23095730671,114,3,144,165,0,-1.5002525425378508,0.28443827886383594,5.7,96.31165830333225,50.0,395.86540576204663,0.008130081300813009
23095730671_115_Z3,23095730671,115,3,144,165,0,0.3094155381327255,0.28409138928486577,5.75,96.46636607239861,50.0,400.16006402560646,0.008130081300813009
23095730671_116_Z3,23095730671,116,3,144,165,0,2.5626172584044298,0.2847176841144037,5.8,97.74767470160083,50.0,356.01265822785166,0.008130081300813009
23095730671_117_Z3,23095730671,117,3,144,165,0,4.402018355138466,0.28679626223513094,5.85,99.94868387917006,50.0,332.6277592984516,0.008130081300813009
23095730671_118_Z4,23095730671,118,4,165,185,0,-1.2788729016785965,0.28749778743107207,5.9,99.94868387917006,50.0,324.14910858994756,0.008130081300813009
23095730671_119_Z4,23095730671,119,4,165,185,0,-1.4385564058029559,0.2866694258188558,5.95,99.94868387917006,50.0,387.2808805544272,0.008130081300813009
23095730671_120_Z4,23095730671,120,4,165,185,0,-1.246058379739111,0.2860586627702894,6.0,99.94868387917006,50.0,342.3967774420909,0.008130081300813009
23095730671_121_Z4,23095730671,121,4,165,185,0,-1.713017845021568,0.28531425007222144,6.05,99.94868387917006,50.0,380.6089743589738,0.008130081300813009
23095730671_122_Z4,23095730671,122,4,165,185,0,-1.5281300813007874,0.28450067750677505,6.1,99.94868387917006,50.0,401.7600918308818,0.008130081300813009
23095730671_123_Z3,23095730671,123,3,144,165,0,-1.1200000000000045,0.28385999999999995,6.15,99.94868387917006,50.0,443.4589800443468,0.008130081300813009
23095730671_124_Z3,23095730671,124,3,144,165,0,-2.5876001860007136,0.2829219943440736,6.2,99.94868387917006,50.0,393.13056072832666,0.008130081300813009
23095730671_125_Z3,23095730671,125,3,144,165,0,-2.351785255695404,0.281676399202502,6.25,99.94868387917006,50.0,366.30036630036705,0.008130081300813009
23095730671_126_Z3,23095730671,126,3,144,165,0,-0.39701302573678277,0.28083538056167046,6.3,99.94868387917006,50.0,402.65753976243144,0.008130081300813009
23095730671_127_Z3,23095730671,127,3,144,165,0,3.2048183617990844,0.28172346466871956,6.35,101.5510930600696,50.0,445.434298440977,0.008130081300813009
23095730671_128_Z4,23095730671,128,4,165,185,0,-2.7177685533699787,0.2820103876794853,6.4,101.5510930600696,50.0,357.3555687909381,0.008130081300813009
23095730671_129_Z3,23095730671,129,3,144,165,0,-1.1691928572416828,0.28059646019429113,6.45,101.5510930600696,50.0,407.83034257748807,0.008130081300813009
23095730671_130_Z3,23095730671,130,3,144,165,0,2.398541516245473,0.2812161528279182,6.5,102.75036381819234,50.0,407.0832485243223,0.008130081300813009
23095730671_131_Z3,23095730671,131,3,144,165,0,1.1666666666664578,0.28175,6.55,102.82234715152566,6.170000000000073,426.4392324093354,0.008130081300813009
23119535339_5_Z1,23119535339,5,1,103,124,0,-0.7067234042552855,0.2807155744680851,0.25,1.7755200061249639,50.0,446.2957453138945,0.0058823529411764705
23119535339_6_Z2,23119535339,6,2,124,144,0,-0.7389734226009068,0.28034708054372076,0.3,1.7755200061249639,50.0,464.64646464646466,0.0058823529411764705
23119535339_7_Z2,23119535339,7,2,124,144,0,-1.7409605707983928,0.2797751214138456,0.35,1.7755200061249639,50.0,459.26517571885,0.0058823529411764705
23119535339_8_Z2,23119535339,8,2,124,144,0,-2.5093426023453276,0.27865257128478804,0.4,1.7755200061249639,50.0,451.42296368989213,0.0058823529411764705
23119535339_9_Z1,23119535339,9,1,103,124,0,-3.484489638021614,0.27713654600718435,0.45,1.7755200061249639,50.0,467.005076142132,0.0058823529411764705
23119535339_10_Z1,23119535339,10,1,103,124,0,1.5285127775450746,0.2764713922636503,0.5,2.539776394897501,50.0,429.8941798941798,0.0058823529411764705
23119535339_11_Z2,23119535339,11,2,124,144,0,-1.3391259475728248,0.2770007453531985,0.55,2.539776394897501,50.0,448.7179487179491,0.0058823529411764705
23119535339_12_Z2,23119535339,12,2,124,144,0,-4.303355549689968,0.2752486004511738,0.6,2.539776394897501,50.0,458.25861725443264,0.0058823529411764705
23119535339_13_Z2,23119535339,13,2,124,144,0,-3.5920958464334944,0.27332815182360076,0.65,2.539776394897501,50.0,458.7155963302762,0.0058823529411764705
23119535339_14_Z1,23119535339,14,1,103,124,0,0.1255184191616081,0.27230777654556704,0.7,2.6025356044783052,50.0,421.9409282700414,0.0058823529411764705
23119535339_15_Z2,23119535339,15,2,124,144,0,0.8396361987754517,0.2726964618082074,0.75,3.022353703866031,50.0,426.3565891472866,0.0058823529411764705
23119535339_16_Z2,23119535339,16,2,124,144,0,0.7452691159281812,0.27313969372766705,0.8,3.3949882618301217,50.0,443.1017119838874,0.0058823529411764705
23119535339_17_Z2,23119535339,17,2,124,144,0,-2.5776313320601503,0.27279586562869584,0.85,3.3949882618301217,50.0,419.74815110933463,0.0058823529411764705
23119535339_18_Z2,23119535339,18,2,124,144,0,-5.270999845826054,0.2707059639468896,0.9,3.3949882618301217,50.0,440.61686360905213,0.0058823529411764705
23119535339_19_Z2,23119535339,19,2,124,144,0,-6.3197816624566485,0.2678120385418209,0.95,3.3949882618301217,50.0,433.1561330970667,0.0058823529411764705
23119535339_20_Z2,23119535339,20,2,124,144,0,-6.446925733841681,0.26456015750256173,1.0,3.3949882618301217,50.0,456.3758389261745,0.0058823529411764705
23119535339_21_Z1,23119535339,21,1,103,124,0,-5.746327672506482,0.26154963566257955,1.05,3.3949882618301217,50.0,442.2999597909127,0.0058823529411764705
23119535339_22_Z1,23119535339,22,1,103,124,0,-5.067843172026528,0.258782917387862,1.1,3.3949882618301217,50.0,425.4457050243101,0.0058823529411764705
23119535339_24_Z2,23119535339,24,2,124,144,0,0.16550980392162273,0.2560648709150327,1.2,3.477743163790933,50.0,428.43232716650516,0.0058823529411764705
23119535339_25_Z2,23119535339,25,2,124,144,0,-6.410037738172321,0.25479274212249003,1.25,3.477743163790933,50.0,426.1363636363619,0.0058823529411764705
23119535339_26_Z2,23119535339,26,2,124,144,0,-4.909276313825217,0.2515085338850788,1.3,3.477743163790933,50.0,426.9160398454986,0.0058823529411764705
23119535339_27_Z2,23119535339,27,2,124,144,0,-4.474567010342412,0.24939312329218977,1.35,3.477743163790933,50.0,449.8337570897702,0.0058823529411764705
23119535339_28_Z2,23119535339,28,2,124,144,0,-2.505975146810499,0.24736120867485809,1.4,3.477743163790933,50.0,444.4444444444474,0.0058823529411764705
23119535339_29_Z2,23119535339,29,2,124,144,0,1.3834251606978683,0.24737334098561367,1.45,4.169455744139867,50.0,429.7994269340963,0.0058823529411764705
23119535339_30_Z2,23119535339,30,2,124,144,0,-5.902628849373912,0.24661287888869227,1.5,4.169455744139867,50.0,473.0928444707272,0.0058823529411764705
23119535339_31_Z2,23119535339,31,2,124,144,0,-12.144915051172688,0.24159103461047607,1.55,4.169455744139867,50.0,426.3959390862944,0.0058823529411764705
23119535339_32_Z2,23119535339,32,2,124,144,0,-9.054611860270029,0.2362092109831068,1.6,4.169455744139867,50.0,412.2497055359242,0.0058823529411764705
23119535339_33_Z2,23119535339,33,2,124,144,0,-2.380158288770133,0.23338181319073087,1.65,4.169455744139867,50.0,423.2164449818631,0.0058823529411764705
23119535339_34_Z2,23119535339,34,2,124,144,0,-3.9287922776788378,0.23212912173141437,1.7,4.169455744139867,50.0,422.1105527638191,0.0058823529411764705
23119535339_35_Z2,23119535339,35,2,124,144,0,-8.055196816333819,0.22903780546804633,1.75,4.169455744139867,50.0,440.8817635270533,0.0058823529411764705
23119535339_36_Z2,23119535339,36,2,124,144,0,-8.633592341868848,0.22480807119396867,1.8,4.169455744139867,50.0,440.44044044044205,0.0058823529411764705
23119535339_37_Z2,23119535339,37,2,124,144,0,-5.16138408135987,0.22091349836370355,1.85,4.169455744139867,50.0,400.5059021922424,0.0058823529411764705
23119535339_38_Z2,23119535339,38,2,124,144,0,-1.4948806366048188,0.2197783775419982,1.9,4.169455744139867,50.0,438.42168194499743,0.0058823529411764705
23119535339_39_Z2,23119535339,39,2,124,144,0,-1.400128805647057,0.21887094465783638,1.95,4.169455744139867,50.0,419.58041958041997,0.0058823529411764705
23119535339_40_Z2,23119535339,40,2,124,144,0,0.33580850829736164,0.21862218165793515,2.0,4.337359998288548,50.0,458.44129958142247,0.0058823529411764705
23119535339_41_Z2,23119535339,41,2,124,144,0,-8.025950875274532,0.2171599012638848,2.05,4.337359998288548,50.0,442.47787610619645,0.0058823529411764705
23119535339_42_Z2,23119535339,42,2,124,144,0,-6.675882673529543,0.21282038151330235,2.1,4.337359998288548,50.0,448.4304932735431,0.0058823529411764705
23119535339_43_Z2,23119535339,43,2,124,144,0,-3.0035205009040737,0.210559062398628,2.15,4.337359998288548,50.0,449.1310290958794,0.0058823529411764705
23119535339_44_Z2,23119535339,44,2,124,144,0,-0.6630903777571007,0.2096380894848112,2.2,4.337359998288548,50.0,474.1209008297083,0.0058823529411764705
23119535339_45_Z2,23119535339,45,2,124,144,0,-0.5126906712040977,0.20977358616667038,2.25,4.337359998288548,50.0,489.39641109298566,0.0058823529411764705
23119535339_46_Z2,23119535339,46,2,124,144,0,-8.064465472284041,0.20713691299953124,2.3,4.337359998288548,50.0,424.75728155340147,0.0058823529411764705
23119535339_47_Z2,23119535339,47,2,124,144,0,-2.1562329778506637,0.20461908230790266,2.35,4.337359998288548,50.0,449.6578690127069,0.0058823529411764705
23119535339_48_Z2,23119535339,48,2,124,144,0,-0.905640600534241,0.20403561112646218,2.4,4.337359998288548,50.0,446.06650446066357,0.0058823529411764705
23119535339_49_Z2,23119535339,49,2,124,144,0,-2.2943593994658045,0.20315823523993734,2.45,4.337359998288548,50.0,449.9897729597066,0.0058823529411764705
23119535339_50_Z2,23119535339,50,2,124,144,0,-0.17145608094324416,0.2023643636190554,2.5,4.337359998288548,50.0,423.40261739799814,0.0058823529411764705
23119535339_51_Z2,23119535339,51,2,124,144,0,0.3665416566136628,0.20297310795714188,2.55,4.520630826595379,50.0,486.4207539521672,0.0058823529411764705
23119535339_52_Z2,23119535339,52,2,124,144,0,-4.269544450129217,0.20143572845255162,2.6,4.520630826595379,50.0,439.91201759648277,0.0058823529411764705
23119535339_53_Z2,23119535339,53,2,124,144,0,-0.8855411255411241,0.20034138528138531,2.65,4.520630826595379,50.0,436.3347877826253,0.0058823529411764705
23119535339_54_Z2,23119535339,54,2,124,144,0,-1.6828717948719145,0.19971261538461535,2.7,4.520630826595379,50.0,466.0587639311052,0.0058823529411764705
23119535339_55_Z2,23119535339,55,2,124,144,0,-1.9216851671533846,0.1987710963972736,2.75,4.520630826595379,50.0,438.3343295477182,0.0058823529411764705
23119535339_56_Z2,23119535339,56,2,124,144,0,3.1409010480467714,0.19883938387550482,2.8,6.091081350618765,50.0,522.193211488251,0.0058823529411764705
23119535339_57_Z2,23119535339,57,2,124,144,0,6.408731249350069,0.20152319076415734,2.85,9.2954469752938,50.0,557.3248407643285,0.0058823529411764705
23119535339_58_Z2,23119535339,58,2,124,144,0,5.297446539916166,0.20443602284026618,2.9,11.944170245251883,50.0,536.139793486893,0.0058823529411764705
23119535339_59_Z2,23119535339,59,2,124,144,0,5.271250343277131,0.2070837690401133,2.95,14.579795416890448,50.0,545.2342487883685,0.0058823529411764705
23119535339_60_Z2,23119535339,60,2,124,144,0,3.5127604447516774,0.20932457496501594,3.0,16.336175639266287,50.0,529.2042336338693,0.0058823529411764705
23119535339_61_Z2,23119535339,61,2,124,144,0,3.1006347558043785,0.21087130024415432,3.05,17.886493017168476,50.0,568.8744412840332,0.0058823529411764705
23119535339_62_Z2,23119535339,62,2,124,144,0,3.6480177660641857,0.21260176730435396,3.1,19.71050190020057,50.0,551.808706315146,0.0058823529411764705
23119535339_63_Z2,23119535339,63,2,124,144,0,4.30728428857401,0.214534794891611,3.15,21.864144044487574,50.0,544.9591280653939,0.0058823529411764705
23119535339_64_Z2,23119535339,64,2,124,144,0,5.764118761534974,0.21705116678789746,3.2,24.74620342525506,50.0,601.0819475055117,0.0058823529411764705
23119535339_65_Z2,23119535339,65,2,124,144,0,6.600990416062075,0.2201821256330993,3.25,28.0466986332861,50.0,560.5605605605575,0.0058823529411764705
23119535339_66_Z2,23119535339,66,2,124,144,0,7.371293572547813,0.22366649456609558,3.3,31.732345419560005,50.0,588.5934645829107,0.0058823529411764705
23119535339_67_Z2,23119535339,67,2,124,144,0,7.323009562950858,0.22738422389634994,3.35,35.393850201035434,50.0,568.6274509803922,0.0058823529411764705
23119535339_68_Z2,23119535339,68,2,124,144,0,7.138015919138127,0.23094454892622404,3.4,38.9628581606045,50.0,585.3087503658168,0.0058823529411764705
23119535339_69_Z2,23119535339,69,2,124,144,0,7.429402491999781,0.23463009006336108,3.45,42.67755940660439,50.0,570.8460754332293,0.0058823529411764705
23119535339_70_Z2,23119535339,70,2,124,144,0,6.737090725177723,0.23817082364984335,3.5,46.04610476919325,50.0,574.7126436781605,0.0058823529411764705
23119535339_71_Z2,23119535339,71,2,124,144,0,6.70709630293527,0.2415519083553679,3.55,49.399652920660884,50.0,587.0020964360609,0.0058823529411764705
23119535339_72_Z2,23119535339,72,2,124,144,0,6.2388822977106315,0.24470684311699128,3.6,52.5190940695162,50.0,590.5511811023601,0.0058823529411764705
23119535339_73_Z2,23119535339,73,2,124,144,0,6.130484135933784,0.24794751211480454,3.65,55.58433613748309,50.0,572.8314238952524,0.0058823529411764705
23119535339_74_Z2,23119535339,74,2,124,144,0,3.5518467460745455,0.25031775414637863,3.7,57.360259510520365,50.0,572.4437425977119,0.0058823529411764705
23119535339_75_Z2,23119535339,75,2,124,144,0,3.0452995941752192,0.2519391063897509,3.75,58.882909307607974,50.0,526.8490374873363,0.0058823529411764705
23119535339_76_Z2,23119535339,76,2,124,144,0,0.7200000000000841,0.25292666666666663,3.8,59.242909307608016,50.0,532.7545382794019,0.0058823529411764705
23119535339_77_Z2,23119535339,77,2,124,144,0,1.1199999999999477,0.25328666666666666,3.85,59.80290930760799,50.0,509.30460333006675,0.0058823529411764705
23119535339_78_Z2,23119535339,78,2,124,144,0,1.2785029011826055,0.25389738243935567,3.9,60.44216075819929,50.0,502.7146591594609,0.0058823529411764705
23119535339_79_Z2,23119535339,79,2,124,144,0,1.841497098817456,0.2547085356779023,3.95,61.36290930760802,50.0,466.9102720259825,0.0058823529411764705
23119535339_80_Z2,23119535339,80,2,124,144,0,1.0399999999999068,0.25549333333333335,4.0,61.882909307607974,50.0,478.18290496115145,0.0058823529411764705
23119535339_81_Z2,23119535339,81,2,124,144,0,1.1769602378299737,0.25591477517651434,4.05,62.47138942652296,50.0,482.8973843058368,0.0058823529411764705
23119535339_82_Z2,23119535339,82,2,124,144,0,2.9997248450430334,0.2569195428797855,4.1,63.97125184904448,50.0,487.1118327582664,0.0058823529411764705
23119535339_83_Z2,23119535339,83,2,124,144,0,1.7621043646133785,0.2583063516257871,4.15,64.85230403135117,50.0,533.4914048607029,0.0058823529411764705
23119535339_84_Z2,23119535339,84,2,124,144,0,1.1012105525136349,0.2589522143686743,4.2,65.40290930760798,50.0,460.64490286400695,0.0058823529411764705
23119535339_85_Z2,23119535339,85,2,124,144,0,0.26175438596499134,0.25928239766081873,4.25,65.53378650059048,50.0,480.09601920384284,0.0058823529411764705
23119535339_86_Z2,23119535339,86,2,124,144,0,-0.6617543859649686,0.25920847953216375,4.3,65.53378650059048,50.0,530.347672362995,0.0058823529411764705
23119535339_87_Z2,23119535339,87,2,124,144,0,-0.4995999999999867,0.2588601333333333,4.35,65.53378650059048,50.0,513.5579293344258,0.0058823529411764705
23119535339_88_Z2,23119535339,88,2,124,144,0,0.24544070796457618,0.25873868023598817,4.4,65.65650685457277,50.0,473.8400789733499,0.0058823529411764705
23119535339_89_Z2,23119535339,89,2,124,144,0,0.6541592920355015,0.25908430678466077,4.45,65.98358650059052,50.0,439.56043956043794,0.0058823529411764705
23119535339_90_Z2,23119535339,90,2,124,144,0,-1.120776699029193,0.25907326860841423,4.5,65.98358650059052,50.0,481.92771084337176,0.0058823529411764705
23119535339_91_Z2,23119535339,91,2,124,144,0,-7.67842399887877,0.25678259793209035,4.55,65.98358650059052,50.0,438.3343295477222,0.0058823529411764705
23119535339_92_Z3,23119535339,92,3,144,165,0,-3.506953856543987,0.2538139957182384,4.6,65.98358650059052,50.0,435.3083434099115,0.0058823529411764705
23119535339_93_Z2,23119535339,93,2,124,144,0,-4.516008788643035,0.251987242979867,4.65,65.98358650059052,50.0,470.14574518100653,0.0058823529411764705
23119535339_95_Z2,23119535339,95,2,124,144,0,0.8172103589276958,0.2505206830228684,4.75,66.39219168005437,50.0,476.0015866719549,0.0058823529411764705
23119535339_96_Z2,23119535339,96,2,124,144,0,-8.719686387704087,0.24876232422738995,4.8,66.39219168005437,50.0,473.37278106509046,0.0058823529411764705
23119535339_97_Z2,23119535339,97,2,124,144,0,-11.789229557027227,0.2431256938225578,4.85,66.39219168005437,50.0,439.3305439330527,0.0058823529411764705
23119535339_98_Z2,23119535339,98,2,124,144,0,-6.471233189706595,0.23841587452384758,4.9,66.39219168005437,50.0,418.4100418410075,0.0058823529411764705
23119535339_99_Z2,23119535339,99,2,124,144,0,-1.5170612244898507,0.23671213605442176,4.95,66.39219168005437,50.0,450.3622478950406,0.0058823529411764705
23119535339_100_Z2,23119535339,100,2,124,144,0,-4.931633932892964,0.23527030436431132,5.0,66.39219168005437,50.0,424.5855236554789,0.0058823529411764705
23119535339_101_Z2,23119535339,101,2,124,144,0,-8.449537115720261,0.23174698369714408,5.05,66.39219168005437,50.0,455.5357496533987,0.0058823529411764705
23119535339_102_Z2,23119535339,102,2,124,144,0,-8.104675419893908,0.22770371702543,5.1,66.39219168005437,50.0,384.6153846153874,0.0058823529411764705
23119535339_103_Z2,23119535339,103,2,124,144,0,-3.5541535314928296,0.22436633585477456,5.15,66.39219168005437,50.0,380.53274584417966,0.0058823529411764705
23119535339_104_Z2,23119535339,104,2,124,144,0,-2.380269058295937,0.2232499551569507,5.2,66.39219168005437,50.0,455.8065794688859,0.0058823529411764705
23119535339_105_Z2,23119535339,105,2,124,144,0,-0.8997309417040924,0.22232657698056804,5.25,66.39219168005437,50.0,462.5905068382921,0.0058823529411764705
23119535339_106_Z2,23119535339,106,2,124,144,0,-0.26882591093107067,0.2221309311740891,5.3,66.39219168005437,50.0,444.44444444444446,0.0058823529411764705
23119535339_107_Z2,23119535339,107,2,124,144,0,-8.978879794599322,0.22002192617483923,5.35,66.39219168005437,50.0,403.0632809351077,0.0058823529411764705
23119535339_108_Z2,23119535339,108,2,124,144,0,-5.515639369485939,0.21600699991307354,5.4,66.39219168005437,50.0,419.4470924690196,0.0058823529411764705
23119535339_109_Z2,23119535339,109,2,124,144,0,-2.659900998282069,0.2140216005528176,5.45,66.39219168005437,50.0,474.8142031379065,0.0058823529411764705
23119535339_110_Z2,23119535339,110,2,124,144,0,-0.14643429199833236,0.2133341954146645,5.5,66.39219168005437,50.0,470.2194357366691,0.0058823529411764705
23119535339_111_Z2,23119535339,111,2,124,144,0,-1.651443218880786,0.21334146397389017,5.55,66.39219168005437,50.0,494.8453608247423,0.0058823529411764705
23119535339_112_Z2,23119535339,112,2,124,144,0,-8.034686581818107,0.21033128035872808,5.6,66.39219168005437,50.0,461.1991177060367,0.0058823529411764705
23119535339_113_Z2,23119535339,113,2,124,144,0,-2.0084817354263578,0.20790704585499234,5.65,66.39219168005437,50.0,449.92175273865513,0.0058823529411764705
23119535339_114_Z2,23119535339,114,2,124,144,0,-0.9927270000460453,0.20736513537241877,5.7,66.39219168005437,50.0,444.98381877023013,0.0058823529411764705
23119535339_115_Z2,23119535339,115,2,124,144,0,-2.5409298164806273,0.20639107685609806,5.75,66.39219168005437,50.0,456.7116759332751,0.0058823529411764705
23119535339_116_Z2,23119535339,116,2,124,144,0,-0.5293143489782892,0.20539156361589098,5.8,66.39219168005437,50.0,486.12517723313863,0.0058823529411764705
23119535339_117_Z2,23119535339,117,2,124,144,0,-0.1631481177316232,0.20586337427502927,5.85,66.39219168005437,50.0,499.1016170892379,0.0058823529411764705
23119535339_118_Z2,23119535339,118,2,124,144,0,-4.1072554820080995,0.20415084891491095,5.9,66.39219168005437,50.0,441.14698215360033,0.0058823529411764705
23119535339_119_Z2,23119535339,119,2,124,144,0,-1.2823333333333835,0.20304705555555555,5.95,66.39219168005437,50.0,472.44094488189654,0.0058823529411764705
23119535339_120_Z2,23119535339,120,2,124,144,0,-1.9250420168066285,0.20227249299719885,6.0,66.39219168005437,50.0,489.9959167006894,0.0058823529411764705
23119535339_121_Z2,23119535339,121,2,124,144,0,-1.7815153602425653,0.20124946686871467,6.05,66.39219168005437,50.0,449.30650517679584,0.0058823529411764705
23119535339_122_Z2,23119535339,122,2,124,144,0,3.7065573770491937,0.2015555737704918,6.1,68.24547036857896,50.0,550.6391347099272,0.0058823529411764705
23119535339_123_Z2,23119535339,123,2,124,144,0,6.177140134596016,0.20428338693347622,6.15,71.33404043587697,50.0,538.3022774327102,0.0058823529411764705
23119535339_124_Z2,23119535339,124,2,124,144,0,5.742330202983339,0.2072522686082034,6.2,74.20520553736864,50.0,571.992110453651,0.0058823529411764705
23119535339_125_Z2,23119535339,125,2,124,144,0,5.111667550959623,0.21001441426604517,6.25,76.76103931284845,50.0,574.5947055202186,0.0058823529411764705
23119535339_126_Z2,23119535339,126,2,124,144,0,3.3334026520016096,0.2121212277960557,6.3,78.42774063884926,50.0,549.9901787467999,0.0058823529411764705
23119535339_127_Z2,23119535339,127,2,124,144,0,3.0150177736271644,0.2136253950286566,6.35,79.93524952566284,50.0,584.6774193548451,0.0058823529411764705
23119535339_128_Z2,23119535339,128,2,124,144,0,3.260441685832234,0.21523923097527403,6.4,81.56547036857896,50.0,529.4117647058823,0.0058823529411764705
23119535339_129_Z2,23119535339,129,2,124,144,0,4.100384146341526,0.216989844004065,6.45,83.61566244174972,50.0,528.2405526208831,0.0058823529411764705
23119535339_130_Z2,23119535339,130,2,124,144,0,5.85136095905267,0.21951866891359875,6.5,86.54134292127605,50.0,562.9272215520732,0.0058823529411764705
23119535339_132_Z3,23119535339,132,3,144,165,0,7.412477478097003,0.22626745184219282,6.6,93.65787686368961,50.0,604.882263987891,0.0058823529411764705
23119535339_134_Z3,23119535339,134,3,144,165,0,6.817789638556974,0.23333929719802254,6.7,100.56462857226097,50.0,603.1363088057927,0.0058823529411764705
23119535339_135_Z2,23119535339,135,2,124,144,0,7.194243130637801,0.23682491348723633,6.75,104.16175013757987,50.0,607.1805702217512,0.0058823529411764705
23119535339_136_Z2,23119535339,136,2,124,144,0,6.0149253908625155,0.24019120007825992,6.8,107.16921283301113,50.0,536.8326871458436,0.0058823529411764705
23119535339_137_Z3,23119535339,137,3,144,165,0,6.613401863588535,0.24324636673210762,6.85,110.4759137648054,50.0,564.3919958953372,0.0058823529411764705
23119535339_138_Z3,23119535339,138,3,144,165,0,6.539744031919952,0.24661460772412705,6.9,113.74578578076537,50.0,603.3789219629897,0.0058823529411764705
23119535339_140_Z2,23119535339,140,2,124,144,0,3.09132786138008,0.25182424194405395,7.0,118.0725890126468,50.0,549.7861942577821,0.0058823529411764705
23119535339_141_Z2,23119535339,141,2,124,144,0,2.7895521855486436,0.2532735462384776,7.05,119.46736510542112,50.0,484.87199379364324,0.0058823529411764705
23119535339_142_Z2,23119535339,142,2,124,144,0,0.7562105263157832,0.2541642807017544,7.1,119.84547036857902,50.0,505.050505050505,0.0058823529411764705
23119535339_143_Z2,23119535339,143,2,124,144,0,1.0025751072959679,0.25458440629470674,7.15,120.346757922227,50.0,515.570220664047,0.0058823529411764705
23119535339_144_Z2,23119535339,144,2,124,144,0,1.0822317596567927,0.2550572818311874,7.2,120.8878738020554,50.0,522.7492739593454,0.0058823529411764705
23119535339_145_Z2,23119535339,145,2,124,144,0,1.5151931330472053,0.2557420028612304,7.25,121.645470368579,50.0,488.4998982291868,0.0058823529411764705
23119535339_146_Z2,23119535339,146,2,124,144,0,1.0399999999999636,0.25642000000000004,7.3,122.16547036857898,50.0,458.1673306772925,0.0058823529411764705
23119535339_147_Z2,23119535339,147,2,124,144,0,1.5323074017236422,0.25696660937315546,7.35,122.9316240694408,50.0,447.7004477004447,0.0058823529411764705
23119535339_148_Z2,23119535339,148,2,124,144,0,2.3876925982764305,0.25799287766103957,7.4,124.12547036857902,50.0,483.83975227404613,0.0058823529411764705
23119535339_149_Z2,23119535339,149,2,124,144,0,1.975238095238069,0.259115873015873,7.45,125.11308941619805,50.0,503.3557046979835,0.0058823529411764705
23119535339_150_Z2,23119535339,150,2,124,144,0,1.7950371341196387,0.26006012523663896,7.5,126.01060798325787,50.0,528.6701911346045,0.0058823529411764705
23119535339_151_Z2,23119535339,151,2,124,144,0,0.6297247706421558,0.26067675840978594,7.55,126.32547036857895,50.0,476.9475357710679,0.0058823529411764705
23119535339_152_Z2,23119535339,152,2,124,144,0,-0.15833333333330302,0.26078027777777774,7.6,126.32547036857895,50.0,532.9648637978697,0.0058823529411764705
23119535339_153_Z2,23119535339,153,2,124,144,0,-0.9346899224805156,0.2605006330749354,7.65,126.32547036857895,50.0,518.2379908311733,0.0058823529411764705
23119535339_154_Z2,23119535339,154,2,124,144,0,0.21302325581393688,0.26022007751937987,7.7,126.43198199648592,50.0,569.2213864606568,0.0058823529411764705
23119535339_155_Z2,23119535339,155,2,124,144,0,1.6827834566055344,0.2607121094767168,7.75,127.27337372478868,50.0,503.8291011688846,0.0058823529411764705
23119535339_156_Z2,23119535339,156,2,124,144,0,4.892635183014818,0.26234976639595936,7.8,129.7196913162961,50.0,539.6761942834327,0.0058823529411764705
23119535339_157_Z2,23119535339,157,2,124,144,0,6.296009931808271,0.2652317489849606,7.85,132.86769628220023,50.0,551.6154452324641,0.0058823529411764705
23119535339_158_Z2,23119535339,158,2,124,144,0,5.754115048159406,0.2682165325107418,7.9,135.74475380627993,50.0,533.1556147950806,0.0058823529411764705
23119535339_159_Z3,23119535339,159,3,144,165,0,6.380840397874522,0.27124241444774366,7.95,138.9351740052172,50.0,564.3121229811311,0.0058823529411764705
23119535339_160_Z3,23119535339,160,3,144,165,0,6.39529136018848,0.2745076908197219,8.0,142.13281968531143,50.0,572.7142564941668,0.0058823529411764705
23119535339_161_Z2,23119535339,161,2,124,144,0,4.726843140867459,0.27731712581027235,8.05,144.49624125574516,50.0,569.8005698005671,0.0058823529411764705
23119535339_162_Z2,23119535339,162,2,124,144,0,1.3914814814814918,0.27890182098765426,8.1,145.1919819964859,50.0,523.5602094240853,0.0058823529411764705
23119535339_163_Z2,23119535339,163,2,124,144,0,-0.2400000000000091,0.27904,8.15,145.1919819964859,50.0,502.61359067149397,0.0058823529411764705
23119535339_164_Z2,23119535339,164,2,124,144,0,-0.45668960996397345,0.27891669179503986,8.2,145.1919819964859,50.0,514.7495545436525,0.0058823529411764705
23119535339_165_Z2,23119535339,165,2,124,144,0,3.3489794398475397,0.2794025778499678,8.25,146.86647171640968,50.0,451.93097781429475,0.0058823529411764705
23119535339_167_Z3,23119535339,167,3,144,165,0,4.143267319349434,0.2838616398384984,8.35,151.25456408960352,50.0,542.237442922361,0.0058823529411764705
23119535339_168_Z3,23119535339,168,3,144,165,0,-1.7939560247833697,0.2845556771651261,8.4,151.25456408960352,50.0,487.3096446700508,0.0058823529411764705
23119535339_169_Z2,23119535339,169,2,124,144,0,1.6862318700200376,0.28410828807745087,8.45,152.09768002461354,50.0,493.69171695009413,0.0058823529411764705
23119535339_170_Z2,23119535339,170,2,124,144,0,2.9992495784921402,0.28560220031736727,8.5,153.5973048138596,50.0,479.6623177283119,0.0058823529411764705
23119535339_171_Z2,23119535339,171,2,124,144,0,2.3691162790697717,0.2869148527131783,8.55,154.7818629533945,50.0,488.84815154290635,0.0058823529411764705
23119535339_172_Z2,23119535339,172,2,124,144,0,1.7483830788178238,0.2879246181846997,8.6,155.6560544928034,50.0,480.96192384769887,0.0058823529411764705
23119535339_173_Z2,23119535339,173,2,124,144,0,1.0825006421123362,0.28858383692060063,8.65,156.19730481385957,50.0,505.9350068106693,0.0058823529411764705
23119535339_174_Z2,23119535339,174,2,124,144,0,0.8894828082519552,0.28907909654032726,8.7,156.64204621798555,50.0,529.8553087425961,0.0058823529411764705
23119535339_175_Z2,23119535339,175,2,124,144,0,2.4430545051808394,0.2899608687443957,8.75,157.86357347057597,50.0,517.9282868526009,0.0058823529411764705
23119535339_176_Z2,23119535339,176,2,124,144,0,0.6113971127966806,0.29071702838267677,8.8,158.1692720269743,50.0,504.7445992327815,0.0058823529411764705
23119535339_177_Z2,23119535339,177,2,124,144,0,1.041579087284049,0.2911056953182691,8.85,158.69006157061634,50.0,545.5962587685144,0.0058823529411764705
23119535339_178_Z2,23119535339,178,2,124,144,0,-0.8650049637673192,0.29137181687112634,8.9,158.69006157061634,50.0,513.9802631579009,0.0058823529411764705
23119535339_179_Z2,23119535339,179,2,124,144,0,-4.419689836295902,0.2896953810842694,8.95,158.69006157061634,50.0,486.2867146469572,0.0058823529411764705
23119535339_180_Z2,23119535339,180,2,124,144,0,-1.5653021442491464,0.28873040935672517,9.0,158.69006157061634,8.30999999999949,521.5123859191606,0.0058823529411764705
23161986328_7_Z4,23161986328,7,4,165,185,0,6.375296080943144,0.5183809742491654,0.35,17.316267406403256,50.0,422.28031369394716,0.0029239766081871343
23161986328_8_Z4,23161986328,8,4,165,185,0,6.509713562242041,0.5215616854547884,0.4,20.571124187524276,50.0,382.40917782026804,0.0029239766081871343
23161986328_9_Z4,23161986328,9,4,165,185,0,6.568697016509304,0.5248994312563707,0.45,23.85547269577893,50.0,374.76577139287923,0.0029239766081871343
23161986328_10_Z4,23161986328,10,4,165,185,0,8.124047933744805,0.5285045251118268,0.5,27.91749666265133,50.0,416.9148302561048,0.0029239766081871343
23161986328_11_Z4,23161986328,11,4,165,185,0,9.688184011438125,0.5328821007181485,0.55,32.76158866837039,50.0,410.15625000000057,0.0029239766081871343
23161986328_12_Z4,23161986328,12,4,165,185,0,14.38444412265062,0.5389639465256025,0.6,39.953810729695704,50.0,483.48106365833905,0.0029239766081871343
23161986328_13_Z4,23161986328,13,4,165,185,0,12.761225302068397,0.5459028443629984,0.65,46.3344233807299,50.0,494.7433518862091,0.0029239766081871343
23161986328_14_Z4,23161986328,14,4,165,185,0,9.67168819104677,0.5515014822977913,0.7,51.17026747625329,50.0,465.38685282140835,0.0029239766081871343
23161986328_15_Z4,23161986328,15,4,165,185,0,9.660720364262033,0.5562131089418789,0.75,56.0006276583843,50.0,489.89589712186154,0.0029239766081871343
23161986328_16_Z4,23161986328,16,4,165,185,0,11.909394952361026,0.5614760615829822,0.8,61.955325134564816,50.0,459.2651757188495,0.0029239766081871343
23161986328_17_Z4,23161986328,17,4,165,185,0,13.920072733440747,0.5681914016897578,0.85,68.91536150128519,50.0,500.20008003201264,0.0029239766081871343
23161986328_18_Z4,23161986328,18,4,165,185,0,9.345203237404803,0.5740961463677273,0.9,73.58796311998759,50.0,457.4383452665078,0.0029239766081871343
23161986328_19_Z4,23161986328,19,4,165,185,0,15.448541844569036,0.579621165335594,0.95,81.31223404227211,50.0,665.9939455095869,0.0029239766081871343
23161986328_20_Z4,23161986328,20,4,165,185,0,15.613288381599205,0.5883812946024247,1.0,89.11887823307171,50.0,690.1991717609934,0.0029239766081871343
23161986328_21_Z4,23161986328,21,4,165,185,0,4.760625470894865,0.5926291981645458,1.05,91.49919096851914,50.0,470.44385354878204,0.0029239766081871343
23161986328_22_Z4,23161986328,22,4,165,185,0,19.135612220565463,0.5989054543250035,1.1,101.06699707880188,50.0,790.5939590512847,0.0029239766081871343
23161986328_23_Z4,23161986328,23,4,165,185,0,16.349322003743055,0.6079373441663405,1.15,109.2416580806734,50.0,688.3984612269676,0.0029239766081871343
23161986328_24_Z4,23161986328,24,4,165,185,0,15.26419976540592,0.6156089975536173,1.2,116.87375796337636,50.0,584.4009889862889,0.0029239766081871343
23161986328_25_Z4,23161986328,25,4,165,185,0,21.50982193934965,0.6248192617307735,1.25,127.62866893305119,50.0,935.9104781281817,0.0029239766081871343
23161986328_26_Z4,23161986328,26,4,165,185,0,27.269902056137198,0.6368476171052447,1.3,141.2636199611198,50.0,1078.3907092492786,0.0029239766081871343
23161986328_27_Z4,23161986328,27,4,165,185,0,32.31023845374989,0.6519550558484335,1.35,157.41873918799473,50.0,1207.9947287502632,0.0029239766081871343
23161986328_28_Z4,23161986328,28,4,165,185,0,31.75550866821868,0.667850182454902,1.4,173.29649352210407,50.0,969.797727902456,0.0029239766081871343
23161986328_29_Z5,23161986328,29,5,185,206,0,37.87136940798587,0.6853667925647868,1.45,192.232178226097,50.0,1266.9683257918605,0.0029239766081871343
23161986328_31_Z4,23161986328,31,4,165,185,0,26.119781460498643,0.7184803527670551,1.55,222.26716998391356,50.0,1031.8949343339618,0.0029239766081871343
23161986328_33_Z5,23161986328,33,5,185,206,0,9.566166293778679,0.7349280206897311,1.65,234.74996904340668,50.0,476.37951568082684,0.0029239766081871343
23161986328_35_Z4,23161986328,35,4,165,185,0,22.619723695478342,0.7532178827218139,1.75,256.0554322033898,50.0,813.6482939632517,0.0029239766081871343
23161986328_38_Z4,23161986328,38,4,165,185,0,37.09916804181853,0.8076384906047491,1.9,313.5848129643718,50.0,1197.4584555229694,0.0029239766081871343
23161986328_39_Z4,23161986328,39,4,165,185,0,16.995166241546258,0.8210959075007103,1.95,322.0823960851449,50.0,846.0586050350798,0.0029239766081871343
23161986328_40_Z4,23161986328,40,4,165,185,0,4.1343163358424135,0.8260544721620968,2.0,324.1495542530661,50.0,471.050049067713,0.0029239766081871343
23161986328_41_Z4,23161986328,41,4,165,185,0,-5.62215827610612,0.8256371934221047,2.05,324.1495542530661,50.0,364.5200486026723,0.0029239766081871343
23161986328_42_Z4,23161986328,42,4,165,185,0,-3.4651846144645333,0.8228718309722725,2.1,324.1495542530661,50.0,321.5434083601302,0.0029239766081871343
23161986328_43_Z4,23161986328,43,4,165,185,0,-5.044709135397852,0.8215487863361755,2.15,324.1495542530661,50.0,351.5624999999981,0.0029239766081871343
23161986328_44_Z4,23161986328,44,4,165,185,0,-15.048823159203266,0.8158968776911497,2.2,324.1495542530661,50.0,324.5436105476691,0.0029239766081871343
23161986328_45_Z4,23161986328,45,4,165,185,0,-16.515496202688155,0.8082572732691278,2.25,324.1495542530661,50.0,360.9384399438515,0.0029239766081871343
23161986328_46_Z4,23161986328,46,4,165,185,0,-16.06062101397538,0.7999043755967826,2.3,324.1495542530661,50.0,320.38446135362693,0.0029239766081871343
23161986328_47_Z4,23161986328,47,4,165,185,0,-13.433713580786161,0.7923683410591624,2.35,324.1495542530661,50.0,353.35689045936357,0.0029239766081871343
23161986328_48_Z4,23161986328,48,4,165,185,0,-10.71730560871697,0.786565530406086,2.4,324.1495542530661,50.0,282.82828282828285,0.0029239766081871343
23161986328_49_Z5,23161986328,49,5,185,206,0,-8.29797337619857,0.7816793053931671,2.45,324.1495542530661,50.0,262.63952724885064,0.0029239766081871343
23161986328_51_Z5,23161986328,51,5,185,206,0,-6.881291346521266,0.7734880184554268,2.55,324.1495542530661,50.0,256.0567264132363,0.0029239766081871343
23161986328_52_Z5,23161986328,52,5,185,206,0,-4.656035871814311,0.7708329250167699,2.6,324.1495542530661,50.0,264.2813579995931,0.0029239766081871343
23161986328_53_Z5,23161986328,53,5,185,206,0,-6.488562022941778,0.768075022176264,2.65,324.1495542530661,50.0,296.5599051008308,0.0029239766081871343
23161986328_54_Z5,23161986328,54,5,185,206,0,-6.501256853280211,0.7647737753269838,2.7,324.1495542530661,50.0,303.27537403962776,0.0029239766081871343
23161986328_55_Z5,23161986328,55,5,185,206,0,-0.3930578262684321,0.7627384857880857,2.75,324.1495542530661,50.0,341.9147224456973,0.0029239766081871343
23161986328_56_Z4,23161986328,56,4,165,185,0,-7.676012609671261,0.7614742883983987,2.8,324.1495542530661,50.0,365.8131027602241,0.0029239766081871343
23161986328_57_Z4,23161986328,57,4,165,185,0,-9.08013753240084,0.7566632941511607,2.85,324.1495542530661,50.0,343.08779011100086,0.0029239766081871343
23161986328_58_Z4,23161986328,58,4,165,185,0,-12.706018658559515,0.7516787377259275,2.9,324.1495542530661,50.0,314.3336127409874,0.0029239766081871343
23161986328_59_Z4,23161986328,59,4,165,185,0,-16.988646262007023,0.7440098324218287,2.95,324.1495542530661,50.0,289.5193977996529,0.0029239766081871343
23161986328_60_Z4,23161986328,60,4,165,185,0,-17.855215047168713,0.7351682365839752,3.0,324.1495542530661,50.0,297.147385103011,0.0029239766081871343
23161986328_61_Z4,23161986328,61,4,165,185,0,-7.160078272265764,0.7284509824852429,3.05,324.1495542530661,50.0,329.3536434746814,0.0029239766081871343
23161986328_62_Z4,23161986328,62,4,165,185,0,-2.9741264881968164,0.7266025864417697,3.1,324.1495542530661,50.0,348.769618291028,0.0029239766081871343
23161986328_63_Z4,23161986328,63,4,165,185,0,-3.8772388888889964,0.7246165748456791,3.15,324.1495542530661,50.0,364.7416413373867,0.0029239766081871343
23161986328_64_Z4,23161986328,64,4,165,185,0,1.842718056663898,0.7241328785461304,3.2,325.0709132813981,50.0,358.2802547770716,0.0029239766081871343
23161986328_65_Z4,23161986328,65,4,165,185,0,4.006157147545082,0.7256576612957779,3.25,327.0739918551706,50.0,387.992648560341,0.0029239766081871343
23161986328_66_Z5,23161986328,66,5,185,206,0,1.7295083279987011,0.7274544719786351,3.3,327.93874601916997,50.0,391.0950661853161,0.0029239766081871343
23161986328_68_Z4,23161986328,68,4,165,185,0,-13.855730177255055,0.7187263475861561,3.4,327.93874601916997,50.0,312.1951219512195,0.0029239766081871343
23161986328_69_Z4,23161986328,69,4,165,185,0,-11.919046504674952,0.7120838936234983,3.45,327.93874601916997,50.0,319.4250349371123,0.0029239766081871343
23161986328_70_Z4,23161986328,70,4,165,185,0,-8.046722156972237,0.7071377524072333,3.5,327.93874601916997,50.0,320.3203203203215,0.0029239766081871343
23161986328_71_Z4,23161986328,71,4,165,185,0,-8.522808541033328,0.7032293486113039,3.55,327.93874601916997,50.0,321.60804020100505,0.0029239766081871343
23161986328_72_Z4,23161986328,72,4,165,185,0,-11.768796697993821,0.6981421908270117,3.6,327.93874601916997,50.0,315.6441112645489,0.0029239766081871343
23161986328_73_Z4,23161986328,73,4,165,185,0,-15.9518494950471,0.6910738337912867,3.65,327.93874601916997,50.0,312.8911138923651,0.0029239766081871343
23161986328_74_Z4,23161986328,74,4,165,185,0,-8.805968147795511,0.6846091265387736,3.7,327.93874601916997,50.0,295.10131811922133,0.0029239766081871343
23161986328_75_Z4,23161986328,75,4,165,185,0,-6.016292457910822,0.6812874958070805,3.75,327.93874601916997,50.0,306.93677102516665,0.0029239766081871343
23161986328_76_Z4,23161986328,76,4,165,185,0,-5.9172052647195414,0.67817439606913,3.8,327.93874601916997,50.0,318.97926634768834,0.0029239766081871343
23161986328_77_Z4,23161986328,77,4,165,185,0,-11.226337348448396,0.6741829273750376,3.85,327.93874601916997,50.0,315.27093596059115,0.0029239766081871343
23161986328_78_Z4,23161986328,78,4,165,185,0,-13.06673128232569,0.6678312348986212,3.9,327.93874601916997,50.0,301.56815440289637,0.0029239766081871343
23161986328_79_Z4,23161986328,79,4,165,185,0,-9.5763926062682,0.6618647308950881,3.95,327.93874601916997,50.0,282.08744710860304,0.0029239766081871343
23161986328_80_Z4,23161986328,80,4,165,185,0,-7.0840825908198894,0.6582908220002668,4.0,327.93874601916997,50.0,306.04437643458186,0.0029239766081871343
23161986328_81_Z4,23161986328,81,4,165,185,0,-11.072637898719222,0.6535871608233297,4.05,327.93874601916997,50.0,303.7052034824843,0.0029239766081871343
23161986328_82_Z4,23161986328,82,4,165,185,0,-4.930769110711253,0.6487789573785532,4.1,327.93874601916997,50.0,311.52647975078116,0.0029239766081871343
23161986328_83_Z4,23161986328,83,4,165,185,0,12.347301009589273,0.6510253633163604,4.15,334.1123965239646,50.0,404.62427745664314,0.0029239766081871343
23161986328_84_Z5,23161986328,84,5,185,206,0,22.02558030690807,0.65977186988502,4.2,345.12518667741864,50.0,854.50865752192,0.0029239766081871343
23161986328_85_Z5,23161986328,85,5,185,206,0,16.17128053736883,0.669813394846231,4.25,353.21082694610305,50.0,796.4954201513301,0.0029239766081871343
23161986328_86_Z5,23161986328,86,5,185,206,0,11.728417280705116,0.6764772101305447,4.3,359.0750355864556,50.0,710.5943152454842,0.0029239766081871343
23161986328_87_Z4,23161986328,87,4,165,185,0,12.777605182234993,0.6825763657181587,4.35,365.4638381775731,50.0,693.3438985736985,0.0029239766081871343
23161986328_89_Z4,23161986328,89,4,165,185,0,12.16642868304939,0.6945625835675877,4.45,377.2920061386383,50.0,629.1028446389585,0.0029239766081871343
23161986328_90_Z5,23161986328,90,5,185,206,0,8.444036367850003,0.6999748542249741,4.5,381.51402432256333,50.0,554.2957923910361,0.0029239766081871343
23161986328_91_Z5,23161986328,91,5,185,206,0,3.768795338306063,0.7026974338817994,4.55,383.39842199171636,50.0,415.54124246830617,0.0029239766081871343
23161986328_92_Z5,23161986328,92,5,185,206,0,6.949454938914414,0.7054956337774542,4.6,386.87314946117357,50.0,424.71862391165723,0.0029239766081871343
23161986328_93_Z5,23161986328,93,5,185,206,0,4.2660320211105045,0.7083945641403455,4.65,389.0061654717288,50.0,383.451059535821,0.0029239766081871343
23161986328_94_Z5,23161986328,94,5,185,206,0,-1.1380973167983939,0.7092702449047142,4.7,389.0061654717288,50.0,376.3866877971506,0.0029239766081871343
23161986328_95_Z5,23161986328,95,5,185,206,0,-4.805389317389199,0.7073330905787015,4.75,389.0061654717288,50.0,353.4262713528352,0.0029239766081871343
23161986328_96_Z5,23161986328,96,5,185,206,0,11.22593831657582,0.7086269561299514,4.8,394.61913463001673,50.0,588.2352941176557,0.0029239766081871343
23161986328_97_Z5,23161986328,97,5,185,206,0,15.657775826692841,0.715968671401585,4.85,402.44802254336315,50.0,732.3832145684814,0.0029239766081871343
23161986328_98_Z5,23161986328,98,5,185,206,0,15.593960721371104,0.7235707174613254,4.9,410.2450029040487,50.0,763.6655948553021,0.0029239766081871343
23161986328_99_Z5,23161986328,99,5,185,206,0,20.375686016899408,0.7325350897162384,4.95,420.4328459124984,50.0,921.2898057280306,0.0029239766081871343
23161986328_100_Z5,23161986328,100,5,185,206,0,21.06804397895462,0.7431450150837225,5.0,430.9668679019757,50.0,961.1533840608632,0.0029239766081871343
23161986328_101_Z5,23161986328,101,5,185,206,0,22.05845418968852,0.7537441736914656,5.05,441.99609499682,50.0,957.1369121931021,0.0029239766081871343
23161986328_102_Z5,23161986328,102,5,185,206,0,24.849269486674302,0.7654063342313538,5.1,454.4207297401571,50.0,1074.8243075651071,0.0029239766081871343
23161986328_103_Z5,23161986328,103,5,185,206,0,26.994878591539873,0.7784701643716839,5.15,467.91816903592706,50.0,1093.9112487100144,0.0029239766081871343
23161986328_104_Z5,23161986328,104,5,185,206,0,31.694595875148707,0.7928569277216526,5.2,483.7654669735014,50.0,1170.5301813174524,0.0029239766081871343
23161986328_105_Z5,23161986328,105,5,185,206,0,36.64763404989276,0.8104957936367073,5.25,502.0892839984478,50.0,1278.583722645711,0.0029239766081871343
23161986328_107_Z4,23161986328,107,4,165,185,0,19.537530176232167,0.8407747818399915,5.35,527.2771354197265,50.0,905.9233449477314,0.0029239766081871343
23161986328_108_Z4,23161986328,108,4,165,185,0,7.766581658069072,0.8465263556543546,5.4,531.160426248761,50.0,689.5193065405801,0.0029239766081871343
23161986328_109_Z4,23161986328,109,4,165,185,0,2.103845197082137,0.8492195608862024,5.45,532.2123488473021,50.0,574.3589743589744,0.0029239766081871343
23161986328_110_Z4,23161986328,110,4,165,185,0,3.6232824897374485,0.8502858439222091,5.5,534.0239900921708,50.0,460.6449028640153,0.0029239766081871343
23161986328_111_Z4,23161986328,111,4,165,185,0,8.505790954336817,0.853300635878606,5.55,538.2768855693392,50.0,522.8505034856668,0.0029239766081871343
23161986328_112_Z4,23161986328,112,4,165,185,0,6.668894409691575,0.857700711087616,5.6,541.611332774185,50.0,531.4799672935396,0.0029239766081871343
23161986328_113_Z4,23161986328,113,4,165,185,0,-1.5370466971189671,0.858668113575221,5.65,541.611332774185,50.0,463.14941602899853,0.0029239766081871343
23161986328_114_Z4,23161986328,114,4,165,185,0,-3.2600790513836273,0.857415019762846,5.7,541.611332774185,50.0,415.84158415841586,0.0029239766081871343
23161986328_115_Z4,23161986328,115,4,165,185,0,-6.866272222806174,0.8550310108236193,5.75,541.611332774185,50.0,397.0617431010531,0.0029239766081871343
23161986328_116_Z4,23161986328,116,4,165,185,0,-10.752445616672048,0.8508040156186121,5.8,541.611332774185,50.0,382.3706983296399,0.0029239766081871343
23161986328_117_Z4,23161986328,117,4,165,185,0,-27.6673753183768,0.8408601070566115,5.85,541.611332774185,50.0,605.4687500000022,0.0029239766081871343
23161986328_118_Z4,23161986328,118,4,165,185,0,-14.711867360857696,0.8300350710106185,5.9,541.611332774185,50.0,376.4115432873298,0.0029239766081871343
23161986328_119_Z4,23161986328,119,4,165,185,0,-13.630892299154311,0.8232409862399116,5.95,541.611332774185,50.0,371.23876514263173,0.0029239766081871343
23161986328_120_Z4,23161986328,120,4,165,185,0,-23.080885371819022,0.8141991628625219,6.0,541.611332774185,50.0,465.9643435980582,0.0029239766081871343
23161986328_121_Z4,23161986328,121,4,165,185,0,-24.952041654679306,0.8020020838541181,6.05,541.611332774185,50.0,430.7812805952562,0.0029239766081871343
23161986328_122_Z4,23161986328,122,4,165,185,0,-24.217660438363055,0.7897001720769216,6.1,541.611332774185,50.0,491.4004914004991,0.0029239766081871343
23161986328_123_Z4,23161986328,123,4,165,185,0,-28.221369169702484,0.7765541642015538,6.15,541.611332774185,50.0,556.6600397614294,0.0029239766081871343
23161986328_125_Z3,23161986328,125,3,144,165,0,-25.377716786028714,0.7497848577158457,6.25,541.611332774185,50.0,623.3661773577259,0.0029239766081871343
23161986328_126_Z3,23161986328,126,3,144,165,0,-13.81418376132683,0.7409499376774132,6.3,541.611332774185,50.0,420.16806722689444,0.0029239766081871343
23161986328_127_Z3,23161986328,127,3,144,165,0,-29.88503625592989,0.7295614051676838,6.35,541.611332774185,50.0,758.8187038556159,0.0029239766081871343
23161986328_128_Z3,23161986328,128,3,144,165,0,-17.496125709569696,0.7171833683008708,6.4,541.611332774185,50.0,444.548432381846,0.0029239766081871343
23161986328_129_Z3,23161986328,129,3,144,165,0,-16.11522998317855,0.709825094018404,6.45,541.611332774185,50.0,521.945432977466,0.0029239766081871343
23161986328_130_Z3,23161986328,130,3,144,165,0,-17.652179845627415,0.7004772711591607,6.5,541.611332774185,50.0,500.70098137392057,0.0029239766081871343
23161986328_131_Z3,23161986328,131,3,144,165,0,-11.765431750921834,0.6936962693249907,6.55,541.611332774185,50.0,403.3071183706381,0.0029239766081871343
23161986328_132_Z3,23161986328,132,3,144,165,0,-15.597146262814022,0.6866354884603402,6.6,541.611332774185,50.0,298.50746268657076,0.0029239766081871343
23161986328_136_Z5,23161986328,136,5,185,206,0,1.5550656955363138,0.681815826158025,6.8,544.6658073506662,50.0,347.22222222222126,0.0029239766081871343
23161986328_137_Z5,23161986328,137,5,185,206,0,1.836611902426739,0.6826279222486858,6.85,545.5841133018796,50.0,367.4219228413978,0.0029239766081871343
23161986328_138_Z5,23161986328,138,5,185,206,0,8.317887806560748,0.684959214495429,6.9,549.74305720516,50.0,415.5946962200694,0.0029239766081871343
23161986328_139_Z5,23161986328,139,5,185,206,0,4.203931663561207,0.6887116216759716,6.95,551.8450230369406,50.0,599.7001499250446,0.0029239766081871343
23161986328_140_Z4,23161986328,140,4,165,185,0,1.6062292066947066,0.6893991511752852,7.0,552.6481376402879,50.0,613.647520864019,0.0029239766081871343
23161986328_141_Z4,23161986328,141,4,165,185,0,-0.6746320929958074,0.690731927624541,7.05,552.6481376402879,50.0,529.9633102323642,0.0029239766081871343
23161986328_142_Z4,23161986328,142,4,165,185,0,-12.19172821566599,0.6868433229063666,7.1,552.6481376402879,50.0,314.5272262630241,0.0029239766081871343
23161986328_143_Z4,23161986328,143,4,165,185,0,-13.199150058766236,0.6803808872293526,7.15,552.6481376402879,50.0,292.5687536571121,0.0029239766081871343
23161986328_144_Z4,23161986328,144,4,165,185,0,1.377095097409665,0.6768483145616054,7.2,553.3366851889928,50.0,333.1251301269994,0.0029239766081871343
23161986328_146_Z5,23161986328,146,5,185,206,0,15.072488875216095,0.6870839497161092,7.3,566.4050746571263,50.0,665.5574043261278,0.0029239766081871343
23161986328_147_Z5,23161986328,147,5,185,206,0,6.1775269356101035,0.692870131556514,7.35,569.4938381249314,50.0,748.6847430190195,0.0029239766081871343
23161986328_151_Z4,23161986328,151,4,165,185,0,6.439172443836469,0.7100780345259516,7.55,586.9546373007354,50.0,524.6283882250011,0.0029239766081871343
23161986328_152_Z4,23161986328,152,4,165,185,0,14.99989962913105,0.7147115595923372,7.6,594.4545871153009,50.0,757.5757575757598,0.0029239766081871343
23161986328_153_Z4,23161986328,153,4,165,185,0,15.631562453403603,0.7232367520367713,7.65,602.2703683420027,50.0,735.8953393295164,0.0029239766081871343
23161986328_154_Z4,23161986328,154,4,165,185,0,5.674798292314108,0.7282834714559572,7.7,605.1077674881598,50.0,445.8228338825341,0.0029239766081871343
23161986328_155_Z4,23161986328,155,4,165,185,0,1.1731565396769383,0.730112745322425,7.75,605.6943457579982,50.0,418.0820486020433,0.0029239766081871343
23161986328_156_Z4,23161986328,156,4,165,185,0,9.001830649263411,0.7319515710534064,7.8,610.1952610826299,50.0,480.97030531158805,0.0029239766081871343
23161986328_157_Z5,23161986328,157,5,185,206,0,11.751451076428793,0.7379498035132303,7.85,616.0709866208443,50.0,695.6104581434463,0.0029239766081871343
23161986328_158_Z4,23161986328,158,4,165,185,0,3.823803163570801,0.7415680020451144,7.9,617.9828882026297,50.0,608.8280060882789,0.0029239766081871343
23161986328_159_Z4,23161986328,159,4,165,185,0,2.718292059727446,0.7431596694379777,7.95,619.3420342324935,50.0,375.234521575983,0.0029239766081871343
23161986328_160_Z4,23161986328,160,4,165,185,0,2.693344153307862,0.7445323583731493,8.0,620.6887063091474,50.0,379.62037962038517,0.0029239766081871343
23161986328_161_Z4,23161986328,161,4,165,185,0,1.662840022481987,0.7456683876740511,8.05,621.5201263203884,50.0,398.4899328859036,0.0029239766081871343
23161986328_162_Z4,23161986328,162,4,165,185,0,2.100806854213033,0.7464978436663743,8.1,622.5705297474949,50.0,398.9082511022456,0.0029239766081871343
23161986328_163_Z4,23161986328,163,4,165,185,0,2.3398933249666243,0.7476495730384081,8.15,623.7404764099782,50.0,467.57471030696814,0.0029239766081871343
23161986328_164_Z4,23161986328,164,4,165,185,0,3.0589759871215847,0.7489993532471791,8.2,625.269964403539,50.0,460.46046046047053,0.0029239766081871343
23161986328_165_Z4,23161986328,165,4,165,185,0,3.839131612402525,0.7506512472468688,8.25,627.1895302097403,50.0,423.98546335553647,0.0029239766081871343
23161986328_167_Z5,23161986328,167,5,185,206,0,2.859112451529654,0.7550493092058022,8.35,631.276744352562,50.0,440.14084507044697,0.0029239766081871343
23161986328_168_Z4,23161986328,168,4,165,185,0,1.879279927992684,0.7562990309030903,8.4,632.2163843165583,50.0,447.85668586054754,0.0029239766081871343
23161986328_169_Z4,23161986328,169,4,165,185,0,7.638623824592742,0.7580999208964883,8.45,636.0356962288547,50.0,666.9361358124554,0.0029239766081871343
23161986328_170_Z4,23161986328,170,4,165,185,0,20.19341115289035,0.7652860355617871,8.5,646.1324018052999,50.0,1101.5325670497548,0.0029239766081871343
23161986328_171_Z4,23161986328,171,4,165,185,0,17.183562039705294,0.7749085172818554,8.55,654.7241828251525,50.0,913.4737376300886,0.0029239766081871343
23161986328_172_Z4,23161986328,172,4,165,185,0,20.697656868071817,0.7847601906819405,8.6,665.0730112591884,50.0,1034.2950462710492,0.0029239766081871343
23161986328_174_Z4,23161986328,174,4,165,185,0,19.011336217741928,0.805544204408649,8.7,685.6292653594036,50.0,1137.5605645671108,0.0029239766081871343
23161986328_175_Z4,23161986328,175,4,165,185,0,14.77307010948789,0.8135868164842927,8.75,693.0158004141475,50.0,1021.2588578574499,0.0029239766081871343
23161986328_176_Z4,23161986328,176,4,165,185,0,17.0046165492015,0.8219111702748799,8.8,701.5181086887483,50.0,664.9778340721991,0.0029239766081871343
23161986328_177_Z5,23161986328,177,5,185,206,0,16.05548411298014,0.8301502024168644,8.85,709.5458507452383,50.0,788.4880741178857,0.0029239766081871343
23161986328_178_Z5,23161986328,178,5,185,206,0,10.076880877515123,0.8365232473392099,8.9,714.5842911839959,50.0,655.2006552006533,0.0029239766081871343
23161986328_179_Z4,23161986328,179,4,165,185,0,12.949967339659679,0.8423615927226774,8.95,721.0592748538257,50.0,700.2423915971063,0.0029239766081871343
23161986328_180_Z4,23161986328,180,4,165,185,0,11.494450323384399,0.8485286460189014,9.0,726.8065000155179,50.0,655.5297102981734,0.0029239766081871343
23161986328_181_Z4,23161986328,181,4,165,185,0,12.914755014305456,0.8542331857272262,9.05,733.2638775226707,50.0,662.25165562914,0.0029239766081871343
23161986328_182_Z4,23161986328,182,4,165,185,0,17.549418473552805,0.8621288392454924,9.1,742.0385867594471,50.0,898.3829107606283,0.0029239766081871343
23161986328_183_Z4,23161986328,183,4,165,185,0,16.27735488880535,0.870823459689681,9.15,750.1772642038497,50.0,766.5926971958891,0.0029239766081871343
23161986328_184_Z4,23161986328,184,4,165,185,0,16.44704885023566,0.8784278737897571,9.2,758.4007886289676,50.0,812.7539856205119,0.0029239766081871343
23161986328_185_Z5,23161986328,185,5,185,206,0,19.744292773284315,0.8881729211603738,9.25,768.2729350156097,50.0,881.8813468733281,0.0029239766081871343
23161986328_186_Z5,23161986328,186,5,185,206,0,13.722275182494059,0.8961264744462047,9.3,775.1340726068568,50.0,691.9006919007,0.0029239766081871343
23161986328_187_Z4,23161986328,187,4,165,185,0,14.760205008438106,0.9032171828908708,9.35,782.5141751110758,50.0,829.8755186722045,0.0029239766081871343
23161986328_188_Z4,23161986328,188,4,165,185,0,14.325447308060802,0.9107245637720811,9.4,789.6768987651062,50.0,753.5460992907667,0.0029239766081871343
23161986328_189_Z4,23161986328,189,4,165,185,0,14.677449547310971,0.9180093718696449,9.45,797.0156235387617,50.0,864.321608040201,0.0029239766081871343
23161986328_190_Z4,23161986328,190,4,165,185,0,7.464514473152349,0.923651223975045,9.5,800.7478807753379,50.0,594.8839976204606,0.0029239766081871343
23161986328_191_Z4,23161986328,191,4,165,185,0,1.901363518084736,0.9257216354410616,9.55,801.6985625343802,50.0,429.4478527607394,0.0029239766081871343
23161986328_192_Z4,23161986328,192,4,165,185,0,1.4054901960785173,0.9265751633986927,9.6,802.4013076324195,50.0,380.3042433947224,0.0029239766081871343
23161986328_193_Z4,23161986328,193,4,165,185,0,4.988651172180425,0.927729677778619,9.65,804.8956332185097,50.0,524.218913818425,0.0029239766081871343
23161986328_194_Z4,23161986328,194,4,165,185,0,19.55132503531786,0.9339246968386227,9.7,814.6712957361686,50.0,743.1211086563437,0.0029239766081871343
23161986328_195_Z5,23161986328,195,5,185,206,0,26.908864164351826,0.9457313638865452,9.75,828.1257278183446,50.0,1079.4602698650556,0.0029239766081871343
23161986328_196_Z5,23161986328,196,5,185,206,0,31.18316066535226,0.9604163264555877,9.8,843.7173081510207,50.0,1295.8488908411332,0.0029239766081871343
23161986328_197_Z5,23161986328,197,5,185,206,0,25.640519080830472,0.975008448089938,9.85,856.5375676914359,50.0,1128.1805088813758,0.0029239766081871343
23161986328_199_Z4,23161986328,199,4,165,185,0,9.352943379519274,0.9899222281029957,9.95,867.5034986646978,50.0,643.9927550815223,0.0029239766081871343
23161986328_200_Z4,23161986328,200,4,165,185,0,7.1577513547581475,0.9936719318316196,10.0,871.0823743420768,50.0,638.595090800232,0.0029239766081871343
23161986328_201_Z4,23161986328,201,4,165,185,0,8.961790318149724,0.9977464631926709,10.05,875.5632695011517,50.0,639.7441023590508,0.0029239766081871343
23161986328_202_Z4,23161986328,202,4,165,185,0,11.503475579040924,1.002880649367285,10.1,881.3150072906722,50.0,640.256102440982,0.0029239766081871343
23161986328_203_Z4,23161986328,203,4,165,185,0,13.661611944696233,1.0091730143757505,10.15,888.1458132630203,50.0,717.1314741035752,0.0029239766081871343
23161986328_204_Z4,23161986328,204,4,165,185,0,12.434500011496311,1.0159323944497245,10.2,894.3630632687684,50.0,742.226680040142,0.0029239766081871343
23161986328_205_Z4,23161986328,205,4,165,185,0,10.137783015144805,1.0214230396042534,10.25,899.4319547763408,50.0,702.6701465568979,0.0029239766081871343
23161986328_206_Z4,23161986328,206,4,165,185,0,7.083405176761289,1.0257336363761935,10.3,902.9736573647215,50.0,650.1182033096899,0.0029239766081871343
23161986328_207_Z4,23161986328,207,4,165,185,0,6.96722076849619,1.0293927863388006,10.35,906.4572677489696,50.0,630.4176516942673,0.0029239766081871343
23161986328_208_Z4,23161986328,208,4,165,185,0,4.775232880816475,1.0319916378043317,10.4,908.8448841893778,50.0,578.1540367540746,0.0029239766081871343
23161986328_209_Z4,23161986328,209,4,165,185,0,5.939489640746615,1.0349126019983665,10.45,911.8146290097511,50.0,461.8473895582228,0.0029239766081871343
23161986328_210_Z5,23161986328,210,5,185,206,0,1.2347522951595238,1.036703656027785,10.5,912.4320051573309,50.0,407.3319755600747,0.0029239766081871343
23161986328_211_Z4,23161986328,211,4,165,185,0,7.6294412847109925,1.0387346715735473,10.55,916.2467257996864,50.0,666.2628709872716,0.0029239766081871343
23161986328_212_Z4,23161986328,212,4,165,185,0,5.35965986215615,1.0420681783341532,10.6,918.9265557307644,50.0,628.789580058404,0.0029239766081871343
23161986328_213_Z4,23161986328,213,4,165,185,0,7.965037550522538,1.0455182228629385,10.65,922.9090745060257,50.0,640.2561024409587,0.0029239766081871343
23161986328_214_Z4,23161986328,214,4,165,185,0,1.338976056708816,1.0478834645151558,10.7,923.5785625343801,50.0,566.295645381771,0.0029239766081871343
23161986328_215_Z4,23161986328,215,4,165,185,0,-2.939953282101669,1.0474587923310426,10.75,923.5785625343801,50.0,406.0913705583756,0.0029239766081871343
23161986328_216_Z4,23161986328,216,4,165,185,0,-6.535893222067898,1.045138295661813,10.8,923.5785625343801,50.0,385.31737984182104,0.0029239766081871343
23161986328_217_Z4,23161986328,217,4,165,185,0,-8.747068537532869,1.0410816562799268,10.85,923.5785625343801,50.0,382.9950210647176,0.0029239766081871343
23161986328_218_Z4,23161986328,218,4,165,185,0,-6.19829281277589,1.037436856315074,10.9,923.5785625343801,50.0,380.0760152030423,0.0029239766081871343
23161986328_219_Z4,23161986328,219,4,165,185,0,-3.3311297635978008,1.0347383792416476,10.95,923.5785625343801,50.0,370.1418877236335,0.0029239766081871343
23161986328_220_Z4,23161986328,220,4,165,185,0,-1.639305075007087,1.0339682578747655,11.0,923.5785625343801,50.0,400.24014408644257,0.0029239766081871343
23161986328_221_Z4,23161986328,221,4,165,185,0,0.0818387715148674,1.0330805770131026,11.05,923.6194819201376,50.0,393.7783028155222,0.0029239766081871343
23161986328_222_Z4,23161986328,222,4,165,185,0,4.541648206396076,1.0345024722879268,11.1,925.8903060233356,50.0,410.74249605055763,0.0029239766081871343
23161986328_223_Z4,23161986328,223,4,165,185,0,10.45984828622386,1.038215191522829,11.15,931.1202301664475,50.0,629.3266205160348,0.0029239766081871343
23161986328_224_Z5,23161986328,224,5,185,206,0,14.89149026261066,1.0444112612823975,11.2,938.5659752977529,50.0,811.843361986644,0.0029239766081871343
23161986328_225_Z5,23161986328,225,5,185,206,0,10.842040096274559,1.0513556370649781,11.25,943.9869953458901,50.0,748.5029940119774,0.0029239766081871343
23161986328_226_Z4,23161986328,226,4,165,185,0,10.9755329914301,1.0562836978007957,11.3,949.4747618416052,50.0,718.9934092270993,0.0029239766081871343
23161986328_227_Z4,23161986328,227,4,165,185,0,17.128621727128575,1.0639963032680184,11.35,958.0390727051695,50.0,1028.0842527582954,0.0029239766081871343
23161986328_228_Z4,23161986328,228,4,165,185,0,6.591018391108719,1.0691468726993631,11.4,961.3345819007238,50.0,726.1109497531162,0.0029239766081871343
23161986328_229_Z4,23161986328,229,4,165,185,0,17.414948942341653,1.075530280621656,11.45,970.0420563718947,50.0,922.3201475712071,0.0029239766081871343
23161986328_230_Z4,23161986328,230,4,165,185,0,11.818273044890702,1.0827739058646506,11.5,975.95119289434,50.0,752.8641571194494,0.0029239766081871343
23161986328_231_Z4,23161986328,231,4,165,185,0,12.671528321715414,1.0889476321215061,11.55,982.2869570551977,50.0,788.5453413571197,0.0029239766081871343
23161986328_232_Z4,23161986328,232,4,165,185,0,14.705595681810337,1.0957665683554492,11.6,989.6397548961029,50.0,861.065859902234,0.0029239766081871343
23161986328_233_Z4,23161986328,233,4,165,185,0,21.383053752221713,1.1045404406457855,11.65,1000.3312817722137,50.0,1142.4017003188274,0.0029239766081871343
23161986328_234_Z4,23161986328,234,4,165,185,0,20.887162230355898,1.1154830952211425,11.7,1010.7748628873917,50.0,1111.6152450090763,0.0029239766081871343
23161986328_235_Z4,23161986328,235,4,165,185,0,17.928859257508975,1.1249582639201368,11.75,1019.7392925161462,50.0,883.7391987431253,0.0029239766081871343
23161986328_236_Z4,23161986328,236,4,165,185,0,15.055485396225322,1.1334829341816985,11.8,1027.2670352142588,50.0,889.1780524832162,0.0029239766081871343
23161986328_237_Z4,23161986328,237,4,165,185,0,14.942006217905146,1.140809106356998,11.85,1034.7380383232114,50.0,872.0340701683318,0.0029239766081871343
23161986328_238_Z4,23161986328,238,4,165,185,0,18.17196146865308,1.1490712153919773,11.9,1043.824019057538,50.0,1002.4549918167104,0.0029239766081871343
23161986328_240_Z4,23161986328,240,4,165,185,0,-9.05742012479277,1.1540753209593806,12.0,1046.3659596300506,50.0,453.0234390388148,0.0029239766081871343
23161986328_241_Z4,23161986328,241,4,165,185,0,-10.960979799988309,1.1489593272594787,12.05,1046.3659596300506,50.0,435.4711005542322,0.0029239766081871343
23161986328_242_Z4,23161986328,242,4,165,185,0,-13.05449002253863,1.1429479361428545,12.1,1046.3659596300506,50.0,414.5077720207254,0.0029239766081871343
23161986328_243_Z4,23161986328,243,4,165,185,0,-10.787848865491924,1.136845005436365,12.15,1046.3659596300506,50.0,414.6100691016812,0.0029239766081871343
23161986328_244_Z4,23161986328,244,4,165,185,0,-11.198956902405826,1.1314880870595354,12.2,1046.3659596300506,50.0,419.41282204913364,0.0029239766081871343
23161986328_245_Z4,23161986328,245,4,165,185,0,-9.145787159426618,1.1262841484858719,12.25,1046.3659596300506,50.0,398.9740666856638,0.0029239766081871343
23161986328_246_Z5,23161986328,246,5,185,206,0,-9.485714044518318,1.1218892547100214,12.3,1046.3659596300506,50.0,373.28909166320125,0.0029239766081871343
23161986328_247_Z5,23161986328,247,5,185,206,0,-9.458156280781623,1.116614141815807,12.35,1046.3659596300506,50.0,389.7875657766556,0.0029239766081871343
23161986328_248_Z5,23161986328,248,5,185,206,0,0.29366152795000744,1.11452756873425,12.4,1046.5127903940256,50.0,403.5512510088823,0.0029239766081871343
23161986328_249_Z5,23161986328,249,5,185,206,0,-8.819924114889545,1.1129440674534647,12.45,1046.5127903940256,50.0,419.16167664670354,0.0029239766081871343
23161986328_250_Z5,23161986328,250,5,185,206,0,-5.997479606084653,1.1087639844721378,12.5,1046.5127903940256,50.0,401.8485031143224,0.0029239766081871343
23161986328_251_Z5,23161986328,251,5,185,206,0,-13.642340393890663,1.1040967095507213,12.55,1046.5127903940256,50.0,387.250521298782,0.0029239766081871343
23161986328_252_Z4,23161986328,252,4,165,185,0,-17.624337299228046,1.0962785303191749,12.6,1046.5127903940256,50.0,384.14880711685475,0.0029239766081871343
23161986328_253_Z4,23161986328,253,4,165,185,0,-19.423184641208536,1.0868698405201611,12.65,1046.5127903940256,50.0,386.5481252415942,0.0029239766081871343
23161986328_254_Z4,23161986328,254,4,165,185,0,-17.524739353666064,1.0776581976628612,12.7,1046.5127903940256,50.0,299.90003332222375,0.0029239766081871343
23161986328_255_Z4,23161986328,255,4,165,185,0,-16.273576862151913,1.0687169743512588,12.75,1046.5127903940256,50.0,423.7288135593196,0.0029239766081871343
23161986328_256_Z4,23161986328,256,4,165,185,0,-14.53078549322072,1.0614119124265928,12.8,1046.5127903940256,50.0,484.0067340067296,0.0029239766081871343
23161986328_257_Z4,23161986328,257,4,165,185,0,-3.3697529530791144,1.0570321430186693,12.85,1046.5127903940256,50.0,388.5758694385128,0.0029239766081871343
23161986328_258_Z4,23161986328,258,4,165,185,0,-15.638630967646804,1.0524924440881593,12.9,1046.5127903940256,50.0,508.02682381628773,0.0029239766081871343
23161986328_259_Z4,23161986328,259,4,165,185,0,-6.704482929984351,1.0463979890598405,12.95,1046.5127903940256,50.0,398.4857541343001,0.0029239766081871343
23161986328_260_Z4,23161986328,260,4,165,185,0,-11.654836431705917,1.0422512447570105,13.0,1046.5127903940256,50.0,384.14880711685475,0.0029239766081871343
23161986328_261_Z4,23161986328,261,4,165,185,0,-9.76435792521761,1.0364321283216762,13.05,1046.5127903940256,50.0,394.01103230890294,0.0029239766081871343
23161986328_262_Z4,23161986328,262,4,165,185,0,-7.2898161368420915,1.03258848331921,13.1,1046.5127903940256,50.0,358.2802547770716,0.0029239766081871343
23161986328_263_Z4,23161986328,263,4,165,185,0,-8.804811375535792,1.02825731775636,13.15,1046.5127903940256,50.0,372.0065101139251,0.0029239766081871343
23161986328_264_Z5,23161986328,264,5,185,206,0,-7.209859072023846,1.0245989646090907,13.2,1046.5127903940256,50.0,403.144527313037,0.0029239766081871343
23161986328_265_Z5,23161986328,265,5,185,206,0,-17.08372679662807,1.018609547122746,13.25,1046.5127903940256,50.0,518.8585112752074,0.0029239766081871343
23161986328_266_Z4,23161986328,266,4,165,185,0,-11.12107559206288,1.010917849755926,13.3,1046.5127903940256,50.0,343.05317324185677,0.0029239766081871343
23161986328_267_Z4,23161986328,267,4,165,185,0,-10.411306731805325,1.0058849080868764,13.35,1046.5127903940256,50.0,352.99003322259244,0.0029239766081871343
23161986328_268_Z5,23161986328,268,5,185,206,0,-7.435603042242292,1.0012886668301058,13.4,1046.5127903940256,50.0,349.4060097833659,0.0029239766081871343
23161986328_269_Z5,23161986328,269,5,185,206,0,-13.352447641080971,0.9966254998129297,13.45,1046.5127903940256,50.0,480.87932218914506,0.0029239766081871343
23161986328_270_Z4,23161986328,270,4,165,185,0,-13.429402206498025,0.9895832490954126,13.5,1046.5127903940256,50.0,415.0390624999904,0.0029239766081871343
23161986328_271_Z4,23161986328,271,4,165,185,0,-12.143940141958183,0.9829571785378608,13.55,1046.5127903940256,50.0,341.7772416566159,0.0029239766081871343
23161986328_272_Z4,23161986328,272,4,165,185,0,-10.48614780866933,0.9773588409559111,13.6,1046.5127903940256,50.0,371.65510406344055,0.0029239766081871343
23161986328_273_Z5,23161986328,273,5,185,206,0,-8.798608885116437,0.9730996820687151,13.65,1046.5127903940256,50.0,378.56146642757136,0.0029239766081871343
23161986328_274_Z5,23161986328,274,5,185,206,0,-15.123873791339065,0.9664454076632515,13.7,1046.5127903940256,50.0,440.6672961913947,0.0029239766081871343
23161986328_275_Z4,23161986328,275,4,165,185,0,-17.24598974018727,0.9588364011540066,13.75,1046.5127903940256,50.0,373.13432835820845,0.0029239766081871343
23161986328_276_Z4,23161986328,276,4,165,185,0,-12.15795069820524,0.9510773436924402,13.8,1046.5127903940256,50.0,416.5013883379605,0.0029239766081871343
23161986328_277_Z4,23161986328,277,4,165,185,0,-17.5616413485659,0.9439421164390513,13.85,1046.5127903940256,50.0,383.45105953582805,0.0029239766081871343
23161986328_278_Z4,23161986328,278,4,165,185,0,-16.589819260902004,0.9351703563887703,13.9,1046.5127903940256,50.0,319.297545400116,0.0029239766081871343
23161986328_279_Z4,23161986328,279,4,165,185,0,-8.38641320094689,0.9287273886485491,13.95,1046.5127903940256,50.0,324.346239610785,0.0029239766081871343
23161986328_280_Z4,23161986328,280,4,165,185,0,1.437740378495846,0.927123996855164,14.0,1047.2316605832734,50.0,378.4860557769007,0.0029239766081871343
23161986328_281_Z5,23161986328,281,5,185,206,0,-5.201848634419775,0.9267381514831833,14.05,1047.2316605832734,50.0,385.00506585612686,0.0029239766081871343
23161986328_282_Z4,23161986328,282,4,165,185,0,-8.939973319699902,0.9226233574493823,14.1,1047.2316605832734,50.0,619.834710743809,0.0029239766081871343
23161986328_283_Z4,23161986328,283,4,165,185,0,-4.228958600502665,0.9195304303088944,14.15,1047.2316605832734,50.0,382.29376257544715,0.0029239766081871343
23161986328_284_Z4,23161986328,284,4,165,185,0,-5.133720643282459,0.9173144511255904,14.2,1047.2316605832734,50.0,388.3892068683559,0.0029239766081871343
23161986328_285_Z4,23161986328,285,4,165,185,0,-12.785868087836661,0.913060146135728,14.25,1047.2316605832734,50.0,395.49139806209445,0.0029239766081871343
23161986328_286_Z4,23161986328,286,4,165,185,0,-14.649196524095487,0.9056343170881936,14.3,1047.2316605832734,50.0,370.7317073170732,0.0029239766081871343
23161986328_287_Z4,23161986328,287,4,165,185,0,-11.227787752378617,0.8994309759493521,14.35,1047.2316605832734,50.0,368.0981595092052,0.0029239766081871343
23161986328_288_Z4,23161986328,288,4,165,185,0,-5.556984199960425,0.8947537600176537,14.4,1047.2316605832734,50.0,468.33638770107365,0.0029239766081871343
23161986328_289_Z4,23161986328,289,4,165,185,0,2.002257833539261,0.8941943657235792,14.45,1048.232789500043,50.0,562.8881987577593,0.0029239766081871343
23161986328_290_Z4,23161986328,290,4,165,185,0,0.4582287186976828,0.8952038641527794,14.5,1048.461903859392,50.0,611.3715100876335,0.0029239766081871343
23161986328_291_Z4,23161986328,291,4,165,185,0,-0.9395103938923057,0.8944718726359174,14.55,1048.461903859392,50.0,586.1664712778229,0.0029239766081871343
23161986328_292_Z4,23161986328,292,4,165,185,0,7.032012270437008,0.896130689055622,14.6,1051.9779099946104,50.0,659.5218466611813,0.0029239766081871343
23161986328_293_Z4,23161986328,293,4,165,185,0,5.687714867921613,0.8997647643837542,14.65,1054.821767428571,50.0,634.9856616140727,0.0029239766081871343
23161986328_294_Z4,23161986328,294,4,165,185,0,-3.647600993678452,0.9004842850989511,14.7,1054.821767428571,50.0,779.1675210170117,0.0029239766081871343
23161986328_295_Z4,23161986328,295,4,165,185,0,-26.340159608206932,0.8931779960127002,14.75,1054.821767428571,50.0,864.731315626903,0.0029239766081871343
23161986328_297_Z3,23161986328,297,3,144,165,0,-31.883495610186174,0.8613453202447252,14.85,1054.821767428571,50.0,708.0785323463214,0.0029239766081871343
23161986328_298_Z3,23161986328,298,3,144,165,0,-29.225017308069482,0.8456249241451422,14.9,1054.821767428571,50.0,609.458800585101,0.0029239766081871343
23161986328_300_Z4,23161986328,300,4,165,185,0,-31.21497257903934,0.8168957848154447,15.0,1054.821767428571,50.0,646.1617989144397,0.0029239766081871343
23161986328_301_Z4,23161986328,301,4,165,185,0,-24.685742520546228,0.8033338090315533,15.05,1054.821767428571,50.0,463.70967741935146,0.0029239766081871343
23161986328_302_Z4,23161986328,302,4,165,185,0,-17.05741358411069,0.7926535020411856,15.1,1054.821767428571,50.0,604.0530007794266,0.0029239766081871343
23161986328_303_Z4,23161986328,303,4,165,185,0,-14.809123938662196,0.7852685895092205,15.15,1054.821767428571,50.0,444.2649434571851,0.0029239766081871343
23161986328_304_Z4,23161986328,304,4,165,185,0,-11.921567084045819,0.7780561710723823,15.2,1054.821767428571,50.0,358.8516746411494,0.0029239766081871343
23161986328_305_Z4,23161986328,305,4,165,185,0,-12.178156761332957,0.7724705618957577,15.25,1054.821767428571,50.0,411.01520756268104,0.0029239766081871343
23161986328_306_Z5,23161986328,306,5,185,206,0,-11.039123846247094,0.7663804969629736,15.3,1054.821767428571,50.0,359.5132743362846,0.0029239766081871343
23161986328_307_Z5,23161986328,307,5,185,206,0,-6.051500107957054,0.7619233689916106,15.35,1054.821767428571,50.0,463.85775028991304,0.0029239766081871343
23161986328_308_Z4,23161986328,308,4,165,185,0,2.024131900637485,0.761118082820269,15.4,1055.8338333788897,50.0,595.369349503878,0.0029239766081871343
23161986328_309_Z4,23161986328,309,4,165,185,0,4.610160747350619,0.7629794624204184,15.45,1058.138913752565,50.0,563.3802816901326,0.0029239766081871343
23161986328_310_Z4,23161986328,310,4,165,185,0,0.9659221196197905,0.7643683886906171,15.5,1058.621874812375,50.0,576.6553986876227,0.0029239766081871343
23161986328_311_Z4,23161986328,311,4,165,185,0,0.3786431152741443,0.7646308359064498,15.55,1058.811196370012,50.0,571.4285714285714,0.0029239766081871343
23161986328_312_Z4,23161986328,312,4,165,185,0,2.165272958955029,0.7652132828452832,15.6,1059.8938328494896,50.0,407.5810067250739,0.0029239766081871343
23161986328_313_Z4,23161986328,313,4,165,185,0,-5.166802696105378,0.7648917026333053,15.65,1059.8938328494896,50.0,395.96119580280964,0.0029239766081871343
23161986328_314_Z4,23161986328,314,4,165,185,0,-10.51371406242788,0.7608168311594123,15.7,1059.8938328494896,50.0,463.82189239334497,0.0029239766081871343
23161986328_315_Z4,23161986328,315,4,165,185,0,-19.81639965660156,0.7531311924408673,15.75,1059.8938328494896,50.0,473.7295434970173,0.0029239766081871343
23161986328_316_Z4,23161986328,316,4,165,185,0,-19.244947667753195,0.7433984147273845,15.8,1059.8938328494896,50.0,412.7115146512507,0.0029239766081871343
23161986328_317_Z4,23161986328,317,4,165,185,0,-12.98014236611948,0.7346335956462781,15.85,1059.8938328494896,50.0,454.0071061981853,0.0029239766081871343
23161986328_318_Z4,23161986328,318,4,165,185,0,-12.184882443724746,0.7292696772996434,15.9,1059.8938328494896,50.0,409.5842719639572,0.0029239766081871343
23161986328_319_Z4,23161986328,319,4,165,185,0,-16.958962587877295,0.7214687723974144,15.95,1059.8938328494896,50.0,358.8516746411494,0.0029239766081871343
23161986328_320_Z4,23161986328,320,4,165,185,0,-12.535910652399934,0.7144709301652756,16.0,1059.8938328494896,50.0,369.0036900369049,0.0029239766081871343
23161986328_321_Z4,23161986328,321,4,165,185,0,-18.725628232805548,0.7063511605931458,16.05,1059.8938328494896,50.0,343.57316087308305,0.0029239766081871343
23161986328_323_Z4,23161986328,323,4,165,185,0,-15.373821713596726,0.6867724637809575,16.15,1059.8938328494896,50.0,398.9361702127621,0.0029239766081871343
23161986328_326_Z3,23161986328,326,3,144,165,0,-17.075741592409486,0.6673165743109957,16.3,1059.8938328494896,50.0,487.9953152449778,0.0029239766081871343
23161986328_327_Z3,23161986328,327,3,144,165,0,-17.1759316486,0.6588221649159192,16.35,1059.8938328494896,50.0,442.0333534257546,0.0029239766081871343
23161986328_328_Z3,23161986328,328,3,144,165,0,-21.131716984373725,0.6490225562714664,16.4,1059.8938328494896,50.0,394.9447077409208,0.0029239766081871343
23161986328_329_Z3,23161986328,329,3,144,165,0,-12.347225874439573,0.6404389951862429,16.45,1059.8938328494896,50.0,374.68776019982664,0.0029239766081871343
23161986328_330_Z3,23161986328,330,3,144,165,0,-10.846834158580123,0.6352918115337145,16.5,1059.8938328494896,50.0,481.7166630173164,0.0029239766081871343
23161986328_333_Z4,23161986328,333,4,165,185,0,-8.575202566250255,0.6260157223623629,16.65,1059.8938328494896,50.0,617.8991429141136,0.0029239766081871343
23161986328_334_Z4,23161986328,334,4,165,185,0,-9.990644692793694,0.6210370779896011,16.7,1059.8938328494896,50.0,497.314501690865,0.0029239766081871343
23161986328_335_Z4,23161986328,335,4,165,185,0,-9.238102250178372,0.6161669413888231,16.75,1059.8938328494896,50.0,509.4043887147248,0.0029239766081871343
23161986328_336_Z4,23161986328,336,4,165,185,0,-11.906053478467811,0.6109264507028787,16.8,1059.8938328494896,50.0,420.0,0.0029239766081871343
23161986328_338_Z3,23161986328,338,3,144,165,0,-17.245941897388548,0.5990708253165873,16.9,1059.8938328494896,50.0,383.03693570452197,0.0029239766081871343
23161986328_339_Z3,23161986328,339,3,144,165,0,-8.74665606624626,0.5916544338387354,16.95,1059.8938328494896,50.0,391.6193459956944,0.0029239766081871343
23161986328_340_Z3,23161986328,340,3,144,165,0,-9.182017094984076,0.5883779325394058,17.0,1059.8938328494896,50.0,565.2173913043479,0.0029239766081871343
23161986328_341_Z4,23161986328,341,4,165,185,0,-7.95187424589858,0.5830383489289899,17.05,1059.8938328494896,50.0,373.0183400684069,0.0029239766081871343
23161986328_342_Z4,23161986328,342,4,165,185,0,0.1988440119241659,0.5815981138723357,17.1,1059.9932548554516,50.0,597.966912497486,0.0029239766081871343
23161986328_343_Z4,23161986328,343,4,165,185,0,-9.881883480819397,0.5795016888511242,17.15,1059.9932548554516,50.0,533.1302361005287,0.0029239766081871343
23161986328_344_Z4,23161986328,344,4,165,185,0,-7.828211953512891,0.5745322055366646,17.2,1059.9932548554516,50.0,352.77028429135635,0.0029239766081871343
23161986328_345_Z4,23161986328,345,4,165,185,0,-12.841042990019105,0.5697967922717642,17.25,1059.9932548554516,50.0,379.2103502118969,0.0029239766081871343
23161986328_346_Z4,23161986328,346,4,165,185,0,-7.244396414025005,0.5641368736757967,17.3,1059.9932548554516,50.0,356.2945368170991,0.0029239766081871343
23161986328_347_Z4,23161986328,347,4,165,185,0,-5.292714249679875,0.5618040520500289,17.35,1059.9932548554516,50.0,550.0550055005853,0.0029239766081871343
23161986328_348_Z4,23161986328,348,4,165,185,0,-6.328611602256387,0.5580517894530044,17.4,1059.9932548554516,50.0,466.5629860030893,0.0029239766081871343
23161986328_349_Z4,23161986328,349,4,165,185,0,-9.64229841565816,0.5550255636438204,17.45,1059.9932548554516,50.0,437.37574552684526,0.0029239766081871343
23161986328_350_Z4,23161986328,350,4,165,185,0,-12.269598071064365,0.5486230262657363,17.5,1059.9932548554516,50.0,349.650349650357,0.0029239766081871343
23161986328_351_Z3,23161986328,351,3,144,165,0,-2.2550060109629158,0.5456621921266002,17.55,1059.9932548554516,50.0,386.1003861004061,0.0029239766081871343
23161986328_352_Z3,23161986328,352,3,144,165,0,-8.691014851982118,0.5424984193572733,17.6,1059.9932548554516,50.0,460.29919447643084,0.0029239766081871343
23161986328_353_Z3,23161986328,353,3,144,165,0,-3.531640520950077,0.5394983652651327,17.65,1059.9932548554516,50.0,352.7702842913297,0.0029239766081871343
23161986328_354_Z3,23161986328,354,3,144,165,0,-2.9874633689744314,0.5379465129377664,17.7,1059.9932548554516,50.0,371.2871287128746,0.0029239766081871343
23161986328_355_Z4,23161986328,355,4,165,185,0,-1.9846114134691106,0.5367325792560117,17.75,1059.9932548554516,50.0,418.2258419546528,0.0029239766081871343
23161986328_356_Z4,23161986328,356,4,165,185,0,-1.818529718739228,0.5357522102951325,17.8,1059.9932548554516,50.0,601.9261637239148,0.0029239766081871343
23161986328_357_Z4,23161986328,357,4,165,185,0,-1.3707423104738155,0.5350179265160324,17.85,1059.9932548554516,50.0,408.4014002333572,0.0029239766081871343
23161986328_358_Z4,23161986328,358,4,165,185,0,-1.705033577037966,0.5341890217101121,17.9,1059.9932548554516,50.0,349.291144442174,0.0029239766081871343
23161986328_359_Z4,23161986328,359,4,165,185,0,-0.5091378828196866,0.533549977034675,17.95,1059.9932548554516,50.0,439.29712460062365,0.0029239766081871343
23161986328_360_Z4,23161986328,360,4,165,185,0,4.903226953910007,0.5346258242405871,18.0,1062.4448683324067,50.0,616.5473349244375,0.0029239766081871343
23161986328_361_Z4,23161986328,361,4,165,185,0,3.557857293591951,0.5370230104728484,18.05,1064.2237969792027,50.0,570.1486458969592,0.0029239766081871343
23161986328_362_Z4,23161986328,362,4,165,185,0,2.401567652205813,0.5383775943323816,18.1,1065.4245808053056,50.0,409.3567251462046,0.0029239766081871343
23161986328_363_Z4,23161986328,363,4,165,185,0,1.6323225475089203,0.5394081141927751,18.15,1066.24074207906,50.0,332.5020781379954,0.0029239766081871343
23161986328_364_Z5,23161986328,364,5,185,206,0,-3.156202745747578,0.5392274193148178,18.2,1066.24074207906,50.0,334.28844317095655,0.0029239766081871343
23161986328_365_Z5,23161986328,365,5,185,206,0,-7.66839166853606,0.5363841424712851,18.25,1066.24074207906,50.0,327.5332650972462,0.0029239766081871343
23161986328_366_Z4,23161986328,366,4,165,185,0,-8.508959380175156,0.532218356570021,18.3,1066.24074207906,50.0,322.1476510067114,0.0029239766081871343
23161986328_367_Z4,23161986328,367,4,165,185,0,-6.921773981239994,0.5282994892512666,18.35,1066.24074207906,50.0,294.42691903260175,0.0029239766081871343
23161986328_368_Z4,23161986328,368,4,165,185,0,-6.29843481104399,0.5251009054588025,18.4,1066.24074207906,50.0,325.40166768355846,0.0029239766081871343
23161986328_369_Z4,23161986328,369,4,165,185,0,-6.15602169420049,0.5219513123701546,18.45,1066.24074207906,50.0,320.98044937262506,0.0029239766081871343
23161986328_370_Z5,23161986328,370,5,185,206,0,-7.1018724281786945,0.5188014840397768,18.5,1066.24074207906,50.0,333.8898163605987,0.0029239766081871343
23161986328_371_Z5,23161986328,371,5,185,206,0,-6.654449275286424,0.515019811911079,18.55,1066.24074207906,50.0,296.0331557134501,0.0029239766081871343
23161986328_372_Z5,23161986328,372,5,185,206,0,-4.945536509149633,0.512357291849901,18.6,1066.24074207906,50.0,304.9400284610774,0.0029239766081871343
23161986328_373_Z5,23161986328,373,5,185,206,0,-5.222661168214586,0.5097119772902099,18.65,1066.24074207906,50.0,321.8477849299525,0.0029239766081871343
23161986328_374_Z5,23161986328,374,5,185,206,0,-2.1155855690024055,0.5078793727558548,18.7,1066.24074207906,50.0,313.21779077049575,0.0029239766081871343
23161986328_375_Z5,23161986328,375,5,185,206,0,-2.1016052579349207,0.5068924155354894,18.75,1066.24074207906,50.0,288.8503755054865,0.0029239766081871343
23161986328_376_Z5,23161986328,376,5,185,206,0,-1.5779649449012823,0.5059102011344148,18.8,1066.24074207906,50.0,280.89887640451406,0.0029239766081871343
23161986328_377_Z5,23161986328,377,5,185,206,0,-0.09926854754439773,0.5055652560083596,18.85,1066.24074207906,10.0,878.2936010040368,0.0029239766081871343
23192176528_5_Z2,23192176528,5,2,124,144,0,-1.047058823529369,0.2831762745098039,0.25,1.6469391574154884,50.0,503.52467270896267,0.01020408163265306
23192176528_6_Z2,23192176528,6,2,124,144,0,-0.9526011560693632,0.28267394990366085,0.3,1.6469391574154884,50.0,523.3494363929145,0.01020408163265306
23192176528_7_Z2,23192176528,7,2,124,144,0,-2.3090637034367774,0.28184805058091483,0.35,1.6469391574154884,50.0,490.29221415963906,0.01020408163265306
23192176528_8_Z2,23192176528,8,2,124,144,0,-2.7974241299357345,0.28055141049959237,0.4,1.6469391574154884,50.0,549.0956072351424,0.01020408163265306
23192176528_11_Z2,23192176528,11,2,124,144,0,-1.2412400549951599,0.27886248510123113,0.55,2.5244449768172217,50.0,499.3009786299176,0.01020408163265306
23192176528_12_Z2,23192176528,12,2,124,144,0,-4.451464951972184,0.2771712190501928,0.6,2.5244449768172217,50.0,522.6480836236937,0.01020408163265306
23192176528_13_Z2,23192176528,13,2,124,144,0,-5.069874502775065,0.274756691848917,0.65,2.5244449768172217,50.0,516.8744299179084,0.01020408163265306
23192176528_14_Z1,23192176528,14,1,103,124,0,-0.07379109525891181,0.2733191751702302,0.7,2.5244449768172217,50.0,503.9439088518832,0.01020408163265306
23192176528_15_Z2,23192176528,15,2,124,144,0,0.6694080165279956,0.27367247315209714,0.75,2.8591489850812195,50.0,526.5210608424339,0.01020408163265306
23192176528_16_Z2,23192176528,16,2,124,144,0,0.26809350001747134,0.2739256086928982,0.8,2.993195735089955,50.0,506.3803929511849,0.01020408163265306
23192176528_17_Z2,23192176528,17,2,124,144,0,-3.0454104632974577,0.27331854149632356,0.85,2.993195735089955,50.0,528.0259951259138,0.01020408163265306
23192176528_18_Z1,23192176528,18,1,103,124,0,-5.218633386903775,0.2711616675454346,0.9,2.993195735089955,50.0,529.2755540853453,0.01020408163265306
23192176528_19_Z1,23192176528,19,1,103,124,0,-6.119971186279486,0.26829531822929564,0.95,2.993195735089955,50.0,517.9200331468824,0.01020408163265306
23192176528_20_Z1,23192176528,20,1,103,124,0,-6.150686375796795,0.26518803401352836,1.0,2.993195735089955,50.0,519.896020795841,0.01020408163265306
23192176528_21_Z1,23192176528,21,1,103,124,0,-6.040832075569256,0.2622004852753431,1.05,2.993195735089955,50.0,514.2405063291145,0.01020408163265306
23192176528_22_Z1,23192176528,22,1,103,124,0,-5.702702120105073,0.25918236272912465,1.1,2.993195735089955,50.0,507.81249999999955,0.01020408163265306
23192176528_23_Z1,23192176528,23,1,103,124,0,-3.144478522926647,0.2569056242211541,1.15,2.993195735089955,50.0,474.49584816132926,0.01020408163265306
23192176528_24_Z2,23192176528,24,2,124,144,0,0.24549019607843547,0.2563062091503268,1.2,3.115940833129173,50.0,493.3255948926286,0.01020408163265306
23192176528_25_Z2,23192176528,25,2,124,144,0,-6.7395498677940395,0.25489049056305135,1.25,3.115940833129173,50.0,509.6839959225285,0.01020408163265306
23192176528_26_Z2,23192176528,26,2,124,144,0,-4.661517303812786,0.251670160869991,1.3,3.115940833129173,50.0,495.04950495049485,0.01020408163265306
23192176528_27_Z1,23192176528,27,1,103,124,0,-3.8835133980708747,0.24973455332225952,1.35,3.115940833129173,50.0,502.51256281407035,0.01020408163265306
23192176528_29_Z2,23192176528,29,2,124,144,0,1.3453734280619756,0.24787952559757764,1.45,3.7886275471601607,50.0,505.6398288603649,0.01020408163265306
23192176528_30_Z2,23192176528,30,2,124,144,0,-6.081327487682302,0.24706502651735435,1.5,3.7886275471601607,50.0,525.2525252525253,0.01020408163265306
23192176528_31_Z2,23192176528,31,2,124,144,0,-11.656316017295467,0.24209060187453202,1.55,3.7886275471601607,50.0,498.93086243763463,0.01020408163265306
23192176528_32_Z1,23192176528,32,1,103,124,0,-8.095498302728288,0.23712039463991014,1.6,3.7886275471601607,50.0,490.99836333879006,0.01020408163265306
23192176528_33_Z1,23192176528,33,1,103,124,0,-2.2693783108746857,0.23457427897623892,1.65,3.7886275471601607,50.0,471.6054234623689,0.01020408163265306
23192176528_34_Z2,23192176528,34,2,124,144,0,-4.005731157459593,0.23327602936790687,1.7,3.7886275471601607,50.0,475.90719809636954,0.01020408163265306
23192176528_35_Z2,23192176528,35,2,124,144,0,-8.731254944109594,0.22999809913856234,1.75,3.7886275471601607,50.0,527.3833671399599,0.01020408163265306
23192176528_36_Z2,23192176528,36,2,124,144,0,-7.655550500477489,0.2258937525685494,1.8,3.7886275471601607,50.0,486.7364322219528,0.01020408163265306
23192176528_37_Z1,23192176528,37,1,103,124,0,-4.3093864748765895,0.2224543637893156,1.85,3.7886275471601607,50.0,453.0234390388026,0.01020408163265306
23192176528_39_Z2,23192176528,39,2,124,144,0,-1.5437483288770864,0.2203792704155526,1.95,3.7886275471601607,50.0,485.6333468231478,0.01020408163265306
23192176528_40_Z2,23192176528,40,2,124,144,0,-0.2640598361106754,0.22000757355771874,2.0,3.7886275471601607,50.0,466.3816556548793,0.01020408163265306
23192176528_41_Z2,23192176528,41,2,124,144,0,-7.925070194311388,0.2182775965970192,2.05,3.7886275471601607,50.0,496.6229638458468,0.01020408163265306
23192176528_42_Z2,23192176528,42,2,124,144,0,-6.136133127472647,0.21424735771901326,2.1,3.7886275471601607,50.0,490.29622063329657,0.01020408163265306
23192176528_44_Z1,23192176528,44,1,103,124,0,-0.06970913483871755,0.21141407815258803,2.2,3.7886275471601607,50.0,531.7863185883446,0.01020408163265306
23192176528_45_Z2,23192176528,45,2,124,144,0,-0.7088660763394614,0.2116578661309217,2.25,3.7886275471601607,50.0,499.0019960079849,0.01020408163265306
23192176528_46_Z2,23192176528,46,2,124,144,0,-8.027854528393618,0.20893848496342535,2.3,3.7886275471601607,50.0,501.60513643659567,0.01020408163265306
23192176528_47_Z2,23192176528,47,2,124,144,0,-2.0708984428860617,0.20650498254924377,2.35,3.7886275471601607,50.0,482.9945663111285,0.01020408163265306
23192176528_48_Z2,23192176528,48,2,124,144,0,-1.1123809523809314,0.20584539682539682,2.4,3.7886275471601607,50.0,482.11113930474676,0.01020408163265306
23192176528_49_Z2,23192176528,49,2,124,144,0,-3.073913809094506,0.20476065949062283,2.45,3.7886275471601607,50.0,517.9282868525868,0.01020408163265306
23192176528_50_Z2,23192176528,50,2,124,144,0,-0.5631232279424694,0.20367621076532372,2.5,3.7886275471601607,50.0,523.7711522965363,0.01020408163265306
23192176528_51_Z2,23192176528,51,2,124,144,0,0.587360416489787,0.20412381121579945,2.55,4.082307755405054,50.0,493.38859285573244,0.01020408163265306
23192176528_52_Z2,23192176528,52,2,124,144,0,-4.023784917914327,0.20282506248722226,2.6,4.082307755405054,50.0,500.0,0.01020408163265306
23192176528_53_Z2,23192176528,53,2,124,144,0,-0.9265384615384278,0.20175721153846154,2.65,4.082307755405054,50.0,498.405103668263,0.01020408163265306
23192176528_54_Z2,23192176528,54,2,124,144,0,-1.742456140350896,0.20110959064327485,2.7,4.082307755405054,50.0,515.4639175257727,0.01020408163265306
23192176528_55_Z2,23192176528,55,2,124,144,0,-1.8575438596491267,0.20017251461988303,2.75,4.082307755405054,50.0,487.8048780487823,0.01020408163265306
23192176528_56_Z2,23192176528,56,2,124,144,0,-0.9200966183574906,0.19954258454106277,2.8,4.082307755405054,50.0,497.9087831109337,0.01020408163265306
23192176528_57_Z2,23192176528,57,2,124,144,0,-4.835038090859598,0.1980742432500955,2.85,4.082307755405054,50.0,513.9355603874269,0.01020408163265306
23192176528_58_Z2,23192176528,58,2,124,144,0,-2.243854613619874,0.19618937031144526,2.9,4.082307755405054,50.0,525.3586583148134,0.01020408163265306
23192176528_59_Z2,23192176528,59,2,124,144,0,-0.5610106771630399,0.1955233582388573,2.95,4.082307755405054,50.0,502.03203442504923,0.01020408163265306
23192176528_60_Z2,23192176528,60,2,124,144,0,1.021208538587814,0.19571589436234266,3.0,4.592912024698961,50.0,489.8958971218638,0.01020408163265306
23192176528_61_Z2,23192176528,61,2,124,144,0,-0.2682898783007772,0.19587352968366575,3.05,4.592912024698961,50.0,520.0,0.01020408163265306
23192176528_62_Z2,23192176528,62,2,124,144,0,0.047081339712917725,0.19581763955342898,3.1,4.61645269455542,50.0,501.7057997190455,0.01020408163265306
23192176528_63_Z2,23192176528,63,2,124,144,0,1.539523809523871,0.19616650793650794,3.15,5.386214599317356,50.0,519.3767479025129,0.01020408163265306
23192176528_64_Z2,23192176528,64,2,124,144,0,2.9901398829949812,0.19731862802453398,3.2,6.881284540814846,50.0,536.5659777424514,0.01020408163265306
23192176528_65_Z2,23192176528,65,2,124,144,0,3.5358753520409323,0.1989968312487779,3.25,8.649222216835312,50.0,566.5722379603391,0.01020408163265306
23192176528_66_Z2,23192176528,66,2,124,144,0,2.894460955440252,0.20061206273014798,3.3,10.096452694555438,50.0,578.380534503392,0.01020408163265306
23192176528_67_Z2,23192176528,67,2,124,144,0,2.9308696131378724,0.20196835188654985,3.35,11.561887501124374,50.0,558.3250249252233,0.01020408163265306
23192176528_68_Z2,23192176528,68,2,124,144,0,4.029130386862164,0.2038570829200191,3.4,13.576452694555456,50.0,578.7268010377155,0.01020408163265306
23192176528_69_Z2,23192176528,69,2,124,144,0,2.4833015185392924,0.20542801207887806,3.45,14.818103453825103,50.0,586.5102639296215,0.01020408163265306
23192176528_70_Z2,23192176528,70,2,124,144,0,4.186675918296373,0.2071275731611102,3.5,16.91144141297329,50.0,501.80650341228255,0.01020408163265306
23192176528_71_Z2,23192176528,71,2,124,144,0,0.873677034042089,0.20833664485842668,3.55,17.348279929994334,50.0,522.6130653266332,0.01020408163265306
23192176528_72_Z2,23192176528,72,2,124,144,0,2.0563455291222112,0.20913623661471148,3.6,18.37645269455544,50.0,514.8514851485148,0.01020408163265306
23192176528_73_Z2,23192176528,73,2,124,144,0,0.5599999999999454,0.20974666666666664,3.65,18.656452694555412,50.0,478.8507581803682,0.01020408163265306
23192176528_74_Z2,23192176528,74,2,124,144,0,2.9738967313435865,0.21042830550053854,3.7,20.143401060227205,50.0,559.1219714226552,0.01020408163265306
23192176528_75_Z2,23192176528,75,2,124,144,0,6.461703425435758,0.21296021379327876,3.75,23.374252772945084,50.0,548.5893416927904,0.01020408163265306
23192176528_76_Z2,23192176528,76,2,124,144,0,7.348767646038937,0.21642581747724898,3.8,27.048636595964552,50.0,574.4255744255685,0.01020408163265306
23192176528_77_Z2,23192176528,77,2,124,144,0,7.4647142164947695,0.2201816483389399,3.85,30.780993704211937,50.0,576.606260296541,0.01020408163265306
23192176528_79_Z2,23192176528,79,2,124,144,0,5.553681976589814,0.22606451474583283,3.95,36.25110615990198,50.0,580.4643714971974,0.01020408163265306
23192176528_80_Z2,23192176528,80,2,124,144,0,5.947078861373313,0.22895603650642485,4.0,39.224645590588636,50.0,568.5279187817259,0.01020408163265306
23192176528_81_Z2,23192176528,81,2,124,144,0,4.717899922219317,0.2316818027828191,4.05,41.583595551698295,50.0,520.8333333333326,0.01020408163265306
23192176528_82_Z2,23192176528,82,2,124,144,0,4.0805697194132335,0.2338181287091108,4.1,43.62388041140491,50.0,550.2063273727613,0.01020408163265306
23192176528_83_Z2,23192176528,83,2,124,144,0,4.696304407231651,0.23597603767750663,4.15,45.97203261502074,50.0,547.2233481961982,0.01020408163265306
23192176528_84_Z2,23192176528,84,2,124,144,0,5.33709579763962,0.2385339112369506,4.2,48.64058051384055,50.0,610.5006105006064,0.01020408163265306
23192176528_85_Z2,23192176528,85,2,124,144,0,5.466803514223045,0.2412378230660861,4.25,51.37398227095207,50.0,569.8565533503598,0.01020408163265306
23192176528_86_Z2,23192176528,86,2,124,144,0,5.773700236878142,0.2440409470367249,4.3,54.26083238939114,50.0,512.9216808048965,0.01020408163265306
23192176528_87_Z2,23192176528,87,2,124,144,0,5.710734281214627,0.2469044935656485,4.35,57.116199529998454,50.0,566.8696199874016,0.01020408163265306
23192176528_88_Z2,23192176528,88,2,124,144,0,4.116292744661962,0.24945402026390115,4.4,59.174345902329435,50.0,556.5862708719826,0.01020408163265306
23192176528_89_Z2,23192176528,89,2,124,144,0,3.2260692545551137,0.2511655254733434,4.45,60.78738052960699,50.0,517.9282868525916,0.01020408163265306
23192176528_90_Z2,23192176528,90,2,124,144,0,4.8884601193705635,0.2532033521432447,4.5,63.23161058929227,50.0,560.5605605605626,0.01020408163265306
23192176528_91_Z2,23192176528,91,2,124,144,0,4.285971291866076,0.2555385677830941,4.55,65.37459623522531,50.0,556.8814638026976,0.01020408163265306
23192176528_92_Z2,23192176528,92,2,124,144,0,4.822796691950998,0.2577983536734895,4.6,67.78599458120081,50.0,542.0598273439124,0.01020408163265306
23192176528_93_Z2,23192176528,93,2,124,144,0,5.545435970215976,0.26034690742795336,4.65,70.5587125663088,50.0,540.7570598838342,0.01020408163265306
23192176528_94_Z3,23192176528,94,3,144,165,0,6.466029155393926,0.2633957489181396,4.7,73.79172714400576,50.0,557.8391074574364,0.01020408163265306
23192176528_95_Z2,23192176528,95,2,124,144,0,5.645240574783543,0.26645287001601775,4.75,76.61434743139753,50.0,547.6723923325856,0.01020408163265306
23192176528_96_Z2,23192176528,96,2,124,144,0,5.663291066938541,0.26923235151965713,4.8,79.4459929648668,50.0,536.3984674329552,0.01020408163265306
23192176528_97_Z3,23192176528,97,3,144,165,0,6.2430725662756,0.27224902814211593,4.85,82.5675292480046,50.0,566.6869054847214,0.01020408163265306
23192176528_98_Z3,23192176528,98,3,144,165,0,6.302158362223281,0.2753417814590553,4.9,85.71860842911624,50.0,556.7928730512239,0.01020408163265306
23192176528_99_Z2,23192176528,99,2,124,144,0,5.376042716124971,0.2783352210469414,4.95,88.40662978717873,50.0,508.3732057416191,0.01020408163265306
23192176528_100_Z3,23192176528,100,3,144,165,0,4.620972828971389,0.2807930342662462,5.0,90.71711620166442,50.0,543.4782608695621,0.01020408163265306
23192176528_103_Z2,23192176528,103,2,124,144,0,2.171368421052648,0.2859552280701754,5.15,95.26213690508175,50.0,550.747442958299,0.01020408163265306
23192176528_104_Z2,23192176528,104,2,124,144,0,1.3486315789474475,0.2868437894736842,5.2,95.93645269455547,50.0,555.7761016276388,0.01020408163265306
23192176528_105_Z2,23192176528,105,2,124,144,0,1.1199999999998909,0.28744,5.25,96.49645269455542,50.0,538.8146078626958,0.01020408163265306
23192176528_106_Z2,23192176528,106,2,124,144,0,1.450714285714298,0.2880160119047619,5.3,97.22180983741256,50.0,551.6959542296735,0.01020408163265306
23192176528_107_Z2,23192176528,107,2,124,144,0,1.2330122401074277,0.2888476766152471,5.35,97.83831595746628,50.0,501.2028869286276,0.01020408163265306
23192176528_108_Z2,23192176528,108,2,124,144,0,0.8240246703505818,0.28926046968480207,5.4,98.25032829264157,50.0,551.8328734726078,0.01020408163265306
23192176528_109_Z2,23192176528,109,2,124,144,0,1.5596071024871208,0.2898092435472323,5.45,99.03013184388513,50.0,504.84652665589215,0.01020408163265306
23192176528_110_Z2,23192176528,110,2,124,144,0,0.8878445179417528,0.2903560889197103,5.5,99.26097141854999,26.0,535.1681957186574,0.01020408163265306
23219229363_6_Z2,23219229363,6,2,124,144,0,-1.5762673179445201,0.01994928293270671,0.3,3.226035769785767,50.0,408.6636697997548,0.009900990099009901
23219229363_7_Z2,23219229363,7,2,124,144,0,0.11163558283634245,0.019481424583451964,0.35,3.2818535612039383,50.0,394.78878799842107,0.009900990099009901
23219229363_8_Z2,23219229363,8,2,124,144,0,-0.5561434586902294,0.019513080683413203,0.4,3.2818535612039383,50.0,387.4388254486132,0.009900990099009901
23219229363_9_Z2,23219229363,9,2,124,144,0,-0.9570957095710426,0.019047634763476363,0.45,3.2818535612039383,50.0,403.14452731304164,0.009900990099009901
23219229363_10_Z2,23219229363,10,2,124,144,0,-0.17942661075829136,0.018851518862724546,0.5,3.2818535612039383,50.0,397.5352812562115,0.009900990099009901
23219229363_11_Z2,23219229363,11,2,124,144,0,-1.2634776796706717,0.018394037358848994,0.55,3.2818535612039383,50.0,396.5893317469764,0.009900990099009901
23219229363_12_Z2,23219229363,12,2,124,144,0,-1.0400000000000986,0.017886666666666665,0.6,3.2818535612039383,50.0,400.5607850991383,0.009900990099009901
23219229363_13_Z2,23219229363,13,2,124,144,0,-0.0756666666666419,0.01754180555555554,0.65,3.2818535612039383,50.0,395.726157499011,0.009900990099009901
23219229363_14_Z2,23219229363,14,2,124,144,0,-0.8843333333333021,0.017327027777777778,0.7,3.2818535612039383,50.0,390.3842202588867,0.009900990099009901
23219229363_15_Z2,23219229363,15,2,124,144,0,0.5599999999999881,0.017299999999999996,0.75,3.5618535612039324,50.0,389.33229511387964,0.009900990099009901
23219229363_16_Z2,23219229363,16,2,124,144,0,-0.15999999999998948,0.01733333333333334,0.8,3.5618535612039324,50.0,414.16442327603994,0.009900990099009901
23219229363_17_Z2,23219229363,17,2,124,144,0,-0.9252049689441222,0.01706191821946169,0.85,3.5618535612039324,50.0,381.75607795860975,0.009900990099009901
23219229363_19_Z3,23219229363,19,3,144,165,0,0.7016973723420108,0.017191171540658075,0.95,4.064209547076558,50.0,390.0156006240252,0.009900990099009901
23219229363_20_Z3,23219229363,20,3,144,165,0,-1.2829046861988118,0.017029432079137964,1.0,4.064209547076558,50.0,402.1717273275687,0.009900990099009901
23219229363_21_Z3,23219229363,21,3,144,165,0,0.3732815238415981,0.016852481250224784,1.05,4.250850308997357,50.0,393.5458480913031,0.009900990099009901
23219229363_22_Z3,23219229363,22,3,144,165,0,-0.5204323636507056,0.016798499258314246,1.1,4.250850308997357,50.0,389.86354775828397,0.009900990099009901
23219229363_24_Z3,23219229363,24,3,144,165,0,-0.14527196652718288,0.016441227336122747,1.2,4.250850308997357,50.0,375.6750410894583,0.009900990099009901
23219229363_25_Z3,23219229363,25,3,144,165,0,0.6252719665271584,0.016572803347280337,1.25,4.5634862922609365,50.0,394.76418034489836,0.009900990099009901
23219229363_26_Z3,23219229363,26,3,144,165,0,-0.5195180722891308,0.016656867469879513,1.3,4.5634862922609365,50.0,375.93984962406097,0.009900990099009901
23219229363_27_Z3,23219229363,27,3,144,165,0,-0.6004819277108524,0.016410040160642573,1.35,4.5634862922609365,50.0,394.3995267205677,0.009900990099009901
23219229363_28_Z3,23219229363,28,3,144,165,0,-2.8326643762587054,0.015577486079848357,1.4,4.5634862922609365,50.0,408.60800871697046,0.009900990099009901
23219229363_34_Z2,23219229363,34,2,124,144,0,-0.36200913242015886,0.009569832572298332,1.7,4.5634862922609365,50.0,507.39024928303377,0.009900990099009901
23219229363_35_Z2,23219229363,35,2,124,144,0,-0.2037573534491557,0.009400889952556423,1.75,4.5634862922609365,50.0,470.5400981996738,0.009900990099009901
23219229363_36_Z2,23219229363,36,2,124,144,0,-0.11970719834128474,0.009359775630912838,1.8,4.5634862922609365,50.0,462.6951995373037,0.009900990099009901
23219229363_37_Z2,23219229363,37,2,124,144,0,0.21793558036142002,0.009311198901412658,1.85,4.6724540824416465,50.0,466.34225466342315,0.009900990099009901
23219229363_38_Z2,23219229363,38,2,124,144,0,0.25534884547750636,0.009489501694996958,1.9,4.8001285051804,50.0,452.5817732976742,0.009900990099009901
23219229363_39_Z2,23219229363,39,2,124,144,0,0.05644961340124155,0.009542667945048267,1.95,4.8283533118810205,50.0,361.56041864890614,0.009900990099009901
23219229363_45_Z3,23219229363,45,3,144,165,0,-0.23435537785913496,0.009422435349809419,2.25,5.141467889610974,50.0,467.6697844652313,0.009900990099009901
23219229363_46_Z2,23219229363,46,2,124,144,0,0.11437765700486224,0.009502091012479869,2.3,5.198656718113405,50.0,443.1314623338269,0.009900990099009901
23219229363_47_Z2,23219229363,47,2,124,144,0,0.6374703302981075,0.009614558461200818,2.35,5.517391883262459,50.0,461.384152457373,0.009900990099009901
23219229363_48_Z2,23219229363,48,2,124,144,0,0.6772824474796479,0.01001762276876305,2.4,5.856033107002283,50.0,462.8697927148315,0.009900990099009901
23219229363_49_Z2,23219229363,49,2,124,144,0,-0.259020979020967,0.010146993006992998,2.45,5.856033107002283,50.0,451.9551974847722,0.009900990099009901
23219229363_50_Z2,23219229363,50,2,124,144,0,0.2457983920774609,0.01007934581672339,2.5,5.978932303041013,50.0,332.77870216306206,0.009900990099009901
23219229363_55_Z3,23219229363,55,3,144,165,0,0.3941553865500822,0.009433689646276262,2.75,6.176009996316054,50.0,482.11113930474676,0.009900990099009901
23219229363_56_Z3,23219229363,56,3,144,165,0,0.8106044226044027,0.00983484357084358,2.8,6.5813122076182555,50.0,472.1621089907542,0.009900990099009901
23219229363_57_Z3,23219229363,57,3,144,165,0,0.3371384006239033,0.010102850000999856,2.85,6.749881407930207,50.0,454.7251878212739,0.009900990099009901
23219229363_58_Z3,23219229363,58,3,144,165,0,0.13741786676421341,0.010194518300871598,2.9,6.818590341312314,50.0,439.8240703718514,0.009900990099009901
23219229363_59_Z3,23219229363,59,3,144,165,0,-0.5526891304098562,0.010150253674501791,2.95,6.818590341312314,50.0,450.87802562885753,0.009900990099009901
23219229363_60_Z3,23219229363,60,3,144,165,0,0.5064608670372017,0.01007669936028649,3.0,7.071820774830915,50.0,435.90251634634217,0.009900990099009901
23219229363_61_Z3,23219229363,61,3,144,165,0,-0.5543696706821208,0.010071779817843136,3.05,7.071820774830915,50.0,370.4425813998833,0.009900990099009901
23219229363_67_Z3,23219229363,67,3,144,165,0,1.839407650798833,0.010006971681677397,3.35,8.486271265551945,50.0,467.57471030697246,0.009900990099009901
23219229363_68_Z3,23219229363,68,3,144,165,0,1.618540429064691,0.01088090029829587,3.4,9.29554148008429,50.0,485.044462409054,0.009900990099009901
23219229363_69_Z3,23219229363,69,3,144,165,0,2.79194107374234,0.011892826526442557,3.45,10.69151201695546,50.0,468.5669660288968,0.009900990099009901
23219229363_70_Z3,23219229363,70,3,144,165,0,2.968805133684601,0.013459238539355978,3.5,12.175914583797761,50.0,455.5357496533987,0.009900990099009901
23219229363_71_Z3,23219229363,71,3,144,165,0,0.73900720237096,0.014559119409818785,3.55,12.545418184983241,50.0,481.3477737665451,0.009900990099009901
23219229363_72_Z3,23219229363,72,3,144,165,0,-2.7324985449406256,0.01394607078517781,3.6,12.545418184983241,50.0,474.12904555761486,0.009900990099009901
23219229363_73_Z3,23219229363,73,3,144,165,0,-2.81275343335712,0.012328699855785772,3.65,12.545418184983241,50.0,455.6419190565539,0.009900990099009901
23219229363_74_Z3,23219229363,74,3,144,165,0,-1.7075560544078916,0.011392323844079153,3.7,12.545418184983241,50.0,447.9283314669678,0.009900990099009901
23219229363_75_Z2,23219229363,75,2,124,144,0,-1.623779645019564,0.0104361886382492,3.75,12.545418184983241,50.0,462.9629629629634,0.009900990099009901
23219229363_76_Z3,23219229363,76,3,144,165,0,-0.017556483422531244,0.010096188190025907,3.8,12.545418184983241,50.0,440.2641584950948,0.009900990099009901
23219229363_77_Z3,23219229363,77,3,144,165,0,-0.6802101344636249,0.009927810991188805,3.85,12.545418184983241,50.0,392.07593891869556,0.009900990099009901
23219229363_78_Z3,23219229363,78,3,144,165,0,0.06269749233061361,0.009742952877147952,3.9,12.576766931148548,50.0,235.52502453385756,0.009900990099009901
23219229363_84_Z3,23219229363,84,3,144,165,0,0.01498323599763296,0.010433852229794718,4.2,13.23777557393526,50.0,449.2187500000016,0.009900990099009901
23219229363_85_Z3,23219229363,85,3,144,165,0,-0.7831928429845298,0.010228428325613123,4.25,13.23777557393526,50.0,469.8672114402469,0.009900990099009901
23219229363_86_Z3,23219229363,86,3,144,165,0,-0.7082294771377882,0.009776558150997738,4.3,13.23777557393526,50.0,458.076080462059,0.009900990099009901
23219229363_87_Z3,23219229363,87,3,144,165,0,-0.4005555695911802,0.009511196269311873,4.35,13.23777557393526,50.0,463.9903167238276,0.009900990099009901
23219229363_88_Z3,23219229363,88,3,144,165,0,-0.09121495327105578,0.009423738317757007,4.4,13.23777557393526,50.0,442.5668879501103,0.009900990099009901
23219229363_89_Z3,23219229363,89,3,144,165,0,-0.026168224299031095,0.009346791277258557,4.45,13.23777557393526,50.0,230.76923076923077,0.009900990099009901
23219229363_95_Z3,23219229363,95,3,144,165,0,-0.11326315789477093,0.009431087719298232,4.75,14.131760586985687,50.0,455.6752278376163,0.009900990099009901
23219229363_96_Z3,23219229363,96,3,144,165,0,-0.799999999999951,0.009193333333333322,4.8,14.131760586985687,50.0,458.6199708150903,0.009900990099009901
23219229363_97_Z3,23219229363,97,3,144,165,0,0.2845709049255376,0.009030461244749906,4.85,14.274046039448455,50.0,469.8512137823029,0.009900990099009901
23219229363_98_Z3,23219229363,98,3,144,165,0,-0.01639125683895415,0.009167698946238752,4.9,14.274046039448455,50.0,451.9551974847682,0.009900990099009901
23219229363_99_Z3,23219229363,99,3,144,165,0,0.4075943076873294,0.009261196248498551,4.95,14.47784319329212,50.0,452.11672831894913,0.009900990099009901
23219229363_100_Z3,23219229363,100,3,144,165,0,0.11602091602096465,0.009326187866187855,5.0,14.535853651302602,50.0,293.31247555729703,0.009900990099009901
23219229363_105_Z4,23219229363,105,4,165,185,0,-0.046809523809532294,0.008844440476190487,5.25,14.82371432380896,50.0,484.54083987078747,0.009900990099009901
23219229363_106_Z4,23219229363,106,4,165,185,0,-0.36597965195438675,0.008741134902756806,5.3,14.82371432380896,50.0,476.78795483062135,0.009900990099009901
23219229363_107_Z3,23219229363,107,3,144,165,0,0.5844865612904258,0.008762163890522283,5.35,15.115957604454174,50.0,498.30576041458966,0.009900990099009901
23219229363_108_Z3,23219229363,108,3,144,165,0,0.0929906752050016,0.009028214432835264,5.4,15.162452942056674,50.0,463.8967325534496,0.009900990099009901
23219229363_109_Z3,23219229363,109,3,144,165,0,0.08061003877731565,0.00898721070456301,5.45,15.202757961445332,50.0,488.599348534194,0.009900990099009901
23219229363_110_Z3,23219229363,110,3,144,165,0,0.13518797416589123,0.009087224901523906,5.5,15.270351948528278,50.0,490.7734589713427,0.009900990099009901
23219229363_111_Z3,23219229363,111,3,144,165,0,0.6433035556786812,0.00921233573969845,5.55,15.592003726367619,50.0,276.95351137487535,0.009900990099009901
23219229363_116_Z4,23219229363,116,4,165,185,0,0.041551189116056264,0.009183360306432357,5.8,15.938103957609803,50.0,386.10038610037947,0.009900990099009901
23219229363_117_Z4,23219229363,117,4,165,185,0,-0.16673408021640057,0.00926041345264292,5.85,15.938103957609803,50.0,393.2933140136659,0.009900990099009901
23219229363_118_Z4,23219229363,118,4,165,185,0,-0.3631543871057801,0.009016774813313182,5.9,15.938103957609803,50.0,392.07998431679897,0.009900990099009901
23219229363_119_Z4,23219229363,119,4,165,185,0,0.5426075857261807,0.009117697678033715,5.95,16.20940775047289,50.0,404.2037186742154,0.009900990099009901
23219229363_120_Z4,23219229363,120,4,165,185,0,-0.1339452363101188,0.009159193247739509,6.0,16.20940775047289,50.0,399.2015968063843,0.009900990099009901
23219229363_121_Z4,23219229363,121,4,165,185,0,0.7479003747389328,0.00927636315235814,6.05,16.583357937842358,50.0,394.3995267205677,0.009900990099009901
23219229363_122_Z4,23219229363,122,4,165,185,0,3.0451163764544553,0.01032626667108136,6.1,18.105916126069587,50.0,383.9935327405046,0.009900990099009901
23219229363_123_Z4,23219229363,123,4,165,185,0,1.7768613826465616,0.011497810597263944,6.15,18.994346817392866,50.0,390.8540160250141,0.009900990099009901
23219229363_124_Z4,23219229363,124,4,165,185,0,2.3368606247374224,0.012540963907176551,6.2,20.16277712976158,50.0,376.4115432873226,0.009900990099009901
23219229363_125_Z4,23219229363,125,4,165,185,0,1.9990623983659006,0.013564046678522552,6.25,21.16230832894453,50.0,396.58933174698086,0.009900990099009901
23219229363_126_Z4,23219229363,126,4,165,185,0,1.7108441436901562,0.01463212003467914,6.3,22.01773040078961,50.0,399.4407829039296,0.009900990099009901
23219229363_127_Z4,23219229363,127,4,165,185,0,0.9300934579439044,0.015224984423676022,6.35,22.482777129761562,50.0,393.5458480913049,0.009900990099009901
23219229363_128_Z4,23219229363,128,4,165,185,0,-0.2291308016877771,0.015393811533052054,6.4,22.482777129761562,50.0,402.5764895330089,0.009900990099009901
23219229363_129_Z4,23219229363,129,4,165,185,0,-1.7691482682029294,0.014914531407808533,6.45,22.482777129761562,50.0,442.122186495183,0.009900990099009901
23219229363_130_Z4,23219229363,130,4,165,185,0,-2.2390979792896175,0.01393215977362342,6.5,22.482777129761562,50.0,386.41448037421134,0.009900990099009901
23219229363_131_Z4,23219229363,131,4,165,185,0,-1.9226229508196653,0.012760437158469962,6.55,22.482777129761562,50.0,375.27157811574085,0.009900990099009901
23219229363_132_Z4,23219229363,132,4,165,185,0,2.670884784474247,0.012860822054381375,6.6,23.818219521998685,50.0,378.56146642757136,0.009900990099009901
23219229363_133_Z4,23219229363,133,4,165,185,0,1.9691152155256726,0.014327953671189093,6.65,24.802777129761523,50.0,403.8772213247211,0.009900990099009901
23219229363_134_Z4,23219229363,134,4,165,185,0,1.419991035928625,0.015034728065736504,6.7,25.512772647725836,50.0,367.50483558994324,0.009900990099009901
23219229363_135_Z4,23219229363,135,4,165,185,0,1.1548317472164698,0.015687934011711726,6.75,26.09018852133407,50.0,391.83336770467577,0.009900990099009901
23219229363_136_Z4,23219229363,136,4,165,185,0,4.595161448204404,0.016910807603082587,6.8,28.387769245436274,50.0,382.06314096119377,0.009900990099009901
23219229363_137_Z4,23219229363,137,4,165,185,0,2.5906944769154734,0.019149053409632348,6.85,29.68311648389401,50.0,411.92624558650067,0.009900990099009901
23219229363_138_Z4,23219229363,138,4,165,185,0,-0.0006787082649353238,0.019526881955847463,6.9,29.68311648389401,50.0,388.78657663188136,0.009900990099009901
23219229363_139_Z4,23219229363,139,4,165,185,0,-0.3199999999999861,0.01955333333333334,6.95,29.68311648389401,50.0,402.3759340869929,0.009900990099009901
23219229363_140_Z4,23219229363,140,4,165,185,0,-0.4647491638795813,0.019211750278706793,7.0,29.68311648389401,50.0,388.3098303699139,0.009900990099009901
23219229363_141_Z4,23219229363,141,4,165,185,0,-0.6679310430342085,0.019056876844704165,7.05,29.68311648389401,50.0,382.44766505636545,0.009900990099009901
23219229363_142_Z4,23219229363,142,4,165,185,0,-0.1783107840772189,0.01877974527827943,7.1,29.68311648389401,50.0,390.0636419626357,0.009900990099009901
23219229363_143_Z4,23219229363,143,4,165,185,0,0.9342262851086147,0.01888516251545662,7.15,30.15022962644832,50.0,380.45654785742505,0.009900990099009901
23219229363_144_Z4,23219229363,144,4,165,185,0,1.0073969722741083,0.019468499093723363,7.2,30.653928112585373,50.0,437.723836052525,0.009900990099009901
23219229363_145_Z4,23219229363,145,4,165,185,0,1.1459681301158213,0.01973745422708111,7.25,30.85389955129058,17.449999999999818,430.10752688173307,0.009900990099009901
23299035298_6_Z2,23299035298,6,2,124,144,0,-0.7344303797467546,0.28065759493670883,0.3,1.860406995088681,50.0,385.6041131105398,0.005714285714285714
23299035298_7_Z2,23299035298,7,2,124,144,0,-1.9320990067825505,0.2800433837816117,0.35,1.860406995088681,50.0,381.4609956131985,0.005714285714285714
23299035298_8_Z2,23299035298,8,2,124,144,0,-2.620210907413366,0.2788336548128647,0.4,1.860406995088681,50.0,376.56903765690413,0.005714285714285714
23299035298_9_Z2,23299035298,9,2,124,144,0,-3.4538785493057276,0.2773902646358435,0.45,1.860406995088681,50.0,381.9709702062642,0.005714285714285714
23299035298_10_Z2,23299035298,10,2,124,144,0,1.362681389474119,0.2765700873538592,0.5,2.5417476898257405,50.0,392.1568627450981,0.005714285714285714
23299035298_11_Z2,23299035298,11,2,124,144,0,-1.040115073288689,0.27720827112848034,0.55,2.5417476898257405,50.0,366.5069072455593,0.005714285714285714
23299035298_13_Z2,23299035298,13,2,124,144,0,-4.442364886348628,0.27355562262641553,0.65,2.5417476898257405,50.0,385.39553752535534,0.005714285714285714
23299035298_14_Z2,23299035298,14,2,124,144,0,-1.166741713981537,0.2719563616031001,0.7,2.5417476898257405,50.0,359.1380686352753,0.005714285714285714
23299035298_15_Z2,23299035298,15,2,124,144,0,0.5717948614853867,0.27197942835028743,0.75,2.827645120568434,50.0,385.5519480519483,0.005714285714285714
23299035298_16_Z2,23299035298,16,2,124,144,0,0.6393506493504901,0.27229330086580084,0.8,3.147320445243679,50.0,378.450578806767,0.005714285714285714
23299035298_17_Z3,23299035298,17,3,144,165,0,-2.068860874463212,0.272063827971457,0.85,3.147320445243679,50.0,372.1112416764595,0.005714285714285714
23299035298_18_Z3,23299035298,18,3,144,165,0,-5.172863339727996,0.27016609579866435,0.9,3.147320445243679,50.0,376.01838312095254,0.005714285714285714
23299035298_20_Z2,23299035298,20,2,124,144,0,-5.729322590033803,0.2642432141587164,1.0,3.147320445243679,50.0,369.6498054474718,0.005714285714285714
23299035298_21_Z2,23299035298,21,2,124,144,0,-5.65599409726542,0.26142417000233886,1.05,3.147320445243679,50.0,379.31722898782084,0.005714285714285714
23299035298_22_Z2,23299035298,22,2,124,144,0,-5.379309658490456,0.2585712151627345,1.1,3.147320445243679,50.0,352.1126760563388,0.005714285714285714
23299035298_23_Z2,23299035298,23,2,124,144,0,-3.2685229526608737,0.25641084745222675,1.15,3.147320445243679,50.0,355.4997908824764,0.005714285714285714
23299035298_24_Z2,23299035298,24,2,124,144,0,-0.04061337933694631,0.25560202095712736,1.2,3.147320445243679,50.0,338.7803905938617,0.005714285714285714
23299035298_25_Z3,23299035298,25,3,144,165,0,-5.317696580723691,0.25462196164669015,1.25,3.147320445243679,50.0,368.39950880065567,0.005714285714285714
23299035298_26_Z3,23299035298,26,3,144,165,0,-5.364619231982317,0.2514511873934383,1.3,3.147320445243679,50.0,368.6258447675615,0.005714285714285714
23299035298_27_Z2,23299035298,27,2,124,144,0,-3.9865436031206514,0.2493474054706656,1.35,3.147320445243679,50.0,393.3136676499502,0.005714285714285714
23299035298_28_Z2,23299035298,28,2,124,144,0,-2.8543716606470184,0.2474332267318474,1.4,3.147320445243679,50.0,371.5170278637767,0.005714285714285714
23299035298_29_Z2,23299035298,29,2,124,144,0,1.9838369597729866,0.24737681940474296,1.45,4.139238925130172,50.0,378.2600039816841,0.005714285714285714
23299035298_30_Z3,23299035298,30,3,144,165,0,-4.73561267176791,0.24706109426925876,1.5,4.139238925130172,50.0,409.30633347694896,0.005714285714285714
23299035298_31_Z3,23299035298,31,3,144,165,0,-11.708006506043148,0.2425716357507572,1.55,4.139238925130172,50.0,387.29666924864426,0.005714285714285714
23299035298_32_Z2,23299035298,32,2,124,144,0,-8.193038372828312,0.23748039651329453,1.6,4.139238925130172,50.0,366.5987780040723,0.005714285714285714
23299035298_33_Z2,23299035298,33,2,124,144,0,-2.473819373278218,0.23479782748772163,1.65,4.139238925130172,50.0,370.21801727684164,0.005714285714285714
23299035298_34_Z2,23299035298,34,2,124,144,0,-3.270236300765532,0.23364988808158751,1.7,4.139238925130172,50.0,385.0596842510585,0.005714285714285714
23299035298_35_Z2,23299035298,35,2,124,144,0,-7.1014913896307235,0.23103382055019128,1.75,4.139238925130172,50.0,410.0881689563258,0.005714285714285714
23299035298_36_Z2,23299035298,36,2,124,144,0,-7.685972848808035,0.2272207208767261,1.8,4.139238925130172,50.0,382.21685777509526,0.005714285714285714
23299035298_37_Z2,23299035298,37,2,124,144,0,-6.359558644398021,0.22337391574712823,1.85,4.139238925130172,50.0,336.1676883527787,0.005714285714285714
23299035298_38_Z2,23299035298,38,2,124,144,0,-0.7482721114055835,0.22203990705744683,1.9,4.139238925130172,50.0,378.7878787878782,0.005714285714285714
23299035298_40_Z3,23299035298,40,3,144,165,0,-0.17308550185873628,0.2207955142503098,2.0,4.139238925130172,50.0,407.74719673802093,0.005714285714285714
23299035298_41_Z3,23299035298,41,3,144,165,0,-6.115779563486001,0.2195627279117169,2.05,4.139238925130172,50.0,379.77213671797114,0.005714285714285714
23299035298_42_Z3,23299035298,42,3,144,165,0,-6.9360144117602545,0.2156676990607632,2.1,4.139238925130172,50.0,379.11927675707244,0.005714285714285714
23299035298_43_Z2,23299035298,43,2,124,144,0,-2.9830616677983812,0.21337108809542404,2.15,4.139238925130172,50.0,421.01042502005106,0.005714285714285714
23299035298_44_Z2,23299035298,44,2,124,144,0,-0.5251443569553089,0.21251060367454067,2.2,4.139238925130172,50.0,371.5937241948798,0.005714285714285714
23299035298_46_Z3,23299035298,46,3,144,165,0,-8.494910204264556,0.21037371486043038,2.3,4.195214575031656,50.0,418.99441340781834,0.005714285714285714
23299035298_47_Z3,23299035298,47,3,144,165,0,-2.272168368265625,0.20755693862522037,2.35,4.195214575031656,50.0,379.54454654414747,0.005714285714285714
23299035298_48_Z3,23299035298,48,3,144,165,0,-0.8322594868546958,0.20694958099461516,2.4,4.195214575031656,50.0,361.66365280289347,0.005714285714285714
23299035298_49_Z3,23299035298,49,3,144,165,0,-2.558563653641272,0.20606605014350024,2.45,4.195214575031656,50.0,375.41987749456536,0.005714285714285714
23299035298_50_Z3,23299035298,50,3,144,165,0,-0.7173679438370186,0.2050861558579314,2.5,4.195214575031656,50.0,376.8055264810552,0.005714285714285714
23299035298_51_Z3,23299035298,51,3,144,165,0,0.591806198080576,0.2054851403228429,2.55,4.491117674071944,50.0,392.233771327713,0.005714285714285714
23299035298_52_Z3,23299035298,52,3,144,165,0,-4.708487841020371,0.20401646762456668,2.6,4.491117674071944,50.0,389.55979742890423,0.005714285714285714
23299035298_53_Z3,23299035298,53,3,144,165,0,-1.3059620479770615,0.20267359112065877,2.65,4.491117674071944,50.0,375.15631513130455,0.005714285714285714
23299035298_54_Z3,23299035298,54,3,144,165,0,-1.6137204917055215,0.20196014743207227,2.7,4.491117674071944,50.0,389.10505836575805,0.005714285714285714
23299035298_55_Z3,23299035298,55,3,144,165,0,-2.080183612183532,0.200991705991706,2.75,4.491117674071944,50.0,388.3892068683595,0.005714285714285714
23299035298_56_Z3,23299035298,56,3,144,165,0,2.66606974058908,0.20093096841915783,2.8,5.824152544366484,50.0,400.0,0.005714285714285714
23299035298_57_Z3,23299035298,57,3,144,165,0,5.844143915081645,0.20328942874755185,2.85,8.746224501907307,50.0,377.47719408619105,0.005714285714285714
23299035298_59_Z3,23299035298,59,3,144,165,0,5.021888595832934,0.20874947502187066,2.95,13.999655754566163,50.0,405.20984081042286,0.005714285714285714
23299035298_60_Z4,23299035298,60,4,165,185,0,3.3078926256692966,0.21089712916177616,3.0,15.653602067400811,50.0,380.4506877377758,0.005714285714285714
23299035298_61_Z4,23299035298,61,4,165,185,0,2.709843249930259,0.2123575894181483,3.05,17.00852369236594,50.0,383.5284618490112,0.005714285714285714
23299035298_62_Z4,23299035298,62,4,165,185,0,2.9311657357469585,0.21372265163496898,3.1,18.47410656023942,50.0,378.86340977068727,0.005714285714285714
23299035298_63_Z4,23299035298,63,4,165,185,0,3.7585290839120944,0.21539245099011486,3.15,20.353371102195467,50.0,374.0893876747394,0.005714285714285714
23299035298_64_Z4,23299035298,64,4,165,185,0,5.520805585594985,0.21767474246113225,3.2,23.11377389499296,50.0,383.68336025848157,0.005714285714285714
23299035298_65_Z4,23299035298,65,4,165,185,0,6.488915333491434,0.22071283809592565,3.25,26.358231561738677,50.0,374.9753305703567,0.005714285714285714
23299035298_66_Z4,23299035298,66,4,165,185,0,7.027873816038095,0.22414283683070166,3.3,29.872168469757725,50.0,362.5377643504558,0.005714285714285714
23299035298_67_Z4,23299035298,67,4,165,185,0,6.916070864587084,0.22763338540117095,3.35,33.33020390205127,50.0,370.98103874690514,0.005714285714285714
23299035298_68_Z4,23299035298,68,4,165,185,0,6.8198361430302725,0.23099424210764785,3.4,36.7401219735664,50.0,365.8771423069528,0.005714285714285714
23299035298_69_Z4,23299035298,69,4,165,185,0,7.408145650747031,0.2346110454258425,3.45,40.44419479893992,50.0,383.99353274050105,0.005714285714285714
23299035298_70_Z4,23299035298,70,4,165,185,0,6.587670235463463,0.23814384478813147,3.5,43.73802991667165,50.0,371.89273830495097,0.005714285714285714
23299035298_71_Z4,23299035298,71,4,165,185,0,6.449461762876922,0.24134045429491524,3.55,46.96276079811011,50.0,374.2981908920798,0.005714285714285714
23299035298_72_Z4,23299035298,72,4,165,185,0,6.504523622138947,0.24457755763832964,3.6,50.215022609179584,50.0,410.3967168262648,0.005714285714285714
23299035298_73_Z4,23299035298,73,4,165,185,0,5.69698381788271,0.24773879240760963,3.65,53.06351451812094,50.0,384.7711624139319,0.005714285714285714
23299035298_74_Z4,23299035298,74,4,165,185,0,3.193545496813499,0.24993991616508368,3.7,54.66028726652769,50.0,386.2573693840207,0.005714285714285714
23299035298_75_Z4,23299035298,75,4,165,185,0,2.52093680302022,0.25130951010355745,3.75,55.9207556680378,50.0,368.93203883495147,0.005714285714285714
23299035298_76_Z4,23299035298,76,4,165,185,0,0.9405901639344165,0.2522032349726776,3.8,56.39105075000501,50.0,369.5339765961812,0.005714285714285714
23299035298_77_Z4,23299035298,77,4,165,185,0,0.8945173745173634,0.25260787644787647,3.85,56.83830943726369,50.0,366.22976098689526,0.005714285714285714
23299035298_78_Z4,23299035298,78,4,165,185,0,1.5048900328900459,0.25322580199246864,3.9,57.59075445370871,50.0,375.234521575983,0.005714285714285714
23299035298_79_Z4,23299035298,79,4,165,185,0,1.2605247959824624,0.2538982557020297,3.95,58.22101685169994,50.0,376.83458944863094,0.005714285714285714
23299035298_80_Z4,23299035298,80,4,165,185,0,1.165032335617127,0.2545553962415354,4.0,58.80353301950851,50.0,368.8604154533117,0.005714285714285714
23299035298_81_Z4,23299035298,81,4,165,185,0,1.4511068895644144,0.25515475894967915,4.05,59.529086464290714,50.0,358.9948145193435,0.005714285714285714
23299035298_82_Z4,23299035298,82,4,165,185,0,1.9549183325207764,0.25597052210303917,4.1,60.5065456305511,50.0,390.464447184547,0.005714285714285714
23299035298_83_Z4,23299035298,83,4,165,185,0,2.5118305362574347,0.25718656767444004,4.15,61.76246089867982,50.0,392.15686274509807,0.005714285714285714
23299035298_84_Z4,23299035298,84,4,165,185,0,0.6971797026503737,0.2579685057279322,4.2,62.111050750005006,50.0,372.516556291393,0.005714285714285714
23299035298_85_Z4,23299035298,85,4,165,185,0,0.4092507697570227,0.2582544645911734,4.25,62.31567613488352,50.0,334.05384161917647,0.005714285714285714
23299035298_86_Z3,23299035298,86,3,144,165,0,-0.32925076975698175,0.25825682746037176,4.3,62.31567613488352,50.0,404.4803982576302,0.005714285714285714
23299035298_87_Z4,23299035298,87,4,165,185,0,-0.9365618286041126,0.2579248743310184,4.35,62.31567613488352,50.0,390.9304143862311,0.005714285714285714
23299035298_89_Z3,23299035298,89,3,144,165,0,0.48508940139925016,0.25785676254642825,4.45,62.586501749885144,50.0,375.419877494562,0.005714285714285714
23299035298_90_Z3,23299035298,90,3,144,165,0,-1.0499823367803174,0.25785012834571347,4.5,62.586501749885144,50.0,391.51040593447556,0.005714285714285714
23299035298_91_Z3,23299035298,91,3,144,165,0,-7.6620993500577015,0.25554776383395644,4.55,62.586501749885144,50.0,397.14058776807246,0.005714285714285714
23299035298_92_Z3,23299035298,92,3,144,165,0,-3.6607318524921766,0.2526533496630422,4.6,62.586501749885144,50.0,386.92203520990137,0.005714285714285714
23299035298_93_Z3,23299035298,93,3,144,165,0,-4.291147204010485,0.25070932167889404,4.65,62.586501749885144,50.0,391.7525773195876,0.005714285714285714
23299035298_94_Z3,23299035298,94,3,144,165,0,-1.2999346282078363,0.24910970962560272,4.7,62.586501749885144,50.0,385.00506585612686,0.005714285714285714
23299035298_95_Z3,23299035298,95,3,144,165,0,0.6370086869727061,0.24932577794710575,4.75,62.9050060933715,50.0,405.7971014492754,0.005714285714285714
23299035298_96_Z3,23299035298,96,3,144,165,0,-8.864215355357658,0.24742311296688824,4.8,62.9050060933715,50.0,403.46984062941533,0.005714285714285714
23299035298_97_Z3,23299035298,97,3,144,165,0,-11.477862577645908,0.24186582622422034,4.85,62.9050060933715,50.0,396.90414764834753,0.005714285714285714
23299035298_98_Z3,23299035298,98,3,144,165,0,-6.018023088904556,0.23736567319612026,4.9,62.9050060933715,50.0,356.6475133742799,0.005714285714285714
23299035298_99_Z3,23299035298,99,3,144,165,0,-1.8381016949152809,0.23566635028248586,4.95,62.9050060933715,50.0,395.9158157949591,0.005714285714285714
23299035298_100_Z3,23299035298,100,3,144,165,0,-4.865672230377413,0.23413339043684808,5.0,62.9050060933715,50.0,388.0481179666281,0.005714285714285714
23299035298_101_Z3,23299035298,101,3,144,165,0,-8.379576256694008,0.2306403823482627,5.05,62.9050060933715,50.0,406.752084604433,0.005714285714285714
23299035298_102_Z3,23299035298,102,3,144,165,0,-7.718858488723072,0.22674623450860762,5.1,62.9050060933715,50.0,352.80282242257636,0.005714285714285714
23299035298_103_Z3,23299035298,103,3,144,165,0,-3.1001035505212258,0.22367844377194057,5.15,62.9050060933715,50.0,323.8210888484122,0.005714285714285714
23299035298_104_Z3,23299035298,104,3,144,165,0,-2.1366113914924654,0.22270172434510935,5.2,62.9050060933715,50.0,391.3894324853201,0.005714285714285714
23299035298_105_Z3,23299035298,105,3,144,165,0,-1.0296272547686272,0.22174434928808145,5.25,62.9050060933715,50.0,371.6704521990549,0.005714285714285714
23299035298_106_Z3,23299035298,106,3,144,165,0,-1.0638065878297311,0.2214495449159954,5.3,62.9050060933715,50.0,382.3706983296399,0.005714285714285714
23299035298_107_Z3,23299035298,107,3,144,165,0,-9.69695265760646,0.2187101281905934,5.35,62.9050060933715,50.0,367.7182117282751,0.005714285714285714
23299035298_108_Z3,23299035298,108,3,144,165,0,-4.97669508665507,0.21488169079023536,5.4,62.9050060933715,50.0,387.99264856034824,0.005714285714285714
23299035298_109_Z3,23299035298,109,3,144,165,0,-2.561383031580476,0.2129830998992434,5.45,62.9050060933715,50.0,422.19541616404723,0.005714285714285714
23299035298_110_Z3,23299035298,110,3,144,165,0,0.21795435230450266,0.21236820869547343,5.5,63.01398326952375,50.0,381.44950813090134,0.005714285714285714
23299035298_111_Z3,23299035298,111,3,144,165,0,-2.823433796159577,0.21232550035023315,5.55,63.01398326952375,50.0,415.3481012658195,0.005714285714285714
23299035298_112_Z3,23299035298,112,3,144,165,0,-5.431449336211529,0.2094033628200125,5.6,63.01398326952375,50.0,381.7560779586132,0.005714285714285714
23299035298_113_Z3,23299035298,113,3,144,165,0,-1.3370516159557155,0.20809205106814083,5.65,63.01398326952375,50.0,386.17886178861215,0.005714285714285714
23299035298_114_Z3,23299035298,114,3,144,165,0,0.22265154765557327,0.2076807473694964,5.7,63.125309043351535,50.0,382.98730094739216,0.005714285714285714
23299035298_115_Z3,23299035298,115,3,144,165,0,-1.8402804665254848,0.2075649502348475,5.75,63.125309043351535,50.0,414.52822739834306,0.005714285714285714
23299035298_116_Z3,23299035298,116,3,144,165,0,-2.7953939669249053,0.20628973153423052,5.8,63.125309043351535,50.0,380.3042433947155,0.005714285714285714
23299035298_117_Z3,23299035298,117,3,144,165,0,-6.593487066800208,0.20393150912052918,5.85,63.125309043351535,50.0,398.00995024875624,0.005714285714285714
23299035298_118_Z3,23299035298,118,3,144,165,0,-1.1863004513317037,0.20170604178857435,5.9,63.125309043351535,50.0,380.3803803803818,0.005714285714285714
23299035298_119_Z3,23299035298,119,3,144,165,0,-0.6765069334653049,0.20160499355933975,5.95,63.125309043351535,50.0,381.44950813089434,0.005714285714285714
23299035298_120_Z3,23299035298,120,3,144,165,0,-1.9766594278161165,0.20083167532181412,6.0,63.125309043351535,50.0,383.5284618490112,0.005714285714285714
23299035298_121_Z3,23299035298,121,3,144,165,0,-1.8430985256479175,0.19980351172156566,6.05,63.125309043351535,50.0,393.85584875935604,0.005714285714285714
23299035298_122_Z3,23299035298,122,3,144,165,0,-3.775822473784956,0.19861895857290582,6.1,63.125309043351535,50.0,407.33197556007843,0.005714285714285714
23299035298_123_Z3,23299035298,123,3,144,165,0,-3.645804329710529,0.19652550380125536,6.15,63.125309043351535,50.0,396.51070578905944,0.005714285714285714
23299035298_124_Z3,23299035298,124,3,144,165,0,-1.1772417357094014,0.19531731308450165,6.2,63.125309043351535,50.0,403.95879620278555,0.005714285714285714
23299035298_125_Z3,23299035298,125,3,144,165,0,0.09774797916037414,0.19509029648656886,6.25,63.17418303293172,50.0,387.296669248642,0.005714285714285714
23299035298_126_Z3,23299035298,126,3,144,165,0,0.09496873488495794,0.19522820129502724,6.3,63.2216674003742,50.0,398.08917197452405,0.005714285714285714
23299035298_127_Z3,23299035298,127,3,144,165,0,-0.6415059517135546,0.19503585265170326,6.35,63.2216674003742,50.0,436.42134497123715,0.005714285714285714
23299035298_128_Z3,23299035298,128,3,144,165,0,0.32000000000005,0.19488666666666665,6.4,63.381667400374226,50.0,391.67182024324705,0.005714285714285714
23299035298_129_Z3,23299035298,129,3,144,165,0,2.9003538043607477,0.19570392417333865,6.45,64.8318443025546,50.0,409.7560975609756,0.005714285714285714
23299035298_130_Z3,23299035298,130,3,144,165,0,3.2871167669857755,0.19733876875908382,6.5,66.47540268604749,50.0,399.8769609351054,0.005714285714285714
23299035298_131_Z4,23299035298,131,4,165,185,0,2.632509169077764,0.1988045697883002,6.55,67.79165727058637,50.0,402.81973816717317,0.005714285714285714
23299035298_132_Z4,23299035298,132,4,165,185,0,3.0267138411857104,0.20016170895916063,6.6,69.30501419117923,50.0,416.17122473246104,0.005714285714285714
23299035298_133_Z4,23299035298,133,4,165,185,0,3.588418317619528,0.20186573151247114,6.65,71.09922334998899,50.0,388.57586943850595,0.005714285714285714
23299035298_134_Z4,23299035298,134,4,165,185,0,3.2206597722617403,0.2035745059697015,6.7,72.70955323611986,50.0,404.4489383215384,0.005714285714285714
23299035298_135_Z4,23299035298,135,4,165,185,0,3.5361722012144696,0.2052258135069834,6.75,74.4776393367271,50.0,390.30402629416363,0.005714285714285714
23299035298_136_Z4,23299035298,136,4,165,185,0,4.356258486859815,0.2071303702551139,6.8,76.655768580157,50.0,387.82237735117536,0.005714285714285714
23299035298_137_Z4,23299035298,137,4,165,185,0,6.861826882394837,0.21001183947010926,6.85,80.08668202135442,50.0,391.67182024324705,0.005714285714285714
23299035298_138_Z4,23299035298,138,4,165,185,0,6.3826229434598645,0.21334918922103369,6.9,83.27799349308435,50.0,405.35062829347265,0.005714285714285714
23299035298_139_Z4,23299035298,139,4,165,185,0,6.5848886565739235,0.21660871101195758,6.95,86.57043782137131,50.0,394.01103230891,0.005714285714285714
23299035298_140_Z4,23299035298,140,4,165,185,0,5.789000409234518,0.21971175740066778,7.0,89.46493802598857,50.0,384.7711624139319,0.005714285714285714
23299035298_141_Z4,23299035298,141,4,165,185,0,4.716262821758164,0.2223421462403169,7.05,91.82306943686766,50.0,364.2638036809826,0.005714285714285714
23299035298_142_Z4,23299035298,142,4,165,185,0,4.944771942926764,0.22470278995657803,7.1,94.29545540833104,50.0,357.2846367606185,0.005714285714285714
23299035298_143_Z4,23299035298,143,4,165,185,0,5.104196006016423,0.22720461799908837,7.15,96.84755341133925,50.0,358.80118193330435,0.005714285714285714
23299035298_144_Z4,23299035298,144,4,165,185,0,5.346729094987211,0.22981260500627926,7.2,99.52091795883285,50.0,354.26097224955436,0.005714285714285714
23299035298_145_Z4,23299035298,145,4,165,185,0,5.157937360261201,0.2324746474192373,7.25,102.09988663896345,50.0,367.86060019361344,0.005714285714285714
23299035298_146_Z4,23299035298,146,4,165,185,0,5.499548655005299,0.23519978611285378,7.3,104.8496609664661,50.0,377.51677852348763,0.005714285714285714
23299035298_147_Z4,23299035298,147,4,165,185,0,4.260597647832185,0.23756645857106332,7.35,106.9799597903822,50.0,366.1591828868802,0.005714285714285714
23299035298_148_Z4,23299035298,148,4,165,185,0,4.7293309708998095,0.23978050790286468,7.4,109.3446252758321,50.0,375.5476736907968,0.005714285714285714
23299035298_149_Z4,23299035298,149,4,165,185,0,4.9881533822427855,0.24226454597353458,7.45,111.8387019669535,50.0,370.5148205928256,0.005714285714285714
23299035298_150_Z4,23299035298,150,4,165,185,0,4.937641384028041,0.2447364103489234,7.5,114.30752265896751,50.0,352.66457680250807,0.005714285714285714
23299035298_151_Z4,23299035298,151,4,165,185,0,4.8620289369852685,0.24717768550036806,7.55,116.73853712746015,50.0,368.85245901639206,0.005714285714285714
23299035298_152_Z4,23299035298,152,4,165,185,0,5.3951709968929435,0.2497114965620479,7.6,119.43612262590662,50.0,370.29417815263906,0.005714285714285714
23299035298_153_Z4,23299035298,153,4,165,185,0,4.866173309799933,0.25235477849334914,7.65,121.86920928080659,50.0,364.82334869431696,0.005714285714285714
23299035298_154_Z4,23299035298,154,4,165,185,0,4.956265307087506,0.2547424928954656,7.7,124.34734193435034,50.0,361.22817579771277,0.005714285714285714
23299035298_155_Z4,23299035298,155,4,165,185,0,5.548497197195161,0.2573985292314609,7.75,127.12159053294792,50.0,367.4969375255239,0.005714285714285714
23299035298_156_Z4,23299035298,156,4,165,185,0,5.30149719554106,0.26009423417878924,7.8,129.77233913071845,50.0,371.74721189590656,0.005714285714285714
23299035298_157_Z4,23299035298,157,4,165,185,0,4.928164925055739,0.26267594880520595,7.85,132.23642159324632,50.0,362.68386056821055,0.005714285714285714
23299035298_158_Z4,23299035298,158,4,165,185,0,5.596749303914066,0.265297146211475,7.9,135.03479624520335,50.0,393.0045195519723,0.005714285714285714
23299035298_159_Z4,23299035298,159,4,165,185,0,5.13682402916595,0.2679314843699239,7.95,137.60320825978633,50.0,353.50384695362754,0.005714285714285714
23299035298_160_Z4,23299035298,160,4,165,185,0,5.853818903532556,0.27072782474122026,8.0,140.5301177115526,50.0,393.08176100628845,0.005714285714285714
23299035298_161_Z4,23299035298,161,4,165,185,0,5.953200015288985,0.27370684811223206,8.05,143.5067177191971,50.0,381.3729425933382,0.005714285714285714
23299035298_162_Z4,23299035298,162,4,165,185,0,4.468330631030653,0.27630860729157875,8.1,145.74088303471243,50.0,387.6759844929589,0.005714285714285714
23299035298_163_Z4,23299035298,163,4,165,185,0,4.679497805976212,0.2785594459455117,8.15,148.08063193770053,50.0,379.5445465441509,0.005714285714285714
23299035298_164_Z4,23299035298,164,4,165,185,0,3.3244195951439224,0.2806611240711184,8.2,149.7428417352725,50.0,449.4821184287662,0.005714285714285714
23299035298_165_Z4,23299035298,165,4,165,185,0,2.3976513302034164,0.28201518831507566,8.25,150.9416674003742,50.0,454.7251878212739,0.005714285714285714
23299035298_166_Z4,23299035298,166,4,165,185,0,1.6488389513109496,0.2830270162297128,8.3,151.76608687602968,50.0,444.71396806144094,0.005714285714285714
23299035298_167_Z4,23299035298,167,4,165,185,0,0.8802949069568058,0.2836522588889872,8.35,152.20623432950808,50.0,424.49969678593646,0.005714285714285714
23299035298_168_Z4,23299035298,168,4,165,185,0,0.9789306578613832,0.28408772203877736,8.4,152.69569965843877,50.0,417.910447761194,0.005714285714285714
23299035298_170_Z4,23299035298,170,4,165,185,0,0.32000000000005,0.2853800000000001,8.5,153.78166740037423,50.0,419.3290734824287,0.005714285714285714
23299035298_172_Z3,23299035298,172,3,144,165,0,-0.3918341307813762,0.28595223817118554,8.6,154.19921126002336,50.0,468.2410423452866,0.005714285714285714
23299035298_173_Z3,23299035298,173,3,144,165,0,-4.683253588516891,0.28447441786283895,8.65,154.19921126002336,50.0,477.4219216232304,0.005714285714285714
23299035298_174_Z3,23299035298,174,3,144,165,0,-1.9548547717840847,0.28277504840940526,8.7,154.19921126002336,50.0,439.8240703718474,0.005714285714285714
23299035298_175_Z3,23299035298,175,3,144,165,0,0.03485477178401197,0.2822475242047026,8.75,154.21663864591537,50.0,460.0,0.005714285714285714
23299035298_176_Z3,23299035298,176,3,144,165,0,2.1461614463968317,0.28280173279008575,8.8,155.28971936911378,50.0,451.6002356175278,0.005714285714285714
23299035298_177_Z3,23299035298,177,3,144,165,0,4.605117679210707,0.2846711488641076,8.85,157.59227820871914,50.0,489.296636085616,0.005714285714285714
23299035298_178_Z3,23299035298,178,3,144,165,0,-1.2181447972491242,0.28551355007459484,8.9,157.59227820871914,50.0,482.70313757040054,0.005714285714285714
23299035298_179_Z3,23299035298,179,3,144,165,0,-1.2155677884343277,0.284821175113028,8.95,157.59227820871914,50.0,471.23502847044693,0.005714285714285714
23299035298_180_Z3,23299035298,180,3,144,165,0,-1.6745789880567372,0.28412770869160503,9.0,157.59227820871914,50.0,484.5548152634703,0.005714285714285714
23299035298_181_Z3,23299035298,181,3,144,165,0,-1.476211595583095,0.2832974802923459,9.05,157.59227820871914,50.0,482.80024140012915,0.005714285714285714
23299035298_182_Z3,23299035298,182,3,144,165,0,-1.2595955345190077,0.28261266189882056,9.1,157.59227820871914,50.0,487.13951675760217,0.005714285714285714
23299035298_183_Z3,23299035298,183,3,144,165,0,-1.2284085280911086,0.28206311216018404,9.15,157.59227820871914,50.0,498.1071926678571,0.005714285714285714
23299035298_184_Z3,23299035298,184,3,144,165,0,-2.5195374439132365,0.28106303976790037,9.2,157.59227820871914,50.0,456.3368595726938,0.005714285714285714
23299035298_185_Z3,23299035298,185,3,144,165,0,-1.9377752222931122,0.27993530101101366,9.25,157.59227820871914,50.0,456.16818722730653,0.005714285714285714
23299035298_186_Z3,23299035298,186,3,144,165,0,-0.8365129909085454,0.2791574436599136,9.3,157.59227820871914,50.0,456.3492063491932,0.005714285714285714
23299035298_187_Z3,23299035298,187,3,144,165,0,2.609905248589371,0.2797015823840448,9.35,158.89723083301382,50.0,498.1071926678751,0.005714285714285714
23299035298_188_Z3,23299035298,188,3,144,165,0,0.8411341134112924,0.2805218564356436,9.4,159.17480509043955,33.0,546.2822458269985,0.005714285714285714
23356119297_6_Z2,23356119297,6,2,124,144,0,-0.8905924019136364,0.28177835295697556,0.3,1.570749894762173,50.0,441.8557943362119,0.010416666666666666
23356119297_7_Z2,23356119297,7,2,124,144,0,-1.8948878923765733,0.28104914798206276,0.35,1.570749894762173,50.0,428.83397998774785,0.010416666666666666
23356119297_8_Z2,23356119297,8,2,124,144,0,-2.480000000000132,0.27995333333333333,0.4,1.570749894762173,50.0,397.37730975561306,0.010416666666666666
23356119297_9_Z2,23356119297,9,2,124,144,0,-3.135624914838786,0.27852481303560195,0.45,1.570749894762173,50.0,443.36960902861745,0.010416666666666666
23356119297_10_Z2,23356119297,10,2,124,144,0,2.1258228946368263,0.2780989516113557,0.5,2.633661342080586,50.0,452.22178529296093,0.010416666666666666
23356119297_11_Z2,23356119297,11,2,124,144,0,-1.97887746207698,0.27859434751886775,0.55,2.633661342080586,50.0,427.69857433808534,0.010416666666666666
23356119297_12_Z2,23356119297,12,2,124,144,0,-3.5227129605822256,0.2769177169937133,0.6,2.633661342080586,50.0,431.62644692956616,0.010416666666666666
23356119297_13_Z2,23356119297,13,2,124,144,0,-3.6488189504127604,0.27509411347168405,0.65,2.633661342080586,50.0,429.8554122704185,0.010416666666666666
23356119297_14_Z2,23356119297,14,2,124,144,0,-0.7046242578006741,0.27396179453029257,0.7,2.633661342080586,50.0,418.4100418410037,0.010416666666666666
23356119297_15_Z2,23356119297,15,2,124,144,0,0.22483565107461345,0.27395298988622,0.75,2.746079167617893,50.0,436.86290825878984,0.010416666666666666
23356119297_16_Z2,23356119297,16,2,124,144,0,0.2400000000000091,0.2740933333333333,0.8,2.8660791676178974,50.0,434.0106529887547,0.010416666666666666
23356119297_18_Z2,23356119297,18,2,124,144,0,-5.3182677897649455,0.27147290479065883,0.9,2.8660791676178974,50.0,450.54269916035184,0.010416666666666666
23356119297_20_Z2,23356119297,20,2,124,144,0,-5.779537082466277,0.26583342747520605,1.0,2.8660791676178974,50.0,455.53574965339664,0.010416666666666666
23356119297_21_Z2,23356119297,21,2,124,144,0,-5.688475917724759,0.26303258779900746,1.05,2.8660791676178974,50.0,451.4229636898917,0.010416666666666666
23356119297_22_Z2,23356119297,22,2,124,144,0,-5.177466295234694,0.2602525966401344,1.1,2.8660791676178974,50.0,403.8772213247174,0.010416666666666666
23356119297_23_Z2,23356119297,23,2,124,144,0,-3.030864292062006,0.25812040428832544,1.15,2.8660791676178974,50.0,331.05731429753826,0.010416666666666666
23356119297_28_Z4,23356119297,28,4,165,185,0,-0.3046808510638357,0.2583904964539007,1.4,4.106450566141746,50.0,274.7252747252745,0.010416666666666666
23356119297_29_Z4,23356119297,29,4,165,185,0,-1.055319148936178,0.2580171631205674,1.45,4.106450566141746,50.0,266.88564976390865,0.010416666666666666
23356119297_30_Z4,23356119297,30,4,165,185,0,-1.4402820512821108,0.2574716111111111,1.5,4.106450566141746,50.0,269.2825543373725,0.010416666666666666
23356119297_31_Z4,23356119297,31,4,165,185,0,-1.880521968818357,0.25651804685822277,1.55,4.106450566141746,50.0,257.2729071838513,0.010416666666666666
23356119297_32_Z4,23356119297,32,4,165,185,0,-0.05242906260627933,0.2560464907242983,1.6,4.106450566141746,50.0,274.3194766828452,0.010416666666666666
23356119297_33_Z4,23356119297,33,4,165,185,0,-1.2223792766528732,0.2557953685481592,1.65,4.106450566141746,50.0,266.0585328772324,0.010416666666666666
23356119297_34_Z4,23356119297,34,4,165,185,0,-1.0525990811914312,0.2551907992716251,1.7,4.106450566141746,50.0,271.6823406478584,0.010416666666666666
23356119297_35_Z4,23356119297,35,4,165,185,0,-0.91681473745939,0.2547015264947495,1.75,4.106450566141746,50.0,270.2702702702705,0.010416666666666666
23356119297_36_Z4,23356119297,36,4,165,185,0,-0.3149738219894971,0.2543779057591623,1.8,4.106450566141746,50.0,268.4286599215359,0.010416666666666666
23356119297_37_Z4,23356119297,37,4,165,185,0,-1.3709689735766801,0.2540561559825629,1.85,4.106450566141746,50.0,275.3737214791495,0.010416666666666666
23356119297_38_Z4,23356119297,38,4,165,185,0,0.7795787541269306,0.25369396942259487,1.9,4.496239943205211,50.0,266.5026650266504,0.010416666666666666
23356119297_39_Z4,23356119297,39,4,165,185,0,1.0249582159438546,0.2543551183936932,1.95,5.008719051177138,50.0,275.1031636863831,0.010416666666666666
23356119297_40_Z4,23356119297,40,4,165,185,0,-1.094712410663135,0.25427350320052144,2.0,5.008719051177138,50.0,273.1174404994148,0.010416666666666666
23356119297_41_Z4,23356119297,41,4,165,185,0,-1.6748888823569246,0.25362306653110195,2.05,5.008719051177138,50.0,264.71187130930497,0.010416666666666666
23356119297_42_Z4,23356119297,42,4,165,185,0,-2.15186793804196,0.25259923493772285,2.1,5.008719051177138,50.0,318.85213232363594,0.010416666666666666
23356119297_43_Z4,23356119297,43,4,165,185,0,-2.938498149396935,0.2514215904566859,2.15,5.008719051177138,50.0,420.75736325385435,0.010416666666666666
23356119297_45_Z3,23356119297,45,3,144,165,0,0.4610966647823034,0.24851622008667798,2.25,5.23926738356829,50.0,446.19422572178587,0.010416666666666666
23356119297_46_Z3,23356119297,46,3,144,165,0,-0.0611764705882365,0.24877450980392155,2.3,5.23926738356829,50.0,414.52822739833937,0.010416666666666666
23356119297_47_Z3,23356119297,47,3,144,165,0,-1.3788235294117044,0.24837490196078432,2.35,5.23926738356829,50.0,424.1567360129287,0.010416666666666666
23356119297_48_Z3,23356119297,48,3,144,165,0,-1.7473224043715163,0.24754422586520947,2.4,5.23926738356829,50.0,466.29104332620716,0.010416666666666666
23356119297_49_Z3,23356119297,49,3,144,165,0,-0.9408543912086316,0.24685408346667473,2.45,5.23926738356829,50.0,451.4187446259675,0.010416666666666666
23356119297_50_Z2,23356119297,50,2,124,144,0,-1.2654183705830064,0.24639167520711275,2.5,5.23926738356829,50.0,423.1582996730121,0.010416666666666666
23356119297_57_Z4,23356119297,57,4,165,185,0,-1.5208602568750393,0.2396772375381154,2.85,5.23926738356829,50.0,257.2729071838502,0.010416666666666666
23356119297_58_Z4,23356119297,58,4,165,185,0,-1.4745039787799215,0.23895127851458883,2.9,5.23926738356829,50.0,264.9276543713079,0.010416666666666666
23356119297_59_Z4,23356119297,59,4,165,185,0,-1.8309505666746873,0.23813177252632428,2.95,5.23926738356829,50.0,259.7402597402588,0.010416666666666666
23356119297_60_Z4,23356119297,60,4,165,185,0,-1.8389045015996999,0.2372160535313967,3.0,5.23926738356829,50.0,265.9069325735988,0.010416666666666666
23356119297_61_Z4,23356119297,61,4,165,185,0,-2.2614742862791104,0.2361815838642681,3.05,5.23926738356829,50.0,269.0954253777689,0.010416666666666666
23356119297_62_Z4,23356119297,62,4,165,185,0,-1.1294709811545545,0.23530796679906496,3.1,5.23926738356829,50.0,269.6456086286591,0.010416666666666666
23356119297_63_Z5,23356119297,63,5,185,206,0,-2.161609351255379,0.2345758264884433,3.15,5.23926738356829,50.0,267.710049423394,0.010416666666666666
23356119297_64_Z5,23356119297,64,5,185,206,0,-2.084544271602738,0.23341768419441647,3.2,5.23926738356829,50.0,278.7456445993049,0.010416666666666666
23356119297_65_Z5,23356119297,65,5,185,206,0,-1.6185420626540008,0.23250592067039771,3.25,5.23926738356829,50.0,266.1147250147829,0.010416666666666666
23356119297_67_Z4,23356119297,67,4,165,185,0,-2.0,0.2309,3.35,5.23926738356829,50.0,261.4641995172955,0.010416666666666666
23356119297_68_Z5,23356119297,68,5,185,206,0,-2.4650760462353105,0.2297637683260031,3.4,5.23926738356829,50.0,276.7527675276754,0.010416666666666666
23356119297_69_Z4,23356119297,69,4,165,185,0,1.1050760462353537,0.22931036031754592,3.45,5.791805406685967,50.0,405.98832783557623,0.010416666666666666
23356119297_70_Z4,23356119297,70,4,165,185,0,1.919999999999959,0.2302266666666667,3.5,6.751805406685946,50.0,425.96348884381575,0.010416666666666666
23356119297_71_Z4,23356119297,71,4,165,185,0,1.4501010101010365,0.23105754208754206,3.55,7.476855911736465,50.0,472.4409448818881,0.010416666666666666
23356119297_73_Z3,23356119297,73,3,144,165,0,1.599999999999909,0.2324333333333333,3.65,8.911805406685914,50.0,492.22287851939393,0.010416666666666666
23356119297_74_Z3,23356119297,74,3,144,165,0,1.8400000000000318,0.23330666666666663,3.7,9.83180540668593,50.0,536.5659777424465,0.010416666666666666
23356119297_75_Z3,23356119297,75,3,144,165,0,0.9600000000000364,0.23402,3.75,10.311805406685949,50.0,527.1695052716933,0.010416666666666666
23356119297_76_Z3,23356119297,76,3,144,165,0,1.2729828886544965,0.23453774344555428,3.8,10.948296851013197,50.0,389.2644949805372,0.010416666666666666
23356119297_77_Z3,23356119297,77,3,144,165,0,1.855906000234313,0.23532689614692118,3.85,11.876249851130353,50.0,280.89887640449615,0.010416666666666666
23356119297_78_Z3,23356119297,78,3,144,165,0,2.1265369499240023,0.23634279801593833,3.9,12.939518326092355,50.0,265.81605528973705,0.010416666666666666
23356119297_82_Z4,23356119297,82,4,165,185,0,2.1680814880991193,0.23983031174883204,4.1,16.435689335257365,50.0,286.82646998565633,0.010416666666666666
23356119297_83_Z5,23356119297,83,5,185,206,0,1.7339566401118987,0.24080416473999433,4.15,17.302667655313314,50.0,275.75833542240935,0.010416666666666666
23356119297_84_Z5,23356119297,84,5,185,206,0,1.4015250513186857,0.2416059842165945,4.2,18.003430180972657,50.0,283.63047001620936,0.010416666666666666
23356119297_85_Z5,23356119297,85,5,185,206,0,1.530420485096613,0.24227858217907985,4.25,18.768640423520964,50.0,285.7142857142857,0.010416666666666666
23356119297_86_Z5,23356119297,86,5,185,206,0,2.475452762077282,0.24330044014559313,4.3,20.006366804559605,50.0,294.7368421052632,0.010416666666666666
23356119297_87_Z5,23356119297,87,5,185,206,0,1.8524482012315389,0.2444325349291635,4.35,20.932590905175374,50.0,286.5329512893963,0.010416666666666666
23356119297_88_Z5,23356119297,88,5,185,206,0,0.8384290030211901,0.2451002618328298,4.4,21.35180540668597,50.0,291.9708029197091,0.010416666666666666
23356119297_89_Z5,23356119297,89,5,185,206,0,1.5114815207030574,0.24561124501394332,4.45,22.107546167037498,50.0,288.1844380403448,0.010416666666666666
23356119297_90_Z5,23356119297,90,5,185,206,0,1.9113322019340444,0.2465152561391611,4.5,23.06321226800452,50.0,285.0162866449518,0.010416666666666666
23356119297_91_Z5,23356119297,91,5,185,206,0,1.2971862773628686,0.24737397980189915,4.55,23.711805406685954,50.0,286.88524590163826,0.010416666666666666
23356119297_92_Z5,23356119297,92,5,185,206,0,-0.8961880341880146,0.2474595612535613,4.6,23.711805406685954,50.0,280.7862013638205,0.010416666666666666
23356119297_93_Z5,23356119297,93,5,185,206,0,1.6779180350021647,0.24739444158407625,4.65,24.550764424187037,50.0,442.8341384863098,0.010416666666666666
23356119297_94_Z4,23356119297,94,4,165,185,0,4.658269999185791,0.24928876814567558,4.7,26.879899423779932,50.0,645.9627329192547,0.010416666666666666
23356119297_97_Z3,23356119297,97,3,144,165,0,1.6308284580713917,0.2531850457526259,4.85,30.07989942377995,50.0,405.7618178129441,0.010416666666666666
23356119297_98_Z3,23356119297,98,3,144,165,0,0.23242798353902572,0.2536641426611797,4.9,30.196113415549462,50.0,412.4116260801251,0.010416666666666666
23356119297_99_Z3,23356119297,99,3,144,165,0,-0.7629017820563604,0.2535161061607463,4.95,30.196113415549462,50.0,419.9160167966388,0.010416666666666666
23356119297_100_Z3,23356119297,100,3,144,165,0,1.158175129444487,0.25345597603357456,5.0,30.775200980271705,50.0,358.99481451935,0.010416666666666666
23356119297_101_Z3,23356119297,101,3,144,165,0,0.9836006081310416,0.2541733120437481,5.05,31.267001284337226,50.0,285.6515051636989,0.010416666666666666
23356119297_106_Z5,23356119297,106,5,185,206,0,1.608602466629236,0.257266169008797,5.3,34.62080618729797,50.0,278.55153203342576,0.010416666666666666
23356119297_107_Z5,23356119297,107,5,185,206,0,2.2252818957622367,0.2582872235656618,5.35,35.73344713517909,50.0,293.2551319648115,0.010416666666666666
23356119297_108_Z5,23356119297,108,5,185,206,0,1.9616525131042408,0.2593250966766889,5.4,36.71427339173121,50.0,309.0234857849199,0.010416666666666666
23356119297_109_Z5,23356119297,109,5,185,206,0,1.2266577720885152,0.2601521456787675,5.45,37.32760227777547,50.0,272.63875365140996,0.010416666666666666
23356119297_110_Z5,23356119297,110,5,185,206,0,0.42749607406528867,0.2605693883354818,5.5,37.54135031480811,50.0,253.1152647975094,0.010416666666666666
23356119297_111_Z5,23356119297,111,5,185,206,0,-0.3306666666667297,0.260564,5.55,37.54135031480811,50.0,287.0028700287018,0.010416666666666666
23356119297_112_Z5,23356119297,112,5,185,206,0,-0.3893333333331839,0.2603906666666666,5.6,37.54135031480811,50.0,299.7002997002986,0.010416666666666666
23356119297_113_Z5,23356119297,113,5,185,206,0,0.10085959885384455,0.2602518815663802,5.65,37.591780114235036,50.0,304.0129712201045,0.010416666666666666
23356119297_114_Z5,23356119297,114,5,185,206,0,0.2191404011460918,0.26040521489971347,5.7,37.70135031480808,50.0,270.58368766911593,0.010416666666666666
23356119297_115_Z5,23356119297,115,5,185,206,0,-0.5611047746925806,0.26043332035813926,5.75,37.70135031480808,50.0,298.566878980893,0.010416666666666666
23356119297_116_Z5,23356119297,116,5,185,206,0,-7.089316616476026,0.258468161009927,5.8,37.70135031480808,50.0,281.18096003213515,0.010416666666666666
23356119297_117_Z5,23356119297,117,5,185,206,0,-4.809823420263342,0.25536386259784327,5.85,37.70135031480808,50.0,403.22580645160997,0.010416666666666666
23356119297_118_Z4,23356119297,118,4,165,185,0,-1.8280549256407994,0.25344462651973554,5.9,37.70135031480808,50.0,655.5423122765296,0.010416666666666666
23356119297_120_Z3,23356119297,120,3,144,165,0,17.14659533675581,0.26322736663167,6.0,52.10543783070656,50.0,787.0572802798464,0.010416666666666666
23356119297_121_Z4,23356119297,121,4,165,185,0,16.63137293494094,0.2721833684119329,6.05,60.421124298177034,50.0,867.5078864353425,0.010416666666666666
23356119297_122_Z4,23356119297,122,4,165,185,0,3.29591289565451,0.2771529838977199,6.1,62.06908074600429,50.0,757.5757575757568,0.010416666666666666
23356119297_125_Z3,23356119297,125,3,144,165,0,2.2287116251765156,0.2776985871137865,6.25,63.18343655859255,50.0,509.5801059926673,0.010416666666666666
23356119297_126_Z3,23356119297,126,3,144,165,0,3.866875911744387,0.27944022366412447,6.3,65.11687451446474,50.0,549.1272798587884,0.010416666666666666
23356119297_127_Z3,23356119297,127,3,144,165,0,3.344202083554137,0.2812611296350874,6.35,66.78897555624181,50.0,594.0188447357675,0.010416666666666666
23356119297_128_Z3,23356119297,128,3,144,165,0,-0.13057460170402393,0.28212634486513655,6.4,66.78897555624181,39.52000000000044,751.8796992481167,0.010416666666666666
23379302381_8_Z4,23379302381,8,4,165,185,0,2.657975546188254,0.0717310581231965,0.4,1.6144309384987992,50.0,325.8744297197478,0.011363636363636364
23379302381_9_Z4,23379302381,9,4,165,185,0,4.638586051210012,0.07356886233953869,0.45,3.9337239641038053,50.0,325.2032520325204,0.011363636363636364
23379302381_11_Z5,23379302381,11,5,185,206,0,1.8907472451908234,0.07800159316723322,0.55,7.502756598240481,50.0,319.8720511795283,0.011363636363636364
23379302381_14_Z4,23379302381,14,4,165,185,0,0.6424803879617684,0.0791801250416013,0.7,8.490195622630736,50.0,298.86431560071696,0.011363636363636364
23379302381_15_Z4,23379302381,15,4,165,185,0,0.5851219512195485,0.07949581300813008,0.75,8.78275659824051,50.0,299.8800479808078,0.011363636363636364
23379302381_16_Z4,23379302381,16,4,165,185,0,0.3199999999998795,0.07973333333333331,0.8,8.94275659824045,50.0,290.99979214300555,0.011363636363636364
23379302381_17_Z4,23379302381,17,4,165,185,0,0.32000000000007844,0.0798533333333333,0.85,9.10275659824049,50.0,283.171521035599,0.011363636363636364
23379302381_18_Z4,23379302381,18,4,165,185,0,0.8007960199005595,0.08016033167495856,0.9,9.50315460819077,50.0,293.77203290246734,0.011363636363636364
23379302381_19_Z4,23379302381,19,4,165,185,0,0.4744819715673714,0.08048681832231017,0.95,9.740395593974455,50.0,288.83845677738793,0.011363636363636364
23379302381_20_Z4,23379302381,20,4,165,185,0,0.9647220085321067,0.08083755367508218,1.0,10.222756598240508,50.0,295.3918865695164,0.011363636363636364
23379302381_21_Z4,23379302381,21,4,165,185,0,0.7834402332361776,0.0812744800777454,1.05,10.614476714858597,50.0,290.4725019364828,0.011363636363636364
23379302381_22_Z4,23379302381,22,4,165,185,0,0.6565597667637917,0.0816172400388727,1.1,10.942756598240493,50.0,292.3976608187142,0.011363636363636364
23379302381_23_Z4,23379302381,23,4,165,185,0,0.960000000000008,0.08204666666666667,1.15,11.422756598240497,50.0,304.76190476190476,0.011363636363636364
23379302381_24_Z4,23379302381,24,4,165,185,0,0.5599999999999739,0.08242,1.2,11.702756598240484,50.0,293.5625917383096,0.011363636363636364
23379302381_25_Z4,23379302381,25,4,165,185,0,0.9869204975717878,0.08282236664254129,1.25,12.196216847026378,50.0,297.9737783075081,0.011363636363636364
23379302381_26_Z4,23379302381,26,4,165,185,0,0.5330795024282509,0.08318442693957791,1.3,12.462756598240503,50.0,305.25030525030604,0.011363636363636364
23379302381_27_Z4,23379302381,27,4,165,185,0,0.8799999999999102,0.08354666666666667,1.35,12.902756598240458,50.0,305.22701259061387,0.011363636363636364
23379302381_28_Z4,23379302381,28,4,165,185,0,0.544148606811234,0.08389603715170277,1.4,13.174830901646075,50.0,300.42058882435373,0.011363636363636364
23379302381_29_Z4,23379302381,29,4,165,185,0,0.817301544246277,0.08422282466429092,1.45,13.583481673769214,50.0,305.31243639324316,0.011363636363636364
23379302381_30_Z4,23379302381,30,4,165,185,0,0.7077346754155087,0.0846084788596853,1.5,13.937349011476968,50.0,299.58058717795126,0.011363636363636364
23379302381_31_Z4,23379302381,31,4,165,185,0,0.9075383373688339,0.08501368576809254,1.55,14.391118180161385,50.0,304.56852791878174,0.011363636363636364
23379302381_32_Z4,23379302381,32,4,165,185,0,1.33076547989603,0.08560632545941378,1.6,15.0565009201094,50.0,309.59752321981387,0.011363636363636364
23379302381_33_Z4,23379302381,33,4,165,185,0,0.9701343239510152,0.08613547483853227,1.65,15.541568082084908,50.0,305.0020333468886,0.011363636363636364
23379302381_34_Z4,23379302381,34,4,165,185,0,1.2023770323111762,0.08669881577142072,1.7,16.142756598240496,50.0,300.60120240481046,0.011363636363636364
23379302381_35_Z4,23379302381,35,4,165,185,0,0.9368838526912384,0.08724474032105763,1.75,16.611198524586115,50.0,309.05930075333214,0.011363636363636364
23379302381_36_Z4,23379302381,36,4,165,185,0,0.3106606312945246,0.08754495901928566,1.8,16.766528840233377,50.0,296.98769622401295,0.011363636363636364
23379302381_37_Z4,23379302381,37,4,165,185,0,0.3073392369443866,0.08773875513807275,1.85,16.92019845870557,50.0,303.72057706909607,0.011363636363636364
23379302381_38_Z4,23379302381,38,4,165,185,0,0.3420974608042684,0.0878198259307885,1.9,17.091247189107705,50.0,294.9852507374629,0.011363636363636364
23379302381_39_Z4,23379302381,39,4,165,185,0,0.9030188182655934,0.08818319954379963,1.95,17.5427565982405,50.0,308.46346635820385,0.011363636363636364
23379302381_40_Z4,23379302381,40,4,165,185,0,1.3087179487179128,0.08869811965811965,2.0,18.197115572599458,50.0,291.6666666666667,0.011363636363636364
23379302381_41_Z4,23379302381,41,4,165,185,0,1.9318552294101323,0.08952004837377878,2.05,19.163043187304524,50.0,296.85335444290405,0.011363636363636364
23379302381_42_Z4,23379302381,42,4,165,185,0,2.2002031074926265,0.09056205919982896,2.1,20.263144741050837,50.0,308.7610961018929,0.011363636363636364
23379302381_43_Z4,23379302381,43,4,165,185,0,1.423713510297631,0.09152296973981207,2.15,20.975001496199653,50.0,303.6437246963557,0.011363636363636364
23379302381_44_Z4,23379302381,44,4,165,185,0,0.35416051083018374,0.09194207754267349,2.2,21.152081751614745,50.0,298.5668789808903,0.011363636363636364
23379302381_45_Z4,23379302381,45,4,165,185,0,0.07719874985528463,0.09205529150750474,2.25,21.190681126542387,50.0,300.7820332865457,0.011363636363636364
23379302381_46_Z4,23379302381,46,4,165,185,0,-0.962876083630789,0.09180936766955636,2.3,21.190681126542387,50.0,296.0331557134395,0.011363636363636364
23379302381_47_Z4,23379302381,47,4,165,185,0,-1.567403308994102,0.0912649735504433,2.35,21.190681126542387,50.0,289.13672036348845,0.011363636363636364
23379302381_48_Z4,23379302381,48,4,165,185,0,-2.4310849843131734,0.09010130647590485,2.4,21.190681126542387,50.0,280.28028028027876,0.011363636363636364
23379302381_49_Z4,23379302381,49,4,165,185,0,0.4102979290299231,0.08958435721206247,2.45,21.39583009105735,50.0,284.61069323033104,0.011363636363636364
23379302381_50_Z4,23379302381,50,4,165,185,0,1.5029192546583943,0.09014145445134575,2.5,22.147289718386546,50.0,290.2757619738751,0.011363636363636364
23379302381_51_Z5,23379302381,51,5,185,206,0,1.6743389529725334,0.09097664201912652,2.55,22.984459194872812,50.0,295.6194571351748,0.011363636363636364
23379302381_52_Z5,23379302381,52,5,185,206,0,1.3579591836734437,0.09171297052154195,2.6,23.663438786709534,50.0,294.6509519492271,0.011363636363636364
23379302381_53_Z5,23379302381,53,5,185,206,0,0.40000000000006253,0.09216,2.65,23.863438786709565,50.0,297.23991507431055,0.011363636363636364
23379302381_54_Z5,23379302381,54,5,185,206,0,-0.48000000000007503,0.0921266666666667,2.7,23.863438786709565,50.0,285.11689792814985,0.011363636363636364
23379302381_55_Z5,23379302381,55,5,185,206,0,-0.32300940438875614,0.09193899686520375,2.75,23.863438786709565,50.0,289.91509629322866,0.011363636363636364
23379302381_56_Z5,23379302381,56,5,185,206,0,-0.4769905956111984,0.09168616509926857,2.8,23.863438786709565,50.0,298.68578255675146,0.011363636363636364
23379302381_57_Z5,23379302381,57,5,185,206,0,-1.0390778097982718,0.09136038424591741,2.85,23.863438786709565,50.0,295.6247536460373,0.011363636363636364
23379302381_58_Z5,23379302381,58,5,185,206,0,-1.0202445270832357,0.090837716674757,2.9,23.863438786709565,50.0,301.02347983142727,0.011363636363636364
23379302381_59_Z4,23379302381,59,4,165,185,0,-1.0430032445138693,0.09029339668040437,2.95,23.863438786709565,50.0,291.26213592233137,0.011363636363636364
23379302381_60_Z4,23379302381,60,4,165,185,0,-0.457129422809885,0.08996038960497062,3.0,23.863438786709565,50.0,292.3121894183023,0.011363636363636364
23379302381_61_Z5,23379302381,61,5,185,206,0,-0.040544995794874694,0.08976802242781047,3.05,23.863438786709565,50.0,300.2401921537255,0.011363636363636364
23379302381_62_Z4,23379302381,62,4,165,185,0,0.5600000000000875,0.0898933333333333,3.1,24.14343878670961,50.0,310.65548306928,0.011363636363636364
23379302381_63_Z4,23379302381,63,4,165,185,0,0.16243902439032354,0.0901608130081301,3.15,24.22465829890477,50.0,295.6830277942045,0.011363636363636364
23379302381_65_Z4,23379302381,65,4,165,185,0,0.40000000000006253,0.09015333333333336,3.25,24.424658298904802,50.0,301.9323671497553,0.011363636363636364
23379302381_66_Z5,23379302381,66,5,185,206,0,0.6399999999999579,0.09041333333333336,3.3,24.74465829890478,50.0,307.0053028188636,0.011363636363636364
23379302381_67_Z5,23379302381,67,5,185,206,0,0.7372506738543905,0.09072287511230907,3.35,25.113283635831976,50.0,295.6247536460399,0.011363636363636364
23379302381_68_Z5,23379302381,68,5,185,206,0,1.009228199384978,0.09118678308846791,3.4,25.617897735524465,50.0,293.7145094967682,0.011363636363636364
23379302381_69_Z5,23379302381,69,5,185,206,0,0.7335211267605928,0.09159220657276995,3.45,25.984658298904762,50.0,288.48135174119255,0.011363636363636364
23379302381_70_Z5,23379302381,70,5,185,206,0,-0.9528842883690061,0.09170969172105735,3.5,25.984658298904762,50.0,294.23303256178883,0.011363636363636364
23379302381_71_Z5,23379302381,71,5,185,206,0,-3.2396901710353347,0.09047762333136723,3.55,25.984658298904762,50.0,291.6059154342832,0.011363636363636364
23379302381_72_Z5,23379302381,72,5,185,206,0,-2.742695333001393,0.08903566285016776,3.6,25.984658298904762,50.0,287.4664622460722,0.011363636363636364
23379302381_73_Z5,23379302381,73,5,185,206,0,-2.8229318721751895,0.08762885311478762,3.65,25.984658298904762,50.0,287.76978417266133,0.011363636363636364
23379302381_74_Z5,23379302381,74,5,185,206,0,-0.8017983354191074,0.08659537054690668,3.7,25.984658298904762,50.0,296.0331557134395,0.011363636363636364
23379302381_75_Z4,23379302381,75,4,165,185,0,2.1701103718199874,0.08706373776908022,3.75,27.069713484814756,50.0,280.34763106251694,0.011363636363636364
23379302381_76_Z5,23379302381,76,5,185,206,0,-0.525430404002293,0.08755390383937905,3.8,27.069713484814756,50.0,294.63759575721684,0.011363636363636364
23379302381_77_Z5,23379302381,77,5,185,206,0,-1.218751989978358,0.08701389021879255,3.85,27.069713484814756,50.0,286.826469985659,0.011363636363636364
23379302381_78_Z5,23379302381,78,5,185,206,0,-0.1314927161313051,0.08668456654177127,3.9,27.069713484814756,50.0,288.96166441918785,0.011363636363636364
23379302381_79_Z5,23379302381,79,5,185,206,0,-0.454435261707971,0.08657147842056935,3.95,27.069713484814756,50.0,290.6373261365991,0.011363636363636364
23379302381_80_Z5,23379302381,80,5,185,206,0,-1.9500118063754996,0.08599614521841793,4.0,27.069713484814756,50.0,294.81132075471635,0.011363636363636364
23379302381_81_Z5,23379302381,81,5,185,206,0,-2.2899881936245094,0.08489551554506099,4.05,27.069713484814756,50.0,285.4230377166173,0.011363636363636364
23379302381_82_Z5,23379302381,82,5,185,206,0,-1.4663048808458825,0.08394162018626618,4.1,27.069713484814756,50.0,289.1844997108161,0.011363636363636364
23379302381_83_Z5,23379302381,83,5,185,206,0,-1.3336951191541289,0.08323856070664423,4.15,27.069713484814756,50.0,282.8854314002841,0.011363636363636364
23379302381_84_Z5,23379302381,84,5,185,206,0,-1.1858443981425069,0.08261035759193437,4.2,27.069713484814756,50.0,287.8289473684191,0.011363636363636364
23379302381_85_Z5,23379302381,85,5,185,206,0,-1.525768505083306,0.08196408580039223,4.25,27.069713484814756,50.0,283.76844494892345,0.011363636363636364
23379302381_86_Z5,23379302381,86,5,185,206,0,-1.2961468626190822,0.08122508201905537,4.3,27.069713484814756,50.0,264.4964394710042,0.011363636363636364
23379302381_87_Z5,23379302381,87,5,185,206,0,-1.9115292105068704,0.08052395860793203,4.35,27.069713484814756,50.0,275.5905511811014,0.011363636363636364
23379302381_88_Z5,23379302381,88,5,185,206,0,-1.7859741815429686,0.07936882436241229,4.4,27.069713484814756,50.0,273.79949452401263,0.011363636363636364
23379302381_89_Z5,23379302381,89,5,185,206,0,2.495120788761824,0.07965783581388952,4.45,28.317273879195668,50.0,293.9447383891843,0.011363636363636364
23379302381_90_Z5,23379302381,90,5,185,206,0,-0.5758180627630054,0.08028586277588932,4.5,28.317273879195668,50.0,278.8844621513904,0.011363636363636364
23379302381_91_Z5,23379302381,91,5,185,206,0,-1.42652385557858,0.07965951065933762,4.55,28.317273879195668,50.0,267.1598849157427,0.011363636363636364
23379302381_92_Z5,23379302381,92,5,185,206,0,-1.5364437111569202,0.07892982282506388,4.6,28.317273879195668,50.0,279.66440271674276,0.011363636363636364
23379302381_93_Z5,23379302381,93,5,185,206,0,-1.175516445813031,0.07823583221461096,4.65,28.317273879195668,50.0,262.043942753474,0.011363636363636364
23379302381_94_Z5,23379302381,94,5,185,206,0,-0.5555555555555713,0.07776629629629629,4.7,28.317273879195668,50.0,280.2241793434746,0.011363636363636364
23379302381_95_Z5,23379302381,95,5,185,206,0,1.3176200982506714,0.07793909810814482,4.75,28.976083928321003,50.0,271.3178294573672,0.011363636363636364
23379302381_96_Z5,23379302381,96,5,185,206,0,2.903209523214656,0.07908212421032822,4.8,30.42768868992833,50.0,287.888134896154,0.011363636363636364
23379302381_97_Z5,23379302381,97,5,185,206,0,1.0718618489420635,0.0801323578455978,4.85,30.963619614399363,50.0,286.5876958349247,0.011363636363636364
23379302381_98_Z5,23379302381,98,5,185,206,0,0.26419972130244673,0.08037839803029997,4.9,31.095719475050586,50.0,281.52020912930067,0.011363636363636364
23379302381_99_Z5,23379302381,99,5,185,206,0,0.0831088082901772,0.08047870466321244,4.95,31.137273879195675,50.0,274.78334390192117,0.011363636363636364
23996168837_6_Z3,23996168837,6,3,144,165,0,2.635322160401074,0.07357128386816869,0.3,2.2514826680329207,50.0,355.2818569398392,0.008695652173913044
23996168837_9_Z3,23996168837,9,3,144,165,0,0.5065539882505163,0.07500742326662688,0.45,3.4836838558197627,50.0,357.4975173783518,0.008695652173913044
23996168837_10_Z3,23996168837,10,3,144,165,0,2.1481222707423626,0.07563729257641923,0.5,4.557744991190944,50.0,398.58281665190464,0.008695652173913044
23996168837_12_Z4,23996168837,12,4,165,185,0,-8.526512829121202e-14,0.07678666666666664,0.6,5.157744991190938,50.0,393.15448658649393,0.008695652173913044
23996168837_13_Z3,23996168837,13,3,144,165,0,1.1014965986395282,0.07705845804988659,0.65,5.708493290510702,50.0,382.4476650563611,0.008695652173913044
23996168837_14_Z3,23996168837,14,3,144,165,0,4.5872695961267596,0.07841299273763559,0.7,8.002128088574082,50.0,368.14570819608593,0.008695652173913044
23996168837_15_Z4,23996168837,15,4,165,185,0,-2.807830836262582,0.07947591312771042,0.75,8.002128088574082,50.0,358.13768404297656,0.008695652173913044
23996168837_16_Z4,23996168837,16,4,165,185,0,-8.403259091837185,0.07610410125014483,0.8,8.002128088574082,50.0,367.72216547497413,0.008695652173913044
23996168837_18_Z3,23996168837,18,3,144,165,0,1.1172091285199315,0.07389281640642377,0.9,8.560732652834048,50.0,375.34571315685497,0.008695652173913044
23996168837_19_Z3,23996168837,19,3,144,165,0,-0.13019253028150501,0.07397987042380572,0.95,8.560732652834048,50.0,375.6425464610515,0.008695652173913044
23996168837_20_Z3,23996168837,20,3,144,165,0,0.24158772502929082,0.0740538206019795,1.0,8.681526515348693,50.0,360.86607858861186,0.008695652173913044
23996168837_21_Z3,23996168837,21,3,144,165,0,2.6282892412494334,0.07472852442939518,1.05,9.99567113597341,50.0,374.5318352059937,0.008695652173913044
23996168837_22_Z4,23996168837,22,4,165,185,0,5.232963838468663,0.0766473600245419,1.1,12.612153055207742,50.0,383.45105953582276,0.008695652173913044
23996168837_23_Z4,23996168837,23,4,165,185,0,5.629960142573879,0.07951607261757626,1.15,15.427133126494681,50.0,361.71396772398384,0.008695652173913044
23996168837_24_Z4,23996168837,24,4,165,185,0,3.246664514752837,0.08180995353928658,1.2,17.0504653838711,50.0,374.1630563213866,0.008695652173913044
23996168837_25_Z4,23996168837,25,4,165,185,0,0.7301022532297736,0.0827698713288118,1.25,17.415516510485986,50.0,376.61050545094116,0.008695652173913044
23996168837_26_Z4,23996168837,26,4,165,185,0,-0.10980514027082222,0.08278982429000148,1.3,17.415516510485986,50.0,363.0496167809606,0.008695652173913044
23996168837_27_Z4,23996168837,27,4,165,185,0,0.3641343092773752,0.08296111408434227,1.35,17.597583665124674,50.0,378.71237791508815,0.008695652173913044
23996168837_28_Z4,23996168837,28,4,165,185,0,-1.9166564880721353,0.08254270155086145,1.4,17.597583665124674,50.0,373.207621292478,0.008695652173913044
23996168837_29_Z4,23996168837,29,4,165,185,0,-0.47452818091744575,0.08187354918303509,1.45,17.597583665124674,50.0,356.7181926278238,0.008695652173913044
23996168837_30_Z4,23996168837,30,4,165,185,0,0.25640167364016975,0.08183880055788004,1.5,17.72578450194476,50.0,385.63020093363116,0.008695652173913044
23996168837_31_Z4,23996168837,31,4,165,185,0,-0.9794641307437928,0.08180145724530927,1.55,17.72578450194476,50.0,366.22583926754766,0.008695652173913044
23996168837_32_Z4,23996168837,32,4,165,185,0,-1.4462090660751983,0.08093588200375441,1.6,17.72578450194476,50.0,365.5564581640942,0.008695652173913044
23996168837_33_Z4,23996168837,33,4,165,185,0,2.4775103595205223,0.08126622553527851,1.65,18.96453968170502,50.0,378.4106751643096,0.008695652173913044
23996168837_34_Z4,23996168837,34,4,165,185,0,4.892229697377957,0.08301534700573272,1.7,21.410654530393998,50.0,366.72457054622697,0.008695652173913044
23996168837_35_Z4,23996168837,35,4,165,185,0,9.211862266095437,0.08668381229894957,1.75,26.016585663441717,50.0,399.2901508429465,0.008695652173913044
23996168837_38_Z4,23996168837,38,4,165,185,0,-3.485964458216671,0.09268961749119173,1.9,30.416546389660297,50.0,387.99264856034466,0.008695652173913044
23996168837_39_Z4,23996168837,39,4,165,185,0,-3.1921045271032824,0.0906100259332419,1.95,30.416546389660297,50.0,376.1631360126708,0.008695652173913044
23996168837_40_Z4,23996168837,40,4,165,185,0,0.3029692754406028,0.09016855596821755,2.0,30.5680310273806,50.0,355.16969218626633,0.008695652173913044
23996168837_41_Z4,23996168837,41,4,165,185,0,1.1068458216352894,0.090492850302127,2.05,31.121453938198243,50.0,353.0796390741466,0.008695652173913044
23996168837_42_Z4,23996168837,42,4,165,185,0,0.7344143344045904,0.0910112685104035,2.1,31.48866110540054,50.0,348.64643150122896,0.008695652173913044
23996168837_43_Z4,23996168837,43,4,165,185,0,-0.9184126984127658,0.09093280423280424,2.15,31.48866110540054,50.0,359.066427289051,0.008695652173913044
23996168837_44_Z4,23996168837,44,4,165,185,0,-0.8828401578921614,0.09039077107211364,2.2,31.48866110540054,50.0,363.4894991922457,0.008695652173913044
23996168837_45_Z4,23996168837,45,4,165,185,0,3.600428149610593,0.09106522315765893,2.25,33.288875180205835,50.0,364.66774716369434,0.008695652173913044
23996168837_46_Z4,23996168837,46,4,165,185,0,1.6075298533994555,0.09246265914842001,2.3,34.09264010690556,50.0,379.0087463556831,0.008695652173913044
23996168837_47_Z5,23996168837,47,5,185,206,0,3.320191080569259,0.09359280349466928,2.35,35.75273564719019,50.0,371.66085946573594,0.008695652173913044
23996168837_48_Z5,23996168837,48,5,185,206,0,2.674691074312875,0.09527113042945376,2.4,37.09008118434663,50.0,376.484216623229,0.008695652173913044
23996168837_49_Z4,23996168837,49,4,165,185,0,1.9787187641980495,0.09629274420717854,2.45,38.079440566445655,50.0,364.2250101173642,0.008695652173913044
23996168837_50_Z4,23996168837,50,4,165,185,0,1.4041728579880726,0.09729010786463967,2.5,38.78152699543969,50.0,360.0,0.008695652173913044
23996168837_51_Z4,23996168837,51,4,165,185,0,0.36474183402751237,0.09763597066322144,2.55,38.96389791245345,50.0,382.1169277798996,0.008695652173913044
23996168837_52_Z4,23996168837,52,4,165,185,0,-7.465959402382168,0.09612834683944736,2.6,38.96389791245345,50.0,347.22222222222194,0.008695652173913044
23996168837_53_Z4,23996168837,53,4,165,185,0,-4.800651201820159,0.09250956683527836,2.65,38.96389791245345,50.0,353.01039419493856,0.008695652173913044
23996168837_54_Z4,23996168837,54,4,165,185,0,4.377927744725611,0.09233174832504441,2.7,41.15286178481625,50.0,352.9167531658737,0.008695652173913044
23996168837_56_Z5,23996168837,56,5,185,206,0,1.2417085571965742,0.09626328353538245,2.8,44.05876554781965,50.0,363.6363636363636,0.008695652173913044
23996168837_57_Z5,23996168837,57,5,185,206,0,2.77038473439913,0.09732300636066701,2.85,45.44395791501921,50.0,381.27515356915876,0.008695652173913044
23996168837_58_Z5,23996168837,58,5,185,206,0,5.527058578783169,0.09938858031335325,2.9,48.207487204410796,50.0,384.9855630413839,0.008695652173913044
23996168837_59_Z5,23996168837,59,5,185,206,0,3.8300767866056162,0.10201127514358622,2.95,50.122525597713604,50.0,382.29376257545414,0.008695652173913044
23996168837_60_Z5,23996168837,60,5,185,206,0,-0.7817264983936809,0.10251399520972779,3.0,50.122525597713604,50.0,373.647984267454,0.008695652173913044
23996168837_62_Z5,23996168837,62,5,185,206,0,10.326052915108846,0.10688674095809311,3.1,57.11549907016105,50.0,433.2755632582336,0.008695652173913044
23996168837_63_Z5,23996168837,63,5,185,206,0,3.5003452016235315,0.11033111667396099,3.15,58.865671670972816,50.0,407.24903278354606,0.008695652173913044
23996168837_64_Z5,23996168837,64,5,185,206,0,2.1156278901409564,0.11163112526095448,3.2,59.923485616043294,50.0,392.8866832092665,0.008695652173913044
23996168837_65_Z5,23996168837,65,5,185,206,0,5.3020077399113745,0.11328029208025708,3.25,62.57448948599898,50.0,387.74718883288153,0.008695652173913044
23996168837_66_Z5,23996168837,66,5,185,206,0,11.766397750655699,0.11745255302381946,3.3,68.45768836132683,50.0,498.30576041458966,0.008695652173913044
23996168837_67_Z5,23996168837,67,5,185,206,0,15.814590446093034,0.12485517714790756,3.35,76.36498358437335,50.0,570.7297187117821,0.008695652173913044
23996168837_68_Z5,23996168837,68,5,185,206,0,4.114458228468436,0.12993738900891585,3.4,78.42221269860757,50.0,433.1561330970667,0.008695652173913044
23996168837_69_Z5,23996168837,69,5,185,206,0,2.80879799631424,0.13116288977503826,3.45,79.82661169676469,50.0,419.16167664670354,0.008695652173913044
23996168837_70_Z5,23996168837,70,5,185,206,0,11.482824330237747,0.13465291470991164,3.5,85.56802386188356,50.0,501.907247540655,0.008695652173913044
23996168837_71_Z5,23996168837,71,5,185,206,0,13.960787091811653,0.14134005395818142,3.55,92.54841740778939,50.0,617.8991429140912,0.008695652173913044
23996168837_72_Z5,23996168837,72,5,185,206,0,13.057098370931499,0.1481468744954151,3.6,99.07696659325514,50.0,586.0953920776069,0.008695652173913044
23996168837_73_Z5,23996168837,73,5,185,206,0,5.225975680752072,0.15286684973839046,3.65,101.68995443363117,50.0,648.2027106658828,0.008695652173913044
23996168837_74_Z4,23996168837,74,4,165,185,0,4.159534520256557,0.154793313326258,3.7,103.76972169375945,50.0,692.1456515197108,0.008695652173913044
23996168837_79_Z4,23996168837,79,4,165,185,0,8.07066596552528,0.17631481547309197,3.95,126.27518928802282,50.0,693.5413957520609,0.008695652173913044
23996168837_80_Z4,23996168837,80,4,165,185,0,9.333867545451255,0.1809662801929393,4.0,130.94212306074843,50.0,737.7866400797594,0.008695652173913044
23996168837_81_Z4,23996168837,81,4,165,185,0,8.29526188905561,0.1852234881861292,4.05,135.08975400527623,50.0,648.9555871020084,0.008695652173913044
23996168837_82_Z4,23996168837,82,4,165,185,0,-7.892850832101487,0.18611967619899714,4.1,135.08975400527623,50.0,750.9640755023274,0.008695652173913044
23996168837_84_Z3,23996168837,84,3,144,165,0,-8.124121489931497,0.177233990532538,4.2,135.08975400527623,50.0,745.2441655226547,0.008695652173913044
23996168837_85_Z3,23996168837,85,3,144,165,0,-15.553826716893582,0.17104397336334923,4.25,135.08975400527623,50.0,800.8213552361277,0.008695652173913044
23996168837_86_Z3,23996168837,86,3,144,165,0,-14.8547267183788,0.16317340314536186,4.3,135.08975400527623,50.0,771.476230191826,0.008695652173913044
23996168837_87_Z3,23996168837,87,3,144,165,0,-9.04970159591278,0.15713708861245693,4.35,135.08975400527623,50.0,716.845878136197,0.008695652173913044
23996168837_88_Z3,23996168837,88,3,144,165,0,-0.6412598425196165,0.15492677165354332,4.4,135.08975400527623,50.0,670.7437364371604,0.008695652173913044
23996168837_89_Z3,23996168837,89,3,144,165,0,-3.9139192895391375,0.15398012346001483,4.45,135.08975400527623,50.0,706.2146892655439,0.008695652173913044
23996168837_90_Z3,23996168837,90,3,144,165,0,-2.5732235676038044,0.15196172641902522,4.5,135.08975400527623,50.0,704.7925896093456,0.008695652173913044
23996168837_91_Z3,23996168837,91,3,144,165,0,-2.482857142857142,0.15103511904761907,4.55,135.08975400527623,50.0,720.1440288057512,0.008695652173913044
23996168837_92_Z3,23996168837,92,3,144,165,0,-4.258528464017218,0.14931853114930183,4.6,135.08975400527623,50.0,692.1099466086653,0.008695652173913044
23996168837_93_Z3,23996168837,93,3,144,165,0,-5.474298761113687,0.14678519327488504,4.65,135.08975400527623,50.0,745.0664518727368,0.008695652173913044
23996168837_94_Z3,23996168837,94,3,144,165,0,-3.945589809519163,0.1444238084133677,4.7,135.08975400527623,50.0,684.3800322061152,0.008695652173913044
23996168837_95_Z3,23996168837,95,3,144,165,0,-0.004244835853569384,0.14329586017704518,4.75,135.08975400527623,50.0,661.0576923076914,0.008695652173913044
23996168837_96_Z3,23996168837,96,3,144,165,0,-2.0369226604605615,0.1432393390393512,4.8,135.08975400527623,50.0,736.9498464687903,0.008695652173913044
23996168837_97_Z3,23996168837,97,3,144,165,0,-5.472297821976895,0.1410331309324357,4.85,135.08975400527623,50.0,715.7057654075521,0.008695652173913044
23996168837_98_Z3,23996168837,98,3,144,165,0,-3.5347199551257518,0.13905104435747398,4.9,135.08975400527623,50.0,764.5875251509083,0.008695652173913044
23996168837_99_Z3,23996168837,99,3,144,165,0,-9.949727991883265,0.1353091722120345,4.95,135.08975400527623,50.0,766.1290322580729,0.008695652173913044
23996168837_100_Z3,23996168837,100,3,144,165,0,-2.4813106921513395,0.13220920814349252,5.0,135.08975400527623,50.0,722.2078927005505,0.008695652173913044
23996168837_101_Z3,23996168837,101,3,144,165,0,-2.5923590078985512,0.13112164142811628,5.05,135.08975400527623,50.0,711.6753221773323,0.008695652173913044
23996168837_103_Z3,23996168837,103,3,144,165,0,-8.565611364872495,0.1260453818009932,5.15,135.08975400527623,50.0,698.4387838948192,0.008695652173913044
23996168837_105_Z2,23996168837,105,2,124,144,0,-5.857432043844938,0.11848258733797674,5.25,135.08975400527623,50.0,700.3089598352319,0.008695652173913044
23996168837_106_Z2,23996168837,106,2,124,144,0,-6.0436074461909755,0.11556214370177448,5.3,135.08975400527623,50.0,660.0660066006573,0.008695652173913044
23996168837_107_Z2,23996168837,107,2,124,144,0,-8.12402975369693,0.11221184158113455,5.35,135.08975400527623,50.0,774.7196738022398,0.008695652173913044
23996168837_108_Z2,23996168837,108,2,124,144,0,-13.473026051208024,0.1065568361654136,5.4,135.08975400527623,50.0,830.2956662616425,0.008695652173913044
23996168837_109_Z2,23996168837,109,2,124,144,0,-8.703316510659533,0.10092534576110972,5.45,135.08975400527623,50.0,736.611586701181,0.008695652173913044
23996168837_110_Z2,23996168837,110,2,124,144,0,-7.155712434251797,0.0970862390585683,5.5,135.08975400527623,50.0,774.1167129813401,0.008695652173913044
23996168837_111_Z2,23996168837,111,2,124,144,0,-7.086631352348519,0.09352009703730475,5.55,135.08975400527623,50.0,735.4402703239854,0.008695652173913044
23996168837_112_Z2,23996168837,112,2,124,144,0,-5.157904416296759,0.0904374903813967,5.6,135.08975400527623,50.0,752.4913565182011,0.008695652173913044
23996168837_113_Z2,23996168837,113,2,124,144,0,-2.2865753424657953,0.08844497716894978,5.65,135.08975400527623,50.0,594.1770647653026,0.008695652173913044
23996168837_119_Z4,23996168837,119,4,165,185,0,-2.87451743714513,0.08582821032711546,5.95,136.23377178569848,50.0,373.28094302553626,0.008695652173913044
23996168837_120_Z4,23996168837,120,4,165,185,0,-1.6499270072992829,0.08461749391727495,6.0,136.23377178569848,50.0,380.6089743589738,0.008695652173913044
23996168837_121_Z4,23996168837,121,4,165,185,0,0.9093425605535685,0.08442311418685121,6.05,136.68844306597526,50.0,383.9935327405046,0.008695652173913044
23996168837_122_Z5,23996168837,122,5,185,206,0,1.050816801996234,0.08508162349448803,6.1,137.21385146697338,50.0,401.78571428571263,0.008695652173913044
23996168837_123_Z5,23996168837,123,5,185,206,0,-1.1219137485147144,0.08501320041471543,6.15,137.21385146697338,50.0,402.81973816717317,0.008695652173913044
23996168837_124_Z5,23996168837,124,5,185,206,0,-0.5982456140351076,0.08452926900584798,6.2,137.21385146697338,50.0,398.4857541342856,0.008695652173913044
23996168837_125_Z4,23996168837,125,4,165,185,0,-0.04014035087720913,0.08434998830409357,6.25,137.21385146697338,50.0,415.22491349480623,0.008695652173913044
23996168837_126_Z4,23996168837,126,4,165,185,0,-0.4069806242001448,0.08436797365921019,6.3,137.21385146697338,50.0,390.7856849033328,0.008695652173913044
23996168837_127_Z4,23996168837,127,4,165,185,0,-2.1865890027496846,0.08363720707807967,6.35,137.21385146697338,50.0,400.64102564102507,0.008695652173913044
23996168837_128_Z4,23996168837,128,4,165,185,0,-2.175703120766741,0.08253888267766367,6.4,137.21385146697338,50.0,392.85012767629263,0.008695652173913044
23996168837_129_Z4,23996168837,129,4,165,185,0,-0.9286514175352636,0.08171774532707708,6.45,137.21385146697338,50.0,408.9143324473535,0.008695652173913044
23996168837_130_Z4,23996168837,130,4,165,185,0,-0.899608953258678,0.08130761454904545,6.5,137.21385146697338,50.0,385.6536829926682,0.008695652173913044
23996168837_131_Z4,23996168837,131,4,165,185,0,-1.3517195328559524,0.08074045446413361,6.55,137.21385146697338,50.0,402.90088638195476,0.008695652173913044
23996168837_132_Z4,23996168837,132,4,165,185,0,-1.4506069977563527,0.0800590429122956,6.6,137.21385146697338,50.0,395.33504645186684,0.008695652173913044
23996168837_133_Z4,23996168837,133,4,165,185,0,-1.3622321326471933,0.07934996302649132,6.65,137.21385146697338,50.0,400.3371260008425,0.008695652173913044
23996168837_134_Z4,23996168837,134,4,165,185,0,-1.122452718925075,0.07874551193205423,6.7,137.21385146697338,50.0,387.74718883288153,0.008695652173913044
23996168837_135_Z4,23996168837,135,4,165,185,0,-1.7960476089020574,0.07793164759759896,6.75,137.21385146697338,50.0,390.464447184547,0.008695652173913044
23996168837_136_Z4,23996168837,136,4,165,185,0,-0.606212877146163,0.07737282549749999,6.8,137.21385146697338,50.0,379.46874375873307,0.008695652173913044
23996168837_137_Z4,23996168837,137,4,165,185,0,-0.24008496540983515,0.07724491617135992,6.85,137.21385146697338,50.0,384.83740619588707,0.008695652173913044
23996168837_138_Z4,23996168837,138,4,165,185,0,-2.16005413356865,0.07651590114739629,6.9,137.21385146697338,50.0,369.4581280788158,0.008695652173913044
23996168837_139_Z4,23996168837,139,4,165,185,0,0.49533088209665266,0.0761079999298186,6.95,137.4615169080217,50.0,392.77297721916676,0.008695652173913044
23996168837_140_Z4,23996168837,140,4,165,185,0,0.9470774091628054,0.07628412322274883,7.0,137.52904352729502,7.130000000000109,464.39628482971875,0.008695652173913044
24069625931_7_Z3,24069625931,7,3,144,165,0,3.584212371227096,0.07588919034197268,0.35,3.9686751924813706,50.0,363.34275333064215,0.004975124378109453
24069625931_10_Z3,24069625931,10,3,144,165,0,-2.282844300575931,0.07777397976978871,0.5,5.545807379863362,50.0,337.83783783783815,0.004975124378109453
24069625931_11_Z3,24069625931,11,3,144,165,0,1.4827245005900807,0.07751899712911439,0.55,6.287169630158402,50.0,364.88951956213225,0.004975124378109453
24069625931_12_Z3,24069625931,12,3,144,165,0,0.18292527392634383,0.07800652150733066,0.6,6.378632267121574,50.0,348.2892849825859,0.004975124378109453
24069625931_13_Z3,24069625931,13,3,144,165,0,3.9122311166535155,0.07907762903986507,0.65,8.334747825448332,50.0,382.21685777509526,0.004975124378109453
24069625931_14_Z4,24069625931,14,4,165,185,0,-5.832156783754215,0.07887394553711652,0.7,8.334747825448332,50.0,352.2677234698374,0.004975124378109453
24069625931_16_Z3,24069625931,16,3,144,165,0,-0.19539393939396632,0.07371628282828281,0.8,8.334747825448332,50.0,364.1513251062112,0.004975124378109453
24069625931_17_Z3,24069625931,17,3,144,165,0,-0.07999999999995566,0.0737733333333333,0.85,8.334747825448332,50.0,367.2719853091207,0.004975124378109453
24069625931_18_Z3,24069625931,18,3,144,165,0,0.1599999999999966,0.07371333333333333,0.9,8.41474782544833,50.0,358.13768404297656,0.004975124378109453
24069625931_19_Z3,24069625931,19,3,144,165,0,0.6807662835249175,0.07393126436781607,0.95,8.755130967210789,50.0,376.61050545094116,0.004975124378109453
24069625931_20_Z3,24069625931,20,3,144,165,0,4.049591753189901,0.07504385870252753,1.0,10.77992684380574,50.0,388.1511746680291,0.004975124378109453
24069625931_22_Z4,24069625931,22,4,165,185,0,6.3293508610125855,0.08113942183341252,1.1,17.22431199310222,50.0,400.6231916314261,0.004975124378109453
24069625931_23_Z4,24069625931,23,4,165,185,0,2.5866264234350638,0.08335297816779615,1.15,18.51762520481975,50.0,379.39297124600694,0.004975124378109453
24069625931_24_Z4,24069625931,24,4,165,185,0,0.35424524125721746,0.08404466283016086,1.2,18.69474782544836,50.0,380.6089743589738,0.004975124378109453
24069625931_25_Z4,24069625931,25,4,165,185,0,0.47999999999998977,0.08417333333333335,1.25,18.934747825448355,50.0,372.8414442700171,0.004975124378109453
24069625931_26_Z4,24069625931,26,4,165,185,0,-0.7261791565743465,0.08424728137249286,1.3,18.934747825448355,50.0,372.27949599083297,0.004975124378109453
24069625931_27_Z4,24069625931,27,4,165,185,0,-1.8338208434256558,0.08342296238255333,1.35,18.934747825448355,50.0,356.50623885918,0.004975124378109453
24069625931_28_Z3,24069625931,28,3,144,165,0,0.11200000000002319,0.08303866666666669,1.4,18.990747825448366,50.0,371.25430920180065,0.004975124378109453
24069625931_29_Z3,24069625931,29,3,144,165,0,0.36191003460209004,0.08318914417531723,1.45,19.17170284274941,50.0,366.4495114006523,0.004975124378109453
24069625931_30_Z3,24069625931,30,3,144,165,0,-1.1132062205608122,0.08313133411231145,1.5,19.17170284274941,50.0,365.1411879259987,0.004975124378109453
24069625931_31_Z3,24069625931,31,3,144,165,0,-0.4140826536317377,0.08242415059346213,1.55,19.17170284274941,50.0,356.0126582278485,0.004975124378109453
24069625931_32_Z3,24069625931,32,3,144,165,0,3.277353032280587,0.08325500852211322,1.6,20.810379358889705,50.0,376.4612641172972,0.004975124378109453
24069625931_33_Z4,24069625931,33,4,165,185,0,6.497820840114201,0.0856082421365886,1.65,24.059289778946805,50.0,410.7424960505547,0.004975124378109453
24069625931_34_Z4,24069625931,34,4,165,185,0,9.457278976732539,0.08980996426811509,1.7,28.787929267313075,50.0,442.47787610619446,0.004975124378109453
24069625931_35_Z4,24069625931,35,4,165,185,0,5.749693970450579,0.09374523346297758,1.75,31.662776252538364,50.0,398.8831272437168,0.004975124378109453
24069625931_36_Z4,24069625931,36,4,165,185,0,0.3921958754342256,0.09526525347167279,1.8,31.858874190255477,50.0,403.3071183706399,0.004975124378109453
24069625931_37_Z4,24069625931,37,4,165,185,0,-4.494160217355329,0.09427687778662237,1.85,31.858874190255477,50.0,346.6557911908649,0.004975124378109453
24069625931_38_Z4,24069625931,38,4,165,185,0,-1.460041481328858,0.0922901921977584,1.9,31.858874190255477,50.0,357.49751737835055,0.004975124378109453
24069625931_39_Z4,24069625931,39,4,165,185,0,0.9839475206817951,0.09249274957580132,1.95,32.350847950596375,50.0,335.76930673513806,0.004975124378109453
24069625931_40_Z4,24069625931,40,4,165,185,0,0.9692903225807186,0.09295255913978495,2.0,32.835493111886734,50.0,371.6744913928004,0.004975124378109453
24069625931_41_Z4,24069625931,41,4,165,185,0,-0.3212127622069829,0.09318252188730243,2.05,32.835493111886734,50.0,355.27690700104563,0.004975124378109453
24069625931_42_Z4,24069625931,42,4,165,185,0,-1.5303670503171247,0.09267346678564167,2.1,32.835493111886734,50.0,343.5731608730799,0.004975124378109453
24069625931_43_Z4,24069625931,43,4,165,185,0,-0.23874093511500405,0.0919953280007651,2.15,32.835493111886734,50.0,366.9370413286969,0.004975124378109453
24069625931_44_Z3,24069625931,44,3,144,165,0,3.4831412604596323,0.09312259675057584,2.2,34.57706374211655,50.0,387.68529076396885,0.004975124378109453
24069625931_45_Z4,24069625931,45,4,165,185,0,1.992197668997619,0.09436635835275836,2.25,35.57316257661536,50.0,379.12578055307637,0.004975124378109453
24069625931_46_Z4,24069625931,46,4,165,185,0,3.790110856995085,0.09582821652719019,2.3,37.4682180051129,50.0,371.5937241948798,0.004975124378109453
24069625931_47_Z4,24069625931,47,4,165,185,0,2.0672094227252273,0.09732074659361502,2.35,38.501822716475516,50.0,366.72457054622697,0.004975124378109453
24069625931_48_Z4,24069625931,48,4,165,185,0,2.5370864585893003,0.09845505110182683,2.4,39.770365945770166,50.0,368.24877250409423,0.004975124378109453
24069625931_49_Z4,24069625931,49,4,165,185,0,-0.7161465582019275,0.09899887209426363,2.45,39.770365945770166,50.0,357.7106518282977,0.004975124378109453
24069625931_50_Z4,24069625931,50,4,165,185,0,-0.8282994740254139,0.09870800155696133,2.5,39.770365945770166,50.0,361.22817579771277,0.004975124378109453
24069625931_51_Z4,24069625931,51,4,165,185,0,-8.407558923113953,0.09624516097905941,2.55,39.770365945770166,50.0,311.7692907248626,0.004975124378109453
24069625931_52_Z4,24069625931,52,4,165,185,0,-1.5644511398464545,0.09339745796884455,2.6,39.770365945770166,50.0,335.96837944664094,0.004975124378109453
24069625931_53_Z4,24069625931,53,4,165,185,0,6.854784644447733,0.0949221111404754,2.65,43.19775826799403,50.0,395.33915938410365,0.004975124378109453
24069625931_55_Z4,24069625931,55,4,165,185,0,1.5281782912739459,0.09809277935687502,2.75,44.991551663170284,50.0,356.020942408377,0.004975124378109453
24069625931_56_Z4,24069625931,56,4,165,185,0,4.220382551143871,0.0994678075471532,2.8,47.10174293874222,50.0,382.1899484043575,0.004975124378109453
24069625931_57_Z4,24069625931,57,4,165,185,0,6.00058345025667,0.10219779662710096,2.85,50.102034663870555,50.0,392.6431080801792,0.004975124378109453
24069625931_58_Z4,24069625931,58,4,165,185,0,1.3451738832635556,0.10423616002028273,2.9,50.77462160550233,50.0,356.8596352101503,0.004975124378109453
24069625931_59_Z4,24069625931,59,4,165,185,0,0.46740493033388475,0.10437035302387186,2.95,51.008324070669275,50.0,350.3308680420421,0.004975124378109453
24069625931_60_Z4,24069625931,60,4,165,185,0,8.246916787113292,0.10620324035786784,3.0,55.13178246422592,50.0,418.1476061049517,0.004975124378109453
24069625931_61_Z4,24069625931,61,4,165,185,0,7.849425594336793,0.11094804863087712,3.05,59.05649526139432,50.0,441.45873320537504,0.004975124378109453
24069625931_62_Z4,24069625931,62,4,165,185,0,2.8544600438116845,0.11346679104117299,3.1,60.48372528330016,50.0,387.28088055442356,0.004975124378109453
24069625931_63_Z4,24069625931,63,4,165,185,0,2.0253284227619304,0.11441868344717267,3.15,61.496389494681125,50.0,374.53183520599237,0.004975124378109453
24069625931_64_Z4,24069625931,64,4,165,185,0,8.489151359841657,0.11694739713961355,3.2,65.74096517460195,50.0,429.7114794352373,0.004975124378109453
24069625931_65_Z4,24069625931,65,4,165,185,0,16.050719326431903,0.12307015694030123,3.25,73.7663248378179,50.0,500.4003202562046,0.004975124378109453
24069625931_66_Z4,24069625931,66,4,165,185,0,12.723759480932726,0.13100772917642847,3.3,80.12820457828427,50.0,478.56430707876285,0.004975124378109453
24069625931_67_Z4,24069625931,67,4,165,185,0,1.6613539100317212,0.13420733916533542,3.35,80.95888153330013,50.0,391.3894324853236,0.004975124378109453
24069625931_68_Z4,24069625931,68,4,165,185,0,6.057004924097555,0.1356474814134456,3.4,83.9873839953489,50.0,429.88741044012363,0.004975124378109453
24069625931_69_Z4,24069625931,69,4,165,185,0,14.684787611309787,0.14119290178751853,3.45,91.3297778010038,50.0,503.62610797743883,0.004975124378109453
24069625931_70_Z4,24069625931,70,4,165,185,0,14.572696645460098,0.14844768680871603,3.5,98.61612612373385,50.0,496.7261232783877,0.004975124378109453
24069625931_71_Z5,24069625931,71,5,185,206,0,11.233538030016973,0.15534691798170772,3.55,104.23289513874234,50.0,440.2054292002899,0.004975124378109453
24069625931_72_Z5,24069625931,72,5,185,206,0,3.87728451416109,0.15879471203224785,3.6,106.17153739582288,50.0,409.8360655737715,0.004975124378109453
24069625931_73_Z4,24069625931,73,4,165,185,0,6.138669777079144,0.16119072727896325,3.65,109.24087228436245,50.0,407.00040700040427,0.004975124378109453
24069625931_74_Z4,24069625931,74,4,165,185,0,8.320298959687307,0.1647292050363337,3.7,113.4010217642061,50.0,420.420420420422,0.004975124378109453
24069625931_75_Z4,24069625931,75,4,165,185,0,12.46971247925461,0.17002000741710344,3.75,119.63587800383341,50.0,472.1621089907542,0.004975124378109453
24069625931_76_Z4,24069625931,76,4,165,185,0,10.206859729988139,0.17597244135730636,3.8,124.73930786882748,50.0,433.1561330970667,0.004975124378109453
24069625931_78_Z4,24069625931,78,4,165,185,0,9.794174068547989,0.18380425933344144,3.9,132.79070650305658,50.0,466.83046683046894,0.004975124378109453
24069625931_79_Z4,24069625931,79,4,165,185,0,8.29216895780894,0.18854860589657554,3.95,136.93679098196105,50.0,430.8656482569492,0.004975124378109453
24069625931_80_Z4,24069625931,80,4,165,185,0,8.588426526451258,0.19253551576959366,4.0,141.23100424518668,50.0,426.4825345247785,0.004975124378109453
24069625931_81_Z4,24069625931,81,4,165,185,0,8.497339247460275,0.19706485994188935,4.05,145.47967386891682,50.0,409.27694406548414,0.004975124378109453
24069625931_82_Z4,24069625931,82,4,165,185,0,-0.47127349848477706,0.19918238626670487,4.1,145.47967386891682,50.0,952.6938239158842,0.004975124378109453
24069625931_84_Z3,24069625931,84,3,144,165,0,1.893150572973184,0.19824468972761475,4.2,146.4262491554034,50.0,405.1043143609563,0.004975124378109453
24069625931_85_Z3,24069625931,85,3,144,165,0,0.9821767946628484,0.1991125742240471,4.25,146.91733755273484,50.0,395.3391593840999,0.004975124378109453
24069625931_86_Z3,24069625931,86,3,144,165,0,-2.6884307597551924,0.19846880598842817,4.3,146.91733755273484,50.0,366.51234567901133,0.004975124378109453
24069625931_87_Z3,24069625931,87,3,144,165,0,5.732804120074206,0.1991273955461747,4.35,149.78373961277194,50.0,426.3959390862944,0.004975124378109453
24069625931_88_Z4,24069625931,88,4,165,185,0,2.0260710841253626,0.2014770475434568,4.4,150.79677515483462,50.0,401.6064257028057,0.004975124378109453
24069625931_89_Z4,24069625931,89,4,165,185,0,1.8577877009994381,0.20198324091285944,4.45,151.72566900533434,50.0,418.24337781318434,0.004975124378109453
24069625931_90_Z4,24069625931,90,4,165,185,0,5.130872719360752,0.2040553962553624,4.5,154.29110536501472,50.0,414.5077720207254,0.004975124378109453
24069625931_91_Z4,24069625931,91,4,165,185,0,6.694371466553093,0.20678510708971917,4.55,157.63829109829126,50.0,472.2550177095659,0.004975124378109453
24069625931_92_Z4,24069625931,92,4,165,185,0,8.408514843454043,0.21074376174599627,4.6,161.84254852001828,50.0,501.80650341228716,0.004975124378109453
24069625931_93_Z4,24069625931,93,4,165,185,0,5.208281566917151,0.21410129685678347,4.65,164.44668930347686,50.0,460.27616569941733,0.004975124378109453
24069625931_94_Z4,24069625931,94,4,165,185,0,6.917117789672204,0.21722122349782116,4.7,167.90524819831296,50.0,457.2564612326027,0.004975124378109453
24069625931_95_Z4,24069625931,95,4,165,185,0,6.078369228358667,0.2203630934221178,4.75,170.9444328124923,50.0,514.4440047487143,0.004975124378109453
24069625931_96_Z4,24069625931,96,4,165,185,0,3.9446846846847734,0.22300343843843845,4.8,172.91677515483468,50.0,433.7946705226206,0.004975124378109453
24069625931_97_Z4,24069625931,97,4,165,185,0,1.3593433929234493,0.2243010956107693,4.85,173.5964468512964,50.0,413.1418453669099,0.004975124378109453
24069625931_98_Z4,24069625931,98,4,165,185,0,-0.9392219092449068,0.2244026723470454,4.9,173.5964468512964,50.0,413.54864119732383,0.004975124378109453
24069625931_99_Z4,24069625931,99,4,165,185,0,-2.7035385170124755,0.2234612965450723,4.95,173.5964468512964,50.0,389.6636587366677,0.004975124378109453
24069625931_100_Z4,24069625931,100,4,165,185,0,-5.07581540686715,0.2215620124201721,5.0,173.5964468512964,50.0,421.2637913741193,0.004975124378109453
24069625931_101_Z4,24069625931,101,4,165,185,0,-5.853928767636944,0.2187074018127961,5.05,173.5964468512964,50.0,417.1632896305113,0.004975124378109453
24069625931_102_Z4,24069625931,102,4,165,185,0,-6.2620683191292414,0.21575627132768735,5.1,173.5964468512964,50.0,404.8582995951447,0.004975124378109453
24069625931_103_Z4,24069625931,103,4,165,185,0,-5.890357353859429,0.21260551962953128,5.15,173.5964468512964,50.0,411.522633744858,0.004975124378109453
24069625931_104_Z4,24069625931,104,4,165,185,0,-4.05269631398977,0.21015894055352782,5.2,173.5964468512964,50.0,390.2238652700719,0.004975124378109453
24069625931_105_Z4,24069625931,105,4,165,185,0,-4.228021095716883,0.20807825221111478,5.25,173.5964468512964,50.0,381.679389312979,0.004975124378109453
24069625931_106_Z4,24069625931,106,4,165,185,0,-5.395638674278473,0.20576585821774643,5.3,173.5964468512964,50.0,391.31285462727703,0.004975124378109453
24069625931_107_Z4,24069625931,107,4,165,185,0,-5.559793309279939,0.2029937135846352,5.35,173.5964468512964,50.0,367.421922841391,0.004975124378109453
24069625931_108_Z4,24069625931,108,4,165,185,0,-7.0591879551276975,0.19988758752209934,5.4,173.5964468512964,50.0,361.2167300380266,0.004975124378109453
24069625931_109_Z4,24069625931,109,4,165,185,0,-8.706816588125946,0.19595741203679565,5.45,173.5964468512964,50.0,390.32006245120704,0.004975124378109453
24069625931_111_Z3,24069625931,111,3,144,165,0,-5.793312540672957,0.1886082150901202,5.55,173.5964468512964,50.0,369.07935206069664,0.004975124378109453
24069625931_112_Z3,24069625931,112,3,144,165,0,-6.640130187148543,0.18506767956332418,5.6,173.5964468512964,50.0,332.5508607198755,0.004975124378109453
24069625931_113_Z3,24069625931,113,3,144,165,0,-0.10778985361713467,0.18339439775423602,5.65,173.5964468512964,50.0,358.92323030906886,0.004975124378109453
24069625931_114_Z3,24069625931,114,3,144,165,0,-0.08595670995669025,0.18361793362193363,5.7,173.5964468512964,50.0,370.67545304777985,0.004975124378109453
24069625931_116_Z4,24069625931,116,4,165,185,0,-2.700910856326857,0.18243284100702678,5.8,173.5964468512964,50.0,354.60992907801267,0.004975124378109453
24069625931_117_Z4,24069625931,117,4,165,185,0,-1.3111930837765726,0.18130204552373838,5.85,173.5964468512964,50.0,358.4229390680985,0.004975124378109453
24069625931_118_Z4,24069625931,118,4,165,185,0,-0.3024877547854885,0.1810036382262477,5.9,173.5964468512964,50.0,355.45023696682233,0.004975124378109453
24069625931_119_Z4,24069625931,119,4,165,185,0,-1.6457042463192124,0.18058418759806702,5.95,173.5964468512964,50.0,359.49670461354316,0.004975124378109453
24069625931_120_Z4,24069625931,120,4,165,185,0,-3.227311900605457,0.1791773144017858,6.0,173.5964468512964,50.0,352.3316062176166,0.004975124378109453
24069625931_121_Z4,24069625931,121,4,165,185,0,-0.5559604138550753,0.17828459214275005,6.05,173.5964468512964,50.0,359.49670461354316,0.004975124378109453
24069625931_122_Z4,24069625931,122,4,165,185,0,0.5890598290598632,0.1783040455840456,6.1,173.89097676582634,50.0,363.6363636363636,0.004975124378109453
24069625931_123_Z4,24069625931,123,4,165,185,0,0.5488335310398611,0.1788031343086859,6.15,174.16539353134627,50.0,390.4724716907439,0.004975124378109453
24069625931_124_Z4,24069625931,124,4,165,185,0,-2.3177224199288275,0.17807276393831556,6.2,174.16539353134627,50.0,393.5458480913049,0.004975124378109453
24069625931_125_Z4,24069625931,125,4,165,185,0,-0.5474782608695818,0.17746104347826086,6.25,174.16539353134627,50.0,372.7479809484368,0.004975124378109453
24069625931_126_Z4,24069625931,126,4,165,185,0,1.0274782608695432,0.17750521739130432,6.3,174.67913266178104,50.0,390.4724716907439,0.004975124378109453
24069625931_127_Z4,24069625931,127,4,165,185,0,0.6400000000001,0.17804,6.35,174.9991326617811,50.0,393.62330249950486,0.004975124378109453
24069625931_128_Z4,24069625931,128,4,165,185,0,1.3957996282624663,0.17841811285417591,6.4,175.69703247591232,50.0,395.8333333333333,0.004975124378109453
24069625931_129_Z4,24069625931,129,4,165,185,0,4.506230348873487,0.17996185047083682,6.45,177.95014765034907,50.0,427.4334563823641,0.004975124378109453
24069625931_130_Z4,24069625931,130,4,165,185,0,5.200921589180325,0.18234629040012446,6.5,180.55060844493923,50.0,446.5191800284109,0.004975124378109453
24069625931_131_Z4,24069625931,131,4,165,185,0,4.232944458148495,0.1848589268709139,6.55,182.66708067401348,50.0,433.58297201419185,0.004975124378109453
24069625931_132_Z4,24069625931,132,4,165,185,0,2.3878749186108053,0.18649615953135057,6.6,183.86101813331888,50.0,413.99296211964054,0.004975124378109453
24069625931_133_Z4,24069625931,133,4,165,185,0,1.956821590995105,0.1874314910921371,6.65,184.83942892881643,50.0,494.55984174085773,0.004975124378109453
24069625931_134_Z4,24069625931,134,4,165,185,0,2.072102981158878,0.18855582982843577,6.7,185.87548041939587,50.0,484.1638087552895,0.004975124378109453
24069625931_135_Z4,24069625931,135,4,165,185,0,1.1273044847703773,0.18933154037963662,6.75,186.43913266178106,50.0,446.4285714285737,0.004975124378109453
24069625931_136_Z4,24069625931,136,4,165,185,0,1.5583141762452328,0.1900194380587484,6.8,187.21828974990368,50.0,430.61264435310113,0.004975124378109453
24069625931_137_Z4,24069625931,137,4,165,185,0,1.5939338857702978,0.19070907303454218,6.85,188.01525669278882,50.0,453.20197044334975,0.004975124378109453
24069625931_138_Z4,24069625931,138,4,165,185,0,3.5389904163214396,0.19207081149251448,6.9,189.78475190094954,50.0,437.9852677682698,0.004975124378109453
24069625931_139_Z4,24069625931,139,4,165,185,0,3.5700703763239403,0.19379162558620283,6.95,191.56978708911151,50.0,444.0855874041182,0.004975124378109453
24069625931_140_Z4,24069625931,140,4,165,185,0,8.717044731753901,0.19664415789281317,7.0,195.92830945498847,50.0,547.7784540474745,0.004975124378109453
24069625931_141_Z4,24069625931,141,4,165,185,0,5.332705237114624,0.200803390219898,7.05,198.59466207354578,50.0,728.4500202347217,0.004975124378109453
24069625931_144_Z3,24069625931,144,3,144,165,0,-0.5140350877193782,0.20088567251461986,7.2,198.66016355062132,50.0,382.1899484043575,0.004975124378109453
24069625931_145_Z3,24069625931,145,3,144,165,0,-5.881078884721148,0.19929307314894346,7.25,198.66016355062132,50.0,415.11000415109754,0.004975124378109453
24069625931_146_Z3,24069625931,146,3,144,165,0,-11.62854511392743,0.19513733708472622,7.3,198.66016355062132,50.0,480.7692307692301,0.004975124378109453
24069625931_149_Z2,24069625931,149,2,124,144,0,-14.237660545651579,0.16138252872940737,7.45,198.66016355062132,50.0,488.20179007323173,0.004975124378109453
24069625931_150_Z2,24069625931,150,2,124,144,0,-18.714774198940972,0.15366763992059895,7.5,198.66016355062132,50.0,479.3289394847155,0.004975124378109453
24069625931_155_Z4,24069625931,155,4,165,185,0,3.7892863909096945,0.13992596495704865,7.75,200.55480674607617,50.0,374.06483790523777,0.004975124378109453
24069625931_158_Z5,24069625931,158,5,185,206,0,-1.518643115831651,0.14077988285256504,7.9,201.82720391835963,50.0,348.63451481696615,0.004975124378109453
24069625931_159_Z5,24069625931,159,5,185,206,0,2.280305997640596,0.1409038583526501,7.95,202.96735691717993,50.0,379.16583516264467,0.004975124378109453
24069625931_160_Z5,24069625931,160,5,185,206,0,1.6900963860402953,0.14231695704220518,8.0,203.81240511020007,50.0,357.14285714285444,0.004975124378109453
24069625931_161_Z5,24069625931,161,5,185,206,0,-2.8948313742148457,0.14186027156207048,8.05,203.81240511020007,50.0,358.8516746411494,0.004975124378109453
24069625931_164_Z4,24069625931,164,4,165,185,0,-5.010138098077732,0.13635543873446682,8.2,203.81240511020007,50.0,350.5154639175258,0.004975124378109453
24069625931_165_Z4,24069625931,165,4,165,185,0,-4.375055503851456,0.1339033777866345,8.25,203.81240511020007,50.0,357.89473684210526,0.004975124378109453
24069625931_166_Z4,24069625931,166,4,165,185,0,-1.809095766181656,0.13221654157995194,8.3,203.81240511020007,50.0,399.4407829039223,0.004975124378109453
24069625931_167_Z4,24069625931,167,4,165,185,0,3.7029601078754126,0.13287669100429506,8.35,205.66388516413778,50.0,356.43564356435644,0.004975124378109453
24069625931_168_Z4,24069625931,168,4,165,185,0,3.3533510954360963,0.13469466715224934,8.4,207.34056071185583,50.0,399.52057530963253,0.004975124378109453
24069625931_169_Z4,24069625931,169,4,165,185,0,3.094868588348106,0.13612102040985938,8.45,208.88799500602988,50.0,383.68336025847805,0.004975124378109453
24069625931_170_Z4,24069625931,170,4,165,185,0,10.045286581883602,0.13957256704545523,8.5,213.91063829697168,50.0,439.6482813749084,0.004975124378109453
24069625931_171_Z4,24069625931,171,4,165,185,0,2.9878840492744985,0.14283252323418574,8.55,215.40458032160893,50.0,396.27501486030394,0.004975124378109453
24069625931_172_Z4,24069625931,172,4,165,185,0,6.5925149133295236,0.14514273750580278,8.6,218.7008377782737,50.0,416.6666666666697,0.004975124378109453
24069625931_173_Z4,24069625931,173,4,165,185,0,1.4503439876579023,0.14754087007546624,8.65,219.42600977210265,50.0,408.3299305839154,0.004975124378109453
24069625931_174_Z4,24069625931,174,4,165,185,0,0.7448191378742877,0.14747741842215872,8.7,219.7984193410398,50.0,391.77277179236603,0.004975124378109453
24069625931_175_Z4,24069625931,175,4,165,185,0,4.398533546323165,0.14918794498514998,8.75,221.99768611420137,50.0,411.92624558649334,0.004975124378109453
24069625931_176_Z4,24069625931,176,4,165,185,0,5.3024228174186305,0.151390821365437,8.8,224.6488975229107,50.0,437.956204379572,0.004975124378109453
24069625931_177_Z4,24069625931,177,4,165,185,0,4.313594577124036,0.15394189125130303,8.85,226.8056948114727,50.0,434.78260869564906,0.004975124378109453
24069625931_178_Z4,24069625931,178,4,165,185,0,2.145923753665727,0.15564746823069406,8.9,227.87865668830557,50.0,416.9148302560982,0.004975124378109453
24069625931_179_Z4,24069625931,179,4,165,185,0,2.9461232436878504,0.1564983793040391,8.95,229.3517183101495,50.0,420.92603728202533,0.004975124378109453
24069625931_180_Z4,24069625931,180,4,165,185,0,3.4406278997657296,0.15853508571457622,9.0,231.07203226003236,50.0,419.9160167966388,0.004975124378109453
24069625931_181_Z4,24069625931,181,4,165,185,0,-4.5907581044231165,0.15870595112663924,9.05,231.07203226003236,50.0,457.16557344464786,0.004975124378109453
24069625931_182_Z4,24069625931,182,4,165,185,0,-15.945657161935287,0.15271104469249505,9.1,231.07203226003236,50.0,532.2294500295728,0.004975124378109453
24069625931_183_Z3,24069625931,183,3,144,165,0,-16.372266225360363,0.14535290045514315,9.15,231.07203226003236,50.0,535.2363960749169,0.004975124378109453
24069625931_184_Z3,24069625931,184,3,144,165,0,-23.9371836284688,0.13461572832330046,9.2,231.07203226003236,50.0,646.7765491341501,0.004975124378109453
24069625931_185_Z3,24069625931,185,3,144,165,0,-17.12209851336587,0.12429487951261199,9.25,231.07203226003236,50.0,623.3303650934902,0.004975124378109453
24069625931_188_Z3,24069625931,188,3,144,165,0,-6.073566115722969,0.11033374663827435,9.4,231.07203226003236,50.0,355.23978685614014,0.004975124378109453
24069625931_189_Z3,24069625931,189,3,144,165,0,-9.369760178256541,0.10640975503994575,9.45,231.07203226003236,50.0,333.1945022907092,0.004975124378109453
24069625931_191_Z4,24069625931,191,4,165,185,0,2.7055336728779764,0.10553051639764816,9.55,232.93791168106787,50.0,363.6363636363636,0.004975124378109453
24069625931_192_Z4,24069625931,192,4,165,185,0,-1.2349738292972177,0.10582777269872289,9.6,232.93791168106787,50.0,379.027163613394,0.004975124378109453
24069625931_193_Z4,24069625931,193,4,165,185,0,-5.226330404893758,0.10411976625966662,9.65,232.93791168106787,50.0,353.14891112418263,0.004975124378109453
24069625931_194_Z4,24069625931,194,4,165,185,0,-5.205778444591942,0.10134929063172557,9.7,232.93791168106787,50.0,348.71794871794873,0.004975124378109453
24069625931_195_Z4,24069625931,195,4,165,185,0,-0.5335484753214246,0.10000230771829603,9.75,232.93791168106787,50.0,360.793746241736,0.004975124378109453
24069625931_196_Z4,24069625931,196,4,165,185,0,-0.1361992116651436,0.09977179667208763,9.8,232.93791168106787,50.0,351.562499999995,0.004975124378109453
24069625931_197_Z4,24069625931,197,4,165,185,0,0.9364742880063659,0.10021850375718679,9.85,233.40614882507106,50.0,371.057513914669,0.004975124378109453
24069625931_198_Z4,24069625931,198,4,165,185,0,-1.638144525675898,0.09986587540053146,9.9,233.40614882507106,50.0,355.5204424254323,0.004975124378109453
24069625931_199_Z4,24069625931,199,4,165,185,0,-1.5094010159108677,0.09916780385561749,9.95,233.40614882507106,50.0,345.8096013018725,0.004975124378109453
24069625931_200_Z4,24069625931,200,4,165,185,0,-3.592709485558487,0.09780608511901057,10.0,233.40614882507106,50.0,344.8936577888451,0.004975124378109453
24069625931_201_Z4,24069625931,201,4,165,185,0,-1.2807456497499459,0.09657854551220327,10.05,233.40614882507106,50.0,348.78949528108484,0.004975124378109453
24069625931_202_Z4,24069625931,202,4,165,185,0,-3.9087792043095533,0.09540402329575208,10.1,233.40614882507106,50.0,372.6951745782692,0.004975124378109453
24069625931_203_Z4,24069625931,203,4,165,185,0,-0.4175341262552479,0.09407226911690493,10.15,233.40614882507106,50.0,428.3965728274136,0.004975124378109453
24069625931_204_Z4,24069625931,204,4,165,185,0,1.1159167498472016,0.09441263868817941,10.2,233.96410719999466,50.0,399.36102236421783,0.004975124378109453
24069625931_205_Z4,24069625931,205,4,165,185,0,0.05883408071750296,0.09474881913303436,10.25,233.9935242403534,50.0,385.78680203045684,0.004975124378109453
24069625931_206_Z4,24069625931,206,4,165,185,0,-0.06299528912356323,0.09471243222722643,10.3,233.9935242403534,50.0,373.28094302554297,0.004975124378109453
24069625931_207_Z4,24069625931,207,4,165,185,0,-0.6030047108764052,0.09454723679487843,10.35,233.9935242403534,50.0,397.2983710766774,0.004975124378109453
24069625931_208_Z4,24069625931,208,4,165,185,0,4.5610995768735165,0.09526645536082828,10.4,236.27407402879015,50.0,415.0197628458468,0.004975124378109453
24069625931_209_Z4,24069625931,209,4,165,185,0,2.8941596823857765,0.09760936603254676,10.45,237.72115386998303,50.0,397.40640033466224,0.004975124378109453
24069625931_210_Z4,24069625931,210,4,165,185,0,-2.0688983570036896,0.09777641190940314,10.5,237.72115386998303,50.0,388.19875776397186,0.004975124378109453
24069625931_211_Z4,24069625931,211,4,165,185,0,-7.495474720243124,0.09531086466810484,10.55,237.72115386998303,50.0,392.1568627451069,0.004975124378109453
24069625931_212_Z4,24069625931,212,4,165,185,0,-8.504534516788055,0.09123750898231969,10.6,237.72115386998303,50.0,361.42286475174905,0.004975124378109453
24069625931_213_Z4,24069625931,213,4,165,185,0,-6.175774151310833,0.08738060219004978,10.65,237.72115386998303,50.0,352.0397597846414,0.004975124378109453
24069625931_214_Z4,24069625931,214,4,165,185,0,-2.848106925678337,0.08519542115161498,10.7,237.72115386998303,50.0,358.8516746411494,0.004975124378109453
24069625931_215_Z4,24069625931,215,4,165,185,0,0.4973203342181307,0.08453296253016375,10.75,237.96981403709208,50.0,357.1428571428597,0.004975124378109453
24069625931_216_Z4,24069625931,216,4,165,185,0,0.22582691194148197,0.08500681291108043,10.8,238.0827274930628,50.0,373.8685556867396,0.004975124378109453
24069625931_217_Z4,24069625931,217,4,165,185,0,-0.15320894916249017,0.0848810904619297,10.85,238.0827274930628,50.0,347.08044099631525,0.004975124378109453
24069625931_218_Z4,24069625931,218,4,165,185,0,0.13359111476759722,0.08483374880021936,10.9,238.1495230504466,50.0,360.7214428857742,0.004975124378109453
24069625931_219_Z4,24069625931,219,4,165,185,0,2.0413904434601022,0.08541049201519714,10.95,239.17021827217664,50.0,370.44258139988983,0.004975124378109453
24069625931_220_Z4,24069625931,220,4,165,185,0,0.362337722236191,0.08607230359617983,11.0,239.35138713329474,50.0,381.44950813088735,0.004975124378109453
24069625931_221_Z4,24069625931,221,4,165,185,0,0.47627183430370224,0.08623976369320117,11.05,239.5895230504466,50.0,371.2871287128746,0.004975124378109453
24069625931_222_Z4,24069625931,222,4,165,185,0,-0.6166243045985311,0.0862787539767604,11.1,239.5895230504466,50.0,369.72173574625833,0.004975124378109453
24069625931_223_Z4,24069625931,223,4,165,185,0,-3.1824027184492536,0.08534873956265057,11.15,239.5895230504466,50.0,405.02227622518404,0.004975124378109453
24069625931_224_Z4,24069625931,224,4,165,185,0,-5.763546458684544,0.08308696591684049,11.2,239.5895230504466,50.0,375.4198774945755,0.004975124378109453
24069625931_225_Z4,24069625931,225,4,165,185,0,-5.427969606093086,0.08016127482576473,11.25,239.5895230504466,50.0,364.9635036496237,0.004975124378109453
24069625931_226_Z4,24069625931,226,4,165,185,0,-2.3694569121745985,0.07814654843604835,11.3,239.5895230504466,50.0,364.8610721302355,0.004975124378109453
24069625931_227_Z4,24069625931,227,4,165,185,0,-0.7022516556290839,0.07747777041942605,11.35,239.5895230504466,50.0,381.77046051061933,0.004975124378109453
24069625931_228_Z4,24069625931,228,4,165,185,0,0.5734067711406681,0.07744962960534464,11.4,239.8762264360169,50.0,365.7049979683104,0.004975124378109453
24069625931_229_Z4,24069625931,229,4,165,185,0,0.39908110496082827,0.07772298346370068,11.45,240.07576698849732,50.0,374.0893876747327,0.004975124378109453
24069625931_230_Z4,24069625931,230,4,165,185,0,0.9932973912319483,0.0779947971210512,11.5,240.5724156841133,50.0,355.5741476678557,0.004975124378109453
24069625931_231_Z4,24069625931,231,4,165,185,0,6.457741325885564,0.07969038691399027,11.55,243.80128634705608,50.0,386.62284941040343,0.004975124378109453
24225591249_6_Z2,24225591249,6,2,124,144,0,-1.0364603814010707,0.277215191088827,0.3,1.1855480457783756,50.0,371.8459495351928,0.010752688172043012
24225591249_7_Z2,24225591249,7,2,124,144,0,-2.469510756910495,0.2762507402071871,0.35,1.1855480457783756,50.0,368.57866850956026,0.010752688172043012
24225591249_8_Z3,24225591249,8,3,144,165,0,-2.4306649567298564,0.2751043635814873,0.4,1.1855480457783756,50.0,370.55335968379484,0.010752688172043012
24225591249_9_Z3,24225591249,9,3,144,165,0,-2.7649754163570606,0.2736172159494311,0.45,1.1855480457783756,50.0,390.6250000000001,0.010752688172043012
24225591249_10_Z2,24225591249,10,2,124,144,0,2.185756768196825,0.2736204074265502,0.5,2.278426429876788,50.0,356.4484769928715,0.010752688172043012
24225591249_12_Z3,24225591249,12,3,144,165,0,-3.966968355056906,0.2717019411809002,0.6,2.278426429876788,50.0,386.7640739149122,0.010752688172043012
24225591249_13_Z3,24225591249,13,3,144,165,0,-3.828931910195138,0.2695497870199976,0.65,2.278426429876788,50.0,378.7878787878782,0.010752688172043012
24225591249_15_Z3,24225591249,15,3,144,165,0,0.058590027020386515,0.26873992098583477,0.75,2.3308166193974102,50.0,380.83784325516143,0.010752688172043012
24225591249_16_Z3,24225591249,16,3,144,165,0,-0.3352990523359267,0.268800214582705,0.8,2.3308166193974102,50.0,383.2963485979428,0.010752688172043012
24225591249_17_Z3,24225591249,17,3,144,165,0,-3.8020409368605215,0.2677673802864545,0.85,2.3308166193974102,50.0,380.7615230460915,0.010752688172043012
24225591249_18_Z3,24225591249,18,3,144,165,0,-5.568237407075685,0.2653646036998358,0.9,2.3308166193974102,50.0,406.11100367433824,0.010752688172043012
24225591249_19_Z3,24225591249,19,3,144,165,0,-6.093323868005086,0.26242871696047915,0.95,2.3308166193974102,50.0,378.636907134316,0.010752688172043012
24225591249_20_Z3,24225591249,20,3,144,165,0,-6.303933802130132,0.2593136735217907,1.0,2.3308166193974102,50.0,376.8844221105537,0.010752688172043012
24225591249_21_Z3,24225591249,21,3,144,165,0,-6.368726726997977,0.2561379989769628,1.05,2.3308166193974102,50.0,383.87715930902084,0.010752688172043012
24225591249_22_Z3,24225591249,22,3,144,165,0,-4.79773948407086,0.2532891673903227,1.1,2.3308166193974102,50.0,361.4122880177923,0.010752688172043012
24225591249_23_Z3,24225591249,23,3,144,165,0,-2.3265848145654218,0.2514254928190653,1.15,2.3308166193974102,50.0,362.3188405797097,0.010752688172043012
24225591249_24_Z3,24225591249,24,3,144,165,0,-2.470936627476931,0.250662008573745,1.2,2.3308166193974102,50.0,395.6478733926809,0.010752688172043012
24225591249_25_Z3,24225591249,25,3,144,165,0,-7.477162787727821,0.24774391443805266,1.25,2.3308166193974102,50.0,406.4214590530377,0.010752688172043012
24225591249_26_Z3,24225591249,26,3,144,165,0,-3.3490344487515813,0.24518098542799996,1.3,2.3308166193974102,50.0,380.3042433947155,0.010752688172043012
24225591249_27_Z3,24225591249,27,3,144,165,0,-4.244051014172555,0.24328151818968538,1.35,2.3308166193974102,50.0,387.74718883288153,0.010752688172043012
24225591249_28_Z3,24225591249,28,3,144,165,0,0.18377264452959707,0.24204596282741303,1.4,2.422702941662209,50.0,364.0776699029122,0.010752688172043012
24225591249_29_Z3,24225591249,29,3,144,165,0,-0.4713661494492385,0.24251285761909414,1.45,2.422702941662209,50.0,396.9829297340224,0.010752688172043012
24225591249_30_Z3,24225591249,30,3,144,165,0,-10.55604912006163,0.23965452051114652,1.5,2.422702941662209,50.0,394.9447077409155,0.010752688172043012
24225591249_31_Z3,24225591249,31,3,144,165,0,-10.374348294439528,0.23406372535966877,1.55,2.422702941662209,50.0,375.9398496240611,0.010752688172043012
24225591249_32_Z3,24225591249,32,3,144,165,0,-4.959457723189132,0.23011024943693725,1.6,2.422702941662209,50.0,372.18413320274107,0.010752688172043012
24225591249_33_Z3,24225591249,33,3,144,165,0,-1.427888532709403,0.22884696001663074,1.65,2.422702941662209,50.0,362.1730382293776,0.010752688172043012
24225591249_34_Z3,24225591249,34,3,144,165,0,-5.978042823415194,0.22706936746817552,1.7,2.422702941662209,50.0,389.86354775828323,0.010752688172043012
24225591249_35_Z3,24225591249,35,3,144,165,0,-7.719762288017705,0.2234616999120732,1.75,2.422702941662209,50.0,384.1488071168618,0.010752688172043012
24225591249_36_Z3,24225591249,36,3,144,165,0,-8.070075044090629,0.21951937827102025,1.8,2.422702941662209,50.0,345.1776649746193,0.010752688172043012
24225591249_37_Z3,24225591249,37,3,144,165,0,-1.2663903381305772,0.21712098856942103,1.85,2.422702941662209,50.0,357.85288270377765,0.010752688172043012
24225591249_38_Z3,24225591249,38,3,144,165,0,-2.406694850033773,0.21628546749493796,1.9,2.422702941662209,50.0,364.37246963562853,0.010752688172043012
24225591249_39_Z3,24225591249,39,3,144,165,0,-0.7660564625130064,0.2154369272136927,1.95,2.422702941662209,50.0,394.7887879984202,0.010752688172043012
24225591249_40_Z3,24225591249,40,3,144,165,0,-2.6070477235646763,0.21500654032126001,2.0,2.422702941662209,50.0,367.87247087676224,0.010752688172043012
24225591249_41_Z3,24225591249,41,3,144,165,0,-8.886472159475431,0.21164662691685887,2.05,2.422702941662209,50.0,351.9749706687533,0.010752688172043012
24225591249_42_Z3,24225591249,42,3,144,165,0,-4.018471958844657,0.2084697651054249,2.1,2.422702941662209,50.0,362.47334754797373,0.010752688172043012
24225591249_43_Z3,24225591249,43,3,144,165,0,-1.5316233695089068,0.20711908004713828,2.15,2.422702941662209,50.0,391.2685337726528,0.010752688172043012
24225591249_44_Z3,24225591249,44,3,144,165,0,0.8196493994277603,0.2068953874588637,2.2,2.832527641376089,50.0,374.4580212849839,0.010752688172043012
24225591249_45_Z4,24225591249,45,4,165,185,0,-5.556499620328907,0.20626845467130384,2.25,2.832527641376089,50.0,422.67528592740143,0.010752688172043012
24225591249_46_Z4,24225591249,46,4,165,185,0,-5.596372584879305,0.2027089469051687,2.3,2.832527641376089,50.0,377.1551724137896,0.010752688172043012
24225591249_47_Z3,24225591249,47,3,144,165,0,-1.1760508717147786,0.20129980994665628,2.35,2.832527641376089,50.0,391.3491246137987,0.010752688172043012
24225591249_48_Z3,24225591249,48,3,144,165,0,-2.236298240836618,0.20053332694297696,2.4,2.832527641376089,50.0,361.0832497492484,0.010752688172043012
24225591249_49_Z3,24225591249,49,3,144,165,0,-1.923701759163464,0.1994018572699381,2.45,2.832527641376089,50.0,390.8540160250141,0.010752688172043012
24225591249_50_Z3,24225591249,50,3,144,165,0,1.5606058308169395,0.19922497068147846,2.5,3.6128305567845587,50.0,368.17345060339636,0.010752688172043012
24225591249_51_Z4,24225591249,51,4,165,185,0,-3.270470576869286,0.199174584590811,2.55,3.6128305567845587,50.0,390.3391070992946,0.010752688172043012
24225591249_52_Z4,24225591249,52,4,165,185,0,-2.0501352539475874,0.1974658152700928,2.6,3.6128305567845587,50.0,397.71314939100154,0.010752688172043012
24225591249_53_Z3,24225591249,53,3,144,165,0,-1.198781461777628,0.19680166009790276,2.65,3.6128305567845587,50.0,380.6852334201539,0.010752688172043012
24225591249_55_Z4,24225591249,55,4,165,185,0,-0.22765143992052117,0.19547510633896062,2.75,3.6128305567845587,50.0,398.1420039814197,0.010752688172043012
24225591249_56_Z4,24225591249,56,4,165,185,0,5.319745417363492,0.1968007595164189,2.8,6.272703265466305,50.0,422.67050912583903,0.010752688172043012
24225591249_57_Z4,24225591249,57,4,165,185,0,5.787849462111581,0.1997075674656787,2.85,9.166627996522095,50.0,406.2563477554335,0.010752688172043012
24225591249_58_Z4,24225591249,58,4,165,185,0,5.132031477702867,0.20245317557223141,2.9,11.732643735373529,50.0,368.3241252302034,0.010752688172043012
24225591249_59_Z4,24225591249,59,4,165,185,0,3.9285320060425875,0.2047271738537906,2.95,13.696909738394822,50.0,400.08001600319875,0.010752688172043012
24225591249_60_Z4,24225591249,60,4,165,185,0,2.8253400610491894,0.20637182238779067,3.0,15.109579768919417,50.0,404.78026214341054,0.010752688172043012
24225591249_61_Z4,24225591249,61,4,165,185,0,2.73889736253858,0.20776108730397178,3.05,16.479028450188707,50.0,383.29634859794106,0.010752688172043012
24225591249_62_Z4,24225591249,62,4,165,185,0,3.4224753591990407,0.20925556624510383,3.1,18.190266129788228,50.0,398.64460833167175,0.010752688172043012
24225591249_63_Z4,24225591249,63,4,165,185,0,4.923556345920247,0.21132451339528383,3.15,20.65204430274835,50.0,413.0524576621225,0.010752688172043012
24225591249_64_Z4,24225591249,64,4,165,185,0,5.938039262665541,0.2140869888834355,3.2,23.62106393408112,50.0,388.50038850038834,0.010752688172043012
24225591249_65_Z4,24225591249,65,4,165,185,0,6.757847732457435,0.21725168028659642,3.25,26.99998780030984,50.0,399.28129367139394,0.010752688172043012
24225591249_66_Z4,24225591249,66,4,165,185,0,6.789862466153295,0.2206762590043735,3.3,30.394919033386486,50.0,410.0881689563258,0.010752688172043012
24225591249_67_Z4,24225591249,67,4,165,185,0,6.603847955351,0.22401283050382503,3.35,33.696843011061986,50.0,393.23633503735647,0.010752688172043012
24225591249_69_Z5,24225591249,69,5,185,206,0,7.1201959288819126,0.23097734121270608,3.45,40.80125428526452,50.0,386.3359089060571,0.010752688172043012
24225591249_70_Z5,24225591249,70,5,185,206,0,5.950956318030649,0.23427977750211007,3.5,43.776732444279844,50.0,374.9753305703567,0.010752688172043012
24225591249_71_Z5,24225591249,71,5,185,206,0,6.3344876492800495,0.2373123702355549,3.55,46.94397626891987,50.0,402.4144869215306,0.010752688172043012
24225591249_72_Z5,24225591249,72,5,185,206,0,6.238132869145488,0.24048919234688765,3.6,50.06304270349261,50.0,393.4562021122388,0.010752688172043012
24225591249_73_Z5,24225591249,73,5,185,206,0,4.603197967917538,0.24324842145847492,3.65,52.36464168745138,50.0,382.1899484043575,0.010752688172043012
24225591249_74_Z5,24225591249,74,5,185,206,0,3.0630564924705936,0.2451239078224236,3.7,53.89616993368668,50.0,369.8376823505234,0.010752688172043012
24225591249_75_Z5,24225591249,75,5,185,206,0,2.19914298560235,0.24649243700397905,3.75,54.995741426487854,50.0,368.64571206829675,0.010752688172043012
24225591249_76_Z5,24225591249,76,5,185,206,0,0.5594612794613454,0.24708008978675647,3.8,55.275472066218526,50.0,387.7551020408163,0.010752688172043012
24225591249_78_Z4,24225591249,78,4,165,185,0,1.1181605691057825,0.24800053268970187,3.9,56.323927350771385,50.0,379.34668071654517,0.010752688172043012
24225591249_79_Z4,24225591249,79,4,165,185,0,1.5842488511840997,0.24869644161659007,3.95,57.116051776363435,50.0,380.6089743589738,0.010752688172043012
24225591249_80_Z4,24225591249,80,4,165,185,0,0.5227473396169557,0.24918162551940812,4.0,57.37742544617191,50.0,356.43564356435644,0.010752688172043012
24225591249_81_Z4,24225591249,81,4,165,185,0,1.789342185240912,0.24979170069733359,4.05,58.27209653879237,50.0,371.67045219904793,0.010752688172043012
24225591249_82_Z4,24225591249,82,4,165,185,0,2.326751054852309,0.2507922081575246,4.1,59.43547206621852,50.0,384.3197540353577,0.010752688172043012
24225591249_83_Z4,24225591249,83,4,165,185,0,2.0914754098360504,0.2519571584699454,4.15,60.48120977113655,50.0,406.17384240455095,0.010752688172043012
24225591249_84_Z4,24225591249,84,4,165,185,0,1.0140054795940614,0.252726168225442,4.2,60.98821251093358,50.0,336.10122578094155,0.010752688172043012
24225591249_85_Z4,24225591249,85,4,165,185,0,0.09451911056987683,0.2530084847875791,4.25,61.03547206621852,50.0,353.65092573330776,0.010752688172043012
24225591249_86_Z4,24225591249,86,4,165,185,0,-0.6473353350232287,0.25285346657238394,4.3,61.03547206621852,50.0,382.0631409611868,0.010752688172043012
24225591249_87_Z4,24225591249,87,4,165,185,0,-0.3926646649767349,0.25256286576010445,4.35,61.03547206621852,50.0,375.86547972304515,0.010752688172043012
24225591249_88_Z4,24225591249,88,4,165,185,0,0.4891640866871967,0.2525689576883385,4.4,61.280054109562116,50.0,376.01424896101514,0.010752688172043012
24225591249_89_Z4,24225591249,89,4,165,185,0,2.90749890931221,0.2533325618462509,4.45,62.73380356421822,50.0,370.00973709834864,0.010752688172043012
24225591249_90_Z4,24225591249,90,4,165,185,0,5.360962690689178,0.25548173195724816,4.5,65.41428490956281,50.0,381.90954773869345,0.010752688172043012
24225591249_91_Z5,24225591249,91,5,185,206,0,5.663994448825861,0.2583018544864307,4.55,68.24628213397574,50.0,405.6795131845923,0.010752688172043012
24225591249_92_Z5,24225591249,92,5,185,206,0,5.400664564438102,0.2610009899905229,4.6,70.94661441619479,50.0,425.7907542579022,0.010752688172043012
24225591249_93_Z5,24225591249,93,5,185,206,0,6.126431450060522,0.26391598389712867,4.65,74.00983014122505,50.0,401.4452027298297,0.010752688172043012
24225591249_94_Z5,24225591249,94,5,185,206,0,6.007917099316728,0.26700319972737413,4.7,77.01378869088342,50.0,414.52822739834306,0.010752688172043012
24225591249_95_Z5,24225591249,95,5,185,206,0,4.0745314093046545,0.269537392516563,4.75,79.05105439553574,50.0,399.2015968063843,0.010752688172043012
24225591249_96_Z5,24225591249,96,5,185,206,0,1.1688353413655932,0.2708825970548862,4.8,79.63547206621854,50.0,403.22580645161736,0.010752688172043012
24225591249_97_Z5,24225591249,97,5,185,206,0,-0.13470365471391688,0.2710492009881196,4.85,79.63547206621854,50.0,402.0100502512563,0.010752688172043012
24225591249_98_Z5,24225591249,98,5,185,206,0,0.08410524853184143,0.2710124886398885,4.9,79.67752469048446,50.0,400.0,0.010752688172043012
24225591249_99_Z4,24225591249,99,4,165,185,0,3.8040679764542347,0.2718655220612148,4.95,81.57955867871158,50.0,372.38613577772537,0.010752688172043012
24225591249_100_Z5,24225591249,100,5,185,206,0,4.020217224033104,0.2739898470286464,5.0,83.58966729072813,50.0,406.1371841155261,0.010752688172043012
24225591249_101_Z5,24225591249,101,5,185,206,0,3.210926000307495,0.2758886467729165,5.05,85.19513029088188,50.0,407.4149521287419,0.010752688172043012
24225591249_102_Z5,24225591249,102,5,185,206,0,-1.9662919586014596,0.2761733841844296,5.1,85.19513029088188,50.0,398.40637450199347,0.010752688172043012
24225591249_103_Z4,24225591249,103,4,165,185,0,1.8753976988535486,0.2758258670371174,5.15,86.12063905526611,49.350000000000364,439.04086457277083,0.010752688172043012
