atividade_id,troco_id,distancia_inicio_m,distancia_fim_m,comprimento_troco_m,altitude_inicio_m,altitude_fim_m,altitude_media_m,altitude_normalizada,declive_pct,distancia_inicio_km,subida_acumulada_m
21568213058,0,0.0,50.0,50.0,76.74667988107034,76.78837867247009,76.720974932535,0.076720974932535,0.08339758279950615,0.0,0.04169879139975308
21568213058,1,50.0,100.0,50.0,76.78837867247009,76.40564234724475,76.73037685500569,0.0767303768550057,-0.7654726504506755,0.05,0.04169879139975308
21568213058,2,100.0,150.0,50.0,76.40564234724475,73.14509899713089,74.94305879551071,0.0749430587955107,-6.521086700227727,0.1,0.04169879139975308
21568213058,3,150.0,200.0,50.0,73.14509899713089,71.58423262901893,71.99514246212239,0.0719951424621224,-3.121732736223919,0.15,0.04169879139975308
21568213058,4,200.0,250.0,50.0,71.58423262901893,72.60400089852777,72.28660334153065,0.07228660334153066,2.039536539017689,0.2,1.0614670609085977
21568213058,5,250.0,300.0,50.0,72.60400089852777,70.7024037897134,71.59069093595528,0.07159069093595528,-3.803194217628743,0.25,1.0614670609085977
21568213058,6,300.0,350.0,50.0,70.7024037897134,71.46010256410253,70.90029389834433,0.07090029389834433,1.5153975487782532,0.3,1.8191658352977242
21568213058,7,350.0,400.0,50.0,71.46010256410253,73.05812890828432,72.4139647413531,0.0724139647413531,3.1960526883635794,0.35,3.417192179479514
21568213058,8,400.0,450.0,50.0,73.05812890828432,73.0504471619341,73.0672491194119,0.0730672491194119,-0.01536349270043047,0.4,3.417192179479514
21568213058,9,450.0,500.0,50.0,73.0504471619341,73.32104260738524,72.99139608089568,0.07299139608089568,0.5411908909022713,0.45,3.6877876249306496
21568213058,10,500.0,550.0,50.0,73.32104260738524,76.22593980269203,74.94863746786358,0.07494863746786358,5.809794390613575,0.5,6.592684820237437
21568213058,11,550.0,600.0,50.0,76.22593980269203,75.55198821755948,75.88575964121151,0.07588575964121151,-1.3479031702650843,0.55,6.592684820237437
21568213058,12,600.0,650.0,50.0,75.55198821755948,74.35721416107069,75.11253782830984,0.07511253782830984,-2.389548112977593,0.6,6.592684820237437
21568213058,13,650.0,700.0,50.0,74.35721416107069,72.47381403860359,73.11748631223394,0.07311748631223394,-3.7668002449341884,0.65,6.592684820237437
21568213058,14,700.0,750.0,50.0,72.47381403860359,74.10331071460321,73.47514744970533,0.07347514744970533,3.258993351999237,0.7,8.222181496237056
21568213058,15,750.0,800.0,50.0,74.10331071460321,70.81810255510634,72.50249971048784,0.07250249971048783,-6.57041631899375,0.75,8.222181496237056
21568213058,16,800.0,850.0,50.0,70.81810255510634,76.14561157906135,73.08923487159068,0.07308923487159068,10.655018047910035,0.8,13.549690520192073
21568213058,17,850.0,900.0,50.0,76.14561157906135,76.09676533715577,76.60197579661862,0.07660197579661862,-0.09769248381115858,0.85,13.549690520192073
21568213058,18,900.0,950.0,50.0,76.09676533715577,75.44396393962326,75.5750153819202,0.0755750153819202,-1.3056027950650275,0.9,13.549690520192073
21568213058,19,950.0,1000.0,50.0,75.44396393962326,77.01364401740366,76.1126261357179,0.0761126261357179,3.1393601555608086,0.95,15.119370597972477
21568213058,20,1000.0,1050.0,50.0,77.01364401740366,78.18820468586082,77.78755834200672,0.07778755834200672,2.3491213369143225,1.0,16.293931266429638
21568213058,21,1050.0,1100.0,50.0,78.18820468586082,76.47044139673517,77.40859509756623,0.07740859509756623,-3.435526578251313,1.05,16.293931266429638
21568213058,22,1100.0,1150.0,50.0,76.47044139673517,73.15625423450845,74.63335304594398,0.07463335304594397,-6.628374324453432,1.1,16.293931266429638
21568213058,23,1150.0,1200.0,50.0,73.15625423450845,76.31464663029651,74.34086633646427,0.07434086633646428,6.3167847915761115,1.15,19.452323662217694
21568213058,24,1200.0,1250.0,50.0,76.31464663029651,82.619077630366,79.75003347417532,0.07975003347417532,12.60886200013897,1.2,25.75675466228718
21568213058,25,1250.0,1300.0,50.0,82.619077630366,82.44014211702168,82.97183150467957,0.08297183150467957,-0.3578710266886276,1.25,25.75675466228718
21568213058,26,1300.0,1350.0,50.0,82.44014211702168,76.84937046368066,79.64426124604411,0.07964426124604411,-11.181543306682045,1.3,25.75675466228718
21568213058,27,1350.0,1400.0,50.0,76.84937046368066,75.94324900190595,75.86180866430233,0.07586180866430232,-1.8122429235494053,1.35,25.75675466228718
21568213058,28,1400.0,1450.0,50.0,75.94324900190595,80.64979772114717,78.37057115148531,0.07837057115148531,9.413097438482424,1.4,30.46330338152839
21568213058,29,1450.0,1500.0,50.0,80.64979772114717,78.60792585688759,80.21404131454034,0.08021404131454034,-4.083743728519153,1.45,30.46330338152839
21568213058,30,1500.0,1550.0,50.0,78.60792585688759,75.65721247362055,76.79186697720938,0.07679186697720938,-5.901426766534087,1.5,30.46330338152839
21568213058,31,1550.0,1600.0,50.0,75.65721247362055,73.93770533727455,74.90496934903854,0.07490496934903854,-3.439014272691992,1.55,30.46330338152839
21568213058,32,1600.0,1650.0,50.0,73.93770533727455,71.70707800512612,72.81121003288769,0.07281121003288768,-4.46125466429686,1.6,30.46330338152839
21568213058,33,1650.0,1700.0,50.0,71.70707800512612,72.4307945387177,71.66364979565812,0.07166364979565812,1.4474330671831694,1.65,31.187019915119976
21568213058,34,1700.0,1750.0,50.0,72.4307945387177,75.11939488013026,74.06368312248176,0.07406368312248177,5.377200682825105,1.7,33.87562025653253
21568213058,35,1750.0,1800.0,50.0,75.11939488013026,74.75859310360602,74.79344376349843,0.07479344376349843,-0.7216035530484817,1.75,33.87562025653253
21568213058,36,1800.0,1850.0,50.0,74.75859310360602,75.69667027516041,75.44347013210508,0.07544347013210508,1.8761543431087944,1.8,34.813697428086925
21568213058,37,1850.0,1900.0,50.0,75.69667027516041,75.08623211207455,75.15143451233735,0.07515143451233734,-1.2208763261717195,1.85,34.813697428086925
21568213058,38,1900.0,1950.0,50.0,75.08623211207455,76.75138515760293,76.08614633473105,0.07608614633473106,3.330306091056741,1.9,36.478850473615296
21568213058,39,1950.0,2000.0,50.0,76.75138515760293,74.60877608189108,75.84585421413719,0.07584585421413718,-4.285218151423692,1.95,36.478850473615296
21568213058,40,2000.0,2050.0,50.0,74.60877608189108,74.1761310878471,74.19035930886116,0.07419035930886116,-0.8652899880879659,2.0,36.478850473615296
21568213058,41,2050.0,2100.0,50.0,74.1761310878471,73.21895970621087,73.82719798749123,0.07382719798749124,-1.9143427632724581,2.05,36.478850473615296
21568213058,42,2100.0,2150.0,50.0,73.21895970621087,71.85415317121044,72.61715620426254,0.07261715620426254,-2.729613070000852,2.1,36.478850473615296
21568213058,43,2150.0,2200.0,50.0,71.85415317121044,68.06972632781296,69.92709553393153,0.06992709553393153,-7.5688536867949665,2.15,36.478850473615296
21568213058,44,2200.0,2250.0,50.0,68.06972632781296,67.82554737851392,67.66465244575919,0.06766465244575919,-0.4883578985980819,2.2,36.478850473615296
21568213058,45,2250.0,2300.0,50.0,67.82554737851392,70.41044586201586,69.05471648185664,0.06905471648185664,5.16979696700389,2.25,39.06374895711724
21568213058,46,2300.0,2350.0,50.0,70.41044586201586,71.06852635376106,71.0288198080576,0.0710288198080576,1.3161609834903913,2.3,39.72182944886244
21568213058,47,2350.0,2400.0,50.0,71.06852635376106,69.85465619383612,70.30296767002856,0.07030296767002857,-2.4277403198498746,2.35,39.72182944886244
21568213058,48,2400.0,2450.0,50.0,69.85465619383612,69.23193520147595,69.71211289529407,0.06971211289529407,-1.245441984720344,2.4,39.72182944886244
21568213058,49,2450.0,2500.0,50.0,69.23193520147595,67.76270165149204,68.43841016179779,0.06843841016179779,-2.9384670999678235,2.45,39.72182944886244
21568213058,50,2500.0,2550.0,50.0,67.76270165149204,68.4031492759839,67.84202531198234,0.06784202531198234,1.2808952489837395,2.5,40.362277073354306
21568213058,51,2550.0,2600.0,50.0,68.4031492759839,70.54200434745059,69.55503041093105,0.06955503041093106,4.277710142933358,2.55,42.501132144820986
21568213058,52,2600.0,2650.0,50.0,70.54200434745059,71.0337506466632,70.81745789177418,0.07081745789177418,0.9834925984252152,2.6,42.99287844403359
21568213058,53,2650.0,2700.0,50.0,71.0337506466632,74.21310112068215,72.40013466184826,0.07240013466184826,6.358700948037921,2.65,46.172228918052554
21568213058,54,2700.0,2750.0,50.0,74.21310112068215,76.08580259915645,75.408995774921,0.075408995774921,3.7454029569485954,2.7,48.04493039652685
21568213058,55,2750.0,2800.0,50.0,76.08580259915645,77.85381984886118,76.90164230670236,0.07690164230670235,3.5360344994094532,2.75,49.81294764623158
21568213058,56,2800.0,2850.0,50.0,77.85381984886118,78.46823656262595,78.27186959019697,0.07827186959019697,1.228833427529537,2.8,50.427364359996346
21568213058,57,2850.0,2900.0,50.0,78.46823656262595,77.59124291141187,78.09732732321642,0.07809732732321642,-1.7539873024281576,2.85,50.427364359996346
21568213058,58,2900.0,2950.0,50.0,77.59124291141187,76.61861522605254,77.0268148584369,0.07702681485843689,-1.9452553707186553,2.9,50.427364359996346
21568213058,59,2950.0,3000.0,50.0,76.61861522605254,77.82873970863952,77.12155790054847,0.07712155790054846,2.420248965173954,2.95,51.63748884258332
21568213058,60,3000.0,3050.0,50.0,77.82873970863952,79.48693036606477,78.66861906761416,0.07866861906761416,3.316381314850503,3.0,53.295679500008575
21568213058,61,3050.0,3100.0,50.0,79.48693036606477,79.59617543489526,79.57470956813243,0.07957470956813244,0.2184901376609787,3.05,53.404924568839064
21568213058,62,3100.0,3150.0,50.0,79.59617543489526,80.29081882975737,79.9650562984701,0.0799650562984701,1.389286789724224,3.1,54.099567963701176
21568213058,63,3150.0,3200.0,50.0,80.29081882975737,80.8963106314883,80.59360029732078,0.08059360029732078,1.2109836034618695,3.15,54.70505976543211
21568213058,64,3200.0,3250.0,50.0,80.8963106314883,80.59609709726382,80.85297813200737,0.08085297813200737,-0.6004270684489654,3.2,54.70505976543211
21568213058,65,3250.0,3300.0,50.0,80.59609709726382,80.30007149794011,80.34456222777624,0.08034456222777624,-0.5920511986474253,3.25,54.70505976543211
21568213058,66,3300.0,3350.0,50.0,80.30007149794011,83.84080592592593,81.7419706371975,0.0817419706371975,7.08146885597165,3.3,58.245794193417936
21568213058,67,3350.0,3400.0,50.0,83.84080592592593,85.2820715838541,84.90805329702236,0.08490805329702236,2.8825313158563404,3.35,59.687059851346106
21568213058,68,3400.0,3450.0,50.0,85.2820715838541,85.93773848301535,85.60717045028105,0.08560717045028104,1.3113337983224937,3.4,60.34272675050735
21568213058,69,3450.0,3500.0,50.0,85.93773848301535,86.11305415888148,86.07898599366489,0.08607898599366488,0.350631351732261,3.45,60.51804242637348
21568213058,70,3500.0,3550.0,50.0,86.11305415888148,85.76206185590772,85.98586604616428,0.08598586604616427,-0.7019846059475299,3.5,60.51804242637348
21568213058,71,3550.0,3600.0,50.0,85.76206185590772,83.93197797762602,84.74002215410566,0.08474002215410566,-3.6601677565633963,3.55,60.51804242637348
21568213058,72,3600.0,3650.0,50.0,83.93197797762602,84.51142859777873,84.13644462085371,0.0841364446208537,1.1589012403054255,3.6,61.097493046526196
21568213058,73,3650.0,3700.0,50.0,84.51142859777873,85.79999999999995,85.26265437258239,0.08526265437258239,2.5771428044424454,3.65,62.38606444874742
21568213058,74,3700.0,3750.0,50.0,85.79999999999995,87.17006744850482,86.28980423171227,0.08628980423171227,2.740134897009739,3.7,63.75613189725229
21568213058,75,3750.0,3800.0,50.0,87.17006744850482,89.30837866203179,88.35779196727309,0.08835779196727309,4.276622427053923,3.75,65.89444311077925
21568213058,76,3800.0,3850.0,50.0,89.30837866203179,89.68210815310859,89.5569807845912,0.0895569807845912,0.7474589821536028,3.8,66.26817260185605
21568213058,77,3850.0,3900.0,50.0,89.68210815310859,95.41827752813582,91.97073682989577,0.09197073682989577,11.472338750054462,3.85,72.00434197688328
21568213058,78,3900.0,3950.0,50.0,95.41827752813582,95.08765274258107,96.45420887675219,0.09645420887675218,-0.6612495711094937,3.9,72.00434197688328
21568213058,79,3950.0,4000.0,50.0,95.08765274258107,89.63205522458631,91.87135037053632,0.09187135037053631,-10.911195035989522,3.95,72.00434197688328
21568213058,80,4000.0,4050.0,50.0,89.63205522458631,89.26933762040719,89.34156098451639,0.08934156098451639,-0.7254352083582489,4.0,72.00434197688328
21568213058,81,4050.0,4100.0,50.0,89.26933762040719,88.71247150790288,88.99651065338362,0.08899651065338363,-1.1137322250086186,4.05,72.00434197688328
21568213058,82,4100.0,4150.0,50.0,88.71247150790288,89.62828791549525,89.15029646784632,0.08915029646784632,1.8316328151847472,4.1,72.92015838447566
21568213058,83,4150.0,4200.0,50.0,89.62828791549525,89.71657020263076,89.62658606603021,0.08962658606603022,0.17656457427102623,4.15,73.00844067161117
21568213058,84,4200.0,4250.0,50.0,89.71657020263076,89.48868904599905,89.88269611213617,0.08988269611213617,-0.45576231326342054,4.2,73.00844067161117
21568213058,85,4250.0,4300.0,50.0,89.48868904599905,86.76700822573721,88.03721521876803,0.08803721521876802,-5.443361640523676,4.25,73.00844067161117
21568213058,86,4300.0,4350.0,50.0,86.76700822573721,86.83353714908418,86.63444472206585,0.08663444472206586,0.13305784669393006,4.3,73.07496959495813
21568213058,87,4350.0,4400.0,50.0,86.83353714908418,84.77158781248636,86.07127928491877,0.08607127928491877,-4.12389867319564,4.35,73.07496959495813
21568213058,88,4400.0,4450.0,50.0,84.77158781248636,84.47597357813821,84.15244151147222,0.08415244151147222,-0.5912284686963005,4.4,73.07496959495813
21568213058,89,4450.0,4500.0,50.0,84.47597357813821,87.15444866431487,85.86681500440511,0.08586681500440511,5.356950172353322,4.45,75.7534446811348
21568213058,90,4500.0,4550.0,50.0,87.15444866431487,88.55933374460213,88.02184384867593,0.08802184384867592,2.809770160574516,4.5,77.15832976142205
21568213058,91,4550.0,4600.0,50.0,88.55933374460213,87.82400874550414,88.34815487750579,0.08834815487750579,-1.4706499981959666,4.55,77.15832976142205
21568213058,92,4600.0,4650.0,50.0,87.82400874550414,83.37363836225225,85.7061972160813,0.0857061972160813,-8.900740766503787,4.6,77.15832976142205
21568213058,93,4650.0,4699.09,49.090000000000146,83.37363836225225,82.86784633054812,82.82895524038342,0.08282895524038342,-1.0303361819191907,4.65,77.15832976142205
21574110161,0,0.0,50.0,50.0,97.7333333333333,97.34297043940971,97.57487678802845,0.09757487678802845,-0.7807257878471887,0.0,0.0
21574110161,1,50.0,100.0,50.0,97.34297043940971,97.0,97.12698254027013,0.09712698254027013,-0.685940878819423,0.05,0.0
21574110161,2,100.0,150.0,50.0,97.0,96.8771594380657,96.9661478882037,0.0969661478882037,-0.24568112386859298,0.1,0.0
21574110161,3,150.0,200.0,50.0,96.8771594380657,95.5931667089587,96.42967134487952,0.09642967134487952,-2.5679854582139967,0.15,0.0
21574110161,4,200.0,250.0,50.0,95.5931667089587,92.43124718505595,93.89452243555196,0.09389452243555196,-6.323839047805507,0.2,0.0
21574110161,5,250.0,300.0,50.0,92.43124718505595,90.80861054715913,91.62322428850332,0.09162322428850332,-3.245273275793636,0.25,0.0
21574110161,6,300.0,350.0,50.0,90.80861054715913,89.57583031192766,90.17398513785018,0.09017398513785019,-2.465560470462947,0.3,0.0
21574110161,7,350.0,400.0,50.0,89.57583031192766,88.27349783385591,88.93423253396888,0.08893423253396888,-2.6046649561434947,0.35,0.0
21574110161,8,400.0,450.0,50.0,88.27349783385591,85.5452552182887,86.96552247084327,0.08696552247084327,-5.4564852311344225,0.4,0.0
21574110161,9,450.0,500.0,50.0,85.5452552182887,84.16077100033105,84.77467823408362,0.08477467823408362,-2.7689684359152977,0.45,0.0
21574110161,10,500.0,550.0,50.0,84.16077100033105,83.77233487731908,83.74889435047574,0.08374889435047574,-0.7768722460239417,0.5,0.0
21574110161,11,550.0,600.0,50.0,83.77233487731908,84.67846684523184,84.39609238709035,0.08439609238709035,1.8122639358255128,0.55,0.9061319679127564
21574110161,12,600.0,650.0,50.0,84.67846684523184,84.7071643808502,84.6762109132673,0.0846762109132673,0.05739507123672638,0.6,0.9348295035311196
21574110161,13,650.0,700.0,50.0,84.7071643808502,82.1365033717358,83.62167548590918,0.08362167548590918,-5.141322018228806,0.65,0.9348295035311196
21574110161,14,700.0,750.0,50.0,82.1365033717358,80.44666647101639,81.13067356463434,0.08113067356463434,-3.379673801438827,0.7,0.9348295035311196
21574110161,15,750.0,800.0,50.0,80.44666647101639,82.03559038792207,80.96367725318576,0.08096367725318576,3.17784783381137,0.75,2.5237534204368046
21574110161,16,800.0,850.0,50.0,82.03559038792207,87.28192707329404,84.43827531951077,0.08443827531951077,10.492673370743944,0.8,7.770090105808777
21574110161,17,850.0,900.0,50.0,87.28192707329404,93.58700506129728,90.45666815491875,0.09045666815491875,12.610155976006467,0.85,14.07516809381201
21574110161,18,900.0,950.0,50.0,93.58700506129728,101.59989187424969,97.52175235048344,0.09752175235048344,16.025773625904833,0.9,22.088054906764427
21574110161,19,950.0,1000.0,50.0,101.59989187424969,111.52242787993187,106.5480615706763,0.1065480615706763,19.84507201136435,0.95,32.0105909124466
21574110161,20,1000.0,1050.0,50.0,111.52242787993187,118.33771971664603,115.07856709980081,0.11507856709980081,13.630583673428331,1.0,38.82588274916077
21574110161,21,1050.0,1100.0,50.0,118.33771971664603,120.18323646912886,119.71371253544942,0.11971371253544942,3.6910335049656453,1.05,40.67139950164359
21574110161,22,1100.0,1150.0,50.0,120.18323646912886,117.96391836091388,119.14627216074308,0.11914627216074308,-4.4386362164299555,1.1,40.67139950164359
21574110161,23,1150.0,1200.0,50.0,117.96391836091388,117.69711096618116,117.56672164444124,0.11756672164444125,-0.5336147894654459,1.15,40.67139950164359
21574110161,24,1200.0,1250.0,50.0,117.69711096618116,117.83090639944314,117.85863425064395,0.11785863425064394,0.26759086652396036,1.2,40.80519493490557
21574110161,25,1250.0,1300.0,50.0,117.83090639944314,117.42579153407894,117.73838260232269,0.1177383826023227,-0.8102297307283948,1.25,40.80519493490557
21574110161,26,1300.0,1350.0,50.0,117.42579153407894,116.46962404368132,116.8638511951308,0.1168638511951308,-1.9123349807952366,1.3,40.80519493490557
21574110161,27,1350.0,1400.0,50.0,116.46962404368132,115.71780897042792,116.14907492980876,0.11614907492980876,-1.5036301465067936,1.35,40.80519493490557
21574110161,28,1400.0,1450.0,50.0,115.71780897042792,114.31067169099933,115.0331843894383,0.1150331843894383,-2.8142745588571927,1.4,40.80519493490557
21574110161,29,1450.0,1500.0,50.0,114.31067169099933,112.31800195928022,113.3355661621212,0.11333556616212119,-3.9853394634382084,1.45,40.80519493490557
21574110161,30,1500.0,1550.0,50.0,112.31800195928022,108.73866685483657,110.76150266889995,0.11076150266889995,-7.158670208887315,1.5,40.80519493490557
21574110161,31,1550.0,1600.0,50.0,108.73866685483657,109.33634956381343,108.18832402597143,0.10818832402597142,1.1953654179537239,1.55,41.402877643882434
21574110161,32,1600.0,1650.0,50.0,109.33634956381343,116.42256336625007,113.16100300207627,0.11316100300207627,14.172427604873292,1.6,48.48909144631908
21574110161,33,1650.0,1700.0,50.0,116.42256336625007,119.81326456545439,118.14915107022381,0.1181491510702238,6.7814023984086305,1.65,51.879792645523395
21574110161,34,1700.0,1750.0,50.0,119.81326456545439,120.09310759221603,119.9979311739005,0.1199979311739005,0.5596860535232793,1.7,52.159635672285035
21574110161,35,1750.0,1800.0,50.0,120.09310759221603,121.062707681204,120.71783343265135,0.12071783343265134,1.9392001779759482,1.75,53.12923576127301
21574110161,36,1800.0,1850.0,50.0,121.062707681204,121.88511509108075,121.57853072958574,0.12157853072958574,1.644814819753492,1.8,53.951643171149755
21574110161,37,1850.0,1900.0,50.0,121.88511509108075,121.26920727467669,121.37351026468843,0.12137351026468843,-1.2318156328081216,1.85,53.951643171149755
21574110161,38,1900.0,1950.0,50.0,121.26920727467669,123.95052532273557,122.59419638200802,0.12259419638200802,5.362636096117768,1.9,56.63296121920864
21574110161,39,1950.0,2000.0,50.0,123.95052532273557,122.55083528794947,123.49075584921114,0.12349075584921114,-2.7993800695722086,1.95,56.63296121920864
21574110161,40,2000.0,2050.0,50.0,122.55083528794947,121.74201383105557,122.08374287795799,0.122083742877958,-1.6176429137877903,2.0,56.63296121920864
21574110161,41,2050.0,2100.0,50.0,121.74201383105557,120.67620084984136,121.14040706231032,0.12114040706231032,-2.1316259624284157,2.05,56.63296121920864
21574110161,42,2100.0,2150.0,50.0,120.67620084984136,120.65015373387787,120.65805729826631,0.12065805729826631,-0.05209423192698637,2.1,56.63296121920864
21574110161,43,2150.0,2200.0,50.0,120.65015373387787,118.96035786576526,120.00899347655456,0.12000899347655457,-3.3795917362252226,2.15,56.63296121920864
21574110161,44,2200.0,2250.0,50.0,118.96035786576526,118.50351116097397,118.42818410463809,0.1184281841046381,-0.9136934095825779,2.2,56.63296121920864
21574110161,45,2250.0,2300.0,50.0,118.50351116097397,121.65516329012894,119.92791106484583,0.11992791106484584,6.303304258309936,2.25,59.78461334836361
21574110161,46,2300.0,2350.0,50.0,121.65516329012894,122.97285652408223,122.52767358573908,0.12252767358573909,2.635386467906585,2.3,61.1023065823169
21574110161,47,2350.0,2400.0,50.0,122.97285652408223,125.20076336862455,124.01415093258872,0.12401415093258872,4.455813689084636,2.35,63.33021342685922
21574110161,48,2400.0,2450.0,50.0,125.20076336862455,123.92687874540393,124.91350715000965,0.12491350715000965,-2.5477692464412485,2.4,63.33021342685922
21574110161,49,2450.0,2500.0,50.0,123.92687874540393,122.29499877810363,122.95416418806705,0.12295416418806705,-3.2637599346005857,2.45,63.33021342685922
21574110161,50,2500.0,2550.0,50.0,122.29499877810363,121.43706744868032,121.80697387178232,0.12180697387178231,-1.7158626588466177,2.5,63.33021342685922
21574110161,51,2550.0,2600.0,50.0,121.43706744868032,120.80166289208455,121.21941226796888,0.12121941226796888,-1.2708091131915467,2.55,63.33021342685922
21574110161,52,2600.0,2650.0,50.0,120.80166289208455,119.82977331388174,120.18739881240714,0.12018739881240714,-1.9437791564056113,2.6,63.33021342685922
21574110161,53,2650.0,2700.0,50.0,119.82977331388174,119.46382784712027,119.73605906303136,0.11973605906303136,-0.7318909335229478,2.65,63.33021342685922
21574110161,54,2700.0,2750.0,50.0,119.46382784712027,118.97146839018437,119.08212369061214,0.11908212369061213,-0.9847189138718022,2.7,63.33021342685922
21574110161,55,2750.0,2800.0,50.0,118.97146839018437,122.25768800461535,120.4035125083883,0.12040351250838831,6.572439228861953,2.75,66.6164330412902
21574110161,56,2800.0,2850.0,50.0,122.25768800461535,122.82777504643691,122.87284710514763,0.12287284710514763,1.1401740836431316,2.8,67.18652008311176
21574110161,57,2850.0,2900.0,50.0,122.82777504643691,124.44080824282295,123.33601714325596,0.12333601714325595,3.2260663927720827,2.85,68.7995532794978
21574110161,58,2900.0,2950.0,50.0,124.44080824282295,123.80312559586207,124.61786468642907,0.12461786468642908,-1.275365293921766,2.9,68.7995532794978
21574110161,59,2950.0,3000.0,50.0,123.80312559586207,120.35315435022262,122.0271810718636,0.1220271810718636,-6.8999424912788925,2.95,68.7995532794978
21574110161,60,3000.0,3050.0,50.0,120.35315435022262,117.90136023526324,118.98979850568269,0.11898979850568268,-4.903588229918768,3.0,68.7995532794978
21574110161,61,3050.0,3100.0,50.0,117.90136023526324,115.92900873314379,117.03102562382291,0.1170310256238229,-3.944703004238903,3.05,68.7995532794978
21574110161,62,3100.0,3150.0,50.0,115.92900873314379,115.74390789366319,115.49820053963909,0.11549820053963909,-0.3702016789611946,3.1,68.7995532794978
21574110161,63,3150.0,3200.0,50.0,115.74390789366319,116.98365316117979,116.49944076311715,0.11649944076311715,2.479490535033193,3.15,70.0392985470144
21574110161,64,3200.0,3250.0,50.0,116.98365316117979,115.94015514098251,116.62234788924657,0.11662234788924657,-2.0869960403945527,3.2,70.0392985470144
21574110161,65,3250.0,3300.0,50.0,115.94015514098251,115.8257043156322,115.59254763764972,0.11559254763764971,-0.22890165070063517,3.25,70.0392985470144
21574110161,66,3300.0,3350.0,50.0,115.8257043156322,118.89233492550036,117.33679868615756,0.11733679868615757,6.13326121973634,3.3,73.10592915688257
21574110161,67,3350.0,3400.0,50.0,118.89233492550036,119.5075942028985,119.40292626637967,0.11940292626637966,1.2305185547962765,3.35,73.7211884342807
21574110161,68,3400.0,3450.0,50.0,119.5075942028985,120.47111290853032,119.91725864643274,0.11991725864643274,1.9270374112636262,3.4,74.68470713991252
21574110161,69,3450.0,3500.0,50.0,120.47111290853032,119.3127881191264,120.1262455805317,0.1201262455805317,-2.3166495788078407,3.45,74.68470713991252
21574110161,70,3500.0,3550.0,50.0,119.3127881191264,118.33304621989748,118.59342216675661,0.11859342216675661,-1.9594837984578248,3.5,74.68470713991252
21574110161,71,3550.0,3600.0,50.0,118.33304621989748,119.71867022354172,118.98276726938438,0.11898276726938438,2.7712480072884773,3.55,76.07033114355676
21574110161,72,3600.0,3650.0,50.0,119.71867022354172,120.76526641903016,120.34179764858037,0.12034179764858037,2.093192390976867,3.6,77.11692733904519
21574110161,73,3650.0,3700.0,50.0,120.76526641903016,120.12518445285548,120.35680442977734,0.12035680442977734,-1.2801639323493532,3.65,77.11692733904519
21574110161,74,3700.0,3750.0,50.0,120.12518445285548,119.94397639869464,120.13419536820005,0.12013419536820005,-0.3624161083216677,3.7,77.11692733904519
21574110161,75,3750.0,3800.0,50.0,119.94397639869464,122.01131452238474,120.81156176899657,0.12081156176899657,4.134676247380185,3.75,79.18426546273528
21574110161,76,3800.0,3850.0,50.0,122.01131452238474,123.54824277218736,122.80740667165118,0.12280740667165117,3.073856499605256,3.8,80.72119371253791
21574110161,77,3850.0,3900.0,50.0,123.54824277218736,125.68249953162417,124.56325530929901,0.12456325530929901,4.268513518873618,3.85,82.85545047197472
21574110161,78,3900.0,3950.0,50.0,125.68249953162417,127.49355898291151,126.65162997628344,0.12665162997628346,3.6221189025746696,3.9,84.66650992326205
21574110161,79,3950.0,4000.0,50.0,127.49355898291151,128.39441860465112,128.0383424909082,0.1280383424909082,1.8017192434792264,3.95,85.56736954500167
21574110161,80,4000.0,4050.0,50.0,128.39441860465112,128.30043413490554,128.3398728736273,0.12833987287362728,-0.18796893949115656,4.0,85.56736954500167
21574110161,81,4050.0,4100.0,50.0,128.30043413490554,130.35205153810725,129.23237594002623,0.12923237594002623,4.103234806403407,4.05,87.61898694820337
21574110161,82,4100.0,4150.0,50.0,130.35205153810725,130.31163112678394,130.46654465329237,0.13046654465329238,-0.08084082264662129,4.1,87.61898694820337
21574110161,83,4150.0,4200.0,50.0,130.31163112678394,129.29649706993655,129.89711879359848,0.12989711879359847,-2.030268113694774,4.15,87.61898694820337
21574110161,84,4200.0,4250.0,50.0,129.29649706993655,127.42130889772064,128.52607481295493,0.12852607481295494,-3.750376344431828,4.2,87.61898694820337
21574110161,85,4250.0,4300.0,50.0,127.42130889772064,122.7917943298473,124.88822603732196,0.12488822603732196,-9.259029135746658,4.25,87.61898694820337
21574110161,86,4300.0,4350.0,50.0,122.7917943298473,123.78216962853953,123.09747258466196,0.12309747258466196,1.980750597384457,4.3,88.6093622468956
21574110161,87,4350.0,4400.0,50.0,123.78216962853953,125.03002291768526,124.50073682761138,0.12450073682761138,2.495706578291447,4.35,89.85721553604132
21574110161,88,4400.0,4450.0,50.0,125.03002291768526,124.31660551265595,124.84329664772709,0.12484329664772709,-1.4268348100586081,4.4,89.85721553604132
21574110161,89,4450.0,4500.0,50.0,124.31660551265595,121.26121105080217,122.7570032436252,0.1227570032436252,-6.11078892370756,4.45,89.85721553604132
21574110161,90,4500.0,4550.0,50.0,121.26121105080217,118.52981589700207,120.09236009888879,0.1200923600988888,-5.4627903076002156,4.5,89.85721553604132
21574110161,91,4550.0,4600.0,50.0,118.52981589700207,109.84397355201364,114.52938206378833,0.11452938206378833,-17.37168468997686,4.55,89.85721553604132
21574110161,92,4600.0,4650.0,50.0,109.84397355201364,104.28651831531265,106.55148164917931,0.10655148164917931,-11.114910473401979,4.6,89.85721553604132
21574110161,93,4650.0,4700.0,50.0,104.28651831531265,105.90110835275289,104.60064165285017,0.10460064165285017,3.2291800748804746,4.65,91.47180557348156
21574110161,94,4700.0,4750.0,50.0,105.90110835275289,107.79338546651006,107.40765239659322,0.10740765239659322,3.7845542275143487,4.7,93.36408268723874
21574110161,95,4750.0,4800.0,50.0,107.79338546651006,103.06863371773616,105.52534135264625,0.10552534135264625,-9.449503497547795,4.75,93.36408268723874
21574110161,96,4800.0,4850.0,50.0,103.06863371773616,100.41057083743696,101.49613148595519,0.10149613148595518,-5.316125760598396,4.8,93.36408268723874
21574110161,97,4850.0,4900.0,50.0,100.41057083743696,99.72756262906765,100.18839165388603,0.10018839165388603,-1.3660164167386313,4.85,93.36408268723874
21574110161,98,4900.0,4950.0,50.0,99.72756262906765,96.23664709683058,97.97021035531526,0.09797021035531527,-6.981831064474136,4.9,93.36408268723874
21574110161,99,4950.0,5000.0,50.0,96.23664709683058,93.55672734374788,94.82975816028022,0.09482975816028022,-5.3598395061654,4.95,93.36408268723874
21574110161,100,5000.0,5050.0,50.0,93.55672734374788,92.57056807381765,93.09368348707206,0.09309368348707206,-1.9723185398604528,5.0,93.36408268723874
21574110161,101,5050.0,5100.0,50.0,92.57056807381765,89.26804808562505,91.0096683049728,0.0910096683049728,-6.6050399763852,5.05,93.36408268723874
21574110161,102,5100.0,5150.0,50.0,89.26804808562505,86.25555343011754,87.73656244168,0.08773656244167999,-6.02498931101502,5.1,93.36408268723874
21574110161,103,5150.0,5200.0,50.0,86.25555343011754,85.09872055966272,85.45677942430909,0.08545677942430908,-2.3136657409096415,5.15,93.36408268723874
21574110161,104,5200.0,5250.0,50.0,85.09872055966272,84.09754788883474,84.72213113182664,0.08472213113182664,-2.0023453416559676,5.2,93.36408268723874
21574110161,105,5250.0,5300.0,50.0,84.09754788883474,83.30476712614868,83.6433443449205,0.08364334434492049,-1.5855615253721282,5.25,93.36408268723874
21574110161,106,5300.0,5350.0,50.0,83.30476712614868,81.64934204408037,82.50475186764206,0.08250475186764206,-3.3108501641366104,5.3,93.36408268723874
21574110161,107,5350.0,5400.0,50.0,81.64934204408037,80.58777372610271,81.13589230561603,0.08113589230561602,-2.123136635955319,5.35,93.36408268723874
21574110161,108,5400.0,5450.0,50.0,80.58777372610271,79.77468348252417,80.16462403233483,0.08016462403233483,-1.626180487157086,5.4,93.36408268723874
21574110161,109,5450.0,5500.0,50.0,79.77468348252417,79.49448529949537,79.54930407770584,0.07954930407770584,-0.5603963660576028,5.45,93.36408268723874
21574110161,110,5500.0,5550.0,50.0,79.49448529949537,78.9778680109971,79.34138861074914,0.07934138861074913,-1.0332345769965343,5.5,93.36408268723874
21574110161,111,5550.0,5600.0,50.0,78.9778680109971,77.62637665142303,78.2152904383116,0.0782152904383116,-2.702982719148139,5.55,93.36408268723874
21574110161,112,5600.0,5650.0,50.0,77.62637665142303,78.1007820240083,77.81984880852407,0.07781984880852408,0.9488107451705332,5.6,93.838488059824
21574110161,113,5650.0,5700.0,50.0,78.1007820240083,78.99334262171882,78.54672557759278,0.07854672557759278,1.7851211954210555,5.65,94.73104865753453
21574110161,114,5700.0,5750.0,50.0,78.99334262171882,79.46439529150112,79.31803742675828,0.07931803742675828,0.9421053395645913,5.7,95.20210132731683
21574110161,115,5750.0,5800.0,50.0,79.46439529150112,79.18051289355546,79.1746466855072,0.0791746466855072,-0.5677647958913212,5.75,95.20210132731683
21574110161,116,5800.0,5850.0,50.0,79.18051289355546,79.68496849684968,79.51365753343583,0.07951365753343584,1.0089112065884365,5.8,95.70655693061104
21574110161,117,5850.0,5900.0,50.0,79.68496849684968,80.54560720228076,79.97689401832145,0.07997689401832145,1.7212774108621716,5.85,96.56719563604213
21574110161,118,5900.0,5950.0,50.0,80.54560720228076,81.48369165441134,81.32292240925342,0.08132292240925343,1.8761689042611636,5.9,97.50528008817271
21574110161,119,5950.0,6000.0,50.0,81.48369165441134,79.38817320005735,80.30388359231436,0.08030388359231436,-4.191036908707986,5.95,97.50528008817271
21574110161,120,6000.0,6050.0,50.0,79.38817320005735,79.33627522418534,79.29081250472737,0.07929081250472737,-0.10379595174401857,6.0,97.50528008817271
21574110161,121,6050.0,6100.0,50.0,79.33627522418534,80.8441475826972,80.10446334883393,0.08010446334883393,3.015744717023722,6.05,99.01315244668457
21574110161,122,6100.0,6150.0,50.0,80.8441475826972,81.30475402075392,81.02967755664677,0.08102967755664678,0.9212128761134295,6.1,99.47375888474129
21574110161,123,6150.0,6200.0,50.0,81.30475402075392,81.0478579738913,81.42280088942904,0.08142280088942905,-0.5137920937252431,6.15,99.47375888474129
21574110161,124,6200.0,6250.0,50.0,81.0478579738913,80.77863854749671,80.60834493642066,0.08060834493642066,-0.5384388527891701,6.2,99.47375888474129
21574110161,125,6250.0,6300.0,50.0,80.77863854749671,81.84277591762292,81.46629155541167,0.08146629155541167,2.128274740252408,6.25,100.53789625486749
21574110161,126,6300.0,6350.0,50.0,81.84277591762292,81.61714557564225,81.72118359825068,0.08172118359825067,-0.4512606839613227,6.3,100.53789625486749
21574110161,127,6350.0,6400.0,50.0,81.61714557564225,81.9252505760659,81.7063673820531,0.0817063673820531,0.6162100008473033,6.35,100.84600125529114
21574110161,128,6400.0,6450.0,50.0,81.9252505760659,82.51726659974186,82.2520292128471,0.0822520292128471,1.1840320473519057,6.4,101.4380172789671
21574110161,129,6450.0,6500.0,50.0,82.51726659974186,84.0190819251152,83.20848851204595,0.08320848851204594,3.003630650746686,6.45,102.93983260434044
21574110161,130,6500.0,6550.0,50.0,84.0190819251152,83.44137844771151,83.88134589727674,0.08388134589727675,-1.1554069548073755,6.5,102.93983260434044
21574110161,131,6550.0,6600.0,50.0,83.44137844771151,83.58233905279451,83.40405066763532,0.08340405066763532,0.28192121016599003,6.55,103.08079320942343
21574110161,132,6600.0,6650.0,50.0,83.58233905279451,83.6069626309733,83.58833121052145,0.08358833121052145,0.04924715635758048,6.6,103.10541678760222
21574110161,133,6650.0,6700.0,50.0,83.6069626309733,84.71345478479581,84.20613078798989,0.08420613078798989,2.21298430764503,6.65,104.21190894142474
21574110161,134,6700.0,6750.0,50.0,84.71345478479581,84.19193330951832,84.5147531986873,0.0845147531986873,-1.043042950554991,6.7,104.21190894142474
21574110161,135,6750.0,6800.0,50.0,84.19193330951832,83.99193464317788,83.96136545694456,0.08396136545694456,-0.39999733268086857,6.75,104.21190894142474
21574110161,136,6800.0,6850.0,50.0,83.99193464317788,85.20831983062708,84.62071898011375,0.08462071898011375,2.432770374898382,6.8,105.42829412887393
21574110161,137,6850.0,6900.0,50.0,85.20831983062708,86.57936480365639,85.85498889910461,0.08585498889910462,2.742089946058627,6.85,106.79933910190324
21574110161,138,6900.0,6950.0,50.0,86.57936480365639,88.74883820336817,87.57041695280168,0.08757041695280168,4.338946799423553,6.9,108.96881250161502
21574110161,139,6950.0,7000.0,50.0,88.74883820336817,88.891471159678,89.00486504038884,0.08900486504038883,0.2852659126196784,6.95,109.11144545792486
21574110161,140,7000.0,7050.0,50.0,88.891471159678,88.47287434150563,88.76995002040213,0.08876995002040214,-0.8371936363447503,7.0,109.11144545792486
21574110161,141,7050.0,7100.0,50.0,88.47287434150563,88.29616929024814,88.1320735818786,0.0881320735818786,-0.35341010251497096,7.05,109.11144545792486
21574110161,142,7100.0,7150.0,50.0,88.29616929024814,89.50721283422459,89.13801961169592,0.08913801961169593,2.422087087952889,7.1,110.3224890019013
21574110161,143,7150.0,7200.0,50.0,89.50721283422459,88.69735917304975,89.05465696077304,0.08905465696077304,-1.619707322349683,7.15,110.3224890019013
21574110161,144,7200.0,7250.0,50.0,88.69735917304975,88.90181576520483,88.73070678547997,0.08873070678547997,0.40891318431016543,7.2,110.52694559405639
21574110161,145,7250.0,7300.0,50.0,88.90181576520483,88.25208300687719,88.740891379694,0.088740891379694,-1.2994655166552889,7.25,110.52694559405639
21574110161,146,7300.0,7350.0,50.0,88.25208300687719,87.60756462048205,87.79223461070028,0.08779223461070028,-1.2890367727902685,7.3,110.52694559405639
21574110161,147,7350.0,7400.0,50.0,87.60756462048205,87.3710918580065,87.66749735853757,0.08766749735853757,-0.47294552495111475,7.35,110.52694559405639
21574110161,148,7400.0,7450.0,50.0,87.3710918580065,84.79475954994048,86.01266655449093,0.08601266655449094,-5.152664616132029,7.4,110.52694559405639
21574110161,149,7450.0,7500.0,50.0,84.79475954994048,84.63809581061915,84.64421225931706,0.08464421225931706,-0.3133274786426625,7.45,110.52694559405639
21574110161,150,7500.0,7550.0,50.0,84.63809581061915,84.32924463507334,84.40797626738431,0.08440797626738432,-0.6177023510916229,7.5,110.52694559405639
21574110161,151,7550.0,7600.0,50.0,84.32924463507334,85.46922494313375,84.88308812297593,0.08488308812297593,2.2799606161208317,7.55,111.6669259021168
21574110161,152,7600.0,7650.0,50.0,85.46922494313375,87.24248203297478,86.30486883595627,0.08630486883595627,3.546514179682049,7.6,113.44018299195783
21574110161,153,7650.0,7700.0,50.0,87.24248203297478,87.44531468531464,87.5707205597919,0.0875707205597919,0.4056653046797294,7.65,113.64301564429769
21574110161,154,7700.0,7750.0,50.0,87.44531468531464,85.48817807932436,86.45643643245027,0.08645643643245028,-3.9142732119805714,7.7,113.64301564429769
21574110161,155,7750.0,7800.0,50.0,85.48817807932436,84.15066030293306,84.86501582332664,0.08486501582332664,-2.675035552782589,7.75,113.64301564429769
21574110161,156,7800.0,7850.0,50.0,84.15066030293306,83.28549932825794,83.61706300132977,0.08361706300132977,-1.730321949350241,7.8,113.64301564429769
21574110161,157,7850.0,7900.0,50.0,83.28549932825794,81.53079554066164,82.50014263876098,0.08250014263876097,-3.509407575192597,7.85,113.64301564429769
21574110161,158,7900.0,7950.0,50.0,81.53079554066164,80.292415762871,80.9098117869737,0.0809098117869737,-2.476759555581282,7.9,113.64301564429769
21574110161,159,7950.0,8000.0,50.0,80.292415762871,77.92259321472113,79.00313824449044,0.07900313824449044,-4.739645096299739,7.95,113.64301564429769
21574110161,160,8000.0,8050.0,50.0,77.92259321472113,78.46113289789831,78.23156704864665,0.07823156704864666,1.0770793663543543,8.0,114.18155532747487
21574110161,161,8050.0,8100.0,50.0,78.46113289789831,78.06392214326594,78.07418632705945,0.07807418632705945,-0.7944215092647369,8.05,114.18155532747487
21574110161,162,8100.0,8128.23,28.229999999999563,78.06392214326594,78.70182082598392,78.30724913221444,0.07830724913221444,2.25964818532761,8.1,114.81945401019284
21604546980,0,0.0,50.0,50.0,289.0,289.0,289.0,0.289,0.0,0.0,0.0
21604546980,1,50.0,100.0,50.0,289.0,289.0,289.0,0.289,0.0,0.05,0.0
21604546980,2,100.0,150.0,50.0,289.0,289.0,289.0,0.289,0.0,0.1,0.0
21604546980,3,150.0,200.0,50.0,289.0,289.0,289.0,0.289,0.0,0.15,0.0
21604546980,4,200.0,250.0,50.0,289.0,289.0,289.0,0.289,0.0,0.2,0.0
21604546980,5,250.0,300.0,50.0,289.0,289.0,289.0,0.289,0.0,0.25,0.0
21604546980,6,300.0,350.0,50.0,289.0,289.0,289.0,0.289,0.0,0.3,0.0
21604546980,7,350.0,400.0,50.0,289.0,289.0,289.0,0.289,0.0,0.35,0.0
21604546980,8,400.0,450.0,50.0,289.0,289.0,289.0,0.289,0.0,0.4,0.0
21604546980,9,450.0,500.0,50.0,289.0,289.0,289.0,0.289,0.0,0.45,0.0
21604546980,10,500.0,550.0,50.0,289.0,289.0,289.0,0.289,0.0,0.5,0.0
21604546980,11,550.0,600.0,50.0,289.0,276.30419169481564,282.5114886598211,0.2825114886598211,-25.391616610368715,0.55,0.0
21604546980,12,600.0,650.0,50.0,276.30419169481564,279.1186028674403,277.9771220700933,0.2779771220700933,5.6288223452493185,0.6,2.8144111726246592
21604546980,13,650.0,700.0,50.0,279.1186028674403,274.3716249929937,276.9368877038848,0.2769368877038848,-9.4939557488932,0.65,2.8144111726246592
21604546980,14,700.0,750.0,50.0,274.3716249929937,273.23641730409463,273.36181430045616,0.27336181430045614,-2.2704153777981446,0.7,2.8144111726246592
21604546980,15,750.0,800.0,50.0,273.23641730409463,276.8836064883586,274.88052156685677,0.2748805215668568,7.294378368527987,0.75,6.461600356888653
21604546980,16,800.0,850.0,50.0,276.8836064883586,273.29334099521543,276.86580219226613,0.27686580219226614,-7.180530986286385,0.8,6.461600356888653
21604546980,17,850.0,900.0,50.0,273.29334099521543,256.6428811275819,263.86667045739586,0.26386667045739587,-33.30091973526703,0.85,6.461600356888653
21604546980,18,900.0,950.0,50.0,256.6428811275819,256.54034776151366,256.10503113329884,0.25610503113329885,-0.20506673213651538,0.9,6.461600356888653
21604546980,19,950.0,1000.0,50.0,256.54034776151366,251.16423442789673,254.3848996917806,0.2543848996917806,-10.752226667233856,0.95,6.461600356888653
21604546980,20,1000.0,1050.0,50.0,251.16423442789673,246.08440044453886,248.42306941774336,0.24842306941774336,-10.159667966715745,1.0,6.461600356888653
21604546980,21,1050.0,1100.0,50.0,246.08440044453886,245.06088701861094,245.36114563419008,0.2453611456341901,-2.0470268518558328,1.05,6.461600356888653
21604546980,22,1100.0,1150.0,50.0,245.06088701861094,246.51048147830565,245.63697032905824,0.24563697032905824,2.8991889193894167,1.1,7.911194816583361
21604546980,23,1150.0,1200.0,50.0,246.51048147830565,248.19225164695382,247.3516166325456,0.24735161663254562,3.3635403372963424,1.15,9.592964985231532
21604546980,24,1200.0,1250.0,50.0,248.19225164695382,247.1932050007877,247.91917511622125,0.24791917511622125,-1.9980932923322143,1.2,9.592964985231532
21604546980,25,1250.0,1300.0,50.0,247.1932050007877,246.21512222136235,246.77647594819814,0.24677647594819813,-1.9561655588507278,1.25,9.592964985231532
21604546980,26,1300.0,1350.0,50.0,246.21512222136235,245.96322249590685,245.700618618832,0.24570061861883202,-0.5037994509110035,1.3,9.592964985231532
21604546980,27,1350.0,1400.0,50.0,245.96322249590685,248.04270567837685,247.0612561389934,0.2470612561389934,4.1589663649399995,1.35,11.672448167701532
21604546980,28,1400.0,1450.0,50.0,248.04270567837685,250.38618540224587,249.2294928866664,0.2492294928866664,4.686959447738047,1.4,14.015927891570556
21604546980,29,1450.0,1500.0,50.0,250.38618540224587,254.14249041877162,252.1602032610701,0.2521602032610701,7.512610033051487,1.45,17.7722329080963
21604546980,30,1500.0,1550.0,50.0,254.14249041877162,256.92875866000276,255.70519009472966,0.25570519009472964,5.572536482462283,1.5,20.55850114932744
21604546980,31,1550.0,1600.0,50.0,256.92875866000276,258.8576646208479,257.7057541274349,0.2577057541274349,3.8578119216903133,1.55,22.487407110172597
21604546980,32,1600.0,1650.0,50.0,258.8576646208479,266.39909561592543,262.4785343369619,0.2624785343369619,15.082861990155038,1.6,30.028838105250117
21604546980,33,1650.0,1700.0,50.0,266.39909561592543,279.6956358981656,272.84586890847714,0.2728458689084771,26.593080564480374,1.65,43.325378387490304
21604546980,34,1700.0,1750.0,50.0,279.6956358981656,283.6293622731571,282.0338477641073,0.2820338477641073,7.867452749982931,1.7,47.25910476248177
21604546980,35,1750.0,1800.0,50.0,283.6293622731571,290.00049694122333,287.74332426937946,0.28774332426937943,12.742269336132495,1.75,53.630239430548016
21604546980,36,1800.0,1850.0,50.0,290.00049694122333,282.203979977672,285.52052475125214,0.2855205247512521,-15.593033927102624,1.8,53.630239430548016
21604546980,37,1850.0,1900.0,50.0,282.203979977672,286.17849343746536,283.22648481727055,0.28322648481727053,7.949026919586686,1.85,57.60475289034136
21604546980,38,1900.0,1950.0,50.0,286.17849343746536,297.99799960787846,292.2800536795073,0.2922800536795073,23.639012340826184,1.9,69.42425906075445
21604546980,39,1950.0,2000.0,50.0,297.99799960787846,292.9110655786521,297.6822754950329,0.2976822754950329,-10.17386805845274,1.95,69.42425906075445
21604546980,40,2000.0,2050.0,50.0,292.9110655786521,282.88713670238593,286.23362054424996,0.28623362054424994,-20.04785775253231,2.0,69.42425906075445
21604546980,41,2050.0,2100.0,50.0,282.88713670238593,286.1976428807972,284.4901986027674,0.2844901986027674,6.621012356822575,2.05,72.73476523916574
21604546980,42,2100.0,2150.0,50.0,286.1976428807972,285.5543343370308,286.24927104370204,0.286249271043702,-1.286617087532818,2.1,72.73476523916574
21604546980,43,2150.0,2200.0,50.0,285.5543343370308,286.9675807025681,285.50074428352235,0.28550074428352235,2.826492731074609,2.15,74.14801160470304
21604546980,44,2200.0,2250.0,50.0,286.9675807025681,290.4614798402769,289.2397609492501,0.28923976094925014,6.987798275417617,2.2,77.64191074241185
21604546980,45,2250.0,2300.0,50.0,290.4614798402769,299.3577692036524,293.83862494149196,0.29383862494149193,17.792578726751003,2.25,86.53820010578735
21604546980,46,2300.0,2350.0,50.0,299.3577692036524,297.9346079147672,300.6131835729877,0.30061318357298766,-2.8463225777704793,2.3,86.53820010578735
21604546980,47,2350.0,2400.0,50.0,297.9346079147672,290.216133546195,293.47080734670106,0.29347080734670106,-15.436948737144348,2.35,86.53820010578735
21604546980,48,2400.0,2450.0,50.0,290.216133546195,289.43528252723695,289.61921556784745,0.2896192155678474,-1.5617020379161204,2.4,86.53820010578735
21604546980,49,2450.0,2485.29,35.289999999999964,289.43528252723695,289.2005516210495,289.25384886493845,0.28925384886493843,-0.6651485015229567,2.45,86.53820010578735
21648150892,0,0.0,50.0,50.0,89.79999999999995,89.79999999999995,89.79999999999995,0.08979999999999995,0.0,0.0,0.0
21648150892,1,50.0,100.0,50.0,89.79999999999995,89.79999999999995,89.79999999999995,0.08979999999999995,0.0,0.05,0.0
21648150892,2,100.0,150.0,50.0,89.79999999999995,89.79999999999995,89.79999999999995,0.08979999999999995,0.0,0.1,0.0
21648150892,3,150.0,200.0,50.0,89.79999999999995,89.79999999999995,89.79999999999995,0.08979999999999995,0.0,0.15,0.0
21648150892,4,200.0,250.0,50.0,89.79999999999995,88.18032786885242,89.53005464480869,0.08953005464480869,-3.239344262295077,0.2,0.0
21648150892,5,250.0,300.0,50.0,88.18032786885242,80.99543101251905,84.09952885420545,0.08409952885420545,-14.369793712666732,0.25,0.0
21648150892,6,300.0,350.0,50.0,80.99543101251905,81.43318373125669,81.14552226442582,0.08114552226442583,0.8755054374752831,0.3,0.43775271873764154
21648150892,7,350.0,400.0,50.0,81.43318373125669,81.27083866683256,81.34973538925645,0.08134973538925645,-0.32469012884826043,0.35,0.43775271873764154
21648150892,8,400.0,450.0,50.0,81.27083866683256,81.34617457935151,81.3210434387513,0.08132104343875131,0.15067182503790377,0.4,0.5130886312565934
21648150892,9,450.0,500.0,50.0,81.34617457935151,80.93164498202025,81.13174338243476,0.08113174338243476,-0.8290591946625341,0.45,0.5130886312565934
21648150892,10,500.0,550.0,50.0,80.93164498202025,81.55401941598556,81.15209513138085,0.08115209513138084,1.2447488679306389,0.5,1.1354630652219129
21648150892,11,550.0,600.0,50.0,81.55401941598556,84.6462841778679,82.87833441022701,0.08287833441022702,6.184529523764667,0.55,4.227727827104246
21648150892,12,600.0,650.0,50.0,84.6462841778679,87.31163359253206,86.42572238155152,0.08642572238155152,5.330698829328327,0.6,6.89307724176841
21648150892,13,650.0,700.0,50.0,87.31163359253206,84.07109228934023,85.75509685151671,0.08575509685151671,-6.481082606383666,0.65,6.89307724176841
21648150892,14,700.0,750.0,50.0,84.07109228934023,87.91679687427649,85.11922117735838,0.08511922117735839,7.691409169872514,0.7,10.738781826704667
21648150892,15,750.0,800.0,50.0,87.91679687427649,91.04109244028157,90.23486865714159,0.09023486865714159,6.248591132010176,0.75,13.863077392709755
21648150892,16,800.0,850.0,50.0,91.04109244028157,90.71946452867753,90.98848124751619,0.09098848124751618,-0.6432558232080794,0.8,13.863077392709755
21648150892,17,850.0,900.0,50.0,90.71946452867753,87.4602504828566,89.1338790630012,0.0891338790630012,-6.51842809164188,0.85,13.863077392709755
21648150892,18,900.0,950.0,50.0,87.4602504828566,83.46668603886877,85.44185640745293,0.08544185640745293,-7.9871288879756435,0.9,13.863077392709755
21648150892,19,950.0,1000.0,50.0,83.46668603886877,83.78299872434118,83.31680622176167,0.08331680622176167,0.6326253709448224,0.95,14.179390078182166
21648150892,20,1000.0,1050.0,50.0,83.78299872434118,85.59346573658092,84.8080657345524,0.0848080657345524,3.6209340244794816,1.0,15.989857090421907
21648150892,21,1050.0,1100.0,50.0,85.59346573658092,86.16206524119569,85.85165722592308,0.08585165722592308,1.1371990092295334,1.05,16.558456595036674
21648150892,22,1100.0,1150.0,50.0,86.16206524119569,84.5318773608825,85.47427671938321,0.08547427671938321,-3.260375760626374,1.1,16.558456595036674
21648150892,23,1150.0,1200.0,50.0,84.5318773608825,85.07809590031009,84.53576597556571,0.08453576597556571,1.0924370788551698,1.15,17.10467513446426
21648150892,24,1200.0,1250.0,50.0,85.07809590031009,86.85102110702019,86.14345895250175,0.08614345895250175,3.5458504134201974,1.2,18.877600341174357
21648150892,25,1250.0,1300.0,50.0,86.85102110702019,86.74004469327755,86.76184226231267,0.08676184226231266,-0.2219528274852678,1.25,18.877600341174357
21648150892,26,1300.0,1350.0,50.0,86.74004469327755,88.89514430812899,87.54392592810638,0.08754392592810638,4.310199229702874,1.3,21.032699956025795
21648150892,27,1350.0,1400.0,50.0,88.89514430812899,91.72500702878958,90.67778098581347,0.09067778098581347,5.6597254413211715,1.35,23.86256267668638
21648150892,28,1400.0,1450.0,50.0,91.72500702878958,90.4604703668862,90.97934940987243,0.09097934940987243,-2.529073323806756,1.4,23.86256267668638
21648150892,29,1450.0,1500.0,50.0,90.4604703668862,89.01175109194699,89.92866498439766,0.08992866498439765,-2.897438549878416,1.45,23.86256267668638
21648150892,30,1500.0,1550.0,50.0,89.01175109194699,87.30939999361618,88.11040328008771,0.0881104032800877,-3.404702196661617,1.5,23.86256267668638
21648150892,31,1550.0,1600.0,50.0,87.30939999361618,87.2481190219131,87.09568700022233,0.08709568700022233,-0.12256194340616844,1.55,23.86256267668638
21648150892,32,1600.0,1650.0,50.0,87.2481190219131,87.46557801837173,87.38016784060581,0.0873801678406058,0.4349179929172635,1.6,24.080021673145012
21648150892,33,1650.0,1700.0,50.0,87.46557801837173,89.07364781949033,88.20300047065734,0.08820300047065735,3.216139602237206,1.65,25.688091474263615
21648150892,34,1700.0,1750.0,50.0,89.07364781949033,90.97829348502981,90.1006771100743,0.0901006771100743,3.8092913310789527,1.7,27.59273713980309
21648150892,35,1750.0,1800.0,50.0,90.97829348502981,91.45190811352474,91.16974824383816,0.09116974824383815,0.947229256989857,1.75,28.06635176829802
21648150892,36,1800.0,1850.0,50.0,91.45190811352474,93.88125894851812,92.57917596443225,0.09257917596443226,4.858701669986772,1.8,30.495702603291406
21648150892,37,1850.0,1900.0,50.0,93.88125894851812,96.55373380921779,95.22649138791182,0.09522649138791182,5.344949721399331,1.85,33.16817746399107
21648150892,38,1900.0,1950.0,50.0,96.55373380921779,97.30000000000001,97.07467245151183,0.09707467245151183,1.4925323815644447,1.9,33.914443654773294
21648150892,39,1950.0,2000.0,50.0,97.30000000000001,97.26184895968007,97.36253919275846,0.09736253919275846,-0.0763020806398913,1.95,33.914443654773294
21648150892,40,2000.0,2050.0,50.0,97.26184895968007,96.14807248520535,96.60554926863851,0.09660554926863851,-2.2275529489494375,2.0,33.914443654773294
21648150892,41,2050.0,2100.0,50.0,96.14807248520535,96.03409303983653,96.20359828727283,0.09620359828727283,-0.2279588907376251,2.05,33.914443654773294
21648150892,42,2100.0,2150.0,50.0,96.03409303983653,97.66578125849561,96.66607166012221,0.09666607166012221,3.2633764373181577,2.1,35.54613187343237
21648150892,43,2150.0,2200.0,50.0,97.66578125849561,97.74474056903918,97.83064619505258,0.09783064619505258,0.15791862108713417,2.15,35.62509118397594
21648150892,44,2200.0,2250.0,50.0,97.74474056903918,98.01279985917972,97.88172634870706,0.09788172634870707,0.5361185802810837,2.2,35.89315047411648
21648150892,45,2250.0,2300.0,50.0,98.01279985917972,97.35621922498052,97.72782886283262,0.09772782886283263,-1.313161268398403,2.25,35.89315047411648
21648150892,46,2300.0,2350.0,50.0,97.35621922498052,97.24895586944658,97.15461648092868,0.09715461648092868,-0.21452671106789012,2.3,35.89315047411648
21648150892,47,2350.0,2400.0,50.0,97.24895586944658,98.62820486054775,98.021968638393,0.098021968638393,2.758497982202357,2.35,37.27239946521766
21648150892,48,2400.0,2450.0,50.0,98.62820486054775,99.36950474742979,98.86528950985148,0.09886528950985148,1.4825997737640648,2.4,38.01369935209969
21648150892,49,2450.0,2500.0,50.0,99.36950474742979,102.30724619335817,100.83800769779805,0.10083800769779805,5.8754828918567625,2.45,40.951440798028074
21648150892,50,2500.0,2550.0,50.0,102.30724619335817,101.91907640515224,102.3410253774429,0.1023410253774429,-0.776339576411857,2.5,40.951440798028074
21648150892,51,2550.0,2600.0,50.0,101.91907640515224,102.83205398487867,102.03986895746006,0.10203986895746006,1.8259551594528602,2.55,41.864418377754504
21648150892,52,2600.0,2650.0,50.0,102.83205398487867,103.94784572101601,103.68142730133208,0.10368142730133208,2.2315834722746786,2.6,42.98021011389184
21648150892,53,2650.0,2700.0,50.0,103.94784572101601,103.66566122437726,103.84243454950382,0.10384243454950381,-0.5643689932774976,2.65,42.98021011389184
21648150892,54,2700.0,2750.0,50.0,103.66566122437726,100.4333601439638,102.2522158319138,0.1022522158319138,-6.464602160826928,2.7,42.98021011389184
21648150892,55,2750.0,2800.0,50.0,100.4333601439638,98.59219482563955,99.27880987943354,0.09927880987943354,-3.682330636648487,2.75,42.98021011389184
21648150892,56,2800.0,2850.0,50.0,98.59219482563955,100.4167904881587,99.3001889119452,0.0993001889119452,3.649191325038288,2.8,44.80480577641099
21648150892,57,2850.0,2900.0,50.0,100.4167904881587,101.0982297551789,100.8789168838888,0.10087891688388881,1.3628785340404193,2.85,45.4862450434312
21648150892,58,2900.0,2950.0,50.0,101.0982297551789,102.07832072900553,101.61957364619086,0.10161957364619086,1.9601819476532398,2.9,46.46633601725782
21648150892,59,2950.0,3000.0,50.0,102.07832072900553,103.38677372503955,102.39120898495236,0.10239120898495235,2.616905992068041,2.95,47.77478901329184
21648150892,60,3000.0,3050.0,50.0,103.38677372503955,107.3264623587833,105.49254816897066,0.10549254816897066,7.879377267487513,3.0,51.714477647035594
21648150892,61,3050.0,3100.0,50.0,107.3264623587833,109.12925197022962,108.50685323267952,0.10850685323267951,3.6055792228926293,3.05,53.51726725848191
21648150892,62,3100.0,3150.0,50.0,109.12925197022962,108.39584329376378,108.65959953301348,0.10865959953301348,-1.4668173529316846,3.1,53.51726725848191
21648150892,63,3150.0,3200.0,50.0,108.39584329376378,112.24811818662701,109.93479668657251,0.10993479668657251,7.704549785726471,3.15,57.369542151345144
21648150892,64,3200.0,3250.0,50.0,112.24811818662701,115.9548756536794,114.37358612276859,0.11437358612276859,7.413514934104768,3.2,61.07629961839753
21648150892,65,3250.0,3300.0,50.0,115.9548756536794,117.13998271082146,116.5890722733331,0.11658907227333311,2.370214114284124,3.25,62.26140667553959
21648150892,66,3300.0,3350.0,50.0,117.13998271082146,118.75719266147708,118.01895918676577,0.11801895918676578,3.2344199013112416,3.3,63.87861662619521
21648150892,67,3350.0,3400.0,50.0,118.75719266147708,120.42763350279355,119.37449083639397,0.11937449083639397,3.340881682632954,3.35,65.54905746751169
21648150892,68,3400.0,3450.0,50.0,120.42763350279355,126.0637695066057,122.87754900105335,0.12287754900105335,11.27227200762428,3.4,71.18519347132383
21648150892,69,3450.0,3500.0,50.0,126.0637695066057,135.05057397488574,130.87270976290372,0.13087270976290372,17.973608936560083,3.45,80.17199793960387
21648150892,70,3500.0,3550.0,50.0,135.05057397488574,136.98787188581713,136.13386201671324,0.13613386201671324,3.8745958218627834,3.5,82.10929585053526
21648150892,71,3550.0,3600.0,50.0,136.98787188581713,140.54296895869263,138.70527167179227,0.13870527167179228,7.110194145750995,3.55,85.66439292341076
21648150892,72,3600.0,3650.0,50.0,140.54296895869263,144.95666409975692,142.68404006502388,0.1426840400650239,8.82739028212859,3.6,90.07808806447505
21648150892,73,3650.0,3700.0,50.0,144.95666409975692,150.29247770309425,147.5606949931072,0.1475606949931072,10.671627206674657,3.65,95.41390166781238
21648150892,74,3700.0,3750.0,50.0,150.29247770309425,155.5311165888617,152.94483106545815,0.15294483106545814,10.477277771534887,3.7,100.65254055357983
21648150892,75,3750.0,3800.0,50.0,155.5311165888617,158.89525105623818,157.50690181065121,0.15750690181065122,6.728268934752975,3.75,104.01667502095631
21648150892,76,3800.0,3850.0,50.0,158.89525105623818,160.16132882246896,159.4087087292764,0.1594087087292764,2.5321555324615588,3.8,105.28275278718709
21648150892,77,3850.0,3900.0,50.0,160.16132882246896,163.29994836673526,161.75167419489145,0.16175167419489145,6.27723908853261,3.85,108.4213723314534
21648150892,78,3900.0,3950.0,50.0,163.29994836673526,166.46870150506345,164.65742203397465,0.16465742203397465,6.33750627665637,3.9,111.59012546978158
21648150892,79,3950.0,4000.0,50.0,166.46870150506345,173.68798426776735,170.0164712657824,0.1700164712657824,14.438565525407796,3.95,118.80940823248548
21648150892,80,4000.0,4050.0,50.0,173.68798426776735,178.5698589254325,176.34029353516505,0.17634029353516503,9.763749315330301,4.0,123.69128289015063
21648150892,81,4050.0,4100.0,50.0,178.5698589254325,182.55448267960512,180.5269373569106,0.18052693735691058,7.969247508345234,4.05,127.67590664432325
21648150892,82,4100.0,4150.0,50.0,182.55448267960512,186.66139845390816,184.62638583255782,0.1846263858325578,8.213831548606095,4.1,131.7828224186263
21648150892,83,4150.0,4200.0,50.0,186.66139845390816,190.50295631096446,188.5221907180053,0.1885221907180053,7.683115714112603,4.15,135.6243802756826
21648150892,84,4200.0,4250.0,50.0,190.50295631096446,194.62496075005492,192.60655841389973,0.19260655841389973,8.24400887818092,4.2,139.74638471477306
21648150892,85,4250.0,4300.0,50.0,194.62496075005492,200.99038830145147,197.66995458974228,0.19766995458974226,12.7308551027931,4.25,146.1118122661696
21648150892,86,4300.0,4350.0,50.0,200.99038830145147,199.05070276932958,200.80567103718525,0.20080567103718525,-3.8793710642437986,4.3,146.1118122661696
21648150892,87,4350.0,4400.0,50.0,199.05070276932958,196.19636729233608,197.18971453515675,0.19718971453515674,-5.708670953986996,4.35,146.1118122661696
21648150892,88,4400.0,4450.0,50.0,196.19636729233608,196.96816428268676,196.56237306994828,0.19656237306994828,1.5435939807013597,4.4,146.8836092565203
21648150892,89,4450.0,4500.0,50.0,196.96816428268676,198.67728092240938,197.78010972343563,0.19778010972343563,3.4182332794452464,4.45,148.5927258962429
21648150892,90,4500.0,4550.0,50.0,198.67728092240938,199.33590716231896,199.07658245380506,0.19907658245380505,1.3172524798191603,4.5,149.2513521361525
21648150892,91,4550.0,4600.0,50.0,199.33590716231896,199.74736945640024,199.72567093668331,0.1997256709366833,0.8229245881625502,4.55,149.66281443023377
21648150892,92,4600.0,4650.0,50.0,199.74736945640024,200.020524782089,199.71722261769443,0.19971722261769442,0.5463106513775529,4.6,149.93596975592254
21648150892,93,4650.0,4700.0,50.0,200.020524782089,200.66486262485256,200.20357758281023,0.20020357758281024,1.288675685527096,4.65,150.5803075986861
21648150892,94,4700.0,4750.0,50.0,200.66486262485256,204.03018216263592,202.30063069248368,0.2023006306924837,6.730639075566728,4.7,153.94562713646945
21648150892,95,4750.0,4800.0,50.0,204.03018216263592,208.12366017152812,205.92085906789535,0.20592085906789534,8.186956017784382,4.75,158.03910514536165
21648150892,96,4800.0,4850.0,50.0,208.12366017152812,211.0917463120491,209.83628111885824,0.20983628111885824,5.936172281041991,4.8,161.00719128588264
21648150892,97,4850.0,4900.0,50.0,211.0917463120491,213.9278070742529,212.48141608722906,0.21248141608722906,5.672121524407601,4.85,163.84325204808644
21648150892,98,4900.0,4950.0,50.0,213.9278070742529,216.74486621387268,215.28087290949784,0.21528087290949785,5.634118279239544,4.9,166.6603111877062
21648150892,99,4950.0,5000.0,50.0,216.74486621387268,220.38534038870034,218.55407339435644,0.21855407339435642,7.2809483496553185,4.95,170.30078536253387
21648150892,100,5000.0,5050.0,50.0,220.38534038870034,221.63862217438106,221.2544480643459,0.22125444806434588,2.5065635713614256,5.0,171.55406714821459
21648150892,101,5050.0,5100.0,50.0,221.63862217438106,222.1644113360324,221.82280245477205,0.22182280245477204,1.0515783233026923,5.05,172.07985630986593
21648150892,102,5100.0,5150.0,50.0,222.1644113360324,221.72740038591127,222.10021134719793,0.22210021134719793,-0.8740219002422691,5.1,172.07985630986593
21648150892,103,5150.0,5200.0,50.0,221.72740038591127,220.0860464610799,220.99082743223914,0.22099082743223913,-3.2827078496627564,5.15,172.07985630986593
21648150892,104,5200.0,5250.0,50.0,220.0860464610799,216.27815715841416,218.1755961983123,0.21817559619831228,-7.615778605331457,5.2,172.07985630986593
21648150892,105,5250.0,5300.0,50.0,216.27815715841416,214.28635838330692,215.4231502293098,0.2154231502293098,-3.9835975502144834,5.25,172.07985630986593
21648150892,106,5300.0,5350.0,50.0,214.28635838330692,210.28095247960022,212.07712741413675,0.21207712741413676,-8.010811807413404,5.3,172.07985630986593
21648150892,107,5350.0,5400.0,50.0,210.28095247960022,208.59075382710483,209.4868047573434,0.2094868047573434,-3.3803973049907654,5.35,172.07985630986593
21648150892,108,5400.0,5450.0,50.0,208.59075382710483,207.20262351158877,207.85781581438118,0.20785781581438117,-2.7762606310321303,5.4,172.07985630986593
21648150892,109,5450.0,5500.0,50.0,207.20262351158877,205.33646104861037,206.32171984414978,0.2063217198441498,-3.7323249259567888,5.45,172.07985630986593
21648150892,110,5500.0,5550.0,50.0,205.33646104861037,200.95485413174404,203.28943755183673,0.20328943755183673,-8.763213833732664,5.5,172.07985630986593
21648150892,111,5550.0,5600.0,50.0,200.95485413174404,196.72497084030127,198.7853849028556,0.1987853849028556,-8.45976658288555,5.55,172.07985630986593
21648150892,112,5600.0,5650.0,50.0,196.72497084030127,193.73028016431925,195.08590814876266,0.19508590814876264,-5.9893813519640275,5.6,172.07985630986593
21648150892,113,5650.0,5700.0,50.0,193.73028016431925,189.73445084532275,192.1155664332974,0.1921155664332974,-7.991658637992998,5.65,172.07985630986593
21648150892,114,5700.0,5750.0,50.0,189.73445084532275,185.0026717005149,187.06401336194332,0.18706401336194334,-9.463558289615719,5.7,172.07985630986593
21648150892,115,5750.0,5800.0,50.0,185.0026717005149,182.56954308710166,183.65715135112828,0.18365715135112828,-4.866257226826463,5.75,172.07985630986593
21648150892,116,5800.0,5850.0,50.0,182.56954308710166,181.9732834424696,182.21915956921603,0.18221915956921603,-1.192519289264112,5.8,172.07985630986593
21648150892,117,5850.0,5900.0,50.0,181.9732834424696,182.62763280956156,182.19125931439018,0.18219125931439017,1.3086987341839063,5.85,172.73420567695788
21648150892,118,5900.0,5950.0,50.0,182.62763280956156,180.37542795903,181.88279975547655,0.18188279975547655,-4.504409701063139,5.9,172.73420567695788
21648150892,119,5950.0,6000.0,50.0,180.37542795903,178.91721531382683,179.37613341388786,0.17937613341388786,-2.9164252904063233,5.95,172.73420567695788
21648150892,120,6000.0,6050.0,50.0,178.91721531382683,177.8798903819341,178.52177477160384,0.17852177477160386,-2.074649863785453,6.0,172.73420567695788
21648150892,121,6050.0,6100.0,50.0,177.8798903819341,176.61799415295692,177.04940689678187,0.17704940689678186,-2.5237924579543574,6.05,172.73420567695788
21648150892,122,6100.0,6150.0,50.0,176.61799415295692,176.07396139195174,176.55806426051603,0.17655806426051604,-1.0880655220103677,6.1,172.73420567695788
21648150892,123,6150.0,6200.0,50.0,176.07396139195174,173.21258933925475,174.5616238667817,0.1745616238667817,-5.722744105393986,6.15,172.73420567695788
21648150892,124,6200.0,6250.0,50.0,173.21258933925475,174.02089475485158,173.48947815690914,0.17348947815690915,1.6166108311936682,6.2,173.54251109255472
21648150892,125,6250.0,6300.0,50.0,174.02089475485158,173.7361566887303,173.88614392396028,0.17388614392396026,-0.5694761322425848,6.25,173.54251109255472
21648150892,126,6300.0,6350.0,50.0,173.7361566887303,175.47247605347897,174.48314198495822,0.17448314198495823,3.472638729497362,6.3,175.2788304573034
21648150892,127,6350.0,6400.0,50.0,175.47247605347897,177.5010211981567,176.52255434995,0.17652255434995,4.057090289355472,6.35,177.30737560198114
21648150892,128,6400.0,6450.0,50.0,177.5010211981567,178.73595576283614,178.26608829125541,0.17826608829125543,2.4698691293588695,6.4,178.54231016666057
21648150892,129,6450.0,6500.0,50.0,178.73595576283614,178.55220618264607,178.71733436551756,0.17871733436551757,-0.3674991603801345,6.45,178.54231016666057
21648150892,130,6500.0,6550.0,50.0,178.55220618264607,177.89190244115608,178.0927687517973,0.1780927687517973,-1.3206074829799945,6.5,178.54231016666057
21648150892,131,6550.0,6600.0,50.0,177.89190244115608,180.19942390612317,178.7554196994696,0.1787554196994696,4.615042929934191,6.55,180.84983163162767
21648150892,132,6600.0,6650.0,50.0,180.19942390612317,180.50581616268317,180.91278798515728,0.18091278798515728,0.6127845131200047,6.6,181.15622388818767
21648150892,133,6650.0,6700.0,50.0,180.50581616268317,180.34434897161984,179.9933414326392,0.1799933414326392,-0.32293438212667525,6.65,181.15622388818767
21648150892,134,6700.0,6750.0,50.0,180.34434897161984,182.17570055305194,181.59801870257115,0.18159801870257114,3.6627031628642044,6.7,182.98757546961977
21648150892,135,6750.0,6800.0,50.0,182.17570055305194,180.44564201533143,181.05128675528488,0.18105128675528487,-3.460117075441019,6.75,182.98757546961977
21648150892,136,6800.0,6850.0,50.0,180.44564201533143,180.49090284515776,180.89875329366365,0.18089875329366364,0.09052165965266568,6.8,183.0328362994461
21648150892,137,6850.0,6900.0,50.0,180.49090284515776,177.5846988583406,178.72150391184678,0.17872150391184677,-5.812407973634322,6.85,183.0328362994461
21648150892,138,6900.0,6950.0,50.0,177.5846988583406,179.71196368157092,178.40616181225525,0.17840616181225524,4.2545296464606395,6.9,185.16010112267642
21648150892,139,6950.0,7000.0,50.0,179.71196368157092,178.54861834127445,179.5911179357049,0.1795911179357049,-2.3266906805929466,6.95,185.16010112267642
21648150892,140,7000.0,7050.0,50.0,178.54861834127445,179.04529707610308,178.4746506767884,0.1784746506767884,0.9933574696572691,7.0,185.65677985750506
21648150892,141,7050.0,7100.0,50.0,179.04529707610308,182.22838815484198,180.47204442148586,0.18047204442148587,6.366182157477795,7.05,188.83987093624395
21648150892,142,7100.0,7150.0,50.0,182.22838815484198,185.75377706820504,184.04413830715256,0.18404413830715258,7.050777826726119,7.1,192.365259849607
21648150892,143,7150.0,7200.0,50.0,185.75377706820504,187.74811977176574,186.88027616108695,0.18688027616108696,3.988685407121409,7.15,194.35960255316772
21648150892,144,7200.0,7250.0,50.0,187.74811977176574,188.26000053878275,188.16637507948795,0.18816637507948794,1.0237615340340085,7.2,194.87148332018472
21648150892,145,7250.0,7300.0,50.0,188.26000053878275,187.00558951702686,187.6569571537243,0.1876569571537243,-2.5088220435117705,7.25,194.87148332018472
21648150892,146,7300.0,7350.0,50.0,187.00558951702686,187.94077771367193,187.34558943165916,0.18734558943165916,1.8703763932901438,7.3,195.8066715168298
21648150892,147,7350.0,7400.0,50.0,187.94077771367193,187.22870791067575,187.5838363767182,0.18758383637671822,-1.4241396059923659,7.35,195.8066715168298
21648150892,148,7400.0,7450.0,50.0,187.22870791067575,191.28779984408735,188.9743376027758,0.1889743376027758,8.118183866823188,7.4,199.8657634502414
21648150892,149,7450.0,7500.0,50.0,191.28779984408735,195.2049832432545,193.28857873209571,0.1932885787320957,7.834366798334315,7.45,203.78294684940855
21648150892,150,7500.0,7550.0,50.0,195.2049832432545,200.2875970122617,197.87722615957924,0.19787722615957923,10.165227538014392,7.5,208.86556061841574
21648150892,151,7550.0,7600.0,50.0,200.2875970122617,203.83602859753805,201.8358336400023,0.2018358336400023,7.0968631705526946,7.55,212.4139922036921
21648150892,152,7600.0,7650.0,50.0,203.83602859753805,209.53100150863642,206.72234571374338,0.20672234571374337,11.38994582219675,7.6,218.10896511479046
21648150892,153,7650.0,7700.0,50.0,209.53100150863642,210.86580619525625,210.66893438635216,0.21066893438635217,2.669609373239666,7.65,219.4437698014103
21648150892,154,7700.0,7750.0,50.0,210.86580619525625,209.82331632221386,210.20694925667524,0.21020694925667524,-2.084979746084798,7.7,219.4437698014103
21648150892,155,7750.0,7800.0,50.0,209.82331632221386,212.3132194541391,210.84324405596894,0.21084324405596894,4.979806263850492,7.75,221.93367293333554
21648150892,156,7800.0,7850.0,50.0,212.3132194541391,214.4232806016627,213.52626076334664,0.21352626076334663,4.22012229504719,7.8,224.04373408085914
21648150892,157,7850.0,7900.0,50.0,214.4232806016627,215.09872406178337,214.9160326122346,0.2149160326122346,1.3508869202413507,7.85,224.7191775409798
21648150892,158,7900.0,7950.0,50.0,215.09872406178337,215.3668061731105,215.03021498492834,0.21503021498492833,0.5361642226542358,7.9,224.98725965230693
21648150892,159,7950.0,8000.0,50.0,215.3668061731105,215.55955575970546,215.61557841077533,0.21561557841077533,0.38549917318994176,7.95,225.1800092389019
21648150892,160,8000.0,8050.0,50.0,215.55955575970546,215.94200970912357,215.60442571444847,0.21560442571444846,0.7649078988362135,8.0,225.56246318832
21648150892,161,8050.0,8100.0,50.0,215.94200970912357,215.25344299145505,215.84849649840552,0.2158484964984055,-1.3771334353370435,8.05,225.56246318832
21648150892,162,8100.0,8150.0,50.0,215.25344299145505,214.06100509940097,214.62389157472333,0.21462389157472334,-2.3848757841081465,8.1,225.56246318832
21648150892,163,8150.0,8200.0,50.0,214.06100509940097,210.3792814314782,212.5609856245467,0.2125609856245467,-7.363447335845535,8.15,225.56246318832
21648150892,164,8200.0,8250.0,50.0,210.3792814314782,206.68758342785173,208.10167723237964,0.20810167723237966,-7.383396007252941,8.2,225.56246318832
21648150892,165,8250.0,8300.0,50.0,206.68758342785173,207.7311300380016,207.0547902889103,0.2070547902889103,2.087093220299721,8.25,226.60600979846987
21648150892,166,8300.0,8350.0,50.0,207.7311300380016,207.26925376660785,207.8517692198583,0.20785176921985832,-0.9237525427874971,8.3,226.60600979846987
21648150892,167,8350.0,8400.0,50.0,207.26925376660785,203.60270687870076,205.5042718244301,0.2055042718244301,-7.333093775814177,8.35,226.60600979846987
21648150892,168,8400.0,8450.0,50.0,203.60270687870076,200.44326014982877,201.91935052695774,0.20191935052695775,-6.318893457743968,8.4,226.60600979846987
21648150892,169,8450.0,8500.0,50.0,200.44326014982877,200.84544186499048,200.3060575581824,0.2003060575581824,0.8043634303234057,8.45,227.00819151363157
21648150892,170,8500.0,8550.0,50.0,200.84544186499048,199.42575772545527,200.63800623838586,0.20063800623838585,-2.8393682790704133,8.5,227.00819151363157
21648150892,171,8550.0,8600.0,50.0,199.42575772545527,197.17034335153676,198.02037686004073,0.19802037686004073,-4.510828747837024,8.55,227.00819151363157
21648150892,172,8600.0,8650.0,50.0,197.17034335153676,196.47407050313436,196.82675460772134,0.19682675460772134,-1.3925456968048024,8.6,227.00819151363157
21648150892,173,8650.0,8700.0,50.0,196.47407050313436,195.54263866030595,195.99343500983287,0.19599343500983288,-1.862863685656805,8.65,227.00819151363157
21648150892,174,8700.0,8750.0,50.0,195.54263866030595,194.99412743624765,195.40678409165386,0.19540678409165385,-1.0970224481166042,8.7,227.00819151363157
21648150892,175,8750.0,8800.0,50.0,194.99412743624765,191.86298980338665,193.39310734508558,0.19339310734508558,-6.262275265721996,8.75,227.00819151363157
21648150892,176,8800.0,8850.0,50.0,191.86298980338665,189.13805807434056,190.70766028229505,0.19070766028229505,-5.449863458092182,8.8,227.00819151363157
21648150892,177,8850.0,8900.0,50.0,189.13805807434056,185.83290181047752,187.19492984224678,0.18719492984224678,-6.61031252772608,8.85,227.00819151363157
21648150892,178,8900.0,8950.0,50.0,185.83290181047752,183.5246856682348,184.70273584561642,0.18470273584561642,-4.616432284485427,8.9,227.00819151363157
21648150892,179,8950.0,9000.0,50.0,183.5246856682348,181.08361671461589,182.58812704472743,0.18258812704472743,-4.882137907237848,8.95,227.00819151363157
21648150892,180,9000.0,9050.0,50.0,181.08361671461589,173.2543420725703,177.20724553014324,0.17720724553014325,-15.65854928409118,9.0,227.00819151363157
21648150892,181,9050.0,9100.0,50.0,173.2543420725703,171.02617728195534,171.49010574624057,0.17149010574624057,-4.456329581229909,9.05,227.00819151363157
21648150892,182,9100.0,9150.0,50.0,171.02617728195534,176.35029702970297,173.6106943547991,0.17361069435479912,10.648239495495261,9.1,232.3323112613792
21648150892,183,9150.0,9200.0,50.0,176.35029702970297,176.50896889484085,176.80621615127612,0.17680621615127612,0.317343730275752,9.15,232.49098312651708
21648150892,184,9200.0,9250.0,50.0,176.50896889484085,176.02736600894832,176.3126255423766,0.1763126255423766,-0.9632057717850557,9.2,232.49098312651708
21648150892,185,9250.0,9300.0,50.0,176.02736600894832,173.9527882847977,175.0634054985372,0.17506340549853722,-4.149155448301258,9.25,232.49098312651708
21648150892,186,9300.0,9350.0,50.0,173.9527882847977,170.13911806030723,172.0671234713532,0.1720671234713532,-7.627340448980931,9.3,232.49098312651708
21648150892,187,9350.0,9400.0,50.0,170.13911806030723,167.50238696046168,168.78169183632824,0.16878169183632824,-5.273462199691096,9.35,232.49098312651708
21648150892,188,9400.0,9450.0,50.0,167.50238696046168,166.163803178507,166.70332361197245,0.16670332361197246,-2.677167563909336,9.4,232.49098312651708
21648150892,189,9450.0,9500.0,50.0,166.163803178507,164.63371269664202,165.48262685516195,0.16548262685516196,-3.0601809637299766,9.45,232.49098312651708
21648150892,190,9500.0,9550.0,50.0,164.63371269664202,164.20644519230888,164.31706183245214,0.16431706183245215,-0.8545350086662893,9.5,232.49098312651708
21648150892,191,9550.0,9600.0,50.0,164.20644519230888,165.13109676000505,164.57178214026294,0.16457178214026294,1.849303135392347,9.55,233.41563469421325
21648150892,192,9600.0,9650.0,50.0,165.13109676000505,164.93968875855055,165.28070697875577,0.16528070697875577,-0.38281600290900997,9.6,233.41563469421325
21648150892,193,9650.0,9700.0,50.0,164.93968875855055,160.33563188823547,162.78720508479864,0.16278720508479863,-9.208113740630154,9.65,233.41563469421325
21648150892,194,9700.0,9750.0,50.0,160.33563188823547,162.34889589687089,160.50657441450653,0.16050657441450653,4.026528017270834,9.7,235.42889870284867
21648150892,195,9750.0,9800.0,50.0,162.34889589687089,164.78678817977885,164.18688733528222,0.16418688733528222,4.875784565815934,9.75,237.86679098575664
21648150892,196,9800.0,9850.0,50.0,164.78678817977885,160.49783606365395,162.99656742080225,0.16299656742080226,-8.577904232249807,9.8,237.86679098575664
21648150892,197,9850.0,9900.0,50.0,160.49783606365395,157.88024997591089,158.7417143796454,0.1587417143796454,-5.235172175486127,9.85,237.86679098575664
21648150892,198,9900.0,9950.0,50.0,157.88024997591089,157.36706610079062,157.6337663662981,0.15763376636629808,-1.0263677502405244,9.9,237.86679098575664
21648150892,199,9950.0,10000.0,50.0,157.36706610079062,157.81508463121008,157.4915754512042,0.1574915754512042,0.8960370608389212,9.95,238.3148095161761
21648150892,200,10000.0,10050.0,50.0,157.81508463121008,159.7651323943707,159.0557622236055,0.1590557622236055,3.900095526321252,10.0,240.26485727933672
21648150892,201,10050.0,10100.0,50.0,159.7651323943707,155.95793502230885,157.78790898320315,0.15778790898320316,-7.614394744123729,10.05,240.26485727933672
21648150892,202,10100.0,10150.0,50.0,155.95793502230885,153.8162690606169,155.08238692670648,0.15508238692670648,-4.283331923383912,10.1,240.26485727933672
21648150892,203,10150.0,10200.0,50.0,153.8162690606169,147.62947038524948,150.94508151230158,0.15094508151230157,-12.373597350734826,10.15,240.26485727933672
21648150892,204,10200.0,10250.0,50.0,147.62947038524948,139.7133417930135,143.62403356110568,0.14362403356110567,-15.832257184471928,10.2,240.26485727933672
21648150892,205,10250.0,10300.0,50.0,139.7133417930135,138.15113172990044,138.20563501474226,0.13820563501474226,-3.1244201262261413,10.25,240.26485727933672
21648150892,206,10300.0,10350.0,50.0,138.15113172990044,135.66231472246312,137.48447168054955,0.13748447168054956,-4.9776340148746385,10.3,240.26485727933672
21648150892,207,10350.0,10400.0,50.0,135.66231472246312,133.30253538882278,134.22199987805953,0.13422199987805952,-4.719558667280694,10.35,240.26485727933672
21648150892,208,10400.0,10450.0,50.0,133.30253538882278,129.15217244397485,131.61755608984012,0.13161755608984013,-8.300725889695855,10.4,240.26485727933672
21648150892,209,10450.0,10500.0,50.0,129.15217244397485,125.49346959575516,126.78912150761253,0.12678912150761254,-7.31740569643938,10.45,240.26485727933672
21648150892,210,10500.0,10550.0,50.0,125.49346959575516,126.35150938924949,125.81274535059454,0.12581274535059453,1.7160795869886556,10.5,241.12289707283105
21648150892,211,10550.0,10600.0,50.0,126.35150938924949,121.41150202305687,124.87421092246552,0.12487421092246552,-9.880014732385234,10.55,241.12289707283105
21648150892,212,10600.0,10650.0,50.0,121.41150202305687,116.03382192587318,118.14483052265003,0.11814483052265003,-10.75536019436737,10.6,241.12289707283105
21648150892,213,10650.0,10700.0,50.0,116.03382192587318,110.31506815445707,113.41381544117304,0.11341381544117304,-11.437507542832236,10.65,241.12289707283105
21648150892,214,10700.0,10750.0,50.0,110.31506815445707,102.47840767159077,106.85807511924435,0.10685807511924435,-15.673320965732588,10.7,241.12289707283105
21648150892,215,10750.0,10800.0,50.0,102.47840767159077,93.96168006194405,97.58096056421373,0.09758096056421373,-17.033455219293444,10.75,241.12289707283105
21648150892,216,10800.0,10850.0,50.0,93.96168006194405,92.2575916251808,92.52789143461496,0.09252789143461496,-3.4081768735265143,10.8,241.12289707283105
21648150892,217,10850.0,10900.0,50.0,92.2575916251808,95.36116325291519,93.95957675964955,0.09395957675964955,6.207143255468793,10.85,244.22646870056545
21648150892,218,10900.0,10950.0,50.0,95.36116325291519,96.21670766936211,95.9901275824974,0.09599012758249739,1.7110888328938358,10.9,245.08201311701237
21648150892,219,10950.0,11000.0,50.0,96.21670766936211,95.3979865796181,96.01964321087347,0.09601964321087347,-1.637442179488005,10.95,245.08201311701237
21648150892,220,11000.0,11050.0,50.0,95.3979865796181,93.10200126523156,93.96775918178135,0.09396775918178135,-4.591970628773083,11.0,245.08201311701237
21648150892,221,11050.0,11100.0,50.0,93.10200126523156,92.14291144962468,92.70813955976102,0.09270813955976102,-1.9181796312137749,11.05,245.08201311701237
21648150892,222,11100.0,11150.0,50.0,92.14291144962468,93.11269510512396,92.48343914809472,0.09248343914809472,1.9395673109985694,11.1,246.05179677251164
21648150892,223,11150.0,11200.0,50.0,93.11269510512396,91.68762446966336,92.67336686692408,0.09267336686692408,-2.850141270921199,11.15,246.05179677251164
21648150892,224,11200.0,11250.0,50.0,91.68762446966336,88.1759600921534,90.07595737977987,0.09007595737977986,-7.023328755019918,11.2,246.05179677251164
21648150892,225,11250.0,11300.0,50.0,88.1759600921534,87.75267514994661,87.5170227778503,0.0875170227778503,-0.8465698844135829,11.25,246.05179677251164
21648150892,226,11300.0,11350.0,50.0,87.75267514994661,85.61284391421398,87.08805596576842,0.08708805596576842,-4.279662471465258,11.3,246.05179677251164
21648150892,227,11350.0,11400.0,50.0,85.61284391421398,81.62319877804798,83.36778826653827,0.08336778826653828,-7.979290272332008,11.35,246.05179677251164
21648150892,228,11400.0,11450.0,50.0,81.62319877804798,83.14609842257217,82.01191524693017,0.08201191524693018,3.045799289048375,11.4,247.57469641703582
21648150892,229,11450.0,11500.0,50.0,83.14609842257217,89.79407494657704,86.33024531108066,0.08633024531108066,13.295953048009752,11.45,254.22267294104068
21648150892,230,11500.0,11550.0,50.0,89.79407494657704,91.19719588727882,91.00082129567598,0.09100082129567598,2.8062418814035652,11.5,255.62579388174248
21648150892,231,11550.0,11600.0,50.0,91.19719588727882,92.09505063591851,91.38996230517193,0.09138996230517193,1.7957094972793755,11.55,256.5236486303822
21648150892,232,11600.0,11650.0,50.0,92.09505063591851,97.36993009112618,94.49894940499443,0.09449894940499444,10.549758910415335,11.6,261.79852808558985
21648150892,233,11650.0,11700.0,50.0,97.36993009112618,101.13504610315147,99.57583747805343,0.09957583747805343,7.5302320240505765,11.65,265.5636440976151
21648150892,234,11700.0,11750.0,50.0,101.13504610315147,103.84290245347727,102.47583161491558,0.10247583161491558,5.415712700651596,11.7,268.2715004479409
21648150892,235,11750.0,11800.0,50.0,103.84290245347727,104.81553663565205,104.39334664908483,0.10439334664908484,1.9452683643495732,11.75,269.2441346301157
21648150892,236,11800.0,11850.0,50.0,104.81553663565205,107.42665222005375,105.9250267551406,0.10592502675514061,5.222231168803404,11.8,271.8552502145174
21648150892,237,11850.0,11900.0,50.0,107.42665222005375,108.79519542222192,108.43649584965239,0.10843649584965238,2.7370864043363383,11.85,273.22379341668557
21648150892,238,11900.0,11950.0,50.0,108.79519542222192,108.86854030797512,108.68791750307486,0.10868791750307485,0.14668977150640217,11.9,273.2971383024388
21648150892,239,11950.0,12000.0,50.0,108.86854030797512,109.09588816655643,109.11348610552936,0.10911348610552936,0.4546957171626218,11.95,273.5244861610201
21648150892,240,12000.0,12050.0,50.0,109.09588816655643,108.68273538156586,108.87678891332693,0.10887678891332693,-0.8263055699811446,12.0,273.5244861610201
21648150892,241,12050.0,12100.0,50.0,108.68273538156586,107.84011276791261,108.21133968313819,0.10821133968313819,-1.6852452273064955,12.05,273.5244861610201
21648150892,242,12100.0,12150.0,50.0,107.84011276791261,108.33912257938005,108.15060227718864,0.10815060227718865,0.9980196229348621,12.1,274.0234959724875
21648150892,243,12150.0,12200.0,50.0,108.33912257938005,108.17962050775846,108.0654732761339,0.1080654732761339,-0.31900414324317694,12.15,274.0234959724875
21648150892,244,12200.0,12250.0,50.0,108.17962050775846,109.92239088753286,109.24280457821781,0.10924280457821782,3.4855407595487975,12.2,275.76626635226194
21648150892,245,12250.0,12300.0,50.0,109.92239088753286,109.67426319711379,109.65861717400065,0.10965861717400065,-0.4962553808381358,12.25,275.76626635226194
21648150892,246,12300.0,12350.0,50.0,109.67426319711379,110.48866850037416,110.17534131988195,0.11017534131988195,1.6288106065207444,12.3,276.58067165552234
21648150892,247,12350.0,12400.0,50.0,110.48866850037416,112.89184084233003,111.61888391497054,0.11161888391497053,4.806344683911732,12.35,278.9838439974782
21648150892,248,12400.0,12450.0,50.0,112.89184084233003,112.2001067298797,112.5506900795324,0.1125506900795324,-1.3834682249006391,12.4,278.9838439974782
21648150892,249,12450.0,12500.0,50.0,112.2001067298797,114.02729888579272,112.95650170700644,0.11295650170700644,3.6543843118260213,12.45,280.81103615339117
21648150892,250,12500.0,12550.0,50.0,114.02729888579272,117.94132228366337,115.87927968033354,0.11587927968033354,7.828046795741301,12.5,284.72505955126184
21648150892,251,12550.0,12600.0,50.0,117.94132228366337,122.15849428127925,120.39639819125118,0.12039639819125118,8.434343995231757,12.55,288.9422315488777
21648150892,252,12600.0,12650.0,50.0,122.15849428127925,121.4938293636495,121.47327854830945,0.12147327854830946,-1.3293298352595002,12.6,288.9422315488777
21648150892,253,12650.0,12700.0,50.0,121.4938293636495,125.55189896833852,123.93775470212661,0.12393775470212662,8.116139209378048,12.65,293.00030115356674
21648150892,254,12700.0,12750.0,50.0,125.55189896833852,123.50398082805404,124.46463148049435,0.12446463148049434,-4.09583628056896,12.7,293.00030115356674
21648150892,255,12750.0,12800.0,50.0,123.50398082805404,126.61760092802524,124.68549610859704,0.12468549610859704,6.2272401999424005,12.75,296.1139212535379
21648150892,256,12800.0,12850.0,50.0,126.61760092802524,130.2998684885432,128.69724865035926,0.12869724865035925,7.364535121035942,12.8,299.7961888140559
21648150892,257,12850.0,12900.0,50.0,130.2998684885432,130.94528620458055,130.7536525964806,0.1307536525964806,1.2908354320746867,12.85,300.4416065300932
21648150892,258,12900.0,12950.0,50.0,130.94528620458055,127.83152774255043,129.43270497808183,0.12943270497808182,-6.2275169240602395,12.9,300.4416065300932
21648150892,259,12950.0,13000.0,50.0,127.83152774255043,129.21728162454917,128.40745107218737,0.12840745107218737,2.7715077639974766,12.95,301.82736041209193
21648150892,260,13000.0,13050.0,50.0,129.21728162454917,132.30162110438866,130.9766415624515,0.1309766415624515,6.168678959678971,13.0,304.91169989193145
21648150892,261,13050.0,13100.0,50.0,132.30162110438866,128.44718296767775,130.43906077150334,0.13043906077150333,-7.708876273421822,13.05,304.91169989193145
21648150892,262,13100.0,13150.0,50.0,128.44718296767775,123.31328156745128,126.02795390112364,0.12602795390112365,-10.267802800452928,13.1,304.91169989193145
21648150892,263,13150.0,13200.0,50.0,123.31328156745128,122.7046867104034,122.24127894866838,0.12224127894866837,-1.217189714095781,13.15,304.91169989193145
21648150892,264,13200.0,13250.0,50.0,122.7046867104034,121.05435623343519,122.57156489159644,0.12257156489159644,-3.300660953936415,13.2,304.91169989193145
21648150892,265,13250.0,13300.0,50.0,121.05435623343519,116.77110102863897,118.89731034822215,0.11889731034822215,-8.56651040959244,13.25,304.91169989193145
21648150892,266,13300.0,13350.0,50.0,116.77110102863897,114.30859759565833,115.32797196483892,0.11532797196483892,-4.925006865961279,13.3,304.91169989193145
21648150892,267,13350.0,13400.0,50.0,114.30859759565833,113.12483825470558,113.81757396840659,0.1138175739684066,-2.3675186819054943,13.35,304.91169989193145
21648150892,268,13400.0,13450.0,50.0,113.12483825470558,111.80286078057097,112.42189838284884,0.11242189838284884,-2.6439549482692257,13.4,304.91169989193145
21648150892,269,13450.0,13500.0,50.0,111.80286078057097,109.89898753046175,110.85911043620997,0.11085911043620997,-3.8077465002184283,13.45,304.91169989193145
21648150892,270,13500.0,13550.0,50.0,109.89898753046175,108.99202208538732,109.25126130557031,0.10925126130557031,-1.8139308901488675,13.5,304.91169989193145
21648150892,271,13550.0,13600.0,50.0,108.99202208538732,110.40501946659492,109.74315541473565,0.10974315541473566,2.825994762415206,13.55,306.32469727313907
21648150892,272,13600.0,13650.0,50.0,110.40501946659492,110.62045958403652,110.54330212771889,0.11054330212771889,0.4308802348832046,13.6,306.54013739058064
21648150892,273,13650.0,13700.0,50.0,110.62045958403652,109.66103289169283,110.23131000024557,0.11023131000024557,-1.9188533846873952,13.65,306.54013739058064
21648150892,274,13700.0,13750.0,50.0,109.66103289169283,106.51786702896307,108.2717793593127,0.1082717793593127,-6.286331725459519,13.7,306.54013739058064
21648150892,275,13750.0,13800.0,50.0,106.51786702896307,106.36905627538249,106.01399482948027,0.10601399482948026,-0.29762150716115343,13.75,306.54013739058064
21648150892,276,13800.0,13850.0,50.0,106.36905627538249,105.44860857821257,106.39698625707666,0.10639698625707666,-1.8408953943398387,13.8,306.54013739058064
21648150892,277,13850.0,13900.0,50.0,105.44860857821257,101.66965359343467,103.28661328229072,0.10328661328229072,-7.557909969555794,13.85,306.54013739058064
21648150892,278,13900.0,13950.0,50.0,101.66965359343467,102.42379201694989,101.83453318053171,0.1018345331805317,1.5082768470304302,13.9,307.29427581409584
21648150892,279,13950.0,14000.0,50.0,102.42379201694989,104.83706236859037,103.78805774301433,0.10378805774301433,4.826540703280955,13.95,309.7075461657363
21648150892,280,14000.0,14050.0,50.0,104.83706236859037,103.54878396351175,104.26842157212445,0.10426842157212446,-2.5765568101572285,14.0,309.7075461657363
21648150892,281,14050.0,14100.0,50.0,103.54878396351175,104.077006247661,103.56183146662113,0.10356183146662112,1.0564445682985024,14.05,310.23576844988554
21648150892,282,14100.0,14150.0,50.0,104.077006247661,105.84946920560208,105.10874011342378,0.10510874011342378,3.5449259158821462,14.1,312.0082314078266
21648150892,283,14150.0,14200.0,50.0,105.84946920560208,108.59472352414082,107.23034707394912,0.10723034707394911,5.4905086370774825,14.15,314.75348572636534
21648150892,284,14200.0,14250.0,50.0,108.59472352414082,105.93690666809076,107.39472771782424,0.10739472771782424,-5.315633712100123,14.2,314.75348572636534
21648150892,285,14250.0,14300.0,50.0,105.93690666809076,104.9703753281552,105.44356609224111,0.10544356609224112,-1.9330626798711137,14.25,314.75348572636534
21648150892,286,14300.0,14350.0,50.0,104.9703753281552,101.53165706042012,103.41069431387028,0.10341069431387027,-6.877436535470167,14.3,314.75348572636534
21648150892,287,14350.0,14400.0,50.0,101.53165706042012,96.28372252676994,99.09098588676017,0.09909098588676017,-10.495869067300362,14.35,314.75348572636534
21648150892,288,14400.0,14450.0,50.0,96.28372252676994,93.28230017127215,94.29933099331153,0.09429933099331153,-6.002844710995561,14.4,314.75348572636534
21648150892,289,14450.0,14500.0,50.0,93.28230017127215,93.5545132743363,93.4644576147715,0.0934644576147715,0.5444262061282927,14.45,315.0256988294295
21648150892,290,14500.0,14550.0,50.0,93.5545132743363,93.24902997007041,93.36723544837649,0.0933672354483765,-0.6109666085317826,14.5,315.0256988294295
21648150892,291,14550.0,14600.0,50.0,93.24902997007041,94.83995855215005,93.93259126829055,0.09393259126829055,3.1818571641592825,14.55,316.6166274115091
21648150892,292,14600.0,14650.0,50.0,94.83995855215005,96.82015181457345,95.85314981373743,0.09585314981373744,3.960386524846797,14.6,318.5968206739325
21648150892,293,14650.0,14700.0,50.0,96.82015181457345,97.37495738553801,97.27005260857551,0.0972700526085755,1.109611141929122,14.65,319.15162624489705
21648150892,294,14700.0,14750.0,50.0,97.37495738553801,94.25950049048458,96.01097711868579,0.09601097711868578,-6.230913790106854,14.7,319.15162624489705
21648150892,295,14750.0,14800.0,50.0,94.25950049048458,92.61061762143444,93.20222312973816,0.09320222312973815,-3.2977657381002814,14.75,319.15162624489705
21648150892,296,14800.0,14850.0,50.0,92.61061762143444,90.98310231331956,91.9183379096981,0.0919183379096981,-3.25503061622976,14.8,319.15162624489705
21648150892,297,14850.0,14900.0,50.0,90.98310231331956,90.50344462806149,90.64548993589811,0.09064548993589812,-0.9593153705161512,14.85,319.15162624489705
21648150892,298,14900.0,14950.0,50.0,90.50344462806149,92.17631925468672,90.97416233614814,0.09097416233614813,3.3457492532504602,14.9,320.8245008715223
21648150892,299,14950.0,15000.0,50.0,92.17631925468672,94.23515428366133,93.44338277015042,0.09344338277015042,4.117670057949226,14.95,322.8833359004969
21648150892,300,15000.0,15050.0,50.0,94.23515428366133,96.25776894841533,95.44007583017022,0.09544007583017021,4.045229329508004,15.0,324.9059505652509
21648150892,301,15050.0,15080.72,30.719999999999345,96.25776894841533,95.27122073968167,95.77527483111156,0.09577527483111156,-3.2114199503049705,15.05,324.9059505652509
21682806144,0,0.0,50.0,50.0,280.0,279.94713375796175,279.9911889596603,0.2799911889596603,-0.10573248407649771,0.0,0.0
21682806144,1,50.0,100.0,50.0,279.94713375796175,280.3243472421121,280.013878124679,0.28001387812467904,0.7544269683006632,0.05,0.3772134841503316
21682806144,2,100.0,150.0,50.0,280.3243472421121,285.44772846970835,282.5128504445915,0.2825128504445915,10.246762455192538,0.1,5.500594711746601
21682806144,3,150.0,200.0,50.0,285.44772846970835,287.64473861688947,287.121391987381,0.287121391987381,4.394020294362235,0.15,7.697604858927718
21682806144,4,200.0,250.0,50.0,287.64473861688947,283.5269622019076,285.9416584177998,0.2859416584177998,-8.235552829963694,0.2,7.697604858927718
21682806144,5,250.0,300.0,50.0,283.5269622019076,280.69091822484154,281.5187226708276,0.28151872267082756,-5.6720879541321665,0.25,7.697604858927718
21682806144,6,300.0,350.0,50.0,280.69091822484154,281.17545150910763,281.1826603978237,0.28118266039782375,0.9690665685321846,0.3,8.18213814319381
21682806144,7,350.0,400.0,50.0,281.17545150910763,279.60369161128114,280.42995573074677,0.28042995573074675,-3.143519795652992,0.35,8.18213814319381
21682806144,8,400.0,450.0,50.0,279.60369161128114,281.71912619419305,280.31893203361983,0.28031893203361985,4.230869165823833,0.4,10.297572726105727
21682806144,9,450.0,500.0,50.0,281.71912619419305,277.46610636665673,280.1604619637805,0.2801604619637805,-8.506039655072641,0.45,10.297572726105727
21682806144,10,500.0,550.0,50.0,277.46610636665673,277.09218820032726,276.9604928680258,0.2769604928680258,-0.7478363326589488,0.5,10.297572726105727
21682806144,11,550.0,600.0,50.0,277.09218820032726,286.49675400945705,280.95911573491,0.28095911573490995,18.809131618259585,0.55,19.70213853523552
21682806144,12,600.0,650.0,50.0,286.49675400945705,295.7240004048846,291.68463646777724,0.29168463646777726,18.454492790855056,0.6,28.929384930663048
21682806144,13,650.0,700.0,50.0,295.7240004048846,291.4884785639578,294.38777835570875,0.29438777835570873,-8.47104368185353,0.65,28.929384930663048
21682806144,14,700.0,750.0,50.0,291.4884785639578,276.4588504805521,284.2257904530784,0.2842257904530784,-30.05925616681145,0.7,28.929384930663048
21682806144,15,750.0,800.0,50.0,276.4588504805521,271.32518716647746,272.9142254111816,0.2729142254111816,-10.267326628149249,0.75,28.929384930663048
21682806144,16,800.0,850.0,50.0,271.32518716647746,272.91871355972387,272.30274397986017,0.27230274397986015,3.1870527864928135,0.8,30.522911323909454
21682806144,17,850.0,900.0,50.0,272.91871355972387,269.26836716111,271.37913446406463,0.27137913446406464,-7.300692797227725,0.85,30.522911323909454
21682806144,18,900.0,950.0,50.0,269.26836716111,264.51439276010456,267.04973978254634,0.2670497397825463,-9.507948802010901,0.9,30.522911323909454
21682806144,19,950.0,1000.0,50.0,264.51439276010456,260.8545000704007,262.2139128692483,0.2622139128692483,-7.319785379407676,0.95,30.522911323909454
21682806144,20,1000.0,1050.0,50.0,260.8545000704007,258.8036739689627,259.8674720987769,0.25986747209877686,-4.101652202876039,1.0,30.522911323909454
21682806144,21,1050.0,1100.0,50.0,258.8036739689627,256.70235460225484,257.9988717908877,0.25799887179088765,-4.202638733415711,1.05,30.522911323909454
21682806144,22,1100.0,1150.0,50.0,256.70235460225484,253.2420341330935,254.73998073406472,0.25473998073406473,-6.920640938322663,1.1,30.522911323909454
21682806144,23,1150.0,1200.0,50.0,253.2420341330935,255.2245158103686,253.62010004761206,0.25362010004761204,3.96496335455015,1.15,32.50539300118453
21682806144,24,1200.0,1250.0,50.0,255.2245158103686,262.2537172675298,259.22201099763925,0.25922201099763925,14.058402914322414,1.2,39.53459445834574
21682806144,25,1250.0,1300.0,50.0,262.2537172675298,256.4462535005153,259.83698013075093,0.2598369801307509,-11.614927534028993,1.25,39.53459445834574
21682806144,26,1300.0,1350.0,50.0,256.4462535005153,255.74286621870056,255.48046082563292,0.2554804608256329,-1.406774563629483,1.3,39.53459445834574
21682806144,27,1350.0,1400.0,50.0,255.74286621870056,255.41424714631088,256.1275366926795,0.25612753669267946,-0.6572381447793418,1.35,39.53459445834574
21682806144,28,1400.0,1450.0,50.0,255.41424714631088,249.65710756406975,252.52926849360028,0.2525292684936003,-11.514279164482275,1.4,39.53459445834574
21682806144,29,1450.0,1500.0,50.0,249.65710756406975,241.14601437766063,245.56543265828122,0.24556543265828124,-17.022186372818226,1.45,39.53459445834574
21682806144,30,1500.0,1550.0,50.0,241.14601437766063,243.8395990102406,241.3306618685158,0.2413306618685158,5.387169265159912,1.5,42.22817909092569
21682806144,31,1550.0,1600.0,50.0,243.8395990102406,247.29324594128656,246.46039717676732,0.24646039717676732,6.907293862091933,1.55,45.68182602197166
21682806144,32,1600.0,1650.0,50.0,247.29324594128656,239.3974008440744,243.70884694278547,0.24370884694278547,-15.791690194424291,1.6,45.68182602197166
21682806144,33,1650.0,1700.0,50.0,239.3974008440744,234.6961276334094,236.533649897755,0.236533649897755,-9.402546421330044,1.65,45.68182602197166
21682806144,34,1700.0,1750.0,50.0,234.6961276334094,232.19853641394744,233.25893079396917,0.23325893079396917,-4.995182438923905,1.7,45.68182602197166
21682806144,35,1750.0,1800.0,50.0,232.19853641394744,234.81798247779676,233.56257638982405,0.23356257638982406,5.238892127698648,1.75,48.30127208582098
21682806144,36,1800.0,1850.0,50.0,234.81798247779676,234.189526964964,234.92589834106028,0.23492589834106029,-1.256911025665545,1.8,48.30127208582098
21682806144,37,1850.0,1900.0,50.0,234.189526964964,230.21437191297417,231.94557310193548,0.23194557310193548,-7.950310103979632,1.85,48.30127208582098
21682806144,38,1900.0,1950.0,50.0,230.21437191297417,227.92519441910477,228.9836313861874,0.2289836313861874,-4.5783549877388054,1.9,48.30127208582098
21682806144,39,1950.0,2000.0,50.0,227.92519441910477,224.14245722911886,226.34826044936366,0.22634826044936365,-7.565474379971818,1.95,48.30127208582098
21682806144,40,2000.0,2050.0,50.0,224.14245722911886,224.3384864517815,223.4761373797472,0.2234761373797472,0.39205844532529,2.0,48.49730130848363
21682806144,41,2050.0,2100.0,50.0,224.3384864517815,227.51459188946166,226.3232840119107,0.22632328401191068,6.352210875360299,2.05,51.67340674616378
21682806144,42,2100.0,2150.0,50.0,227.51459188946166,225.56517593676472,226.7239169424387,0.2267239169424387,-3.8988319053938767,2.1,51.67340674616378
21682806144,43,2150.0,2200.0,50.0,225.56517593676472,221.284391592781,223.56179423630354,0.22356179423630354,-8.561568687967451,2.15,51.67340674616378
21682806144,44,2200.0,2250.0,50.0,221.284391592781,217.59613039467354,219.61010768401505,0.21961010768401504,-7.376522396214909,2.2,51.67340674616378
21682806144,45,2250.0,2300.0,50.0,217.59613039467354,211.5271216912285,214.24076824621844,0.21424076824621843,-12.138017406890071,2.25,51.67340674616378
21682806144,46,2300.0,2350.0,50.0,211.5271216912285,211.60379689659945,211.2731424102246,0.2112731424102246,0.15335041074189348,2.3,51.750081951534725
21682806144,47,2350.0,2400.0,50.0,211.60379689659945,213.76395374812273,212.26613223465108,0.21226613223465107,4.3203137030465655,2.35,53.91023880305801
21682806144,48,2400.0,2450.0,50.0,213.76395374812273,216.79263164931913,215.516708424578,0.215516708424578,6.057355802392806,2.4,56.93891670425441
21682806144,49,2450.0,2500.0,50.0,216.79263164931913,222.35229023913672,220.07726509880862,0.22007726509880862,11.119317179635175,2.45,62.498575294072
21682806144,50,2500.0,2550.0,50.0,222.35229023913672,220.30993157531302,220.81851903624542,0.22081851903624541,-4.084717327647411,2.5,62.498575294072
21682806144,51,2550.0,2600.0,50.0,220.30993157531302,221.49950237058346,221.15609681525655,0.22115609681525655,2.3791415905408826,2.55,63.68814608934244
21682806144,52,2600.0,2650.0,50.0,221.49950237058346,228.34329034477463,224.28990772559067,0.22428990772559065,13.687575948382346,2.6,70.53193406353361
21682806144,53,2650.0,2700.0,50.0,228.34329034477463,235.19725552928244,231.982118371002,0.231982118371002,13.707930369015628,2.65,77.38589924804143
21682806144,54,2700.0,2750.0,50.0,235.19725552928244,236.44986829155368,236.2566549748823,0.2362566549748823,2.5052255245424817,2.7,78.63851201031267
21682806144,55,2750.0,2800.0,50.0,236.44986829155368,238.08527902214783,237.29237403917918,0.2372923740391792,3.270821461188291,2.75,80.27392274090681
21682806144,56,2800.0,2850.0,50.0,238.08527902214783,248.0829005987273,242.66169688165664,0.24266169688165665,19.995243153158924,2.8,90.27154431748627
21682806144,57,2850.0,2900.0,50.0,248.0829005987273,243.69897915581691,246.92131948799508,0.2469213194879951,-8.767842885820755,2.85,90.27154431748627
21682806144,58,2900.0,2950.0,50.0,243.69897915581691,240.656483762481,241.78612409792535,0.24178612409792535,-6.084990786671824,2.9,90.27154431748627
21682806144,59,2950.0,3000.0,50.0,240.656483762481,239.72686886638976,240.23917214641196,0.24023917214641197,-1.8592297921824752,2.95,90.27154431748627
21682806144,60,3000.0,3050.0,50.0,239.72686886638976,237.67609958265044,238.62314959109776,0.23862314959109776,-4.101538567478656,3.0,90.27154431748627
21682806144,61,3050.0,3100.0,50.0,237.67609958265044,234.12692598470184,236.0772425686464,0.2360772425686464,-7.09834719589719,3.05,90.27154431748627
21682806144,62,3100.0,3150.0,50.0,234.12692598470184,232.1327132731673,232.62122371707878,0.23262122371707877,-3.9884254230690885,3.1,90.27154431748627
21682806144,63,3150.0,3200.0,50.0,232.1327132731673,231.2727547390824,232.15927098472358,0.23215927098472358,-1.7199170681698206,3.15,90.27154431748627
21682806144,64,3200.0,3250.0,50.0,231.2727547390824,228.60557284920705,229.91177935538119,0.22991177935538118,-5.334363779750674,3.2,90.27154431748627
21682806144,65,3250.0,3300.0,50.0,228.60557284920705,226.28457333907755,227.28913085241138,0.22728913085241137,-4.641999020258993,3.25,90.27154431748627
21682806144,66,3300.0,3350.0,50.0,226.28457333907755,226.84031658781655,226.3465425008503,0.2263465425008503,1.1114864974779834,3.3,90.82728756622527
21682806144,67,3350.0,3400.0,50.0,226.84031658781655,226.31585915580317,226.75683059177436,0.22675683059177437,-1.0489148640267558,3.35,90.82728756622527
21682806144,68,3400.0,3450.0,50.0,226.31585915580317,224.35259687485078,225.52756487986053,0.22552756487986053,-3.9265245619047846,3.4,90.82728756622527
21682806144,69,3450.0,3500.0,50.0,224.35259687485078,226.85792149233708,224.57529228424053,0.22457529228424053,5.010649234972618,3.45,93.33261218371157
21682806144,70,3500.0,3550.0,50.0,226.85792149233708,245.35950643653047,235.9550818292431,0.2359550818292431,37.003169888386765,3.5,111.83419712790496
21682806144,71,3550.0,3600.0,50.0,245.35950643653047,253.78465276862258,250.3783787238436,0.2503783787238436,16.850292664184224,3.55,120.25934345999707
21682806144,72,3600.0,3650.0,50.0,253.78465276862258,260.0535005996031,257.8941564486754,0.2578941564486754,12.537695661961095,3.6,126.52819129097762
21682806144,73,3650.0,3700.0,50.0,260.0535005996031,244.96952360572777,252.03564003145675,0.25203564003145673,-30.167953987750707,3.65,126.52819129097762
21682806144,74,3700.0,3750.0,50.0,244.96952360572777,246.25388487224913,245.23108617256506,0.24523108617256506,2.568722533042717,3.7,127.81255255749898
21682806144,75,3750.0,3800.0,50.0,246.25388487224913,253.71281223657124,249.91389010723992,0.2499138901072399,14.917854728644215,3.75,135.27147992182108
21682806144,76,3800.0,3850.0,50.0,253.71281223657124,252.4951732332052,253.10605981343653,0.25310605981343653,-2.4352780067320623,3.8,135.27147992182108
21682806144,77,3850.0,3900.0,50.0,252.4951732332052,254.17225529564075,252.33105356303463,0.25233105356303465,3.3541641248710903,3.85,136.94856198425663
21682806144,78,3900.0,3950.0,50.0,254.17225529564075,278.2940576115167,266.5668815600637,0.2665668815600637,48.24360463175185,3.9,161.07036430013255
21682806144,79,3950.0,4000.0,50.0,278.2940576115167,291.26743615458736,284.25085236924366,0.28425085236924363,25.94675708614136,3.95,174.04374284320323
21682806144,80,4000.0,4050.0,50.0,291.26743615458736,293.99794042869433,295.3935056498422,0.29539350564984224,5.461008548213954,4.0,176.7742471173102
21682806144,81,4050.0,4100.0,50.0,293.99794042869433,269.90974843929354,281.78074085757135,0.2817807408575713,-48.176383978801596,4.05,176.7742471173102
21682806144,82,4100.0,4150.0,50.0,269.90974843929354,260.9333445673215,264.7548954532301,0.2647548954532301,-17.95280774394405,4.1,176.7742471173102
21682806144,83,4150.0,4200.0,50.0,260.9333445673215,265.28389637248046,261.4945248843608,0.2614945248843608,8.701103610317887,4.15,181.12479892246915
21682806144,84,4200.0,4250.0,50.0,265.28389637248046,272.7432207487698,269.6009078633122,0.2696009078633122,14.918648752578633,4.2,188.58412329875847
21682806144,85,4250.0,4300.0,50.0,272.7432207487698,280.4521303470031,276.88515002094425,0.27688515002094427,15.417819196466667,4.25,196.2930328969918
21682806144,86,4300.0,4350.0,50.0,280.4521303470031,288.626470106639,283.4227727575353,0.2834227727575353,16.34867951927174,4.3,204.46737265662767
21682806144,87,4350.0,4400.0,50.0,288.626470106639,287.5449976005536,289.3318478345417,0.2893318478345417,-2.1629450121707805,4.35,204.46737265662767
21682806144,88,4400.0,4450.0,50.0,287.5449976005536,303.1886381929814,294.33471468747285,0.29433471468747285,31.2872811848556,4.4,220.11101324905547
21682806144,89,4450.0,4500.0,50.0,303.1886381929814,296.98414363805676,302.3538164328352,0.30235381643283515,-12.408989109849244,4.45,220.11101324905547
21682806144,90,4500.0,4550.0,50.0,296.98414363805676,285.9676275051628,290.12170050278854,0.2901217005027885,-22.033032265787938,4.5,220.11101324905547
21682806144,91,4550.0,4600.0,50.0,285.9676275051628,289.5605729715194,287.9659394783782,0.2879659394783782,7.185890932713164,4.55,223.70395871541206
21682806144,92,4600.0,4650.0,50.0,289.5605729715194,290.88663507711055,289.98427091510524,0.28998427091510526,2.652124211182354,4.6,225.03002082100323
21682806144,93,4650.0,4700.0,50.0,290.88663507711055,288.5994348165979,290.09425738457384,0.29009425738457384,-4.574400521025268,4.65,225.03002082100323
21682806144,94,4700.0,4701.65,1.6499999999996362,288.5994348165979,288.4748154962167,288.5994348165979,0.28859943481659794,-7.552686083711607,4.7,225.03002082100323
21703191468,0,0.0,50.0,50.0,70.25895266259913,73.68730082628208,72.31283777294368,0.07231283777294369,6.85669632736591,0.0,3.428348163682955
21703191468,1,50.0,100.0,50.0,73.68730082628208,72.51647204751414,73.05571853047745,0.07305571853047745,-2.341657557535882,0.05,3.428348163682955
21703191468,2,100.0,150.0,50.0,72.51647204751414,69.89171094561189,71.36028708083659,0.07136028708083658,-5.249522203804503,0.1,3.428348163682955
21703191468,3,150.0,200.0,50.0,69.89171094561189,67.60314660523139,68.6651184367647,0.0686651184367647,-4.577128680761007,0.15,3.428348163682955
21703191468,4,200.0,250.0,50.0,67.60314660523139,66.67523604606353,67.05517023511878,0.06705517023511878,-1.8558211183357116,0.2,3.428348163682955
21703191468,5,250.0,300.0,50.0,66.67523604606353,67.22010566717336,66.7649485533481,0.06676494855334811,1.0897392422196504,0.25,3.97321778479278
21703191468,6,300.0,350.0,50.0,67.22010566717336,70.41008812066453,68.71967886070448,0.06871967886070447,6.379964906982337,0.3,7.163200238283949
21703191468,7,350.0,400.0,50.0,70.41008812066453,72.19287033534894,71.5108235601706,0.0715108235601706,3.565564429368834,0.35,8.945982452968366
21703191468,8,400.0,450.0,50.0,72.19287033534894,71.55984241797985,71.94870968897496,0.07194870968897496,-1.2660558347381823,0.4,8.945982452968366
21703191468,9,450.0,500.0,50.0,71.55984241797985,72.47679212663002,71.79517974284755,0.07179517974284755,1.83389941730033,0.45,9.86293216161853
21703191468,10,500.0,550.0,50.0,72.47679212663002,75.06176877242224,73.70108347664292,0.07370108347664292,5.169953291584449,0.5,12.447908807410755
21703191468,11,550.0,600.0,50.0,75.06176877242224,76.47414943253322,75.97585603141528,0.07597585603141528,2.824761320221967,0.55,13.860289467521739
21703191468,12,600.0,650.0,50.0,76.47414943253322,78.1991910512666,77.22146379577467,0.07722146379577467,3.4500832374667425,0.6,15.58533108625511
21703191468,13,650.0,700.0,50.0,78.1991910512666,78.59464402917938,78.64756173977445,0.07864756173977444,0.7909059558255649,0.65,15.980784064167892
21703191468,14,700.0,750.0,50.0,78.59464402917938,77.67424707528525,78.13044720336767,0.07813044720336766,-1.8407939077882531,0.7,15.980784064167892
21703191468,15,750.0,800.0,50.0,77.67424707528525,76.01193265328043,76.78200402455869,0.07678200402455869,-3.324628844009652,0.75,15.980784064167892
21703191468,16,800.0,850.0,50.0,76.01193265328043,78.90292340001034,77.35661415212253,0.07735661415212253,5.781981493459824,0.8,18.871774810897804
21703191468,17,850.0,900.0,50.0,78.90292340001034,77.51364877229156,78.31454308154831,0.07831454308154831,-2.7785492554375537,0.85,18.871774810897804
21703191468,18,900.0,950.0,50.0,77.51364877229156,78.30274997860019,77.75955053879262,0.07775955053879262,1.5782024126172587,0.9,19.660876017206434
21703191468,19,950.0,1000.0,50.0,78.30274997860019,77.35727163294628,78.15728056431509,0.07815728056431509,-1.8909566913078208,0.95,19.660876017206434
21703191468,20,1000.0,1050.0,50.0,77.35727163294628,77.2567556735215,76.88066759549297,0.07688066759549296,-0.20103191884956573,1.0,19.660876017206434
21703191468,21,1050.0,1100.0,50.0,77.2567556735215,86.10750467869154,81.03325096786222,0.08103325096786222,17.70149801034009,1.05,28.511625022376478
21703191468,22,1100.0,1150.0,50.0,86.10750467869154,97.88812734481272,92.18506118634131,0.09218506118634132,23.56124533224235,1.1,40.29224768849765
21703191468,23,1150.0,1200.0,50.0,97.88812734481272,108.03925650307706,103.09128208418393,0.10309128208418393,20.30225831652868,1.15,50.44337684676199
21703191468,24,1200.0,1250.0,50.0,108.03925650307706,107.50885711137178,108.74506332298307,0.10874506332298307,-1.0607987834105472,1.2,50.44337684676199
21703191468,25,1250.0,1300.0,50.0,107.50885711137178,99.46553918078234,103.62031419984994,0.10362031419984995,-16.086635861178877,1.25,50.44337684676199
21703191468,26,1300.0,1350.0,50.0,99.46553918078234,98.1173138239891,97.96910600746152,0.09796910600746152,-2.6964507135865006,1.3,50.44337684676199
21703191468,27,1350.0,1400.0,50.0,98.1173138239891,106.94089777665397,102.2761604028555,0.10227616040285549,17.647167905329752,1.35,59.26696079942687
21703191468,28,1400.0,1450.0,50.0,106.94089777665397,112.39747097330958,110.05378620231227,0.11005378620231226,10.913146393311221,1.4,64.72353399608248
21703191468,29,1450.0,1500.0,50.0,112.39747097330958,107.3461277236521,110.53695610507567,0.11053695610507568,-10.102686499314956,1.45,64.72353399608248
21703191468,30,1500.0,1550.0,50.0,107.3461277236521,100.98606467540223,104.07277480198496,0.10407277480198496,-12.720126096499738,1.5,64.72353399608248
21703191468,31,1550.0,1600.0,50.0,100.98606467540223,98.2188398437813,98.8780431179254,0.0988780431179254,-5.5344496632418725,1.55,64.72353399608248
21703191468,32,1600.0,1650.0,50.0,98.2188398437813,105.2097965251136,101.36847728176019,0.1013684772817602,13.981913362664613,1.6,71.71449067741479
21703191468,33,1650.0,1700.0,50.0,105.2097965251136,111.90005652065452,108.71220951217957,0.10871220951217957,13.380519991081826,1.65,78.4047506729557
21703191468,34,1700.0,1750.0,50.0,111.90005652065452,110.45548998978502,112.11936922865868,0.11211936922865869,-2.8891330617389883,1.7,78.4047506729557
21703191468,35,1750.0,1800.0,50.0,110.45548998978502,102.20077404790311,107.13551348200458,0.10713551348200458,-16.509431883763824,1.75,78.4047506729557
21703191468,36,1800.0,1850.0,50.0,102.20077404790311,95.01311443638471,97.07864593077919,0.0970786459307792,-14.375319223036797,1.8,78.4047506729557
21703191468,37,1850.0,1900.0,50.0,95.01311443638471,102.55779792220797,98.22569902013078,0.09822569902013077,15.089366971646514,1.85,85.94943415877896
21703191468,38,1900.0,1950.0,50.0,102.55779792220797,110.75819379085935,107.28864535345599,0.10728864535345599,16.400791737302768,1.9,94.14983002743034
21703191468,39,1950.0,2000.0,50.0,110.75819379085935,105.45713997631842,108.87191896642084,0.10887191896642083,-10.60210762908187,1.95,94.14983002743034
21703191468,40,2000.0,2050.0,50.0,105.45713997631842,94.73042465072616,100.17670557875647,0.10017670557875646,-21.453430651184505,2.0,94.14983002743034
21703191468,41,2050.0,2100.0,50.0,94.73042465072616,95.28691437530799,93.89428132495179,0.0938942813249518,1.112979449163646,2.05,94.70631975201216
21703191468,42,2100.0,2150.0,50.0,95.28691437530799,103.67401864326686,99.39110051111287,0.09939110051111287,16.77420853591775,2.1,103.09342401997104
21703191468,43,2150.0,2200.0,50.0,103.67401864326686,107.81171806792379,106.4464010966396,0.10644640109663961,8.27539884931386,2.15,107.23112344462797
21703191468,44,2200.0,2250.0,50.0,107.81171806792379,100.83129915375812,105.31001910806988,0.10531001910806988,-13.960837828331337,2.2,107.23112344462797
21703191468,45,2250.0,2300.0,50.0,100.83129915375812,90.67416630459265,94.11237806468888,0.09411237806468889,-20.314265698330956,2.25,107.23112344462797
21703191468,46,2300.0,2350.0,50.0,90.67416630459265,100.79810959967702,95.56629758580398,0.09556629758580398,20.247886590168747,2.3,117.35506673971234
21703191468,47,2350.0,2400.0,50.0,100.79810959967702,106.04619296350242,103.78121094285967,0.10378121094285968,10.496166727650802,2.35,122.60315010353774
21703191468,48,2400.0,2450.0,50.0,106.04619296350242,104.17564794924303,105.83725528702307,0.10583725528702306,-3.7410900285187836,2.4,122.60315010353774
21703191468,49,2450.0,2500.0,50.0,104.17564794924303,93.11497352618494,99.3313505711427,0.0993313505711427,-22.12134884611618,2.45,122.60315010353774
21703191468,50,2500.0,2550.0,50.0,93.11497352618494,93.85324660194331,91.6801420085287,0.09168014200852871,1.476546151516743,2.5,123.34142317929611
21703191468,51,2550.0,2600.0,50.0,93.85324660194331,107.04123151930631,100.58928052583859,0.10058928052583858,26.375969834725993,2.55,136.5294080966591
21703191468,52,2600.0,2650.0,50.0,107.04123151930631,105.84306323838366,107.47877542756312,0.10747877542756312,-2.3963365618452883,2.6,136.5294080966591
21703191468,53,2650.0,2700.0,50.0,105.84306323838366,94.84817863292321,101.06422876670712,0.10106422876670712,-21.98976921092091,2.65,136.5294080966591
21703191468,54,2700.0,2750.0,50.0,94.84817863292321,93.16402214208199,92.08977086358605,0.09208977086358605,-3.368312981682436,2.7,136.5294080966591
21703191468,55,2750.0,2800.0,50.0,93.16402214208199,100.87980343460943,97.30765714740322,0.09730765714740322,15.431562585054875,2.75,144.24518938918652
21703191468,56,2800.0,2850.0,50.0,100.87980343460943,97.94817664502096,100.36781943219046,0.10036781943219046,-5.863253579176927,2.8,144.24518938918652
21703191468,57,2850.0,2900.0,50.0,97.94817664502096,90.70064331274853,93.99610638925655,0.09399610638925655,-14.49506666454488,2.85,144.24518938918652
21703191468,58,2900.0,2950.0,50.0,90.70064331274853,95.45993500291651,92.24177208950385,0.09224177208950385,9.518583380335969,2.9,149.0044810793545
21703191468,59,2950.0,3000.0,50.0,95.45993500291651,105.47286465958423,101.01268893415688,0.10101268893415688,20.025859313335445,2.95,159.0174107360222
21703191468,60,3000.0,3050.0,50.0,105.47286465958423,102.08589454876393,104.41974523397097,0.10441974523397098,-6.773940221640601,3.0,159.0174107360222
21703191468,61,3050.0,3100.0,50.0,102.08589454876393,92.12237463742694,97.28971571480771,0.09728971571480771,-19.927039822673976,3.05,159.0174107360222
21703191468,62,3100.0,3150.0,50.0,92.12237463742694,93.53801817858644,91.34639842909438,0.09134639842909438,2.831287082318994,3.1,160.43305427718172
21703191468,63,3150.0,3200.0,50.0,93.53801817858644,104.675366790731,99.5411041205157,0.0995411041205157,22.27469722428913,3.15,171.5704028893263
21703191468,64,3200.0,3250.0,50.0,104.675366790731,109.29197499233828,106.72908874194553,0.10672908874194553,9.233216403214556,3.2,176.18701109093357
21703191468,65,3250.0,3300.0,50.0,109.29197499233828,105.44041881874186,108.4889911920219,0.1084889911920219,-7.703112347192842,3.25,176.18701109093357
21703191468,66,3300.0,3350.0,50.0,105.44041881874186,98.59922117545804,101.69544148966537,0.10169544148966538,-13.682395286567639,3.3,176.18701109093357
21703191468,67,3350.0,3400.0,50.0,98.59922117545804,90.95111689758902,95.21576484848237,0.09521576484848236,-15.29620855573805,3.35,176.18701109093357
21703191468,68,3400.0,3450.0,50.0,90.95111689758902,81.56133523644598,86.13618673554491,0.0861361867355449,-18.779563322286066,3.4,176.18701109093357
21703191468,69,3450.0,3500.0,50.0,81.56133523644598,74.9842403281159,77.98445311578551,0.07798445311578552,-13.154189816660164,3.45,176.18701109093357
21703191468,70,3500.0,3550.0,50.0,74.9842403281159,73.47780765609461,73.78581274557148,0.07378581274557147,-3.0128653440425808,3.5,176.18701109093357
21703191468,71,3550.0,3600.0,50.0,73.47780765609461,74.6584900933142,74.29156188271713,0.07429156188271713,2.3613648744391753,3.55,177.36769352815315
21703191468,72,3600.0,3650.0,50.0,74.6584900933142,73.87335989440257,74.2803599628623,0.07428035996286231,-1.5702603978232617,3.6,177.36769352815315
21703191468,73,3650.0,3700.0,50.0,73.87335989440257,73.38377333458521,73.58402806134661,0.07358402806134662,-0.9791731196347087,3.65,177.36769352815315
21703191468,74,3700.0,3750.0,50.0,73.38377333458521,74.77704942740147,74.06252692100615,0.07406252692100615,2.7865521856325017,3.7,178.7609696209694
21703191468,75,3750.0,3800.0,50.0,74.77704942740147,72.98729339477725,73.86267373355815,0.07386267373355815,-3.579512065248423,3.75,178.7609696209694
21703191468,76,3800.0,3850.0,50.0,72.98729339477725,70.27132531773968,71.89838449568306,0.07189838449568306,-5.431936154075146,3.8,178.7609696209694
21703191468,77,3850.0,3900.0,50.0,70.27132531773968,70.09544442517685,69.9693862255137,0.0699693862255137,-0.35176178512566025,3.85,178.7609696209694
21703191468,78,3900.0,3950.0,50.0,70.09544442517685,70.63635042125277,70.10332146819106,0.07010332146819105,1.0818119921518417,3.9,179.3018756170453
21703191468,79,3950.0,4000.0,50.0,70.63635042125277,70.23542462682195,70.77255593083022,0.07077255593083022,-0.8018515888616378,3.95,179.3018756170453
21703191468,80,4000.0,4050.0,50.0,70.23542462682195,70.50827105602924,70.25984870842557,0.07025984870842557,0.5456928584145828,4.0,179.5747220462526
21703191468,81,4050.0,4050.8,0.8000000000001819,70.50827105602924,70.51033678398946,70.50827105602924,0.07050827105602925,0.25821599502678605,4.05,179.5767877742128
21729420815,0,0.0,50.0,50.0,83.70850556035143,82.6419632410356,83.23996215854159,0.08323996215854158,-2.133084638631658,0.0,0.0
21729420815,1,50.0,100.0,50.0,82.6419632410356,83.69796982280836,83.03494152143155,0.08303494152143155,2.1120131635455266,0.05,1.0560065817727633
21729420815,2,100.0,150.0,50.0,83.69796982280836,81.57051728556085,82.96165176304866,0.08296165176304866,-4.254905074495014,0.1,1.0560065817727633
21729420815,3,150.0,200.0,50.0,81.57051728556085,78.93563318725428,80.08817212969144,0.08008817212969144,-5.269768196613143,0.15,1.0560065817727633
21729420815,4,200.0,250.0,50.0,78.93563318725428,78.11231367535467,78.4291088744658,0.0784291088744658,-1.6466390237992243,0.2,1.0560065817727633
21729420815,5,250.0,300.0,50.0,78.11231367535467,80.46955859946381,79.04555994825293,0.07904555994825294,4.714489848218278,0.25,3.4132515058819024
21729420815,6,300.0,350.0,50.0,80.46955859946381,80.99297775726428,81.14162460244674,0.08114162460244674,1.0468383156009509,0.3,3.936670663682378
21729420815,7,350.0,400.0,50.0,80.99297775726428,79.16273312316574,80.03535484020561,0.08003535484020562,-3.6604892681970966,0.35,3.936670663682378
21729420815,8,400.0,450.0,50.0,79.16273312316574,79.69316936700609,79.12581768352437,0.07912581768352438,1.0608724876807116,0.4,4.467106907522734
21729420815,9,450.0,500.0,50.0,79.69316936700609,82.9925647025639,81.35902196624932,0.08135902196624932,6.598790671115609,0.45,7.766502243080538
21729420815,10,500.0,550.0,50.0,82.9925647025639,84.54997123915106,84.02162937913084,0.08402162937913084,3.114813073174332,0.5,9.323908779667704
21729420815,11,550.0,600.0,50.0,84.54997123915106,85.1214830664592,84.67643421276155,0.08467643421276155,1.143023654616286,0.55,9.895420606975847
21729420815,12,600.0,650.0,50.0,85.1214830664592,85.15531531531535,85.24444540339667,0.08524444540339667,0.06766449771228622,0.6,9.92925285583199
21729420815,13,650.0,700.0,50.0,85.15531531531535,85.62834663421106,85.3114591910869,0.0853114591910869,0.9460626377914139,0.65,10.402284174727697
21729420815,14,700.0,750.0,50.0,85.62834663421106,85.85108714462874,85.82812214378883,0.08582812214378883,0.44548102083535923,0.7,10.625024685145377
21729420815,15,750.0,800.0,50.0,85.85108714462874,84.10278613415821,85.06013714742778,0.08506013714742779,-3.4966020209410544,0.75,10.625024685145377
21729420815,16,800.0,850.0,50.0,84.10278613415821,83.94180806675936,83.90243134230583,0.08390243134230584,-0.3219561347976878,0.8,10.625024685145377
21729420815,17,850.0,900.0,50.0,83.94180806675936,84.01665917636686,83.97935366135943,0.08397935366135943,0.14970221921498705,0.85,10.69987579475287
21729420815,18,900.0,950.0,50.0,84.01665917636686,84.8415835467944,84.46240837248102,0.08446240837248102,1.6498487408550773,0.9,11.524800165180409
21729420815,19,950.0,1000.0,50.0,84.8415835467944,85.0454119997793,84.84767117014104,0.08484767117014104,0.40765690596981585,0.95,11.728628618165317
21729420815,20,1000.0,1050.0,50.0,85.0454119997793,86.39757661043441,85.70493093969411,0.08570493093969411,2.7043292213102177,1.0,13.080793228820426
21729420815,21,1050.0,1100.0,50.0,86.39757661043441,88.92485062974313,87.40233970516658,0.08740233970516659,5.05454803861744,1.05,15.608067248129146
21729420815,22,1100.0,1150.0,50.0,88.92485062974313,93.52753223131874,91.45896186299562,0.09145896186299562,9.205363203151222,1.1,20.210748849704757
21729420815,23,1150.0,1200.0,50.0,93.52753223131874,95.01357705616854,94.21196067705824,0.09421196067705824,2.9720896496995977,1.15,21.696793674554556
21729420815,24,1200.0,1250.0,50.0,95.01357705616854,98.14737652917299,96.64088178562457,0.09664088178562458,6.267598946008889,1.2,24.830593147559
21729420815,25,1250.0,1300.0,50.0,98.14737652917299,97.8120799601877,98.21450174829182,0.09821450174829183,-0.6705931379705703,1.25,24.830593147559
21729420815,26,1300.0,1350.0,50.0,97.8120799601877,94.7143916674149,96.24117467699341,0.0962411746769934,-6.195376585545603,1.3,24.830593147559
21729420815,27,1350.0,1400.0,50.0,94.7143916674149,92.82621860069449,93.59129548130092,0.09359129548130092,-3.776346133440825,1.35,24.830593147559
21729420815,28,1400.0,1450.0,50.0,92.82621860069449,93.8157062345704,93.29946568683522,0.09329946568683523,1.9789752677518209,1.4,25.82008078143491
21729420815,29,1450.0,1500.0,50.0,93.8157062345704,94.20862259880252,94.1600512111434,0.0941600512111434,0.7858327284642428,1.45,26.212997145667032
21729420815,30,1500.0,1550.0,50.0,94.20862259880252,94.03457874842476,93.9863564249415,0.0939863564249415,-0.34808770075551365,1.5,26.212997145667032
21729420815,31,1550.0,1600.0,50.0,94.03457874842476,95.03625969990398,94.55959203689622,0.09455959203689622,2.0033619029584315,1.55,27.214678097146248
21729420815,32,1600.0,1650.0,50.0,95.03625969990398,97.26287012798761,95.96548293693108,0.09596548293693108,4.453220856167263,1.6,29.44128852522988
21729420815,33,1650.0,1700.0,50.0,97.26287012798761,98.8352710024296,98.22145410155782,0.09822145410155783,3.144801748883964,1.65,31.01368939967186
21729420815,34,1700.0,1750.0,50.0,98.8352710024296,100.25425301776752,99.60120999583795,0.09960120999583795,2.837964030675863,1.7,32.43267141500979
21729420815,35,1750.0,1800.0,50.0,100.25425301776752,100.42204565377467,100.34299052290102,0.10034299052290102,0.3355852720142991,1.75,32.60046405101694
21729420815,36,1800.0,1850.0,50.0,100.42204565377467,100.13359306447019,100.21318620839499,0.10021318620839499,-0.5769051786089676,1.8,32.60046405101694
21729420815,37,1850.0,1900.0,50.0,100.13359306447019,99.9424346872248,100.239648414831,0.10023964841483099,-0.3823167544907733,1.85,32.60046405101694
21729420815,38,1900.0,1950.0,50.0,99.9424346872248,99.58086682614444,99.62345600345618,0.09962345600345618,-0.7231357221607198,1.9,32.60046405101694
21729420815,39,1950.0,2000.0,50.0,99.58086682614444,97.23145553626442,98.74350246297159,0.09874350246297159,-4.698822579760048,1.95,32.60046405101694
21729420815,40,2000.0,2050.0,50.0,97.23145553626442,95.00576582769709,95.81920138776553,0.09581920138776553,-4.45137941713466,2.0,32.60046405101694
21729420815,41,2050.0,2100.0,50.0,95.00576582769709,96.31571737071735,95.39967554954357,0.09539967554954357,2.619903086040523,2.05,33.910415594037204
21729420815,42,2100.0,2150.0,50.0,96.31571737071735,97.68879319691831,97.3388831612118,0.0973388831612118,2.7461516524019203,2.1,35.283491420238164
21729420815,43,2150.0,2200.0,50.0,97.68879319691831,97.6328377459321,97.46622118016792,0.09746622118016791,-0.11191090197243625,2.15,35.283491420238164
21729420815,44,2200.0,2250.0,50.0,97.6328377459321,99.22989869922105,98.35846363395108,0.09835846363395108,3.1941219065779194,2.2,36.880552373527124
21729420815,45,2250.0,2300.0,50.0,99.22989869922105,103.42814433455582,101.28008166971675,0.10128008166971675,8.396491270669543,2.25,41.078798008861895
21729420815,46,2300.0,2350.0,50.0,103.42814433455582,104.90692792135061,104.43045906244839,0.1044304590624484,2.957567173589581,2.3,42.557581595656686
21729420815,47,2350.0,2400.0,50.0,104.90692792135061,105.0704678480613,104.90829351965375,0.10490829351965375,0.3270798534213668,2.35,42.72112152236737
21729420815,48,2400.0,2450.0,50.0,105.0704678480613,104.5066688784513,104.71761563436769,0.10471761563436768,-1.12759793922001,2.4,42.72112152236737
21729420815,49,2450.0,2500.0,50.0,104.5066688784513,111.55329715810937,107.70440049727709,0.10770440049727709,14.09325655931616,2.45,49.76774980202545
21729420815,50,2500.0,2550.0,50.0,111.55329715810937,114.31260605563952,113.34569174527094,0.11334569174527094,5.518617795060294,2.5,52.527058699555596
21729420815,51,2550.0,2600.0,50.0,114.31260605563952,115.10493058879851,114.70303671771858,0.11470303671771857,1.5846490663179793,2.55,53.319383232714586
21729420815,52,2600.0,2650.0,50.0,115.10493058879851,117.21415347780692,115.84394102377632,0.11584394102377632,4.2184457780168145,2.6,55.42860612172299
21729420815,53,2650.0,2700.0,50.0,117.21415347780692,124.43387406713116,120.56258573471324,0.12056258573471323,14.439441178648481,2.65,62.64832671104723
21729420815,54,2700.0,2750.0,50.0,124.43387406713116,133.73850563589298,129.3089668191718,0.12930896681917178,18.60926313752364,2.7,71.95295827980905
21729420815,55,2750.0,2800.0,50.0,133.73850563589298,136.59948994847488,135.50327470157407,0.13550327470157408,5.721968625163811,2.75,74.81394259239096
21729420815,56,2800.0,2850.0,50.0,136.59948994847488,136.4942241195967,136.4722027812753,0.1364722027812753,-0.21053165775634852,2.8,74.81394259239096
21729420815,57,2850.0,2900.0,50.0,136.4942241195967,142.10316818296855,139.03457678623477,0.13903457678623476,11.217888126743674,2.85,80.4228866557628
21729420815,58,2900.0,2950.0,50.0,142.10316818296855,147.36597846597402,144.77393004376265,0.14477393004376266,10.525620566010957,2.9,85.68569693876827
21729420815,59,2950.0,3000.0,50.0,147.36597846597402,153.25016947556918,150.3141517917766,0.1503141517917766,11.768382019190312,2.95,91.56988794836343
21729420815,60,3000.0,3050.0,50.0,153.25016947556918,156.3007540612742,155.10552693432575,0.15510552693432575,6.101169171410049,3.0,94.62047253406845
21729420815,61,3050.0,3100.0,50.0,156.3007540612742,158.69500346781246,157.2581492563044,0.15725814925630438,4.788498813076501,3.05,97.0147219406067
21729420815,62,3100.0,3150.0,50.0,158.69500346781246,161.53231186554666,160.31335871403996,0.16031335871403996,5.67461679546841,3.1,99.85203033834091
21729420815,63,3150.0,3200.0,50.0,161.53231186554666,164.7965949284338,162.95777087593834,0.16295777087593832,6.528566125774262,3.15,103.11631340122804
21729420815,64,3200.0,3250.0,50.0,164.7965949284338,170.48229100116092,167.61162453470604,0.16761162453470604,11.371392145454251,3.2,108.80200947395517
21729420815,65,3250.0,3300.0,50.0,170.48229100116092,174.3096443498006,172.47281710170566,0.17247281710170564,7.65470669727938,3.25,112.62936282259486
21729420815,66,3300.0,3350.0,50.0,174.3096443498006,178.36342106517074,176.27033676293078,0.17627033676293077,8.107553430740268,3.3,116.68313953796499
21729420815,67,3350.0,3400.0,50.0,178.36342106517074,183.54437202285163,180.87452456758365,0.18087452456758366,10.361901915361784,3.35,121.86409049564588
21729420815,68,3400.0,3450.0,50.0,183.54437202285163,186.4526352062065,185.18659013858155,0.18518659013858155,5.816526366709752,3.4,124.77235367900076
21729420815,69,3450.0,3500.0,50.0,186.4526352062065,191.88688605911616,188.91399466138378,0.18891399466138378,10.868501705819313,3.45,130.20660453191041
21729420815,70,3500.0,3550.0,50.0,191.88688605911616,197.21677552375468,194.79414346009992,0.1947941434600999,10.659778929277024,3.5,135.53649399654893
21729420815,71,3550.0,3600.0,50.0,197.21677552375468,197.49160271549744,197.59355011199662,0.1975935501119966,0.5496543834855174,3.55,135.81132118829169
21729420815,72,3600.0,3650.0,50.0,197.49160271549744,197.4769414340449,197.40550314993936,0.19740550314993938,-0.029322562905065297,3.6,135.81132118829169
21729420815,73,3650.0,3700.0,50.0,197.4769414340449,198.53084830986293,197.79449208225878,0.19779449208225877,2.1078137516360584,3.65,136.86522806410971
21729420815,74,3700.0,3750.0,50.0,198.53084830986293,198.807211925888,199.06390172462025,0.19906390172462024,0.5527272320501311,3.7,137.14159168013478
21729420815,75,3750.0,3800.0,50.0,198.807211925888,196.54364807500932,197.41505328115463,0.19741505328115463,-4.527127701757365,3.75,137.14159168013478
21729420815,76,3800.0,3850.0,50.0,196.54364807500932,198.954899203592,197.99849920361842,0.19799849920361842,4.822502257165354,3.8,139.55284280871746
21729420815,77,3850.0,3900.0,50.0,198.954899203592,198.82439507993118,198.4713920399765,0.19847139203997652,-0.26100824732162664,3.85,139.55284280871746
21729420815,78,3900.0,3950.0,50.0,198.82439507993118,201.10676864546923,200.07285385430723,0.20007285385430723,4.564747131076103,3.9,141.8352163742555
21729420815,79,3950.0,4000.0,50.0,201.10676864546923,205.05350294381986,202.85887995756977,0.20285887995756977,7.893468596701268,3.95,145.78195067260614
21729420815,80,4000.0,4050.0,50.0,205.05350294381986,206.90846035446185,206.12649275926927,0.20612649275926928,3.7099148212839737,4.0,147.63690808324813
21729420815,81,4050.0,4100.0,50.0,206.90846035446185,209.92640952039696,208.5426651918665,0.20854266519186648,6.035898331870214,4.05,150.65485724918324
21729420815,82,4100.0,4150.0,50.0,209.92640952039696,213.75687230078861,211.63924620013015,0.21163924620013014,7.660925560783312,4.1,154.4853200295749
21729420815,83,4150.0,4200.0,50.0,213.75687230078861,216.46694990590194,215.22746951119677,0.21522746951119678,5.420155210226653,4.15,157.19539763468822
21729420815,84,4200.0,4250.0,50.0,216.46694990590194,219.63914372185508,218.0929866751335,0.2180929866751335,6.344387631906272,4.2,160.36759145064136
21729420815,85,4250.0,4300.0,50.0,219.63914372185508,220.26597874306276,220.04907748495307,0.2200490774849531,1.253670042415365,4.25,160.99442647184904
21729420815,86,4300.0,4350.0,50.0,220.26597874306276,221.86015015298145,221.19525323799064,0.22119525323799064,3.1883428198373736,4.3,162.58859788176773
21729420815,87,4350.0,4400.0,50.0,221.86015015298145,219.21251338409547,220.72976641527544,0.22072976641527545,-5.295273537771948,4.35,162.58859788176773
21729420815,88,4400.0,4450.0,50.0,219.21251338409547,216.1038642521085,217.7084154470571,0.2177084154470571,-6.21729826397393,4.4,162.58859788176773
21729420815,89,4450.0,4500.0,50.0,216.1038642521085,212.33847561652811,214.0868498250577,0.21408684982505768,-7.530777271160787,4.45,162.58859788176773
21729420815,90,4500.0,4550.0,50.0,212.33847561652811,209.12910971239472,210.80238156586276,0.21080238156586276,-6.418731808266784,4.5,162.58859788176773
21729420815,91,4550.0,4600.0,50.0,209.12910971239472,205.2618340123187,207.12239264949486,0.20712239264949486,-7.734551400152043,4.55,162.58859788176773
21729420815,92,4600.0,4650.0,50.0,205.2618340123187,205.5497376230375,205.0712014178753,0.2050712014178753,0.5758072214375716,4.6,162.8765014924865
21729420815,93,4650.0,4700.0,50.0,205.5497376230375,204.58174754325486,205.50922058125775,0.20550922058125776,-1.935980159565247,4.65,162.8765014924865
21729420815,94,4700.0,4750.0,50.0,204.58174754325486,201.4995699133513,202.88895103413793,0.20288895103413793,-6.16435525980711,4.7,162.8765014924865
21729420815,95,4750.0,4800.0,50.0,201.4995699133513,200.64702755085563,200.95265875021934,0.20095265875021934,-1.7050847249913659,4.75,162.8765014924865
21729420815,96,4800.0,4850.0,50.0,200.64702755085563,197.33715031664738,199.33383191427347,0.19933383191427348,-6.619754468416488,4.8,162.8765014924865
21729420815,97,4850.0,4900.0,50.0,197.33715031664738,194.09249256419017,195.26333978020045,0.19526333978020044,-6.48931550491443,4.85,162.8765014924865
21729420815,98,4900.0,4950.0,50.0,194.09249256419017,195.0029977731413,194.4811904084568,0.1944811904084568,1.8210104179022437,4.9,163.78700670143763
21729420815,99,4950.0,5000.0,50.0,195.0029977731413,196.41437786182408,195.92055706206477,0.19592055706206477,2.8227601773655806,4.95,165.19838679012042
21729420815,100,5000.0,5050.0,50.0,196.41437786182408,196.85778932366108,196.47630055469895,0.19647630055469895,0.8868229236740035,5.0,165.64179825195743
21729420815,101,5050.0,5100.0,50.0,196.85778932366108,196.3323974000312,196.86031852350482,0.19686031852350483,-1.0507838472597655,5.05,165.64179825195743
21729420815,102,5100.0,5150.0,50.0,196.3323974000312,194.93243762976758,195.5780840773178,0.1955780840773178,-2.7999195405272417,5.1,165.64179825195743
21729420815,103,5150.0,5200.0,50.0,194.93243762976758,194.63726945515194,194.5482046754428,0.19454820467544282,-0.5903363492312792,5.15,165.64179825195743
21729420815,104,5200.0,5250.0,50.0,194.63726945515194,195.42226447526872,195.18989635134426,0.19518989635134426,1.569990040233563,5.2,166.4267932720742
21729420815,105,5250.0,5300.0,50.0,195.42226447526872,194.58443683951572,195.18551003730525,0.19518551003730525,-1.6756552715060025,5.25,166.4267932720742
21729420815,106,5300.0,5350.0,50.0,194.58443683951572,191.07612704704866,192.74048722131428,0.1927404872213143,-7.016619584934119,5.3,166.4267932720742
21729420815,107,5350.0,5400.0,50.0,191.07612704704866,193.00402013136903,191.70779242337088,0.19170779242337088,3.8557861686407477,5.35,168.35468635639458
21729420815,108,5400.0,5450.0,50.0,193.00402013136903,196.43571660067582,194.73084224329898,0.19473084224329898,6.863392938613572,5.4,171.78638282570137
21729420815,109,5450.0,5500.0,50.0,196.43571660067582,198.40895832675642,197.62362315142119,0.19762362315142118,3.9464834521612033,5.45,173.75962455178197
21729420815,110,5500.0,5550.0,50.0,198.40895832675642,193.97420482884635,196.76118113770931,0.19676118113770932,-8.869506995820132,5.5,173.75962455178197
21729420815,111,5550.0,5600.0,50.0,193.97420482884635,188.32476770373967,190.6137355515515,0.1906137355515515,-11.298874250213373,5.55,173.75962455178197
21729420815,112,5600.0,5650.0,50.0,188.32476770373967,190.59531023032292,189.21715135024434,0.18921715135024433,4.541085053166512,5.6,176.03016707836522
21729420815,113,5650.0,5700.0,50.0,190.59531023032292,195.86442231075696,193.23453820017951,0.19323453820017952,10.538224160868083,5.65,181.29927915879927
21729420815,114,5700.0,5750.0,50.0,195.86442231075696,195.83493667244846,196.18629869274403,0.19618629869274404,-0.05897127661700097,5.7,181.29927915879927
21729420815,115,5750.0,5800.0,50.0,195.83493667244846,194.61842211198763,194.92088165641562,0.1949208816564156,-2.433029120921674,5.75,181.29927915879927
21729420815,116,5800.0,5850.0,50.0,194.61842211198763,199.82575840198925,196.98690780596215,0.19698690780596215,10.414672580003241,5.8,186.5066154488009
21729420815,117,5850.0,5900.0,50.0,199.82575840198925,205.7082488282671,202.84797404435176,0.20284797404435176,11.76498085255571,5.85,192.38910587507874
21729420815,118,5900.0,5950.0,50.0,205.7082488282671,211.63995251868488,208.71489552211176,0.20871489552211175,11.863407380835554,5.9,198.32080956549652
21729420815,119,5950.0,6000.0,50.0,211.63995251868488,213.44283335796572,212.69322365552873,0.21269322365552873,3.6057616785616915,5.95,200.12369040477736
21729420815,120,6000.0,6050.0,50.0,213.44283335796572,218.1806335944027,215.7167532819328,0.2157167532819328,9.475600472873964,6.0,204.86149064121435
21729420815,121,6050.0,6100.0,50.0,218.1806335944027,219.93948844898446,219.33098485179232,0.2193309848517923,3.517709709163512,6.05,206.6203454957961
21729420815,122,6100.0,6150.0,50.0,219.93948844898446,216.32464194836976,218.41628848927905,0.21841628848927905,-7.229693001229407,6.1,206.6203454957961
21729420815,123,6150.0,6200.0,50.0,216.32464194836976,212.1812123733685,214.13829445759708,0.21413829445759708,-8.286859150002499,6.15,206.6203454957961
21729420815,124,6200.0,6250.0,50.0,212.1812123733685,209.96218249765192,210.95207215175682,0.21095207215175682,-4.4380597514331726,6.2,206.6203454957961
21729420815,125,6250.0,6300.0,50.0,209.96218249765192,207.33898267310374,208.83934198068678,0.2088393419806868,-5.246399649096361,6.25,206.6203454957961
21729420815,126,6300.0,6350.0,50.0,207.33898267310374,203.0941671888226,205.11861541356186,0.20511861541356186,-8.489630968562267,6.3,206.6203454957961
21729420815,127,6350.0,6400.0,50.0,203.0941671888226,202.77242754185482,202.74070041440595,0.20274070041440595,-0.6434792939355702,6.35,206.6203454957961
21729420815,128,6400.0,6450.0,50.0,202.77242754185482,204.18636013638542,203.31615786680518,0.20331615786680518,2.8278651890611854,6.4,208.0342780903267
21729420815,129,6450.0,6500.0,50.0,204.18636013638542,207.04247565842638,205.5685897591621,0.20556858975916212,5.712231044081932,6.45,210.89039361236766
21729420815,130,6500.0,6550.0,50.0,207.04247565842638,209.47921364708463,208.42670192610979,0.2084267019261098,4.873475977316502,6.5,213.3271316010259
21729420815,131,6550.0,6600.0,50.0,209.47921364708463,210.32672210097172,209.9415258976832,0.2099415258976832,1.6950169077741748,6.55,214.174640054913
21729420815,132,6600.0,6650.0,50.0,210.32672210097172,212.17078521709647,211.13501359500438,0.2111350135950044,3.6881262322494877,6.6,216.01870317103774
21729420815,133,6650.0,6700.0,50.0,212.17078521709647,211.7953514541693,212.2417292217966,0.2122417292217966,-0.7508675258543462,6.65,216.01870317103774
21729420815,134,6700.0,6750.0,50.0,211.7953514541693,209.912587091184,210.72645711916616,0.21072645711916616,-3.7655287259705688,6.7,216.01870317103774
21729420815,135,6750.0,6800.0,50.0,209.912587091184,211.53026294578476,210.6733859945964,0.2106733859945964,3.2353517092014954,6.75,217.6363790256385
21729420815,136,6800.0,6850.0,50.0,211.53026294578476,209.25009291714719,210.5541034422148,0.21055410344221479,-4.560340057275141,6.8,217.6363790256385
21729420815,137,6850.0,6900.0,50.0,209.25009291714719,209.02744383785185,208.88247466546434,0.20888247466546433,-0.4452981585906741,6.85,217.6363790256385
21729420815,138,6900.0,6950.0,50.0,209.02744383785185,210.0779872001413,209.7198662630503,0.2097198662630503,2.10108672457892,6.9,218.68692238792795
21729420815,139,6950.0,7000.0,50.0,210.0779872001413,211.91611179297507,210.70558190021686,0.21070558190021685,3.6762491856675297,6.95,220.52504698076172
21729420815,140,7000.0,7050.0,50.0,211.91611179297507,215.42342922980419,213.72728967171372,0.21372728967171373,7.014634873658224,7.0,224.03236441759083
21729420815,141,7050.0,7100.0,50.0,215.42342922980419,219.3804132678315,217.35249830722316,0.21735249830722317,7.91396807605463,7.05,227.98934845561814
21729420815,142,7100.0,7150.0,50.0,219.3804132678315,221.87154283263013,220.66047962502606,0.22066047962502605,4.982259129597253,7.1,230.48047802041677
21729420815,143,7150.0,7200.0,50.0,221.87154283263013,225.42093860422492,223.86506450596275,0.22386506450596275,7.098791543189577,7.15,234.02987379201156
21729420815,144,7200.0,7250.0,50.0,225.42093860422492,226.01895722300046,225.58506268869553,0.22558506268869552,1.1960372375510815,7.2,234.6278924107871
21729420815,145,7250.0,7300.0,50.0,226.01895722300046,229.42174806677804,227.58230126386013,0.22758230126386014,6.805581687555161,7.25,238.03068325456468
21729420815,146,7300.0,7350.0,50.0,229.42174806677804,240.92816722839015,234.76197699706168,0.23476197699706167,23.012838323224234,7.3,249.5371024161768
21729420815,147,7350.0,7400.0,50.0,240.92816722839015,247.14594482886133,244.4526204577926,0.2444526204577926,12.43555520094236,7.35,255.75488001664797
21729420815,148,7400.0,7450.0,50.0,247.14594482886133,250.79483878805945,248.70834587657177,0.24870834587657176,7.297787918396239,7.4,259.4037739758461
21729420815,149,7450.0,7500.0,50.0,250.79483878805945,257.7475202561195,254.48031213318413,0.2544803121331841,13.905362936120127,7.45,266.35645544390616
21729420815,150,7500.0,7550.0,50.0,257.7475202561195,263.3606227655026,260.55607989305935,0.26055607989305934,11.226205018766223,7.5,271.96955795328927
21729420815,151,7550.0,7600.0,50.0,263.3606227655026,269.2111121779417,266.34687213570857,0.26634687213570857,11.70097882487812,7.55,277.8200473657283
21729420815,152,7600.0,7650.0,50.0,269.2111121779417,274.3984196481724,271.46252724712986,0.2714625272471299,10.37461494046147,7.6,283.00735483595906
21729420815,153,7650.0,7700.0,50.0,274.3984196481724,278.84908956724405,276.9239460589947,0.27692394605899473,8.901339838143258,7.65,287.4580247550307
21729420815,154,7700.0,7750.0,50.0,278.84908956724405,278.67163873326626,279.2427408608598,0.27924274086085976,-0.35490166795557343,7.7,287.4580247550307
21729420815,155,7750.0,7800.0,50.0,278.67163873326626,280.7309380077709,279.39290262579567,0.2793929026257957,4.118598549009221,7.75,289.5173240295353
21729420815,156,7800.0,7850.0,50.0,280.7309380077709,283.62426411747185,282.29619661597667,0.28229619661597666,5.786652219401958,7.8,292.4106501392363
21729420815,157,7850.0,7900.0,50.0,283.62426411747185,284.7512171835232,283.81308080814256,0.28381308080814255,2.2539061321026566,7.85,293.5376032052876
21729420815,158,7900.0,7950.0,50.0,284.7512171835232,290.1190897892211,287.14714447138766,0.28714714447138767,10.735745211395852,7.9,298.90547581098554
21729420815,159,7950.0,8000.0,50.0,290.1190897892211,298.7331056345588,294.9212550916581,0.2949212550916581,17.22803169067538,7.95,307.5194916563232
21729420815,160,8000.0,8050.0,50.0,298.7331056345588,296.53104036909974,297.83299292241026,0.2978329929224103,-4.40413053091811,8.0,307.5194916563232
21729420815,161,8050.0,8100.0,50.0,296.53104036909974,291.4821258553912,294.52822225590694,0.2945282222559069,-10.097829027417106,8.05,307.5194916563232
21729420815,162,8100.0,8150.0,50.0,291.4821258553912,288.8155473624504,289.517411844999,0.289517411844999,-5.333156985881601,8.1,307.5194916563232
21729420815,163,8150.0,8200.0,50.0,288.8155473624504,289.9481280812302,289.30647382833445,0.28930647382833447,2.265161437559641,8.15,308.65207237510305
21729420815,164,8200.0,8250.0,50.0,289.9481280812302,293.6867513731839,291.87611275573033,0.29187611275573033,7.477246583907345,8.2,312.3906956670567
21729420815,165,8250.0,8300.0,50.0,293.6867513731839,295.6230567186697,294.701562498614,0.294701562498614,3.872610690971669,8.25,314.32700101254255
21729420815,166,8300.0,8350.0,50.0,295.6230567186697,293.4114947559099,294.7712748334089,0.29477127483340887,-4.423123925519576,8.3,314.32700101254255
21729420815,167,8350.0,8400.0,50.0,293.4114947559099,292.6949100051097,292.8798783722793,0.2928798783722793,-1.433169501600446,8.35,314.32700101254255
21729420815,168,8400.0,8450.0,50.0,292.6949100051097,288.6283763441324,291.0427051712291,0.2910427051712291,-8.133067321954627,8.4,314.32700101254255
21729420815,169,8450.0,8500.0,50.0,288.6283763441324,282.5475030718404,285.8308676276465,0.28583086762764653,-12.161746544583934,8.45,314.32700101254255
21729420815,170,8500.0,8550.0,50.0,282.5475030718404,271.5352091505607,277.01595412188175,0.27701595412188174,-22.024587842559413,8.5,314.32700101254255
21729420815,171,8550.0,8600.0,50.0,271.5352091505607,263.8884520858227,267.45785295404943,0.26745785295404945,-15.29351412947608,8.55,314.32700101254255
21729420815,172,8600.0,8650.0,50.0,263.8884520858227,261.31720112899967,262.34708073361224,0.26234708073361224,-5.142501913646015,8.6,314.32700101254255
21729420815,173,8650.0,8700.0,50.0,261.31720112899967,259.81098805428707,260.52879959310366,0.26052879959310365,-3.0124261494252096,8.65,314.32700101254255
21729420815,174,8700.0,8750.0,50.0,259.81098805428707,263.18018608841305,260.6604883945892,0.2606604883945892,6.738396068251973,8.7,317.69619904666854
21729420815,175,8750.0,8800.0,50.0,263.18018608841305,273.2048989446537,268.84770275047094,0.26884770275047093,20.049425712481252,8.75,327.72091190290917
21729420815,176,8800.0,8850.0,50.0,273.2048989446537,282.81684827795107,277.23828431868196,0.27723828431868197,19.223898666594778,8.8,337.33286123620655
21729420815,177,8850.0,8900.0,50.0,282.81684827795107,293.09968344818077,288.506887827816,0.288506887827816,20.565670340459405,8.85,347.61569640643626
21729420815,178,8900.0,8950.0,50.0,293.09968344818077,291.62175576404644,292.9011188121287,0.2929011188121287,-2.955855368268658,8.9,347.61569640643626
21729420815,179,8950.0,9000.0,50.0,291.62175576404644,291.8152673257825,291.50627819150696,0.291506278191507,0.38702312347209045,8.95,347.8092079681723
21729420815,180,9000.0,9050.0,50.0,291.8152673257825,291.06385059702563,291.4973949198277,0.2914973949198277,-1.5028334575137023,9.0,347.8092079681723
21729420815,181,9050.0,9100.0,50.0,291.06385059702563,288.0151361865449,289.72709835920824,0.28972709835920823,-6.097428820961454,9.05,347.8092079681723
21729420815,182,9100.0,9150.0,50.0,288.0151361865449,283.1195989982424,285.51350426158456,0.28551350426158456,-9.791074376605025,9.1,347.8092079681723
21729420815,183,9150.0,9200.0,50.0,283.1195989982424,281.05645671092464,281.95698974796966,0.2819569897479697,-4.12628457463552,9.15,347.8092079681723
21729420815,184,9200.0,9250.0,50.0,281.05645671092464,278.0886184522913,280.07812381032267,0.28007812381032265,-5.935676517266643,9.2,347.8092079681723
21729420815,185,9250.0,9300.0,50.0,278.0886184522913,270.5342678070127,274.00918520338115,0.27400918520338113,-15.108701290557178,9.25,347.8092079681723
21729420815,186,9300.0,9350.0,50.0,270.5342678070127,263.57466718788265,267.6138591031411,0.2676138591031411,-13.919201238260143,9.3,347.8092079681723
21729420815,187,9350.0,9400.0,50.0,263.57466718788265,255.00568653805811,258.6593798500548,0.25865937985005477,-17.137961299649078,9.35,347.8092079681723
21729420815,188,9400.0,9450.0,50.0,255.00568653805811,253.14991565849544,253.88649855710807,0.25388649855710804,-3.711541759125339,9.4,347.8092079681723
21729420815,189,9450.0,9500.0,50.0,253.14991565849544,253.05063830305826,253.0903116814375,0.2530903116814375,-0.19855471087436172,9.45,347.8092079681723
21729420815,190,9500.0,9550.0,50.0,253.05063830305826,255.34223292167923,253.7935876468628,0.2537935876468628,4.583189237241925,9.5,350.1008025867933
21729420815,191,9550.0,9600.0,50.0,255.34223292167923,261.1207852612504,258.4469044814281,0.2584469044814281,11.557104679142299,9.55,355.87935492636444
21729420815,192,9600.0,9650.0,50.0,261.1207852612504,258.3831574809902,260.4947092872812,0.2604947092872812,-5.475255560520395,9.6,355.87935492636444
21729420815,193,9650.0,9700.0,50.0,258.3831574809902,256.711206547705,256.39110206609786,0.25639110206609783,-3.343901866570377,9.65,355.87935492636444
21729420815,194,9700.0,9750.0,50.0,256.711206547705,259.7828663582139,259.13133088513604,0.259131330885136,6.143319621017781,9.7,358.95101473687333
21729420815,195,9750.0,9800.0,50.0,259.7828663582139,258.5823098762462,258.7803789687598,0.2587803789687598,-2.401112963935361,9.75,358.95101473687333
21729420815,196,9800.0,9850.0,50.0,258.5823098762462,269.6826646362529,263.14545850026104,0.26314545850026105,22.200709520013447,9.8,370.05136949688006
21729420815,197,9850.0,9900.0,50.0,269.6826646362529,271.7125840136579,272.2108885202522,0.27221088852025216,4.059838754809903,9.85,372.081288874285
21729420815,198,9900.0,9950.0,50.0,271.7125840136579,269.0022768478125,269.8928235023059,0.26989282350230587,-5.4206143316907855,9.9,372.081288874285
21729420815,199,9950.0,10000.0,50.0,269.0022768478125,271.6849513574236,270.22938605325794,0.2702293860532579,5.365349019222208,9.95,374.7639633838961
21729420815,200,10000.0,10050.0,50.0,271.6849513574236,278.98113014946347,275.0614187361274,0.2750614187361274,14.592357584079764,10.0,382.060142175936
21729420815,201,10050.0,10100.0,50.0,278.98113014946347,283.12790584013794,281.5923936293157,0.2815923936293157,8.293551381348948,10.05,386.20691786661047
21729420815,202,10100.0,10150.0,50.0,283.12790584013794,280.6929615035483,281.89255226762947,0.2818925522676295,-4.869888673179275,10.1,386.20691786661047
21729420815,203,10150.0,10200.0,50.0,280.6929615035483,280.2018414436211,280.2677139673088,0.2802677139673088,-0.9822401198543957,10.15,386.20691786661047
21729420815,204,10200.0,10250.0,50.0,280.2018414436211,287.99165342212626,283.21157311447536,0.28321157311447537,15.579623957010313,10.2,393.9967298451156
21729420815,205,10250.0,10300.0,50.0,287.99165342212626,294.5098948345263,292.16767759921817,0.2921676775992182,13.036482824800032,10.25,400.51497125751564
21729420815,206,10300.0,10350.0,50.0,294.5098948345263,299.68997170360245,296.56549506850314,0.29656549506850316,10.360153738152349,10.3,405.6950481265918
21729420815,207,10350.0,10400.0,50.0,299.68997170360245,306.58653593757407,303.3944047642054,0.30339440476420537,13.793128467943234,10.35,412.59161236056343
21729420815,208,10400.0,10450.0,50.0,306.58653593757407,310.61005642505785,309.0217064632447,0.30902170646324467,8.047040974967558,10.4,416.6151328480472
21729420815,209,10450.0,10500.0,50.0,310.61005642505785,308.17500995269677,309.37482199208847,0.3093748219920885,-4.87009294472216,10.45,416.6151328480472
21729420815,210,10500.0,10550.0,50.0,308.17500995269677,303.03400447509694,305.9454968165933,0.3059454968165933,-10.282010955199667,10.5,416.6151328480472
21729420815,211,10550.0,10600.0,50.0,303.03400447509694,301.0043653040808,301.6559329411854,0.3016559329411854,-4.059278342032258,10.55,416.6151328480472
21729420815,212,10600.0,10650.0,50.0,301.0043653040808,291.9149254230266,297.70437001166505,0.29770437001166505,-18.17887976210841,10.6,416.6151328480472
21729420815,213,10650.0,10700.0,50.0,291.9149254230266,272.8415536405847,282.0472572213927,0.28204725722139273,-38.146743564883764,10.65,416.6151328480472
21729420815,214,10700.0,10750.0,50.0,272.8415536405847,259.9375330363652,266.6630483793213,0.2666630483793213,-25.808041208439022,10.7,416.6151328480472
21729420815,215,10750.0,10800.0,50.0,259.9375330363652,247.64512707717557,253.15512991763129,0.2531551299176313,-24.584811918379273,10.75,416.6151328480472
21729420815,216,10800.0,10850.0,50.0,247.64512707717557,243.45496922032515,245.09181840330305,0.24509181840330305,-8.380315713700838,10.8,416.6151328480472
21729420815,217,10850.0,10900.0,50.0,243.45496922032515,238.69956397054133,241.55936266012193,0.24155936266012193,-9.51081049956764,10.85,416.6151328480472
21729420815,218,10900.0,10950.0,50.0,238.69956397054133,230.69010622945262,234.5052923608857,0.23450529236088571,-16.01891548217742,10.9,416.6151328480472
21729420815,219,10950.0,11000.0,50.0,230.69010622945262,225.3531221528746,227.88322223047888,0.22788322223047888,-10.673968153156068,10.95,416.6151328480472
21729420815,220,11000.0,11050.0,50.0,225.3531221528746,219.17347066178746,222.59738393823656,0.22259738393823655,-12.359302982174256,11.0,416.6151328480472
21729420815,221,11050.0,11100.0,50.0,219.17347066178746,212.83794070130284,215.5457455010128,0.2155457455010128,-12.671059920969242,11.05,416.6151328480472
21729420815,222,11100.0,11150.0,50.0,212.83794070130284,212.63125994992978,212.5218333027062,0.2125218333027062,-0.4133615027461133,11.1,416.6151328480472
21729420815,223,11150.0,11200.0,50.0,212.63125994992978,215.60993098499694,213.9923287576081,0.2139923287576081,5.9573420701343025,11.15,419.59380388311433
21729420815,224,11200.0,11250.0,50.0,215.60993098499694,215.52879811647352,215.92891410148368,0.21592891410148368,-0.16226573704682323,11.2,419.59380388311433
21729420815,225,11250.0,11300.0,50.0,215.52879811647352,211.11319824499137,213.39086997956795,0.21339086997956797,-8.831199742964316,11.25,419.59380388311433
21729420815,226,11300.0,11350.0,50.0,211.11319824499137,208.21619108889612,209.7017059200747,0.2097017059200747,-5.794014312190484,11.3,419.59380388311433
21729420815,227,11350.0,11400.0,50.0,208.21619108889612,206.63152791775846,207.13317254483806,0.20713317254483807,-3.169326342275326,11.35,419.59380388311433
21729420815,228,11400.0,11450.0,50.0,206.63152791775846,205.77618484671993,206.22938060072602,0.20622938060072601,-1.7106861420770656,11.4,419.59380388311433
21729420815,229,11450.0,11500.0,50.0,205.77618484671993,206.77837828534877,206.15457710492612,0.20615457710492613,2.004386877257673,11.45,420.5959973217432
21729420815,230,11500.0,11550.0,50.0,206.77837828534877,208.2370931893342,207.5899913292369,0.20758999132923692,2.917429807970848,11.5,422.0547122257286
21729420815,231,11550.0,11600.0,50.0,208.2370931893342,206.94065176728867,207.59492233324536,0.20759492233324536,-2.5928828440910365,11.55,422.0547122257286
21729420815,232,11600.0,11650.0,50.0,206.94065176728867,204.47826618114306,205.9947002362422,0.20599470023624222,-4.92477117229123,11.6,422.0547122257286
21729420815,233,11650.0,11700.0,50.0,204.47826618114306,205.77261991304545,204.68585498496336,0.20468585498496336,2.5887074638047807,11.65,423.349065957631
21729420815,234,11700.0,11750.0,50.0,205.77261991304545,206.32872964169383,206.2691376657713,0.2062691376657713,1.11221945729676,11.7,423.9051756862794
21729420815,235,11750.0,11800.0,50.0,206.32872964169383,204.8594711358559,205.69882147026877,0.20569882147026877,-2.938517011675856,11.75,423.9051756862794
21729420815,236,11800.0,11850.0,50.0,204.8594711358559,202.61503901228443,203.9440031441577,0.2039440031441577,-4.488864247142942,11.8,423.9051756862794
21729420815,237,11850.0,11900.0,50.0,202.61503901228443,194.59472748661875,198.44076513827295,0.19844076513827294,-16.04062305133135,11.85,423.9051756862794
21729420815,238,11900.0,11950.0,50.0,194.59472748661875,189.9263442504682,192.73356912919783,0.19273356912919784,-9.336766472301122,11.9,423.9051756862794
21729420815,239,11950.0,12000.0,50.0,189.9263442504682,181.65744894286814,185.18235495209544,0.18518235495209542,-16.537790615200095,11.95,423.9051756862794
21729420815,240,12000.0,12050.0,50.0,181.65744894286814,177.23160295950112,179.91347106958895,0.17991347106958894,-8.851691966734052,12.0,423.9051756862794
21729420815,241,12050.0,12100.0,50.0,177.23160295950112,166.52684863629048,172.3649825513203,0.17236498255132032,-21.409508646421273,12.05,423.9051756862794
21729420815,242,12100.0,12150.0,50.0,166.52684863629048,147.97875568059482,157.7491667966111,0.15774916679661108,-37.09618591139133,12.1,423.9051756862794
21729420815,243,12150.0,12200.0,50.0,147.97875568059482,134.78645884194157,140.339216966614,0.140339216966614,-26.384593677306498,12.15,423.9051756862794
21729420815,244,12200.0,12250.0,50.0,134.78645884194157,132.29749090409865,132.8841804090332,0.13288418040903321,-4.97793587568583,12.2,423.9051756862794
21729420815,245,12250.0,12300.0,50.0,132.29749090409865,130.53587592782495,132.0467847923343,0.1320467847923343,-3.5232299525474104,12.25,423.9051756862794
21729420815,246,12300.0,12350.0,50.0,130.53587592782495,122.98113863571855,126.95029238462968,0.12695029238462968,-15.109474584212789,12.3,423.9051756862794
21729420815,247,12350.0,12400.0,50.0,122.98113863571855,117.45358475012613,119.79956849761413,0.11979956849761413,-11.05510777118485,12.35,423.9051756862794
21729420815,248,12400.0,12450.0,50.0,117.45358475012613,113.47691626602901,115.57638112626468,0.11557638112626469,-7.953336968194236,12.4,423.9051756862794
21729420815,249,12450.0,12500.0,50.0,113.47691626602901,111.94937997313755,112.4132664495051,0.1124132664495051,-3.0550725857829093,12.45,423.9051756862794
21729420815,250,12500.0,12550.0,50.0,111.94937997313755,109.67668755608352,111.0428344743057,0.11104283447430571,-4.545384834108063,12.5,423.9051756862794
21729420815,251,12550.0,12600.0,50.0,109.67668755608352,109.1436415691796,108.95317712774299,0.108953177127743,-1.0660919738078576,12.55,423.9051756862794
21729420815,252,12600.0,12650.0,50.0,109.1436415691796,110.75317940064197,110.05208229992697,0.11005208229992697,3.2190756629247517,12.6,425.51471351774177
21729420815,253,12650.0,12700.0,50.0,110.75317940064197,110.82041566012546,111.04267965923934,0.11104267965923934,0.1344725189669873,12.65,425.58194977722525
21729420815,254,12700.0,12750.0,50.0,110.82041566012546,110.39413930162871,110.34746928434926,0.11034746928434926,-0.8525527169935003,12.7,425.58194977722525
21729420815,255,12750.0,12800.0,50.0,110.39413930162871,112.7588581892167,111.64915270496057,0.11164915270496058,4.729437775175967,12.75,427.9466686648132
21729420815,256,12800.0,12850.0,50.0,112.7588581892167,114.81843860142162,113.48291615962138,0.11348291615962139,4.119160824409846,12.8,430.00624907701814
21729420815,257,12850.0,12900.0,50.0,114.81843860142162,119.8123719618532,117.22933928236029,0.11722933928236029,9.987866720863167,12.85,435.0001824374497
21729420815,258,12900.0,12950.0,50.0,119.8123719618532,122.31308106339239,121.61556873244605,0.12161556873244606,5.001418203078373,12.9,437.5008915389889
21729420815,259,12950.0,13000.0,50.0,122.31308106339239,122.07123812343659,121.97833848161814,0.12197833848161814,-0.4836858799116044,12.95,437.5008915389889
21729420815,260,13000.0,13050.0,50.0,122.07123812343659,124.5387987646349,123.15224905304588,0.12315224905304588,4.935121282396636,13.0,439.9684521801872
21729420815,261,13050.0,13100.0,50.0,124.5387987646349,127.95961937922888,126.32889771961851,0.1263288977196185,6.841641229187957,13.05,443.3892727947812
21729420815,262,13100.0,13150.0,50.0,127.95961937922888,130.4240781513332,129.40152946277718,0.12940152946277717,4.928917544208616,13.1,445.85373156688553
21729420815,263,13150.0,13200.0,50.0,130.4240781513332,130.30636941311067,129.95648216723728,0.1299564821672373,-0.2354174764450363,13.15,445.85373156688553
21729420815,264,13200.0,13250.0,50.0,130.30636941311067,130.6705041148753,131.12127475008057,0.13112127475008056,0.728269403529282,13.2,446.21786626865014
21729420815,265,13250.0,13300.0,50.0,130.6705041148753,128.41097725596038,129.05645377283676,0.12905645377283675,-4.519053717829877,13.25,446.21786626865014
21729420815,266,13300.0,13350.0,50.0,128.41097725596038,133.55742402759162,131.20186800882894,0.13120186800882894,10.292893543262494,13.3,451.3643130402814
21729420815,267,13350.0,13400.0,50.0,133.55742402759162,129.8266778432892,132.12415519968206,0.13212415519968207,-7.4614923686048655,13.35,451.3643130402814
21729420815,268,13400.0,13450.0,50.0,129.8266778432892,126.69769020894974,127.76087375662517,0.12776087375662518,-6.257975268678905,13.4,451.3643130402814
21729420815,269,13450.0,13500.0,50.0,126.69769020894974,121.95410922583703,124.44315537199168,0.12444315537199167,-9.487161966225415,13.45,451.3643130402814
21729420815,270,13500.0,13550.0,50.0,121.95410922583703,121.55694969554436,121.45281416714978,0.12145281416714979,-0.7943190605853374,13.5,451.3643130402814
21729420815,271,13550.0,13600.0,50.0,121.55694969554436,120.23490612733762,121.707501965346,0.121707501965346,-2.644087136413475,13.55,451.3643130402814
21729420815,272,13600.0,13650.0,50.0,120.23490612733762,118.06454851935123,118.73533754775657,0.11873533754775657,-4.340715215972779,13.6,451.3643130402814
21729420815,273,13650.0,13700.0,50.0,118.06454851935123,112.31912696487288,115.37219481619728,0.11537219481619727,-11.49084310895671,13.65,451.3643130402814
21729420815,274,13700.0,13750.0,50.0,112.31912696487288,108.80996970657604,110.43129821378763,0.11043129821378762,-7.0183145165936764,13.7,451.3643130402814
21729420815,275,13750.0,13800.0,50.0,108.80996970657604,105.49812348867867,107.09123763478969,0.1070912376347897,-6.623692435794737,13.75,451.3643130402814
21729420815,276,13800.0,13850.0,50.0,105.49812348867867,101.17968701834936,103.70063250648813,0.10370063250648813,-8.636872940658634,13.8,451.3643130402814
21729420815,277,13850.0,13900.0,50.0,101.17968701834936,98.5538156404297,99.26394730528028,0.09926394730528028,-5.251742755839302,13.85,451.3643130402814
21729420815,278,13900.0,13950.0,50.0,98.5538156404297,98.71898640681465,98.91160463766032,0.09891160463766031,0.33034153276989286,13.9,451.52948380666635
21729420815,279,13950.0,14000.0,50.0,98.71898640681465,95.28813089434212,97.10317795861278,0.09710317795861277,-6.861711024945066,13.95,451.52948380666635
21729420815,280,14000.0,14050.0,50.0,95.28813089434212,92.8681665418645,93.8031095127344,0.09380310951273439,-4.839928704955241,14.0,451.52948380666635
21729420815,281,14050.0,14100.0,50.0,92.8681665418645,91.41338880276471,92.72888869053328,0.09272888869053328,-2.9095554781995645,14.05,451.52948380666635
21729420815,282,14100.0,14150.0,50.0,91.41338880276471,86.98231516356722,88.72057886534047,0.08872057886534047,-8.862147278394986,14.1,451.52948380666635
21729420815,283,14150.0,14200.0,50.0,86.98231516356722,87.63732544287282,86.71749496637771,0.08671749496637772,1.3100205586111997,14.15,452.18449408597195
21729420815,284,14200.0,14250.0,50.0,87.63732544287282,91.48627167519263,90.31244624961558,0.09031244624961557,7.697892464639608,14.2,456.03344031829175
21729420815,285,14250.0,14300.0,50.0,91.48627167519263,89.31470408818656,90.11046372833,0.09011046372833001,-4.343135174012133,14.25,456.03344031829175
21729420815,286,14300.0,14350.0,50.0,89.31470408818656,86.71694271189706,88.36589283063994,0.08836589283063993,-5.195522752578995,14.3,456.03344031829175
21729420815,287,14350.0,14400.0,50.0,86.71694271189706,82.78056851841038,84.57030694768629,0.08457030694768629,-7.87274838697337,14.35,456.03344031829175
21729420815,288,14400.0,14450.0,50.0,82.78056851841038,86.48450999169901,83.91695209458238,0.08391695209458239,7.407882946577274,14.4,459.7373817915804
21729420815,289,14450.0,14500.0,50.0,86.48450999169901,91.16329290937847,89.43337953828393,0.08943337953828392,9.357565835358912,14.45,464.4161647092599
21729420815,290,14500.0,14550.0,50.0,91.16329290937847,87.17783474194809,89.58066870246319,0.08958066870246319,-7.97091633486076,14.5,464.4161647092599
21729420815,291,14550.0,14600.0,50.0,87.17783474194809,82.70726510754592,84.76235962893846,0.08476235962893845,-8.941139268804335,14.55,464.4161647092599
21729420815,292,14600.0,14650.0,50.0,82.70726510754592,80.88854617694977,81.58702410498206,0.08158702410498206,-3.6374378611922964,14.6,464.4161647092599
21729420815,293,14650.0,14700.0,50.0,80.88854617694977,80.48178558836574,80.82461426080597,0.08082461426080598,-0.8135211771680702,14.65,464.4161647092599
21729420815,294,14700.0,14750.0,50.0,80.48178558836574,78.24412311274133,79.2035864311323,0.07920358643113229,-4.475324951248808,14.7,464.4161647092599
21729420815,295,14750.0,14800.0,50.0,78.24412311274133,78.13798694016307,78.2335077115709,0.0782335077115709,-0.21227234515652071,14.75,464.4161647092599
21729420815,296,14800.0,14850.0,50.0,78.13798694016307,78.19255165571069,77.9628950598629,0.0779628950598629,0.10912943109522644,14.8,464.4707294248075
21729420815,297,14850.0,14900.0,50.0,78.19255165571069,79.86566663788132,79.1338695213628,0.0791338695213628,3.346229964341262,14.85,466.14384440697813
21729420815,298,14900.0,14950.0,50.0,79.86566663788132,81.16829106746418,80.49655714811904,0.08049655714811904,2.6052488591657266,14.9,467.446468836561
21729420815,299,14950.0,15000.0,50.0,81.16829106746418,83.24104794573545,82.12908868181087,0.08212908868181087,4.1455137565425275,14.95,469.51922571483226
21729420815,300,15000.0,15050.0,50.0,83.24104794573545,85.91111488889638,84.37509813916004,0.08437509813916004,5.3401338863218655,15.0,472.1892926579932
21729420815,301,15050.0,15084.72,34.719999999999345,85.91111488889638,89.30670495717375,87.53739783184373,0.08753739783184374,9.779925311858975,15.05,475.58488272627056
21827489413,0,0.0,50.0,50.0,285.6,285.6,285.59999999999997,0.28559999999999997,0.0,0.0,0.0
21827489413,1,50.0,100.0,50.0,285.6,285.8912808767902,285.7179793324352,0.2857179793324352,0.5825617535803076,0.05,0.2912808767901538
21827489413,2,100.0,150.0,50.0,285.8912808767902,285.79123566508866,285.8979817582444,0.2858979817582444,-0.20009042340302585,0.1,0.2912808767901538
21827489413,3,150.0,200.0,50.0,285.79123566508866,284.87301882492125,285.54676793649344,0.2855467679364934,-1.8364336803348351,0.15,0.2912808767901538
21827489413,4,200.0,250.0,50.0,284.87301882492125,281.65212750458136,283.10235803301407,0.2831023580330141,-6.441782640679776,0.2,0.2912808767901538
21827489413,5,250.0,300.0,50.0,281.65212750458136,281.31885330585544,281.3574455644225,0.2813574455644225,-0.6665483974518338,0.25,0.2912808767901538
21827489413,6,300.0,350.0,50.0,281.31885330585544,281.6989518473959,281.4570353878391,0.28145703538783906,0.760197083080925,0.3,0.6713794183306163
21827489413,7,350.0,400.0,50.0,281.6989518473959,283.68151402081634,282.7672946538039,0.2827672946538039,3.9651243468408666,0.35,2.6539415917510496
21827489413,8,400.0,450.0,50.0,283.68151402081634,282.4348580417911,283.3640603397949,0.2833640603397949,-2.4933119580505263,0.4,2.6539415917510496
21827489413,9,450.0,500.0,50.0,282.4348580417911,278.05311320179703,279.97864702977364,0.27997864702977365,-8.763489679988083,0.45,2.6539415917510496
21827489413,10,500.0,550.0,50.0,278.05311320179703,278.0066543337584,277.92338270744625,0.27792338270744626,-0.09291773607731102,0.5,2.6539415917510496
21827489413,11,550.0,600.0,50.0,278.0066543337584,277.1278401125151,277.85352462378796,0.277853524623788,-1.7576284424865207,0.55,2.6539415917510496
21827489413,12,600.0,650.0,50.0,277.1278401125151,272.2101006583595,274.8649874836895,0.2748649874836895,-9.835478908311188,0.6,2.6539415917510496
21827489413,13,650.0,700.0,50.0,272.2101006583595,269.43797598399925,270.3401940096257,0.27034019400962567,-5.544249348720541,0.65,2.6539415917510496
21827489413,14,700.0,750.0,50.0,269.43797598399925,272.1769963088644,270.60452807384564,0.27060452807384566,5.4780406497302465,0.7,5.392961916616173
21827489413,15,750.0,800.0,50.0,272.1769963088644,281.70984963331796,276.3702981946635,0.2763702981946635,19.065706648907167,0.75,14.925815241069756
21827489413,16,800.0,850.0,50.0,281.70984963331796,284.82575798834364,284.2990539938441,0.2842990539938441,6.231816710051362,0.8,18.041723596095437
21827489413,17,850.0,900.0,50.0,284.82575798834364,279.2707807775913,282.14302313818877,0.2821430231381888,-11.109954421504654,0.85,18.041723596095437
21827489413,18,900.0,950.0,50.0,279.2707807775913,274.80816500907963,277.52679741323817,0.27752679741323816,-8.925231537023365,0.9,18.041723596095437
21827489413,19,950.0,1000.0,50.0,274.80816500907963,269.15244234259274,271.1032371829045,0.27110323718290447,-11.31144533297379,0.95,18.041723596095437
21827489413,20,1000.0,1050.0,50.0,269.15244234259274,268.02829602190775,268.2674563269668,0.2682674563269668,-2.2482926413699715,1.0,18.041723596095437
21827489413,21,1050.0,1100.0,50.0,268.02829602190775,264.22534057429294,268.1099789832105,0.2681099789832105,-7.605910895229613,1.05,18.041723596095437
21827489413,22,1100.0,1150.0,50.0,264.22534057429294,250.1266464543659,256.0221255046985,0.2560221255046985,-28.19738823985409,1.1,18.041723596095437
21827489413,23,1150.0,1200.0,50.0,250.1266464543659,253.21666966569742,250.7802755889362,0.25078027558893623,6.180046422663054,1.15,21.131746807426964
21827489413,24,1200.0,1250.0,50.0,253.21666966569742,258.2276210864375,256.3995324297289,0.2563995324297289,10.021902841480198,1.2,26.142698228167063
21827489413,25,1250.0,1300.0,50.0,258.2276210864375,250.86647294680364,255.22360369725047,0.25522360369725045,-14.722296279267766,1.25,26.142698228167063
21827489413,26,1300.0,1350.0,50.0,250.86647294680364,242.53846845398616,246.20206548924304,0.24620206548924303,-16.65600898563497,1.3,26.142698228167063
21827489413,27,1350.0,1400.0,50.0,242.53846845398616,240.39400215962615,241.07797985923082,0.24107797985923082,-4.288932588720002,1.35,26.142698228167063
21827489413,28,1400.0,1450.0,50.0,240.39400215962615,239.9990303316901,240.10633379545024,0.24010633379545024,-0.7899436558720936,1.4,26.142698228167063
21827489413,29,1450.0,1500.0,50.0,239.9990303316901,241.9519411375176,241.22509874953673,0.24122509874953674,3.9058216116549715,1.45,28.09560903399455
21827489413,30,1500.0,1550.0,50.0,241.9519411375176,228.7111060561148,236.7055731184424,0.2367055731184424,-26.481670162805585,1.5,28.09560903399455
21827489413,31,1550.0,1600.0,50.0,228.7111060561148,214.6823439876818,220.70751301157722,0.22070751301157723,-28.057524136865997,1.55,28.09560903399455
21827489413,32,1600.0,1650.0,50.0,214.6823439876818,210.5265433637811,212.32231176931919,0.21232231176931918,-8.311601247801434,1.6,28.09560903399455
21827489413,33,1650.0,1700.0,50.0,210.5265433637811,209.95236125691818,210.0522293571703,0.2100522293571703,-1.148364213725813,1.65,28.09560903399455
21827489413,34,1700.0,1750.0,50.0,209.95236125691818,206.27928903079197,208.230859521672,0.208230859521672,-7.3461444522524175,1.7,28.09560903399455
21827489413,35,1750.0,1800.0,50.0,206.27928903079197,205.57806435893772,205.81933671223422,0.2058193367122342,-1.402449343708497,1.75,28.09560903399455
21827489413,36,1800.0,1850.0,50.0,205.57806435893772,205.51007702289135,205.32162760451354,0.20532162760451353,-0.13597467209274328,1.8,28.09560903399455
21827489413,37,1850.0,1900.0,50.0,205.51007702289135,206.37165616724027,206.17507286678733,0.20617507286678732,1.7231582886978458,1.85,28.957188178343472
21827489413,38,1900.0,1950.0,50.0,206.37165616724027,209.17445981726405,207.6723555867566,0.2076723555867566,5.605607300047552,1.9,31.759991828367248
21827489413,39,1950.0,2000.0,50.0,209.17445981726405,207.17337074573794,208.41096709222802,0.20841096709222803,-4.00217814305222,1.95,31.759991828367248
21827489413,40,2000.0,2050.0,50.0,207.17337074573794,205.3369158842771,206.15572342566205,0.20615572342566205,-3.672909722921702,2.0,31.759991828367248
21827489413,41,2050.0,2100.0,50.0,205.3369158842771,204.72803417912945,204.91959539222236,0.20491959539222238,-1.2177634102952766,2.05,31.759991828367248
21827489413,42,2100.0,2150.0,50.0,204.72803417912945,206.15949011680627,205.4994954261815,0.2054994954261815,2.862911875353632,2.1,33.191447766044064
21827489413,43,2150.0,2200.0,50.0,206.15949011680627,205.84356485587986,205.9422045855416,0.20594220458554158,-0.6318505218528117,2.15,33.191447766044064
21827489413,44,2200.0,2250.0,50.0,205.84356485587986,202.84245671727794,204.46612525704435,0.20446612525704436,-6.002216277203843,2.2,33.191447766044064
21827489413,45,2250.0,2300.0,50.0,202.84245671727794,201.1238111214588,202.17698766605963,0.20217698766605963,-3.4372911916382805,2.25,33.191447766044064
21827489413,46,2300.0,2350.0,50.0,201.1238111214588,200.2436679913082,199.9105707032052,0.1999105707032052,-1.7602862603012,2.3,33.191447766044064
21827489413,47,2350.0,2400.0,50.0,200.2436679913082,207.37393889627566,203.9888742287992,0.20398887422879922,14.26054180993492,2.35,40.321718671011524
21827489413,48,2400.0,2450.0,50.0,207.37393889627566,208.08873076055664,207.82113941754287,0.20782113941754288,1.4295837285619655,2.4,41.03651053529251
21827489413,49,2450.0,2500.0,50.0,208.08873076055664,211.47134838849178,209.7787367782081,0.2097787367782081,6.765235255870266,2.45,44.41912816322764
21827489413,50,2500.0,2550.0,50.0,211.47134838849178,210.09242030155025,211.21273976721417,0.21121273976721416,-2.757856173883056,2.5,44.41912816322764
21827489413,51,2550.0,2600.0,50.0,210.09242030155025,208.8953216893555,209.13101475899018,0.20913101475899018,-2.3941972243894725,2.55,44.41912816322764
21827489413,52,2600.0,2650.0,50.0,208.8953216893555,211.2372220993703,210.36918708925407,0.21036918708925406,4.683800820029603,2.6,46.76102857324244
21827489413,53,2650.0,2700.0,50.0,211.2372220993703,211.16452499164978,210.77969676972205,0.21077969676972205,-0.14539421544105835,2.65,46.76102857324244
21827489413,54,2700.0,2750.0,50.0,211.16452499164978,216.46481904382154,213.889408572483,0.213889408572483,10.600588104343501,2.7,52.06132262541419
21827489413,55,2750.0,2800.0,50.0,216.46481904382154,219.48211797935875,217.8358377683362,0.2178358377683362,6.034597871074425,2.75,55.078621560951404
21827489413,56,2800.0,2850.0,50.0,219.48211797935875,223.77626972833954,221.9191138039154,0.2219191138039154,8.58830349796159,2.8,59.3727733099322
21827489413,57,2850.0,2900.0,50.0,223.77626972833954,230.78529342180542,226.72483290066353,0.22672483290066353,14.018047386931755,2.85,66.38179700339808
21827489413,58,2900.0,2950.0,50.0,230.78529342180542,235.36554290492126,233.90923836262604,0.23390923836262603,9.160498966231671,2.9,70.96204648651391
21827489413,59,2950.0,3000.0,50.0,235.36554290492126,230.7682378346702,233.05730298063887,0.23305730298063887,-9.194610140502107,2.95,70.96204648651391
21827489413,60,3000.0,3050.0,50.0,230.7682378346702,223.4690473694608,227.41482079096752,0.22741482079096753,-14.598380930418784,3.0,70.96204648651391
21827489413,61,3050.0,3100.0,50.0,223.4690473694608,219.56628668027852,220.87059346250862,0.22087059346250862,-7.805521378364574,3.05,70.96204648651391
21827489413,62,3100.0,3150.0,50.0,219.56628668027852,219.9608653104055,219.9091669639273,0.21990916696392732,0.7891572602539441,3.1,71.35662511664088
21827489413,63,3150.0,3200.0,50.0,219.9608653104055,223.82303327663095,221.37111779396605,0.22137111779396604,7.724335932450913,3.15,75.21879308286634
21827489413,64,3200.0,3250.0,50.0,223.82303327663095,232.0658537825932,227.62640992503214,0.22762640992503214,16.485641011924486,3.2,83.46161358882858
21827489413,65,3250.0,3300.0,50.0,232.0658537825932,242.91201498558206,237.8177829437675,0.2378177829437675,21.692322405977734,3.25,94.30777479181745
21827489413,66,3300.0,3350.0,50.0,242.91201498558206,246.57980664254046,244.98739921832114,0.24498739921832113,7.3355833139168,3.3,97.97556644877585
21827489413,67,3350.0,3400.0,50.0,246.57980664254046,246.56893096998868,247.32572859769388,0.2473257285976939,-0.02175134510355292,3.35,97.97556644877585
21827489413,68,3400.0,3450.0,50.0,246.56893096998868,248.8434231875814,246.4475347820629,0.24644753478206288,4.548984435185446,3.4,100.25005866636857
21827489413,69,3450.0,3500.0,50.0,248.8434231875814,248.55367497007987,250.12433102161197,0.25012433102161197,-0.5794964350030796,3.45,100.25005866636857
21827489413,70,3500.0,3550.0,50.0,248.55367497007987,240.22265717746046,244.2685421615678,0.24426854216156782,-16.66203558523881,3.5,100.25005866636857
21827489413,71,3550.0,3600.0,50.0,240.22265717746046,234.02735271063443,236.646925210018,0.236646925210018,-12.39060893365206,3.55,100.25005866636857
21827489413,72,3600.0,3650.0,50.0,234.02735271063443,231.5874927256325,232.9366802251286,0.23293668022512862,-4.879719970003862,3.6,100.25005866636857
21827489413,73,3650.0,3700.0,50.0,231.5874927256325,225.51294284943143,228.89257441977944,0.22889257441977945,-12.149099752402151,3.65,100.25005866636857
21827489413,74,3700.0,3750.0,50.0,225.51294284943143,221.62365423583879,223.14584237391907,0.22314584237391907,-7.778577227185281,3.7,100.25005866636857
21827489413,75,3750.0,3800.0,50.0,221.62365423583879,218.61538397907458,220.29810402174647,0.22029810402174646,-6.016540513528412,3.75,100.25005866636857
21827489413,76,3800.0,3850.0,50.0,218.61538397907458,215.80226384201092,216.85439722702594,0.21685439722702593,-5.626240274127326,3.8,100.25005866636857
21827489413,77,3850.0,3900.0,50.0,215.80226384201092,214.50660817592825,215.1754960950718,0.2151754960950718,-2.5913113321653327,3.85,100.25005866636857
21827489413,78,3900.0,3950.0,50.0,214.50660817592825,220.65319973725872,217.432581749781,0.217432581749781,12.293183122660935,3.9,106.39665022769904
21827489413,79,3950.0,4000.0,50.0,220.65319973725872,217.94035682121995,219.84459636509942,0.21984459636509943,-5.425685832077534,3.95,106.39665022769904
21827489413,80,4000.0,4050.0,50.0,217.94035682121995,216.66906179853763,216.5132668415924,0.21651326684159242,-2.5425900453646477,4.0,106.39665022769904
21827489413,81,4050.0,4100.0,50.0,216.66906179853763,218.18999027237874,218.11406001286912,0.21811406001286912,3.04185694768222,4.05,107.91757870154015
21827489413,82,4100.0,4150.0,50.0,218.18999027237874,216.2522636135218,216.99715782532527,0.21699715782532528,-3.875453317713891,4.1,107.91757870154015
21827489413,83,4150.0,4200.0,50.0,216.2522636135218,211.02164541945822,214.21829327271018,0.2142182932727102,-10.461236388127134,4.15,107.91757870154015
21827489413,84,4200.0,4250.0,50.0,211.02164541945822,207.0630981152537,208.4289484606845,0.2084289484606845,-7.917094608409059,4.2,107.91757870154015
21827489413,85,4250.0,4300.0,50.0,207.0630981152537,211.7074338908316,208.9355948527166,0.2089355948527166,9.288671551155801,4.25,112.56191447711805
21827489413,86,4300.0,4350.0,50.0,211.7074338908316,214.80273998643844,213.6572913164141,0.21365729131641412,6.190612191213688,4.3,115.6572205727249
21827489413,87,4350.0,4400.0,50.0,214.80273998643844,213.28551628965343,214.4070923932975,0.2144070923932975,-3.0344473935700194,4.35,115.6572205727249
21827489413,88,4400.0,4450.0,50.0,213.28551628965343,208.83500946649798,210.72532592868163,0.21072532592868162,-8.9010136463109,4.4,115.6572205727249
21827489413,89,4450.0,4500.0,50.0,208.83500946649798,214.33476977383052,211.5405995511126,0.2115405995511126,10.999520614665073,4.45,121.15698088005743
21827489413,90,4500.0,4550.0,50.0,214.33476977383052,211.231459032161,212.9682712550546,0.21296827125505458,-6.206621483339006,4.5,121.15698088005743
21827489413,91,4550.0,4600.0,50.0,211.231459032161,214.13534988686615,211.81359540200597,0.21181359540200598,5.807781709410278,4.55,124.06087173476257
21827489413,92,4600.0,4650.0,50.0,214.13534988686615,218.82163704661562,217.4107635861317,0.2174107635861317,9.372574319498938,4.6,128.74715889451204
21827489413,93,4650.0,4700.0,50.0,218.82163704661562,215.8459851828008,217.2676461504117,0.21726764615041172,-5.951303727629636,4.65,128.74715889451204
21827489413,94,4700.0,4750.0,50.0,215.8459851828008,216.0086235471314,215.71662155904653,0.21571662155904653,0.3252767286612084,4.7,128.90979725884264
21827489413,95,4750.0,4800.0,50.0,216.0086235471314,217.75587327461358,216.86832156903597,0.21686832156903596,3.494499454964341,4.75,130.65704698632481
21827489413,96,4800.0,4850.0,50.0,217.75587327461358,218.69696813757832,218.25626732745908,0.2182562673274591,1.8821897259294929,4.8,131.59814184928956
21827489413,97,4850.0,4900.0,50.0,218.69696813757832,220.05130162933537,219.32430847116117,0.21932430847116116,2.7086669835140924,4.85,132.9524753410466
21827489413,98,4900.0,4950.0,50.0,220.05130162933537,223.19978211357846,221.57310772482847,0.22157310772482847,6.296960968486189,4.9,136.1009558252897
21827489413,99,4950.0,5000.0,50.0,223.19978211357846,225.0235646694925,224.16301924060872,0.22416301924060872,3.647565111828044,4.95,137.92473838120372
21827489413,100,5000.0,5050.0,50.0,225.0235646694925,226.14587533271646,225.44617516828419,0.2254461751682842,2.244621326447941,5.0,139.0470490444277
21827489413,101,5050.0,5100.0,50.0,226.14587533271646,229.94789282464916,228.1913336867957,0.2281913336867957,7.604034983865404,5.05,142.8490665363604
21827489413,102,5100.0,5150.0,50.0,229.94789282464916,230.44420118807724,230.43367053104336,0.23043367053104336,0.9926167268561699,5.1,143.34537489978848
21827489413,103,5150.0,5200.0,50.0,230.44420118807724,228.30467836087968,229.38895037047135,0.22938895037047136,-4.279045654395134,5.15,143.34537489978848
21827489413,104,5200.0,5250.0,50.0,228.30467836087968,228.2612669772944,228.09128105421928,0.22809128105421927,-0.08682276717053128,5.2,143.34537489978848
21827489413,105,5250.0,5300.0,50.0,228.2612669772944,230.04398699657168,229.11374834538103,0.22911374834538104,3.5654400385545273,5.25,145.12809491906575
21827489413,106,5300.0,5350.0,50.0,230.04398699657168,232.8525105846748,231.28093054779512,0.2312809305477951,5.617047176206256,5.3,147.93661850716887
21827489413,107,5350.0,5400.0,50.0,232.8525105846748,236.48522772836176,234.9969667154456,0.23499696671544562,7.265434287373921,5.35,151.56933565085583
21827489413,108,5400.0,5450.0,50.0,236.48522772836176,238.84185872457383,237.30917167177975,0.23730917167177976,4.713261992424123,5.4,153.9259666470679
21827489413,109,5450.0,5500.0,50.0,238.84185872457383,241.76387755411906,240.57203225229856,0.24057203225229856,5.844037659090475,5.45,156.84798547661313
21827489413,110,5500.0,5550.0,50.0,241.76387755411906,244.8625347083139,243.3661357729151,0.2433661357729151,6.19731430838965,5.5,159.94664263080796
21827489413,111,5550.0,5600.0,50.0,244.8625347083139,250.480945262849,247.19815646453083,0.24719815646453083,11.236821109070206,5.55,165.56505318534306
21827489413,112,5600.0,5650.0,50.0,250.480945262849,254.05348653485925,252.60498653320136,0.25260498653320135,7.145082544020511,5.6,169.13759445735332
21827489413,113,5650.0,5700.0,50.0,254.05348653485925,253.52272891325205,254.08260696262664,0.25408260696262663,-1.0615152432143873,5.65,169.13759445735332
21827489413,114,5700.0,5750.0,50.0,253.52272891325205,257.55559169182095,255.08917295471497,0.25508917295471495,8.065725557137796,5.7,173.1704572359222
21827489413,115,5750.0,5800.0,50.0,257.55559169182095,260.1049897773855,258.7426734127903,0.2587426734127903,5.098796171129152,5.75,175.7198553214868
21827489413,116,5800.0,5850.0,50.0,260.1049897773855,270.12007644518064,264.5140241984017,0.26451402419840175,20.030173335590234,5.8,185.7349419892819
21827489413,117,5850.0,5900.0,50.0,270.12007644518064,274.22397525847083,273.37731684866816,0.2733773168486682,8.207797626580373,5.85,189.8388408025721
21827489413,118,5900.0,5950.0,50.0,274.22397525847083,273.1903154346238,273.31795536432804,0.27331795536432807,-2.0673196476940348,5.9,189.8388408025721
21827489413,119,5950.0,6000.0,50.0,273.1903154346238,273.60778123641484,273.44023461242557,0.27344023461242556,0.8349316035820493,5.95,190.25630660436312
21827489413,120,6000.0,6050.0,50.0,273.60778123641484,273.61469428029596,273.6393186014173,0.2736393186014173,0.013826087762254247,6.0,190.26321964824425
21827489413,121,6050.0,6100.0,50.0,273.61469428029596,282.67092322859867,277.03340193705793,0.27703340193705794,18.112457896605406,6.05,199.31944859654695
21827489413,122,6100.0,6150.0,50.0,282.67092322859867,291.5035758037049,287.97381697025224,0.28797381697025226,17.665305150212475,6.1,208.1521011716532
21827489413,123,6150.0,6200.0,50.0,291.5035758037049,289.42620030259195,291.28536406107946,0.29128536406107947,-4.1547510022259075,6.15,208.1521011716532
21827489413,124,6200.0,6250.0,50.0,289.42620030259195,284.8516303294403,286.5801444881573,0.28658014448815733,-9.149139946303308,6.2,208.1521011716532
21827489413,125,6250.0,6300.0,50.0,284.8516303294403,284.8547242359252,284.7521452361278,0.2847521452361278,0.0061878129697561235,6.25,208.15519507813806
21827489413,126,6300.0,6350.0,50.0,284.8547242359252,288.07900844830675,286.49659462390474,0.28649659462390475,6.4485684247631525,6.3,211.37947929051964
21827489413,127,6350.0,6400.0,50.0,288.07900844830675,288.5998871610828,288.32647395336295,0.28832647395336297,1.0417574255520776,6.35,211.90035800329568
21827489413,128,6400.0,6450.0,50.0,288.5998871610828,292.9870732939904,290.62992467673917,0.29062992467673915,8.77437226581526,6.4,216.2875441362033
21827489413,129,6450.0,6500.0,50.0,292.9870732939904,297.6792753554371,295.3328201741289,0.29533282017412893,9.38440412289333,6.45,220.97974619764997
21827489413,130,6500.0,6550.0,50.0,297.6792753554371,298.5541298263362,298.39058577976556,0.29839058577976557,1.7497089417981897,6.5,221.85460066854907
21827489413,131,6550.0,6600.0,50.0,298.5541298263362,299.0468364094687,298.7475633071511,0.2987475633071511,0.9854131662650616,6.55,222.3473072516816
21827489413,132,6600.0,6650.0,50.0,299.0468364094687,302.88241317727216,300.9391698526179,0.3009391698526179,7.671153535606891,6.6,226.18288401948504
21827489413,133,6650.0,6700.0,50.0,302.88241317727216,302.81892986321674,302.7212395142915,0.3027212395142915,-0.1269666281108357,6.65,226.18288401948504
21827489413,134,6700.0,6750.0,50.0,302.81892986321674,301.6385447386167,302.46378526696645,0.30246378526696643,-2.3607702492000726,6.7,226.18288401948504
21827489413,135,6750.0,6800.0,50.0,301.6385447386167,299.62156853238594,301.05015183519873,0.30105015183519873,-4.033952412461531,6.75,226.18288401948504
21827489413,136,6800.0,6850.0,50.0,299.62156853238594,297.37197517227935,298.0418866924503,0.2980418866924503,-4.499186720213174,6.8,226.18288401948504
21827489413,137,6850.0,6900.0,50.0,297.37197517227935,298.62559549840387,298.6729318482575,0.2986729318482575,2.5072406522490382,6.85,227.43650434560956
21827489413,138,6900.0,6950.0,50.0,298.62559549840387,288.2959293588483,293.4535698859262,0.2934535698859262,-20.65933227911114,6.9,227.43650434560956
21827489413,139,6950.0,7000.0,50.0,288.2959293588483,282.2659597291442,284.66563624082283,0.28466563624082286,-12.059939259408225,6.95,227.43650434560956
21827489413,140,7000.0,7050.0,50.0,282.2659597291442,282.8421997709314,282.4772949657338,0.2824772949657338,1.15248008357446,7.0,228.0127443873968
21827489413,141,7050.0,7100.0,50.0,282.8421997709314,282.67725190839695,282.8373727253366,0.2828373727253366,-0.32989572506892273,7.05,228.0127443873968
21827489413,142,7100.0,7105.06,5.0600000000004,282.67725190839695,282.62281506361325,282.67725190839695,0.28267725190839693,-1.0758269720099682,7.1,228.0127443873968
21848059283,0,0.0,50.0,50.0,82.58345150807082,81.07187265345367,82.08847989342738,0.08208847989342738,-3.0231577092343116,0.0,0.0
21848059283,1,50.0,100.0,50.0,81.07187265345367,72.98581463976475,77.13531210713245,0.07713531210713245,-16.172116027377825,0.05,0.0
21848059283,2,100.0,150.0,50.0,72.98581463976475,70.08622539314175,71.3189484665286,0.0713189484665286,-5.799178493246018,0.1,0.0
21848059283,3,150.0,200.0,50.0,70.08622539314175,68.18176772867425,68.93695483747663,0.06893695483747664,-3.808915328935001,0.15,0.0
21848059283,4,200.0,250.0,50.0,68.18176772867425,67.71985010672782,67.97824196906214,0.06797824196906214,-0.923835243892853,0.2,0.0
21848059283,5,250.0,300.0,50.0,67.71985010672782,68.00686285876672,67.74542732806178,0.06774542732806178,0.5740255040778095,0.25,0.28701275203890475
21848059283,6,300.0,350.0,50.0,68.00686285876672,69.47167740074144,68.69623514908605,0.06869623514908604,2.929629083949436,0.3,1.7518272940136228
21848059283,7,350.0,400.0,50.0,69.47167740074144,71.19505382397519,70.37967054408158,0.07037967054408158,3.44675284646749,0.35,3.4752037172473678
21848059283,8,400.0,450.0,50.0,71.19505382397519,71.60000000000002,71.47867564048148,0.07147867564048148,0.8098923520496726,0.4,3.880149893272204
21848059283,9,450.0,500.0,50.0,71.60000000000002,72.03826577312847,71.75480435690677,0.07175480435690677,0.8765315462568992,0.45,4.318415666400654
21848059283,10,500.0,550.0,50.0,72.03826577312847,73.13271439050817,72.427934781549,0.07242793478154899,2.188897234759395,0.5,5.412864283780351
21848059283,11,550.0,600.0,50.0,73.13271439050817,78.39571046407897,75.41743047416328,0.07541743047416329,10.525992147141608,0.55,10.675860357351155
21848059283,12,600.0,650.0,50.0,78.39571046407897,83.84530571992114,81.59138952265741,0.0815913895226574,10.899190511684337,0.6,16.125455613193324
21848059283,13,650.0,700.0,50.0,83.84530571992114,84.3845796881374,84.11656357789225,0.08411656357789225,1.0785479364325283,0.65,16.66472958140959
21848059283,14,700.0,750.0,50.0,84.3845796881374,83.17621616618307,84.13792195637765,0.08413792195637765,-2.416727043908679,0.7,16.66472958140959
21848059283,15,750.0,800.0,50.0,83.17621616618307,81.92693566241816,82.29687747141914,0.08229687747141913,-2.4985610075298155,0.75,16.66472958140959
21848059283,16,800.0,850.0,50.0,81.92693566241816,76.95879469640587,80.01373699079001,0.08001373699079001,-9.93628193202457,0.8,16.66472958140959
21848059283,17,850.0,900.0,50.0,76.95879469640587,69.64299737601472,73.07872785729249,0.0730787278572925,-14.631594640782309,0.85,16.66472958140959
21848059283,18,900.0,950.0,50.0,69.64299737601472,70.41707682132808,69.3551922164877,0.0693551922164877,1.5481588906267234,0.9,17.43880902672295
21848059283,19,950.0,1000.0,50.0,70.41707682132808,74.41092726875677,72.54708304250143,0.07254708304250143,7.987700894857369,0.95,21.432659474151635
21848059283,20,1000.0,1050.0,50.0,74.41092726875677,73.73709548614723,74.36733136941935,0.07436733136941935,-1.3476635652190794,1.0,21.432659474151635
21848059283,21,1050.0,1100.0,50.0,73.73709548614723,72.69782950322004,73.10985882238232,0.07310985882238231,-2.0785319658543813,1.05,21.432659474151635
21848059283,22,1100.0,1150.0,50.0,72.69782950322004,75.41049762845685,73.63698803899622,0.07363698803899622,5.425336250473634,1.1,24.14532759938845
21848059283,23,1150.0,1200.0,50.0,75.41049762845685,80.44612067565068,78.15906293859545,0.07815906293859545,10.071246094387647,1.15,29.180950646582275
21848059283,24,1200.0,1250.0,50.0,80.44612067565068,83.12374792410765,81.89499416317953,0.08189499416317954,5.355254496913943,1.2,31.858577895039247
21848059283,25,1250.0,1300.0,50.0,83.12374792410765,83.4536710437076,83.37092776495854,0.08337092776495854,0.6598462391999078,1.25,32.1885010146392
21848059283,26,1300.0,1350.0,50.0,83.4536710437076,83.7194881078958,83.5588073484697,0.0835588073484697,0.5316341283763961,1.3,32.4543180788274
21848059283,27,1350.0,1400.0,50.0,83.7194881078958,82.4186920456928,83.01357810647194,0.08301357810647193,-2.601592124406011,1.35,32.4543180788274
21848059283,28,1400.0,1450.0,50.0,82.4186920456928,82.52472631203698,82.67212442729463,0.08267212442729463,0.21206853268836312,1.4,32.56035234517158
21848059283,29,1450.0,1500.0,50.0,82.52472631203698,81.29579727949292,81.93142402589079,0.08193142402589079,-2.457858065088118,1.45,32.56035234517158
21848059283,30,1500.0,1550.0,50.0,81.29579727949292,80.32405586435902,80.65258665790128,0.08065258665790129,-1.943482830267783,1.5,32.56035234517158
21848059283,31,1550.0,1600.0,50.0,80.32405586435902,81.0491277107648,80.62743715103977,0.08062743715103977,1.4501436928115368,1.55,33.28542419157735
21848059283,32,1600.0,1650.0,50.0,81.0491277107648,80.84627889549886,81.11633962867309,0.0811163396286731,-0.4056976305318756,1.6,33.28542419157735
21848059283,33,1650.0,1700.0,50.0,80.84627889549886,79.60823854563202,80.11461001599271,0.08011461001599271,-2.4760806997336715,1.65,33.28542419157735
21848059283,34,1700.0,1750.0,50.0,79.60823854563202,80.60529970448223,80.04998834693744,0.08004998834693744,1.9941223177004304,1.7,34.282485350427564
21848059283,35,1750.0,1800.0,50.0,80.60529970448223,82.93641784985057,81.63926101256905,0.08163926101256905,4.662236290736672,1.75,36.6136034957959
21848059283,36,1800.0,1850.0,50.0,82.93641784985057,87.0235116625827,84.9534664165322,0.08495346641653219,8.17418762546427,1.8,40.700697308528035
21848059283,37,1850.0,1900.0,50.0,87.0235116625827,91.18530766888001,89.11542939700105,0.08911542939700105,8.323592012594617,1.85,44.86249331482534
21848059283,38,1900.0,1950.0,50.0,91.18530766888001,94.05140768154074,92.69642990303403,0.09269642990303403,5.732200025321447,1.9,47.72859332748607
21848059283,39,1950.0,2000.0,50.0,94.05140768154074,95.35378640776698,94.83001650664329,0.09483001650664329,2.604757452452475,1.95,49.030972053712304
21848059283,40,2000.0,2050.0,50.0,95.35378640776698,94.82890344066125,95.28548483289406,0.09528548483289406,-1.0497659342114503,2.0,49.030972053712304
21848059283,41,2050.0,2100.0,50.0,94.82890344066125,93.66008977725512,94.22335129526762,0.09422335129526761,-2.337627326812253,2.05,49.030972053712304
21848059283,42,2100.0,2150.0,50.0,93.66008977725512,90.73381857128014,92.15279709802621,0.0921527970980262,-5.852542411949969,2.1,49.030972053712304
21848059283,43,2150.0,2200.0,50.0,90.73381857128014,89.96499238239998,90.33906053807216,0.09033906053807216,-1.5376523777603097,2.15,49.030972053712304
21848059283,44,2200.0,2250.0,50.0,89.96499238239998,86.6335023764203,88.31111757712023,0.08831111757712024,-6.662980011959377,2.2,49.030972053712304
21848059283,45,2250.0,2300.0,50.0,86.6335023764203,86.13019836206121,86.17347871825912,0.08617347871825912,-1.0066080287181762,2.25,49.030972053712304
21848059283,46,2300.0,2350.0,50.0,86.13019836206121,91.42115274206131,88.41735860905925,0.08841735860905925,10.581908760000204,2.3,54.321926433712406
21848059283,47,2350.0,2400.0,50.0,91.42115274206131,96.88781801248871,94.2968966696393,0.0942968966696393,10.933330540854797,2.35,59.788591704139805
21848059283,48,2400.0,2450.0,50.0,96.88781801248871,98.68468664850135,98.11414238123274,0.09811414238123274,3.593737272025294,2.4,61.58546034015245
21848059283,49,2450.0,2500.0,50.0,98.68468664850135,98.8981054876848,98.78451255412165,0.09878451255412164,0.4268376783668941,2.45,61.7988791793359
21848059283,50,2500.0,2550.0,50.0,98.8981054876848,98.80891841037949,98.70986651932238,0.09870986651932237,-0.17837415461062278,2.5,61.7988791793359
21848059283,51,2550.0,2600.0,50.0,98.80891841037949,100.47016595794318,99.76571751370784,0.09976571751370784,3.3224950951273797,2.55,63.46012672689959
21848059283,52,2600.0,2650.0,50.0,100.47016595794318,99.5453153830158,100.33071868802188,0.10033071868802187,-1.8497011498547522,2.6,63.46012672689959
21848059283,53,2650.0,2700.0,50.0,99.5453153830158,92.67002229269819,96.24203034523993,0.09624203034523993,-13.750586180635223,2.65,63.46012672689959
21848059283,54,2700.0,2750.0,50.0,92.67002229269819,89.82354109661989,90.88362055489074,0.09088362055489074,-5.692962392156602,2.7,63.46012672689959
21848059283,55,2750.0,2800.0,50.0,89.82354109661989,89.78875280156562,89.55189821382173,0.08955189821382173,-0.06957659010853945,2.75,63.46012672689959
21848059283,56,2800.0,2850.0,50.0,89.78875280156562,93.20068203249791,91.4705409785898,0.0914705409785898,6.823858461864575,2.8,66.87205595783188
21848059283,57,2850.0,2900.0,50.0,93.20068203249791,95.60064695069613,94.432801586749,0.094432801586749,4.799929836396444,2.85,69.2720208760301
21848059283,58,2900.0,2950.0,50.0,95.60064695069613,98.12725555164221,96.92893562471868,0.09692893562471867,5.053217201892153,2.9,71.79862947697617
21848059283,59,2950.0,3000.0,50.0,98.12725555164221,100.35930868129836,99.04417335543094,0.09904417335543095,4.464106259312302,2.95,74.03068260663233
21848059283,60,3000.0,3050.0,50.0,100.35930868129836,106.2050044138822,103.32914664078532,0.10332914664078532,11.69139146516767,3.0,79.87637833921616
21848059283,61,3050.0,3100.0,50.0,106.2050044138822,107.0913189320122,107.04418278668614,0.10704418278668613,1.772629036260014,3.05,80.76269285734617
21848059283,62,3100.0,3150.0,50.0,107.0913189320122,106.15531462473196,106.33728771586614,0.10633728771586613,-1.8720086145604853,3.1,80.76269285734617
21848059283,63,3150.0,3200.0,50.0,106.15531462473196,109.69777708920135,107.7223901512492,0.1077223901512492,7.08492492893879,3.15,84.30515532181556
21848059283,64,3200.0,3250.0,50.0,109.69777708920135,115.33743875550044,112.60738889561075,0.11260738889561075,11.279323332598183,3.2,89.94481698811465
21848059283,65,3250.0,3300.0,50.0,115.33743875550044,118.94349440956594,117.09426113536398,0.11709426113536398,7.212111308131,3.25,93.55087264218015
21848059283,66,3300.0,3350.0,50.0,118.94349440956594,122.32407686887909,120.82713084767416,0.12082713084767416,6.761164918626292,3.3,96.9314551014933
21848059283,67,3350.0,3400.0,50.0,122.32407686887909,124.33048005509094,123.23693744572888,0.12323693744572889,4.012806372423711,3.35,98.93785828770515
21848059283,68,3400.0,3450.0,50.0,124.33048005509094,130.32514675753015,127.16388762874256,0.12716388762874256,11.989333404878407,3.4,104.93252499014436
21848059283,69,3450.0,3500.0,50.0,130.32514675753015,128.36008048579933,129.8704185237681,0.1298704185237681,-3.9301325434616388,3.45,104.93252499014436
21848059283,70,3500.0,3550.0,50.0,128.36008048579933,127.21573107816312,127.43216261028128,0.12743216261028129,-2.2886988152724257,3.5,104.93252499014436
21848059283,71,3550.0,3600.0,50.0,127.21573107816312,146.8379088298914,135.5334313507009,0.1355334313507009,39.244355503456575,3.55,124.55470274187265
21848059283,72,3600.0,3650.0,50.0,146.8379088298914,157.6855824799211,153.72575203188438,0.15372575203188438,21.695347300059385,3.6,135.40237639190235
21848059283,73,3650.0,3700.0,50.0,157.6855824799211,160.55815780228383,158.97661154691968,0.1589766115469197,5.74515064472547,3.65,138.2749517142651
21848059283,74,3700.0,3750.0,50.0,160.55815780228383,164.64940303222218,162.8984527618642,0.1628984527618642,8.182490459876703,3.7,142.36619694420344
21848059283,75,3750.0,3800.0,50.0,164.64940303222218,167.15742082662183,165.88559755965733,0.16588559755965732,5.016035588799298,3.75,144.8742147386031
21848059283,76,3800.0,3850.0,50.0,167.15742082662183,171.01618258973667,168.84582800340112,0.16884582800340112,7.717523526229684,3.8,148.73297650171793
21848059283,77,3850.0,3900.0,50.0,171.01618258973667,176.21881111406094,173.49553358603052,0.1734955335860305,10.405257048648537,3.85,153.9356050260422
21848059283,78,3900.0,3950.0,50.0,176.21881111406094,180.3136568548923,178.52114236630106,0.17852114236630107,8.189691481662692,3.9,158.03045076687354
21848059283,79,3950.0,4000.0,50.0,180.3136568548923,184.3437689597103,182.23031041975966,0.18223031041975965,8.060224209636033,3.95,162.06056287169156
21848059283,80,4000.0,4050.0,50.0,184.3437689597103,189.42816883022573,186.78849862066218,0.18678849862066219,10.168799741030853,4.0,167.14496274220699
21848059283,81,4050.0,4100.0,50.0,189.42816883022573,190.73280480644317,191.02770962872356,0.19102770962872356,2.609271952434881,4.05,168.44959871842443
21848059283,82,4100.0,4150.0,50.0,190.73280480644317,181.8440301794359,185.83835243961607,0.18583835243961608,-17.77754925401456,4.1,168.44959871842443
21848059283,83,4150.0,4200.0,50.0,181.8440301794359,180.80553726883335,181.3625982466078,0.1813625982466078,-2.076985821205085,4.15,168.44959871842443
21848059283,84,4200.0,4250.0,50.0,180.80553726883335,175.27931009675495,178.62193913511123,0.17862193913511124,-11.052454344156786,4.2,168.44959871842443
21848059283,85,4250.0,4300.0,50.0,175.27931009675495,161.4421247120294,168.43518890650412,0.16843518890650414,-27.674370769451116,4.25,168.44959871842443
21848059283,86,4300.0,4350.0,50.0,161.4421247120294,155.26992015144023,157.72392746121076,0.15772392746121075,-12.34440912117833,4.3,168.44959871842443
21848059283,87,4350.0,4400.0,50.0,155.26992015144023,154.25621972901192,154.62865181830728,0.1546286518183073,-2.027400844856629,4.35,168.44959871842443
21848059283,88,4400.0,4450.0,50.0,154.25621972901192,154.52669951489057,154.24709452581143,0.15424709452581142,0.5409595717572984,4.4,168.72007850430307
21848059283,89,4450.0,4500.0,50.0,154.52669951489057,153.0914995390968,153.97440134860292,0.15397440134860294,-2.870399951587558,4.45,168.72007850430307
21848059283,90,4500.0,4550.0,50.0,153.0914995390968,153.6597168951152,153.43123191214974,0.15343123191214975,1.1364347120368166,4.5,169.28829586032148
21848059283,91,4550.0,4600.0,50.0,153.6597168951152,149.96790410966977,152.18019234990916,0.15218019234990915,-7.3836255708908425,4.55,169.28829586032148
21848059283,92,4600.0,4650.0,50.0,149.96790410966977,145.69714134806583,147.5129007265982,0.1475129007265982,-8.541525523207895,4.6,169.28829586032148
21848059283,93,4650.0,4700.0,50.0,145.69714134806583,145.44459309327675,145.33949963789598,0.145339499637896,-0.5050965095781521,4.65,169.28829586032148
21848059283,94,4700.0,4750.0,50.0,145.44459309327675,146.19616029108835,145.99987429050012,0.14599987429050013,1.5031343956231922,4.7,170.03986305813308
21848059283,95,4750.0,4800.0,50.0,146.19616029108835,145.87967198615107,145.87457444082514,0.14587457444082513,-0.6329766098745608,4.75,170.03986305813308
21848059283,96,4800.0,4850.0,50.0,145.87967198615107,144.47388901401206,145.64071126899296,0.14564071126899297,-2.8115659442780156,4.8,170.03986305813308
21848059283,97,4850.0,4900.0,50.0,144.47388901401206,140.669441967174,142.28092024264367,0.14228092024264366,-7.608894093676099,4.85,170.03986305813308
21848059283,98,4900.0,4950.0,50.0,140.669441967174,135.3400267296418,138.3941230379687,0.13839412303796872,-10.658830475064406,4.9,170.03986305813308
21848059283,99,4950.0,5000.0,50.0,135.3400267296418,133.1656747959749,133.66273206647267,0.13366273206647267,-4.348703867333825,4.95,170.03986305813308
21848059283,100,5000.0,5050.0,50.0,133.1656747959749,133.5377146163399,133.53630087120993,0.13353630087120993,0.7440796407300354,5.0,170.4119028784981
21848059283,101,5050.0,5100.0,50.0,133.5377146163399,133.7822247381963,133.3717255586604,0.1333717255586604,0.48902024371278685,5.05,170.6564130003545
21848059283,102,5100.0,5150.0,50.0,133.7822247381963,133.16373961341563,134.15959504903972,0.1341595950490397,-1.2369702495613524,5.1,170.6564130003545
21848059283,103,5150.0,5200.0,50.0,133.16373961341563,125.98516327183759,129.38107493431912,0.1293810749343191,-14.357152683156073,5.15,170.6564130003545
21848059283,104,5200.0,5250.0,50.0,125.98516327183759,120.56707535431558,123.37132967202636,0.12337132967202637,-10.836175835044033,5.2,170.6564130003545
21848059283,105,5250.0,5300.0,50.0,120.56707535431558,115.63835884263577,118.02807797004705,0.11802807797004705,-9.857433023359619,5.25,170.6564130003545
21848059283,106,5300.0,5350.0,50.0,115.63835884263577,113.79558550607919,114.59530686249836,0.11459530686249836,-3.6855466731131514,5.3,170.6564130003545
21848059283,107,5350.0,5400.0,50.0,113.79558550607919,107.28924783405618,110.69314364965106,0.11069314364965106,-13.012675344046015,5.35,170.6564130003545
21848059283,108,5400.0,5450.0,50.0,107.28924783405618,102.76106509493896,105.03379865580455,0.10503379865580455,-9.056365478234454,5.4,170.6564130003545
21848059283,109,5450.0,5500.0,50.0,102.76106509493896,99.39042476884319,100.89246384701227,0.10089246384701227,-6.741280652191534,5.45,170.6564130003545
21848059283,110,5500.0,5550.0,50.0,99.39042476884319,98.54397122461111,98.77054237616319,0.09877054237616319,-1.6929070884641533,5.5,170.6564130003545
21848059283,111,5550.0,5600.0,50.0,98.54397122461111,95.63101726829338,97.40356568600005,0.09740356568600005,-5.825907912635472,5.55,170.6564130003545
21848059283,112,5600.0,5650.0,50.0,95.63101726829338,92.16841270647663,93.75543085953076,0.09375543085953077,-6.925209123633493,5.6,170.6564130003545
21848059283,113,5650.0,5700.0,50.0,92.16841270647663,93.29857838433554,92.26044501353503,0.09226044501353503,2.260331355717824,5.65,171.7865786782134
21848059283,114,5700.0,5750.0,50.0,93.29857838433554,93.95399393720285,94.29645192286523,0.09429645192286523,1.3108311057346214,5.7,172.4419942310807
21848059283,115,5750.0,5800.0,50.0,93.95399393720285,92.52895641338378,92.72888592800042,0.09272888592800042,-2.8500750476381427,5.75,172.4419942310807
21848059283,116,5800.0,5850.0,50.0,92.52895641338378,98.44434412697508,95.06715175601556,0.09506715175601556,11.830775427182603,5.8,178.357381944672
21848059283,117,5850.0,5900.0,50.0,98.44434412697508,99.14245417788332,99.57080695690006,0.09957080695690006,1.396220101816482,5.85,179.05549199558024
21848059283,118,5900.0,5950.0,50.0,99.14245417788332,96.40007508560713,97.68455296979225,0.09768455296979225,-5.4847581845523905,5.9,179.05549199558024
21848059283,119,5950.0,6000.0,50.0,96.40007508560713,95.03224649260294,95.59149974443,0.09559149974443,-2.735657186008382,5.95,179.05549199558024
21848059283,120,6000.0,6050.0,50.0,95.03224649260294,94.93513179477591,94.87623352197039,0.09487623352197039,-0.19422939565404818,6.0,179.05549199558024
21848059283,121,6050.0,6100.0,50.0,94.93513179477591,95.67291701576927,95.34471548735344,0.09534471548735345,1.4755704419867186,6.05,179.79327721657359
21848059283,122,6100.0,6150.0,50.0,95.67291701576927,96.30873892479582,96.09439886435077,0.09609439886435077,1.271643818053093,6.1,180.42909912560015
21848059283,123,6150.0,6200.0,50.0,96.30873892479582,99.00428105447841,97.26365280804733,0.09726365280804733,5.391084259365186,6.15,183.12464125528274
21848059283,124,6200.0,6250.0,50.0,99.00428105447841,101.38956794086826,100.64358609492587,0.10064358609492587,4.770573772779699,6.2,185.5099281416726
21848059283,125,6250.0,6300.0,50.0,101.38956794086826,98.8238188167368,100.21249637262594,0.10021249637262594,-5.131498248262915,6.25,185.5099281416726
21848059283,126,6300.0,6350.0,50.0,98.8238188167368,97.15846142229604,97.90840924063461,0.09790840924063461,-3.3307147888815223,6.3,185.5099281416726
21848059283,127,6350.0,6400.0,50.0,97.15846142229604,95.93241230961388,96.51541308130952,0.09651541308130952,-2.452098225364324,6.35,185.5099281416726
21848059283,128,6400.0,6450.0,50.0,95.93241230961388,95.08237764242277,95.27501998643339,0.0952750199864334,-1.7000693343822206,6.4,185.5099281416726
21848059283,129,6450.0,6500.0,50.0,95.08237764242277,94.34723941917869,94.96645376459617,0.09496645376459617,-1.4702764464881568,6.45,185.5099281416726
21848059283,130,6500.0,6550.0,50.0,94.34723941917869,97.04377511887876,95.07233729157883,0.09507233729157884,5.393071399400128,6.5,188.20646384137265
21848059283,131,6550.0,6600.0,50.0,97.04377511887876,105.66631106382593,101.62869851068608,0.10162869851068608,17.245071889894348,6.55,196.82899978631983
21848059283,132,6600.0,6650.0,50.0,105.66631106382593,105.5564978726189,105.99502755605977,0.10599502755605977,-0.21962638241404875,6.6,196.82899978631983
21848059283,133,6650.0,6700.0,50.0,105.5564978726189,106.69535710198647,105.95676986722664,0.10595676986722664,2.277718458735137,6.65,197.9678590156874
21848059283,134,6700.0,6750.0,50.0,106.69535710198647,104.1209435535304,105.75581548516516,0.10575581548516516,-5.148827096912157,6.7,197.9678590156874
21848059283,135,6750.0,6800.0,50.0,104.1209435535304,100.90051976765396,102.41802910373003,0.10241802910373003,-6.440847571752869,6.75,197.9678590156874
21848059283,136,6800.0,6850.0,50.0,100.90051976765396,99.91931557014057,100.18932079826943,0.10018932079826944,-1.9624083950267845,6.8,197.9678590156874
21848059283,137,6850.0,6900.0,50.0,99.91931557014057,98.73459887727238,99.53706165108774,0.09953706165108774,-2.369433385736386,6.85,197.9678590156874
21848059283,138,6900.0,6950.0,50.0,98.73459887727238,97.55058152238912,97.88587137576918,0.09788587137576918,-2.368034709766505,6.9,197.9678590156874
21848059283,139,6950.0,7000.0,50.0,97.55058152238912,97.72755760997993,97.64685074466904,0.09764685074466904,0.35395217518160393,6.95,198.14483510327818
21848059283,140,7000.0,7050.0,50.0,97.72755760997993,99.12748177206404,98.411583952237,0.098411583952237,2.799848324168238,7.0,199.5447592653623
21848059283,141,7050.0,7100.0,50.0,99.12748177206404,99.32960653713715,99.31481244177006,0.09931481244177005,0.4042495301462168,7.05,199.7468840304354
21848059283,142,7100.0,7150.0,50.0,99.32960653713715,97.34970631483127,98.50705138425626,0.09850705138425626,-3.9598004446117727,7.1,199.7468840304354
21848059283,143,7150.0,7200.0,50.0,97.34970631483127,94.83826668992808,96.0417890970365,0.0960417890970365,-5.02287924980638,7.15,199.7468840304354
21848059283,144,7200.0,7250.0,50.0,94.83826668992808,90.54884477131509,92.87570233221754,0.09287570233221755,-8.578843837225975,7.2,199.7468840304354
21848059283,145,7250.0,7300.0,50.0,90.54884477131509,87.19050133297323,88.74853683821073,0.08874853683821073,-6.716686876683724,7.25,199.7468840304354
21848059283,146,7300.0,7350.0,50.0,87.19050133297323,88.71813893904176,87.56990954833539,0.08756990954833539,3.055275212137076,7.3,201.27452163650395
21848059283,147,7350.0,7400.0,50.0,88.71813893904176,88.47115334964202,88.72508948680235,0.08872508948680234,-0.4939711787994838,7.35,201.27452163650395
21848059283,148,7400.0,7450.0,50.0,88.47115334964202,91.83541873945072,89.9848609040144,0.08998486090401439,6.728530779617387,7.4,204.63878702631263
21848059283,149,7450.0,7500.0,50.0,91.83541873945072,90.05229165142025,91.63365169971541,0.09163365169971542,-3.566254176060937,7.45,204.63878702631263
21848059283,150,7500.0,7550.0,50.0,90.05229165142025,85.92954216147433,87.56477472851121,0.08756477472851121,-8.245498979891835,7.5,204.63878702631263
21848059283,151,7550.0,7600.0,50.0,85.92954216147433,85.49788008113623,85.62030603749945,0.08562030603749944,-0.8633241606761999,7.55,204.63878702631263
21848059283,152,7600.0,7650.0,50.0,85.49788008113623,85.39833645350056,85.63370939272893,0.08563370939272894,-0.19908725527133697,7.6,204.63878702631263
21848059283,153,7650.0,7700.0,50.0,85.39833645350056,83.92885662019192,84.57267141301409,0.0845726714130141,-2.9389596666172793,7.65,204.63878702631263
21848059283,154,7700.0,7750.0,50.0,83.92885662019192,83.4909846397331,83.67098225071808,0.08367098225071809,-0.8757439609176458,7.7,204.63878702631263
21848059283,155,7750.0,7800.0,50.0,83.4909846397331,82.50819852987169,83.03653221228257,0.08303653221228256,-1.9655722197228158,7.75,204.63878702631263
21848059283,156,7800.0,7850.0,50.0,82.50819852987169,80.93056118506904,81.82305931865018,0.08182305931865018,-3.1552746896053065,7.8,204.63878702631263
21848059283,157,7850.0,7900.0,50.0,80.93056118506904,80.05299350278614,80.38326577331026,0.08038326577331026,-1.7551353645658025,7.85,204.63878702631263
21848059283,158,7900.0,7950.0,50.0,80.05299350278614,80.55843315460213,80.30311491630292,0.08030311491630292,1.010879303631981,7.9,205.14422667812863
21848059283,159,7950.0,8000.0,50.0,80.55843315460213,82.49044934506088,81.09252119687508,0.08109252119687509,3.8640323809175072,7.95,207.07624286858737
21848059283,160,8000.0,8022.66,22.659999999999854,82.49044934506088,84.18695306156506,83.33608916156693,0.08333608916156693,7.486777213169431,8.0,208.77274658509157
21862167927,0,0.0,50.0,50.0,86.6572585865144,85.43357177863524,86.17863389667794,0.08617863389667793,-2.4473736157583232,0.0,0.0
21862167927,1,50.0,100.0,50.0,85.43357177863524,83.72308021314757,84.51501513189146,0.08451501513189145,-3.420983130975344,0.05,0.0
21862167927,2,100.0,150.0,50.0,83.72308021314757,82.72122350199695,83.21706987080223,0.08321706987080224,-2.003713422301246,0.1,0.0
21862167927,3,150.0,200.0,50.0,82.72122350199695,81.37425722505336,82.02700486553105,0.08202700486553105,-2.69393255388718,0.15,0.0
21862167927,4,200.0,250.0,50.0,81.37425722505336,80.38091538009147,80.89895269477135,0.08089895269477135,-1.9866836899237796,0.2,0.0
21862167927,5,250.0,300.0,50.0,80.38091538009147,79.41817816165414,79.91937464433586,0.07991937464433586,-1.9254744368746515,0.25,0.0
21862167927,6,300.0,350.0,50.0,79.41817816165414,77.35908774202208,78.38344207926416,0.07838344207926416,-4.118180839264113,0.3,0.0
21862167927,7,350.0,400.0,50.0,77.35908774202208,77.40988016311891,77.2545326180415,0.0772545326180415,0.1015848421936596,0.35,0.0507924210968298
21862167927,8,400.0,450.0,50.0,77.40988016311891,78.84869556273917,78.05611175400107,0.07805611175400107,2.8776307992405066,0.4,1.489607820717083
21862167927,9,450.0,500.0,50.0,78.84869556273917,79.30404181745737,79.27831257442558,0.07927831257442558,0.9106925094364158,0.45,1.944954075435291
21862167927,10,500.0,550.0,50.0,79.30404181745737,77.88199231944559,78.59208878876039,0.0785920887887604,-2.8440989960235754,0.5,1.944954075435291
21862167927,11,550.0,600.0,50.0,77.88199231944559,76.10199903428293,76.98591767215643,0.07698591767215643,-3.5599865703253215,0.55,1.944954075435291
21862167927,12,600.0,650.0,50.0,76.10199903428293,74.80955679268013,75.39907736193145,0.07539907736193145,-2.584884483205599,0.6,1.944954075435291
21862167927,13,650.0,700.0,50.0,74.80955679268013,75.5715293977099,75.11458110585626,0.07511458110585625,1.5239452100595372,0.65,2.7069266804650596
21862167927,14,700.0,750.0,50.0,75.5715293977099,75.70211064621103,75.71189730591998,0.07571189730591997,0.26116249700226035,0.7,2.8375079289661898
21862167927,15,750.0,800.0,50.0,75.70211064621103,74.13325139067936,75.04999174436864,0.07504999174436865,-3.1377185110633263,0.75,2.8375079289661898
21862167927,16,800.0,850.0,50.0,74.13325139067936,71.49098327289576,72.78483548777166,0.07278483548777166,-5.284536235567202,0.8,2.8375079289661898
21862167927,17,850.0,900.0,50.0,71.49098327289576,70.20109438887229,70.77339139077725,0.07077339139077725,-2.579777768046938,0.85,2.8375079289661898
21862167927,18,900.0,950.0,50.0,70.20109438887229,70.3105380333952,70.16410675834327,0.07016410675834327,0.21888728904582422,0.9,2.946951573489102
21862167927,19,950.0,1000.0,50.0,70.3105380333952,70.01653559163545,70.29176017738119,0.07029176017738119,-0.5880048835195169,0.95,2.946951573489102
21862167927,20,1000.0,1050.0,50.0,70.01653559163545,66.79949471343605,68.50135744803512,0.06850135744803512,-6.434081756398797,1.0,2.946951573489102
21862167927,21,1050.0,1100.0,50.0,66.79949471343605,64.79371343038575,65.67826087665064,0.06567826087665064,-4.011562566100594,1.05,2.946951573489102
21862167927,22,1100.0,1150.0,50.0,64.79371343038575,65.47136799022577,64.89290974191778,0.06489290974191778,1.3553091196800438,1.1,3.6246061333291237
21862167927,23,1150.0,1200.0,50.0,65.47136799022577,67.370080321505,66.5446785980358,0.0665446785980358,3.7974246625584556,1.15,5.5233184646083515
21862167927,24,1200.0,1250.0,50.0,67.370080321505,66.7890282663839,67.2622870398496,0.0672622870398496,-1.1621041102422112,1.2,5.5233184646083515
21862167927,25,1250.0,1300.0,50.0,66.7890282663839,67.40842261657576,66.71343679434499,0.06671343679434498,1.2387887003837363,1.25,6.14271281480022
21862167927,26,1300.0,1350.0,50.0,67.40842261657576,69.42057144359978,68.54257785957256,0.06854257785957256,4.024297654048041,1.3,8.15486164182424
21862167927,27,1350.0,1400.0,50.0,69.42057144359978,72.1853217288819,70.79664097287554,0.07079664097287554,5.529500570564238,1.35,10.91961192710636
21862167927,28,1400.0,1450.0,50.0,72.1853217288819,74.87606135013263,73.42001091556783,0.07342001091556782,5.381479242501456,1.4,13.610351548357087
21862167927,29,1450.0,1500.0,50.0,74.87606135013263,75.7005890108283,75.62837180585885,0.07562837180585885,1.6490553213913302,1.45,14.434879209052752
21862167927,30,1500.0,1550.0,50.0,75.7005890108283,74.46072180636752,75.05585109176714,0.07505585109176714,-2.4797344089215585,1.5,14.434879209052752
21862167927,31,1550.0,1600.0,50.0,74.46072180636752,73.50405266366552,73.93666244893151,0.07393666244893152,-1.913338285403995,1.55,14.434879209052752
21862167927,32,1600.0,1650.0,50.0,73.50405266366552,74.06021033613376,73.69827178930787,0.07369827178930786,1.1123153449364906,1.6,14.991036881520998
21862167927,33,1650.0,1700.0,50.0,74.06021033613376,74.15253085760995,74.23003595835587,0.07423003595835587,0.1846410429523644,1.65,15.08335740299718
21862167927,34,1700.0,1750.0,50.0,74.15253085760995,73.99527541110471,74.1525821322147,0.0741525821322147,-0.3145108930104641,1.7,15.08335740299718
21862167927,35,1750.0,1800.0,50.0,73.99527541110471,71.96041669395643,72.90738727393018,0.07290738727393019,-4.069717434296564,1.75,15.08335740299718
21862167927,36,1800.0,1850.0,50.0,71.96041669395643,71.23947346132752,71.44332413145534,0.07144332413145534,-1.4418864652578236,1.8,15.08335740299718
21862167927,37,1850.0,1900.0,50.0,71.23947346132752,75.56971805889437,73.19306587673967,0.07319306587673967,8.660489195133692,1.85,19.413602000564026
21862167927,38,1900.0,1950.0,50.0,75.56971805889437,79.40675274299734,77.65058543487329,0.0776505854348733,7.674069368205949,1.9,23.250636684667
21862167927,39,1950.0,2000.0,50.0,79.40675274299734,80.21534972499599,79.87333583270517,0.07987333583270517,1.6171939639972948,1.95,24.059233666665648
21862167927,40,2000.0,2050.0,50.0,80.21534972499599,81.00675110421192,80.64638162584534,0.08064638162584534,1.5828027584318534,2.0,24.850635045881575
21862167927,41,2050.0,2100.0,50.0,81.00675110421192,81.02234394027784,80.97559829462594,0.08097559829462594,0.031185672131840647,2.05,24.866227881947495
21862167927,42,2100.0,2150.0,50.0,81.02234394027784,83.47377858349418,81.98513997559125,0.08198513997559126,4.90286928643269,2.1,27.31766252516384
21862167927,43,2150.0,2200.0,50.0,83.47377858349418,88.47447070305755,85.93801437166299,0.08593801437166299,10.001384239126736,2.15,32.31835464472721
21862167927,44,2200.0,2250.0,50.0,88.47447070305755,90.22100480626682,89.75673582197726,0.08975673582197725,3.493068206418542,2.2,34.06488874793648
21862167927,45,2250.0,2300.0,50.0,90.22100480626682,88.9949722484241,89.82516043391077,0.08982516043391077,-2.4520651156854285,2.25,34.06488874793648
21862167927,46,2300.0,2350.0,50.0,88.9949722484241,85.07525897627633,86.97965439183236,0.08697965439183236,-7.839426544295549,2.3,34.06488874793648
21862167927,47,2350.0,2400.0,50.0,85.07525897627633,82.56098333210566,83.78410037549769,0.08378410037549769,-5.028551288341333,2.35,34.06488874793648
21862167927,48,2400.0,2450.0,50.0,82.56098333210566,76.62748079964078,80.2281943150586,0.0802281943150586,-11.867005064929772,2.4,34.06488874793648
21862167927,49,2450.0,2500.0,50.0,76.62748079964078,75.87443911523556,74.74008479213926,0.07474008479213926,-1.5060833688104367,2.45,34.06488874793648
21862167927,50,2500.0,2550.0,50.0,75.87443911523556,78.78338463732942,77.75575997928506,0.07775575997928506,5.817891044187718,2.5,36.97383427003034
21862167927,51,2550.0,2600.0,50.0,78.78338463732942,82.75872287311941,80.78433903027776,0.08078433903027776,7.950676471579982,2.55,40.94917250582033
21862167927,52,2600.0,2650.0,50.0,82.75872287311941,83.719441652708,83.53670818941016,0.08353670818941017,1.9214375591771784,2.6,41.90989128540892
21862167927,53,2650.0,2700.0,50.0,83.719441652708,81.4950329270464,82.96546248738133,0.08296546248738133,-4.448817451323208,2.65,41.90989128540892
21862167927,54,2700.0,2750.0,50.0,81.4950329270464,81.69396806543185,80.70819818122072,0.08070819818122073,0.39787027677090236,2.7,42.10882642379437
21862167927,55,2750.0,2800.0,50.0,81.69396806543185,86.11104193893907,84.52300987765769,0.08452300987765768,8.834147747014441,2.75,46.52590029730159
21862167927,56,2800.0,2850.0,50.0,86.11104193893907,79.43667738810197,83.23696678999865,0.08323696678999865,-13.348729101674193,2.8,46.52590029730159
21862167927,57,2850.0,2900.0,50.0,79.43667738810197,75.26283952053832,76.97693938949055,0.07697693938949056,-8.347675735127297,2.85,46.52590029730159
21862167927,58,2900.0,2950.0,50.0,75.26283952053832,71.54067182308465,73.270289126033,0.073270289126033,-7.444335394907341,2.9,46.52590029730159
21862167927,59,2950.0,3000.0,50.0,71.54067182308465,70.38616845227378,71.07206700629511,0.07107206700629512,-2.3090067416217437,2.95,46.52590029730159
21862167927,60,3000.0,3050.0,50.0,70.38616845227378,66.44545905353274,68.48062826495544,0.06848062826495545,-7.88141879748207,3.0,46.52590029730159
21862167927,61,3050.0,3100.0,50.0,66.44545905353274,62.984116872154836,64.65621115536202,0.06465621115536202,-6.922684362755818,3.05,46.52590029730159
21862167927,62,3100.0,3150.0,50.0,62.984116872154836,62.15329458256715,62.439005659831956,0.06243900565983196,-1.6616445791753733,3.1,46.52590029730159
21862167927,63,3150.0,3200.0,50.0,62.15329458256715,62.44348363864579,62.17667029560693,0.06217667029560693,0.5803781121572769,3.15,46.81608935338023
21862167927,64,3200.0,3250.0,50.0,62.44348363864579,63.62634744799785,62.971652827693426,0.06297165282769343,2.3657276187041276,3.2,47.99895316273229
21862167927,65,3250.0,3300.0,50.0,63.62634744799785,67.73224700081681,65.56191794311168,0.06556191794311168,8.211799105637922,3.25,52.10485271555125
21862167927,66,3300.0,3350.0,50.0,67.73224700081681,69.50876017399635,68.69473058121166,0.06869473058121166,3.5530263463590757,3.3,53.88136588873079
21862167927,67,3350.0,3400.0,50.0,69.50876017399635,70.90399965412882,70.49685284596875,0.07049685284596875,2.7904789602649487,3.35,55.276605368863265
21862167927,68,3400.0,3450.0,50.0,70.90399965412882,71.23100049860622,70.4728519648085,0.0704728519648085,0.6540016889547928,3.4,55.60360621334066
21862167927,69,3450.0,3500.0,50.0,71.23100049860622,77.23327236611819,74.45288959775951,0.0744528895977595,12.004543735023931,3.45,61.60587808085263
21862167927,70,3500.0,3550.0,50.0,77.23327236611819,76.42913467584329,77.21656553937898,0.07721656553937897,-1.6082753805497987,3.5,61.60587808085263
21862167927,71,3550.0,3600.0,50.0,76.42913467584329,78.87701826554635,77.08004272468509,0.07708004272468509,4.8957671794061355,3.55,64.0537616705557
21862167927,72,3600.0,3650.0,50.0,78.87701826554635,78.87949673129178,79.42521797557384,0.07942521797557385,0.004956931490852412,3.6,64.05624013630113
21862167927,73,3650.0,3700.0,50.0,78.87949673129178,76.36955195959621,77.76003600658952,0.07776003600658951,-5.019889543391145,3.65,64.05624013630113
21862167927,74,3700.0,3750.0,50.0,76.36955195959621,74.06465225993584,75.03818982187923,0.07503818982187922,-4.609799399320735,3.7,64.05624013630113
21862167927,75,3750.0,3800.0,50.0,74.06465225993584,73.30203534360744,73.68232237487457,0.07368232237487457,-1.5252338326567951,3.75,64.05624013630113
21862167927,76,3800.0,3850.0,50.0,73.30203534360744,69.6897843916649,71.79112522654616,0.07179112522654615,-7.224501903885084,3.8,64.05624013630113
21862167927,77,3850.0,3900.0,50.0,69.6897843916649,68.23283255627022,68.51433325942128,0.06851433325942127,-2.9139036707893524,3.85,64.05624013630113
21862167927,78,3900.0,3950.0,50.0,68.23283255627022,70.13743529797532,69.14684327145659,0.06914684327145659,3.8092054834101816,3.9,65.96084287800622
21862167927,79,3950.0,4000.0,50.0,70.13743529797532,70.81990689707847,70.60441413279794,0.07060441413279794,1.364943198206305,3.95,66.64331447710937
21862167927,80,4000.0,4050.0,50.0,70.81990689707847,69.83698736208193,70.3848352230855,0.0703848352230855,-1.9658390699930806,4.0,66.64331447710937
21862167927,81,4050.0,4100.0,50.0,69.83698736208193,69.75704164715107,69.73689885857058,0.06973689885857058,-0.159891429861716,4.05,66.64331447710937
21862167927,82,4100.0,4150.0,50.0,69.75704164715107,69.11014613247984,69.45630436436183,0.06945630436436183,-1.293791029342458,4.1,66.64331447710937
21862167927,83,4150.0,4200.0,50.0,69.11014613247984,67.01665191286205,68.24253424837924,0.06824253424837924,-4.186988439235591,4.15,66.64331447710937
21862167927,84,4200.0,4250.0,50.0,67.01665191286205,65.69879361704209,66.1254961569322,0.0661254961569322,-2.6357165916399197,4.2,66.64331447710937
21862167927,85,4250.0,4300.0,50.0,65.69879361704209,65.21563358313026,65.50222112107834,0.06550222112107834,-0.9663200678236592,4.25,66.64331447710937
21862167927,86,4300.0,4350.0,50.0,65.21563358313026,65.65667317482587,65.35058470292917,0.06535058470292916,0.8820791833912267,4.3,67.08435406880498
21862167927,87,4350.0,4400.0,50.0,65.65667317482587,67.07451674903675,66.33217313823427,0.06633217313823427,2.835687148421755,4.35,68.50219764301586
21862167927,88,4400.0,4450.0,50.0,67.07451674903675,67.90515887171189,67.57528050359214,0.06757528050359214,1.6612842453502878,4.4,69.332839765691
21862167927,89,4450.0,4500.0,50.0,67.90515887171189,68.57028112449801,68.24203043582577,0.06824203043582577,1.3302445055722387,4.45,69.99796201847712
21862167927,90,4500.0,4550.0,50.0,68.57028112449801,68.07257987122753,68.35969299026091,0.06835969299026091,-0.9954025065409553,4.5,69.99796201847712
21862167927,91,4550.0,4600.0,50.0,68.07257987122753,69.61674886413975,68.67036902327594,0.06867036902327593,3.088337985824438,4.55,71.54213101138934
21862167927,92,4600.0,4650.0,50.0,69.61674886413975,71.0327144649455,70.457819343954,0.070457819343954,2.8319312016114964,4.6,72.95809661219509
21862167927,93,4650.0,4700.0,50.0,71.0327144649455,71.59399658637359,71.28097723873732,0.07128097723873732,1.1225642428561855,4.65,73.51937873362318
21862167927,94,4700.0,4750.0,50.0,71.59399658637359,71.9792838272754,71.83671310473107,0.07183671310473108,0.7705744818036067,4.7,73.90466597452499
21862167927,95,4750.0,4800.0,50.0,71.9792838272754,72.525983463331,72.26168064949935,0.07226168064949935,1.0933992721112133,4.75,74.4513656105806
21862167927,96,4800.0,4850.0,50.0,72.525983463331,70.68039079109657,71.72647971603273,0.07172647971603273,-3.691185344468863,4.8,74.4513656105806
21862167927,97,4850.0,4900.0,50.0,70.68039079109657,69.6016254880115,70.09923848903433,0.07009923848903434,-2.157530606170127,4.85,74.4513656105806
21862167927,98,4900.0,4950.0,50.0,69.6016254880115,67.83515308114134,68.66752523602787,0.06866752523602787,-3.532944813740329,4.9,74.4513656105806
21862167927,99,4950.0,5000.0,50.0,67.83515308114134,66.86389452332655,67.40183886905443,0.06740183886905443,-1.9425171156295846,4.95,74.4513656105806
21862167927,100,5000.0,5050.0,50.0,66.86389452332655,66.48138243965344,66.58086312643977,0.06658086312643977,-0.7650241673462119,5.0,74.4513656105806
21862167927,101,5050.0,5100.0,50.0,66.48138243965344,65.61761230322128,66.05517758956655,0.06605517758956655,-1.7275402728643314,5.05,74.4513656105806
21862167927,102,5100.0,5150.0,50.0,65.61761230322128,67.07320859489236,66.20184287005898,0.06620184287005898,2.911192583342171,5.1,75.90696190225168
21862167927,103,5150.0,5200.0,50.0,67.07320859489236,67.15602389339652,67.3361383301231,0.0673361383301231,0.16563059700831673,5.15,75.98977720075584
21862167927,104,5200.0,5250.0,50.0,67.15602389339652,66.63054186430647,66.7656560325887,0.06676565603258869,-1.0509640581801136,5.2,75.98977720075584
21862167927,105,5250.0,5300.0,50.0,66.63054186430647,67.35577756185111,66.98620743083124,0.06698620743083124,1.450471395089295,5.25,76.71501289830049
21862167927,106,5300.0,5350.0,50.0,67.35577756185111,68.2630557817201,67.82986249456971,0.06782986249456971,1.81455643973797,5.3,77.62229111816947
21862167927,107,5350.0,5400.0,50.0,68.2630557817201,67.92349238260394,68.15363060701172,0.06815363060701173,-0.6791267982323177,5.35,77.62229111816947
21862167927,108,5400.0,5450.0,50.0,67.92349238260394,66.86132947423219,67.42275084831557,0.06742275084831557,-2.124325816743493,5.4,77.62229111816947
21862167927,109,5450.0,5500.0,50.0,66.86132947423219,66.61665735972845,66.64655074937271,0.0666465507493727,-0.48934422900748586,5.45,77.62229111816947
21862167927,110,5500.0,5550.0,50.0,66.61665735972845,65.32526937659819,66.17160071462844,0.06617160071462844,-2.5827759662605274,5.5,77.62229111816947
21862167927,111,5550.0,5600.0,50.0,65.32526937659819,62.55199267389175,63.92059023200528,0.06392059023200528,-5.5465534054128645,5.55,77.62229111816947
21862167927,112,5600.0,5650.0,50.0,62.55199267389175,60.64713587447535,61.50726477536225,0.06150726477536225,-3.8097135988328006,5.6,77.62229111816947
21862167927,113,5650.0,5700.0,50.0,60.64713587447535,59.84203497892361,60.250712931627135,0.060250712931627134,-1.610201791103492,5.65,77.62229111816947
21862167927,114,5700.0,5750.0,50.0,59.84203497892361,58.81546810723963,59.400534931488075,0.05940053493148807,-2.053133743367951,5.7,77.62229111816947
21862167927,115,5750.0,5800.0,50.0,58.81546810723963,58.739465871254154,58.51899419024434,0.05851899419024434,-0.15200447197095457,5.75,77.62229111816947
21862167927,116,5800.0,5850.0,50.0,58.739465871254154,59.01197535574723,59.02828431526368,0.059028284315263684,0.545018968986156,5.8,77.89480060266254
21862167927,117,5850.0,5900.0,50.0,59.01197535574723,57.943036255766025,58.51945888203463,0.05851945888203463,-2.1378781999624152,5.85,77.89480060266254
21862167927,118,5900.0,5950.0,50.0,57.943036255766025,54.60133297006744,56.569813791087654,0.05656981379108766,-6.683406571397171,5.9,77.89480060266254
21862167927,119,5950.0,6000.0,50.0,54.60133297006744,51.57752838312645,52.82644066952343,0.052826440669523425,-6.047609173881981,5.95,77.89480060266254
21862167927,120,6000.0,6050.0,50.0,51.57752838312645,51.94548137374234,51.39643946386352,0.051396439463863526,0.735905981231781,6.0,78.26275359327843
21862167927,121,6050.0,6100.0,50.0,51.94548137374234,57.187077662296375,54.619731591789105,0.0546197315917891,10.48319257710807,6.05,83.50434988183247
21862167927,122,6100.0,6150.0,50.0,57.187077662296375,59.18029421038888,58.2627234117478,0.0582627234117478,3.98643309618501,6.1,85.49756642992497
21862167927,123,6150.0,6200.0,50.0,59.18029421038888,59.41047613101642,59.3848427911868,0.0593848427911868,0.4603638412550879,6.15,85.72774835055252
21862167927,124,6200.0,6250.0,50.0,59.41047613101642,61.8982877858009,60.56254551505677,0.06056254551505677,4.9756233095689595,6.2,88.215560005337
21862167927,125,6250.0,6300.0,50.0,61.8982877858009,61.05228760768499,61.688959284848416,0.06168895928484842,-1.69200035623183,6.25,88.215560005337
21862167927,126,6300.0,6350.0,50.0,61.05228760768499,60.68549035927096,60.78259979246902,0.06078259979246902,-0.7335944968280614,6.3,88.215560005337
21862167927,127,6350.0,6400.0,50.0,60.68549035927096,61.04958422338508,60.85934586292566,0.06085934586292566,0.7281877282282494,6.35,88.57965386945112
21862167927,128,6400.0,6450.0,50.0,61.04958422338508,59.66975684747181,60.45175718791456,0.06045175718791456,-2.7596547518265453,6.4,88.57965386945112
21862167927,129,6450.0,6500.0,50.0,59.66975684747181,61.08308024183109,60.109170565454775,0.06010917056545478,2.8266467887185627,6.45,89.9929772638104
21862167927,130,6500.0,6550.0,50.0,61.08308024183109,62.93900758659587,62.14667112807999,0.062146671128079985,3.7118546895295594,6.5,91.84890460857518
21862167927,131,6550.0,6600.0,50.0,62.93900758659587,63.25838195217896,63.04444166259708,0.06304444166259708,0.6387487311661744,6.55,92.16827897415827
21862167927,132,6600.0,6650.0,50.0,63.25838195217896,65.81595361243535,64.52550660388906,0.06452550660388906,5.115143320512786,6.6,94.72585063441466
21862167927,133,6650.0,6700.0,50.0,65.81595361243535,65.31980283849695,65.78658289849666,0.06578658289849666,-0.9923015478767923,6.65,94.72585063441466
21862167927,134,6700.0,6750.0,50.0,65.31980283849695,62.581415803686994,64.0146635283079,0.06401466352830791,-5.476774069619921,6.7,94.72585063441466
21862167927,135,6750.0,6800.0,50.0,62.581415803686994,60.080985756176766,61.28522608941257,0.061285226089412566,-5.000860095020457,6.75,94.72585063441466
21862167927,136,6800.0,6850.0,50.0,60.080985756176766,61.87536590323722,60.58865170878346,0.060588651708783456,3.5887602941209025,6.8,96.5202307814751
21862167927,137,6850.0,6900.0,50.0,61.87536590323722,63.91375058949383,63.18024293788381,0.06318024293788381,4.076769372513226,6.85,98.55861546773173
21862167927,138,6900.0,6950.0,50.0,63.91375058949383,62.800721300569776,63.475052776719046,0.06347505277671904,-2.2260585778481072,6.9,98.55861546773173
21862167927,139,6950.0,7000.0,50.0,62.800721300569776,61.296849771548615,61.9574565319185,0.0619574565319185,-3.0077430580423226,6.95,98.55861546773173
21862167927,140,7000.0,7050.0,50.0,61.296849771548615,62.118080458244286,61.61471525824151,0.06161471525824151,1.6424613733913418,7.0,99.3798461544274
21862167927,141,7050.0,7100.0,50.0,62.118080458244286,61.00339128194357,61.63067805115122,0.06163067805115122,-2.2293783526014295,7.05,99.3798461544274
21862167927,142,7100.0,7150.0,50.0,61.00339128194357,61.06300979358828,61.05316540611992,0.06105316540611992,0.11923702328941488,7.1,99.4394646660721
21862167927,143,7150.0,7200.0,50.0,61.06300979358828,61.01082306619637,60.960415975970214,0.06096041597597021,-0.10437345478381133,7.15,99.4394646660721
21862167927,144,7200.0,7250.0,50.0,61.01082306619637,60.57271094939654,60.88167549194748,0.060881675491947486,-0.8762242335996717,7.2,99.4394646660721
21862167927,145,7250.0,7300.0,50.0,60.57271094939654,59.36465230434599,60.015959585125756,0.060015959585125754,-2.4161172901010985,7.25,99.4394646660721
21862167927,146,7300.0,7350.0,50.0,59.36465230434599,58.311121385046896,58.63637668563931,0.05863637668563931,-2.1070618385981845,7.3,99.4394646660721
21862167927,147,7350.0,7400.0,50.0,58.311121385046896,59.556670224119486,59.097087915467824,0.059097087915467826,2.491097678145181,7.35,100.6850135051447
21862167927,148,7400.0,7450.0,50.0,59.556670224119486,58.6363677842916,58.994696780038616,0.058994696780038616,-1.8406048796557712,7.4,100.6850135051447
21862167927,149,7450.0,7500.0,50.0,58.6363677842916,59.19948702263675,58.93803804943335,0.05893803804943335,1.126238476690304,7.45,101.24813274348985
21862167927,150,7500.0,7550.0,50.0,59.19948702263675,59.52132116779122,59.365544198825525,0.059365544198825525,0.6436682903089377,7.5,101.56996688864432
21862167927,151,7550.0,7600.0,50.0,59.52132116779122,60.20266228883039,59.815456446761665,0.059815456446761665,1.3626822420783355,7.55,102.25130800968348
21862167927,152,7600.0,7650.0,50.0,60.20266228883039,59.82051084566179,60.2150603953724,0.060215060395372395,-0.7643028863372052,7.6,102.25130800968348
21862167927,153,7650.0,7700.0,50.0,59.82051084566179,57.92596895814031,58.75709254048076,0.05875709254048076,-3.789083775042954,7.65,102.25130800968348
21862167927,154,7700.0,7750.0,50.0,57.92596895814031,59.70029985682349,58.519484855416295,0.0585194848554163,3.548661797366364,7.7,104.02563890836666
21862167927,155,7750.0,7800.0,50.0,59.70029985682349,61.08656796337641,60.729740826864536,0.06072974082686453,2.7725362131058375,7.75,105.41190701491958
21862167927,156,7800.0,7850.0,50.0,61.08656796337641,60.95825223481675,60.90438971096341,0.06090438971096341,-0.256631457119326,7.8,105.41190701491958
21862167927,157,7850.0,7900.0,50.0,60.95825223481675,61.129774888075076,61.059023302361425,0.061059023302361425,0.34304530651665743,7.85,105.5834296681779
21862167927,158,7900.0,7950.0,50.0,61.129774888075076,61.610911660777376,61.40644688331895,0.06140644688331895,0.9622735454045994,7.9,106.0645664408802
21862167927,159,7950.0,8000.0,50.0,61.610911660777376,61.80238610760896,61.824518601838456,0.061824518601838456,0.3829488936631691,7.95,106.25604088771178
21862167927,160,8000.0,8050.0,50.0,61.80238610760896,59.674812433011766,60.68688195691849,0.060686881956918494,-4.255147349194388,8.0,106.25604088771178
21862167927,161,8050.0,8100.0,50.0,59.674812433011766,60.06393233171654,59.630778488641575,0.059630778488641574,0.7782397974095545,8.05,106.64516078641655
21862167927,162,8100.0,8150.0,50.0,60.06393233171654,63.1580951214567,61.533992129933985,0.06153399212993398,6.188325579480306,8.1,109.7393235761567
21862167927,163,8150.0,8200.0,50.0,63.1580951214567,66.77969981444956,65.14911970847236,0.06514911970847236,7.243209385985722,8.15,113.36092826914957
21862167927,164,8200.0,8250.0,50.0,66.77969981444956,68.49977611310321,67.26630114678723,0.06726630114678722,3.4401525973073035,8.2,115.08100456780322
21862167927,165,8250.0,8300.0,50.0,68.49977611310321,78.42208557115187,73.19289227556509,0.07319289227556508,19.844618916097318,8.25,125.00331402585188
21862167927,166,8300.0,8350.0,50.0,78.42208557115187,83.62532437091986,81.49017895137729,0.08149017895137729,10.406477599535974,8.3,130.20655282561987
21862167927,167,8350.0,8400.0,50.0,83.62532437091986,87.65919773341918,85.57665647229815,0.08557665647229816,8.067746724998642,8.35,134.2404261881192
21862167927,168,8400.0,8450.0,50.0,87.65919773341918,90.48082055275843,89.25505274911397,0.08925505274911397,5.643245638678508,8.4,137.06204900745843
21862167927,169,8450.0,8500.0,50.0,90.48082055275843,92.7775703002859,91.62197274051972,0.09162197274051972,4.593499495054942,8.45,139.3587987549859
21862167927,170,8500.0,8550.0,50.0,92.7775703002859,94.6451396580637,93.72694020414777,0.09372694020414776,3.7351387155555926,8.5,141.2263681127637
21862167927,171,8550.0,8600.0,50.0,94.6451396580637,96.65589576907084,95.4997198020889,0.0954997198020889,4.02151222201428,8.55,143.23712422377085
21862167927,172,8600.0,8650.0,50.0,96.65589576907084,98.94948460086827,98.04888212339024,0.09804888212339025,4.587177663594872,8.6,145.5307130555683
21862167927,173,8650.0,8700.0,50.0,98.94948460086827,98.98693571874354,98.79502447159378,0.09879502447159377,0.07490223575052823,8.65,145.56816417344356
21862167927,174,8700.0,8750.0,50.0,98.98693571874354,106.61838355903323,102.32980690151909,0.10232980690151909,15.26289568057939,8.7,153.19961201373326
21862167927,175,8750.0,8800.0,50.0,106.61838355903323,109.47199478030635,108.66496973674994,0.10866496973674994,5.707222442546225,8.75,156.05322323500639
21862167927,176,8800.0,8850.0,50.0,109.47199478030635,111.19340837383622,110.27183247953236,0.11027183247953236,3.4428271870597484,8.8,157.77463682853625
21862167927,177,8850.0,8900.0,50.0,111.19340837383622,110.60253657249396,111.18789308501421,0.11118789308501421,-1.18174360268452,8.85,157.77463682853625
21862167927,178,8900.0,8950.0,50.0,110.60253657249396,110.33946226886556,110.08429094122637,0.11008429094122638,-0.5261486072568005,8.9,157.77463682853625
21862167927,179,8950.0,9000.0,50.0,110.33946226886556,112.44712448124665,111.74732083356861,0.11174732083356861,4.215324424762173,8.95,159.88229904091733
21862167927,180,9000.0,9050.0,50.0,112.44712448124665,109.1833203075757,110.57112806042007,0.11057112806042006,-6.527608347341896,9.0,159.88229904091733
21862167927,181,9050.0,9100.0,50.0,109.1833203075757,112.3737355055132,110.58314180030307,0.11058314180030307,6.380830395874995,9.05,163.07271423885481
21862167927,182,9100.0,9150.0,50.0,112.3737355055132,118.04993813335443,115.06037817364329,0.11506037817364329,11.35240525568247,9.1,168.74891686669605
21862167927,183,9150.0,9200.0,50.0,118.04993813335443,125.99857620399575,121.78066990321791,0.12178066990321791,15.897276141282646,9.15,176.69755493733737
21862167927,184,9200.0,9250.0,50.0,125.99857620399575,135.29937942423769,130.95784671174218,0.13095784671174218,18.601606440483863,9.2,185.9983581575793
21862167927,185,9250.0,9300.0,50.0,135.29937942423769,141.55533400368043,138.45416767535605,0.13845416767535604,12.511909158885487,9.25,192.25431273702205
21862167927,186,9300.0,9350.0,50.0,141.55533400368043,146.7794960991442,144.08257946297502,0.144082579462975,10.448324190927565,9.3,197.47847483248583
21862167927,187,9350.0,9400.0,50.0,146.7794960991442,153.98591392190232,150.4101814135865,0.1504101814135865,14.412835645516225,9.35,204.68489265524394
21862167927,188,9400.0,9450.0,50.0,153.98591392190232,160.33381218487142,157.2175909781703,0.1572175909781703,12.695796525938192,9.4,211.03279091821304
21862167927,189,9450.0,9500.0,50.0,160.33381218487142,164.54777373861057,162.95653555713002,0.16295653555713002,8.427923107478307,9.45,215.2467524719522
21862167927,190,9500.0,9550.0,50.0,164.54777373861057,160.98903028596246,162.9803719204533,0.1629803719204533,-7.117486905296232,9.5,215.2467524719522
21862167927,191,9550.0,9600.0,50.0,160.98903028596246,155.6922154288449,158.20070394969972,0.1582007039496997,-10.593629714235135,9.55,215.2467524719522
21862167927,192,9600.0,9650.0,50.0,155.6922154288449,153.19678748536137,154.3055980132042,0.15430559801320418,-4.99085588696704,9.6,215.2467524719522
21862167927,193,9650.0,9700.0,50.0,153.19678748536137,155.59837446348143,153.81522294500073,0.15381522294500072,4.80317395624013,9.65,217.64833945007226
21862167927,194,9700.0,9750.0,50.0,155.59837446348143,162.07980942039495,159.0557739097426,0.15905577390974263,12.962869913827035,9.7,224.12977440698577
21862167927,195,9750.0,9800.0,50.0,162.07980942039495,161.64619772156817,162.28963138418794,0.16228963138418795,-0.8672233976535608,9.75,224.12977440698577
21862167927,196,9800.0,9850.0,50.0,161.64619772156817,159.98137657711746,160.72702933652758,0.16072702933652758,-3.329642288901425,9.8,224.12977440698577
21862167927,197,9850.0,9900.0,50.0,159.98137657711746,159.51669718109457,159.71530724839633,0.15971530724839633,-0.9293587920457753,9.85,224.12977440698577
21862167927,198,9900.0,9950.0,50.0,159.51669718109457,158.93168240159633,159.08070555440295,0.15908070555440296,-1.1700295589964753,9.9,224.12977440698577
21862167927,199,9950.0,10000.0,50.0,158.93168240159633,160.894316742005,159.9830491546359,0.1599830491546359,3.9252686808173394,9.95,226.09240874739444
21862167927,200,10000.0,10050.0,50.0,160.894316742005,160.19259452349462,160.73209220695833,0.16073209220695833,-1.4034444370207666,10.0,226.09240874739444
21862167927,201,10050.0,10100.0,50.0,160.19259452349462,157.60768322330424,158.87117117493622,0.1588711711749362,-5.169822600380769,10.05,226.09240874739444
21862167927,202,10100.0,10150.0,50.0,157.60768322330424,156.38306550036242,157.06906492177623,0.15706906492177622,-2.4492354458836303,10.1,226.09240874739444
21862167927,203,10150.0,10200.0,50.0,156.38306550036242,154.51891273247492,155.20889016868583,0.15520889016868583,-3.7283055357750072,10.15,226.09240874739444
21862167927,204,10200.0,10250.0,50.0,154.51891273247492,153.0443102875805,154.1700924070248,0.1541700924070248,-2.9492048897888594,10.2,226.09240874739444
21862167927,205,10250.0,10300.0,50.0,153.0443102875805,148.78841298658335,150.63999248190927,0.15063999248190926,-8.511794601994268,10.25,226.09240874739444
21862167927,206,10300.0,10350.0,50.0,148.78841298658335,148.60693007897385,148.62801307239067,0.14862801307239068,-0.36296581521901317,10.3,226.09240874739444
21862167927,207,10350.0,10400.0,50.0,148.60693007897385,147.3139024458728,148.00488443908407,0.14800488443908408,-2.586055266202095,10.35,226.09240874739444
21862167927,208,10400.0,10450.0,50.0,147.3139024458728,144.70371951806965,146.20872321813422,0.14620872321813422,-5.220365855606303,10.4,226.09240874739444
21862167927,209,10450.0,10500.0,50.0,144.70371951806965,143.7422598050209,143.979367034122,0.14397936703412198,-1.9229194260975078,10.45,226.09240874739444
21862167927,210,10500.0,10550.0,50.0,143.7422598050209,144.17278760421644,143.89379294278334,0.14389379294278334,0.8610555983910899,10.5,226.52293654659
21862167927,211,10550.0,10600.0,50.0,144.17278760421644,146.23313057863845,145.06204728893798,0.14506204728893798,4.120685948844027,10.55,228.583279521012
21862167927,212,10600.0,10650.0,50.0,146.23313057863845,149.42250421701033,147.75279168676005,0.14775279168676006,6.378747276743752,10.6,231.77265315938388
21862167927,213,10650.0,10700.0,50.0,149.42250421701033,151.09587170255705,150.5312408015276,0.15053124080152758,3.34673497109344,10.65,233.4460206449306
21862167927,214,10700.0,10750.0,50.0,151.09587170255705,149.11772584715845,150.32019439030464,0.15032019439030464,-3.9562917107971884,10.7,233.4460206449306
21862167927,215,10750.0,10800.0,50.0,149.11772584715845,144.4843520171966,146.70467029211702,0.146704670292117,-9.26674765992368,10.75,233.4460206449306
21862167927,216,10800.0,10850.0,50.0,144.4843520171966,142.65420237212624,143.59200291495588,0.14359200291495589,-3.660299290140756,10.8,233.4460206449306
21862167927,217,10850.0,10900.0,50.0,142.65420237212624,142.64429007017944,142.42932672481547,0.14242932672481548,-0.019824603893596304,10.85,233.4460206449306
21862167927,218,10900.0,10950.0,50.0,142.64429007017944,140.98869676182102,142.04922312019903,0.14204922312019902,-3.3111866167168387,10.9,233.4460206449306
21862167927,219,10950.0,11000.0,50.0,140.98869676182102,140.37678761402495,140.49275121800878,0.14049275121800878,-1.2238182955921388,10.95,233.4460206449306
21862167927,220,11000.0,11050.0,50.0,140.37678761402495,140.15173702470912,140.3443875784433,0.1403443875784433,-0.45010117863165533,11.0,233.4460206449306
21862167927,221,11050.0,11100.0,50.0,140.15173702470912,140.23301473880227,140.04423737332067,0.14004423737332067,0.16255542818629465,11.05,233.52729835902375
21862167927,222,11100.0,11150.0,50.0,140.23301473880227,141.31227482055834,140.85741048637882,0.14085741048637881,2.1585201635121507,11.1,234.60655844077982
21862167927,223,11150.0,11200.0,50.0,141.31227482055834,145.17756305409665,142.9452818138336,0.1429452818138336,7.730576467076617,11.15,238.47184667431813
21862167927,224,11200.0,11250.0,50.0,145.17756305409665,147.4441450677289,146.51677283718445,0.14651677283718445,4.53316402726449,11.2,240.73842868795037
21862167927,225,11250.0,11300.0,50.0,147.4441450677289,149.13131037557588,148.38021182427818,0.14838021182427819,3.374330615693964,11.25,242.42559399579736
21862167927,226,11300.0,11350.0,50.0,149.13131037557588,147.93010672293775,148.63745500105233,0.14863745500105233,-2.402407305276256,11.3,242.42559399579736
21862167927,227,11350.0,11400.0,50.0,147.93010672293775,146.7095625103327,147.29723952857077,0.14729723952857077,-2.4410884252101255,11.35,242.42559399579736
21862167927,228,11400.0,11450.0,50.0,146.7095625103327,144.6268705737046,145.78037551451771,0.14578037551451772,-4.165383873256189,11.4,242.42559399579736
21862167927,229,11450.0,11500.0,50.0,144.6268705737046,144.073373025999,144.14095689974317,0.14414095689974318,-1.1069950954112073,11.45,242.42559399579736
21862167927,230,11500.0,11550.0,50.0,144.073373025999,138.1055379766861,141.69743425367247,0.14169743425367248,-11.935670098625792,11.5,242.42559399579736
21862167927,231,11550.0,11600.0,50.0,138.1055379766861,131.61445582232125,134.7253155133538,0.1347253155133538,-12.982164308729693,11.55,242.42559399579736
21862167927,232,11600.0,11650.0,50.0,131.61445582232125,128.67848361342595,129.7830054138453,0.1297830054138453,-5.871944417790587,11.6,242.42559399579736
21862167927,233,11650.0,11700.0,50.0,128.67848361342595,126.16704031979675,127.66796706641524,0.12766796706641526,-5.022886587258398,11.65,242.42559399579736
21862167927,234,11700.0,11750.0,50.0,126.16704031979675,123.54755872760204,124.56704318864116,0.12456704318864116,-5.2389631843894335,11.7,242.42559399579736
21862167927,235,11750.0,11800.0,50.0,123.54755872760204,122.96883848409655,123.25849238775366,0.12325849238775366,-1.1574404870109731,11.75,242.42559399579736
21862167927,236,11800.0,11850.0,50.0,122.96883848409655,121.93314204974699,122.50071931486953,0.12250071931486953,-2.071392868699121,11.8,242.42559399579736
21862167927,237,11850.0,11900.0,50.0,121.93314204974699,122.35949928420958,121.8640014435017,0.12186400144350171,0.8527144689251713,11.85,242.85195123025994
21862167927,238,11900.0,11950.0,50.0,122.35949928420958,127.45799601593187,124.74068657961935,0.12474068657961936,10.196993463444585,11.9,247.95044796198223
21862167927,239,11950.0,12000.0,50.0,127.45799601593187,129.2556341913218,128.75986179798159,0.12875986179798157,3.5952763507798693,11.95,249.74808613737218
21862167927,240,12000.0,12050.0,50.0,129.2556341913218,130.07274506232466,129.5381273313213,0.1295381273313213,1.6342217420057068,12.0,250.56519700837504
21862167927,241,12050.0,12100.0,50.0,130.07274506232466,130.79296965820777,130.46566527070723,0.13046566527070724,1.4404491917662199,12.05,251.28542160425815
21862167927,242,12100.0,12150.0,50.0,130.79296965820777,131.48895752895757,131.2294291947467,0.1312294291947467,1.391975741499607,12.1,251.98140947500795
21862167927,243,12150.0,12200.0,50.0,131.48895752895757,133.01862658485578,131.93296761108263,0.13193296761108264,3.0593381117964213,12.15,253.51107853090616
21862167927,244,12200.0,12250.0,50.0,133.01862658485578,135.10172164219173,134.36224232807731,0.1343622423280773,4.166190114671906,12.2,255.5941735882421
21862167927,245,12250.0,12300.0,50.0,135.10172164219173,134.91982475325423,134.96713463100807,0.13496713463100807,-0.3637937778750029,12.25,255.5941735882421
21862167927,246,12300.0,12350.0,50.0,134.91982475325423,136.58157575436036,135.62585688914103,0.13562585688914103,3.3235020022122512,12.3,257.25592458934824
21862167927,247,12350.0,12400.0,50.0,136.58157575436036,138.8195075279319,137.73889153400833,0.13773889153400834,4.475863547143092,12.35,259.4938563629198
21862167927,248,12400.0,12450.0,50.0,138.8195075279319,138.9169904409568,139.06893859273475,0.13906893859273475,0.1949658260497813,12.4,259.59133927594473
21862167927,249,12450.0,12500.0,50.0,138.9169904409568,136.58615006371892,137.82411491921795,0.13782411491921795,-4.6616807544757535,12.45,259.59133927594473
21862167927,250,12500.0,12550.0,50.0,136.58615006371892,134.9623644708078,135.7261109019208,0.1357261109019208,-3.24757118582221,12.5,259.59133927594473
21862167927,251,12550.0,12600.0,50.0,134.9623644708078,132.15982976922828,133.6260919170199,0.13362609191701988,-5.605069403159064,12.55,259.59133927594473
21862167927,252,12600.0,12650.0,50.0,132.15982976922828,131.10793758773636,131.52436445970187,0.13152436445970186,-2.103784362983845,12.6,259.59133927594473
21862167927,253,12650.0,12700.0,50.0,131.10793758773636,130.10386463689406,130.6187293548179,0.13061872935481791,-2.0081459016845997,12.65,259.59133927594473
21862167927,254,12700.0,12750.0,50.0,130.10386463689406,127.98028237097404,129.15529670655374,0.12915529670655373,-4.247164531840042,12.7,259.59133927594473
21862167927,255,12750.0,12800.0,50.0,127.98028237097404,125.03545927881662,126.55208686392227,0.12655208686392228,-5.8896461843148415,12.75,259.59133927594473
21862167927,256,12800.0,12850.0,50.0,125.03545927881662,122.1274184249971,123.55801580811418,0.12355801580811418,-5.816081707639029,12.8,259.59133927594473
21862167927,257,12850.0,12900.0,50.0,122.1274184249971,120.40839644849764,121.07139315391204,0.12107139315391204,-3.4380439529989246,12.85,259.59133927594473
21862167927,258,12900.0,12950.0,50.0,120.40839644849764,119.37792380311996,120.01887001391566,0.12001887001391566,-2.0609452907553703,12.9,259.59133927594473
21862167927,259,12950.0,13000.0,50.0,119.37792380311996,118.9886965593688,119.04305320133282,0.11904305320133282,-0.7784544875023016,12.95,259.59133927594473
21862167927,260,13000.0,13050.0,50.0,118.9886965593688,117.80164154764893,118.5249501247842,0.1185249501247842,-2.374110023439755,13.0,259.59133927594473
21862167927,261,13050.0,13100.0,50.0,117.80164154764893,115.29679376137945,116.57221627474577,0.11657221627474577,-5.009695572538959,13.05,259.59133927594473
21862167927,262,13100.0,13150.0,50.0,115.29679376137945,115.12362255711705,115.05581300698697,0.11505581300698696,-0.346342408524805,13.1,259.59133927594473
21862167927,263,13150.0,13200.0,50.0,115.12362255711705,114.36546868151292,114.83067307979492,0.11483067307979491,-1.5163077512082452,13.15,259.59133927594473
21862167927,264,13200.0,13250.0,50.0,114.36546868151292,112.40918334604935,113.46865986693427,0.11346865986693427,-3.9125706709271526,13.2,259.59133927594473
21862167927,265,13250.0,13300.0,50.0,112.40918334604935,109.58071648815901,111.14194503316274,0.11114194503316274,-5.656933715780667,13.25,259.59133927594473
21862167927,266,13300.0,13350.0,50.0,109.58071648815901,104.10303479317513,106.86719884890836,0.10686719884890836,-10.955363389967772,13.3,259.59133927594473
21862167927,267,13350.0,13400.0,50.0,104.10303479317513,100.81972860530335,102.30618886824152,0.10230618886824153,-6.566612375743546,13.35,259.59133927594473
21862167927,268,13400.0,13450.0,50.0,100.81972860530335,98.44380633099256,99.58346831372099,0.09958346831372099,-4.751844548621591,13.4,259.59133927594473
21862167927,269,13450.0,13500.0,50.0,98.44380633099256,95.99387134241621,97.2758723122203,0.0972758723122203,-4.89986997715269,13.45,259.59133927594473
21862167927,270,13500.0,13550.0,50.0,95.99387134241621,91.63562675470376,93.94384477706778,0.09394384477706778,-8.716489175424897,13.5,259.59133927594473
21862167927,271,13550.0,13600.0,50.0,91.63562675470376,90.31177698859243,90.7300196264715,0.09073001962647151,-2.647699532222674,13.55,259.59133927594473
21862167927,272,13600.0,13650.0,50.0,90.31177698859243,87.7928628351087,89.17468430049102,0.08917468430049103,-5.037828306967441,13.6,259.59133927594473
21862167927,273,13650.0,13700.0,50.0,87.7928628351087,85.4453128219355,86.53330197866474,0.08653330197866474,-4.6951000263464095,13.65,259.59133927594473
21862167927,274,13700.0,13750.0,50.0,85.4453128219355,84.56389189189191,84.90450429861112,0.08490450429861111,-1.7628418600871782,13.7,259.59133927594473
21862167927,275,13750.0,13800.0,50.0,84.56389189189191,82.88213155028745,83.89419285024712,0.08389419285024713,-3.363520683208918,13.75,259.59133927594473
21862167927,276,13800.0,13850.0,50.0,82.88213155028745,81.10002742263673,81.99364613961343,0.08199364613961344,-3.564208255301452,13.8,259.59133927594473
21862167927,277,13850.0,13900.0,50.0,81.10002742263673,79.00913501444393,79.918181178549,0.079918181178549,-4.181784816385601,13.85,259.59133927594473
21862167927,278,13900.0,13950.0,50.0,79.00913501444393,78.40908603392162,78.71142526730267,0.07871142526730267,-1.2000979610446052,13.9,259.59133927594473
21862167927,279,13950.0,14000.0,50.0,78.40908603392162,77.22764742379093,77.81612996035437,0.07781612996035438,-2.362877220261396,13.95,259.59133927594473
21862167927,280,14000.0,14050.0,50.0,77.22764742379093,78.27567539240604,77.65117939766112,0.07765117939766113,2.0960559372302328,14.0,260.6393672445598
21862167927,281,14050.0,14100.0,50.0,78.27567539240604,78.10095190330078,78.22422179030718,0.07822422179030718,-0.34944697821052273,14.05,260.6393672445598
21862167927,282,14100.0,14150.0,50.0,78.10095190330078,79.2128364968365,78.58156597764038,0.07858156597764038,2.22376918707144,14.1,261.7512518380955
21862167927,283,14150.0,14200.0,50.0,79.2128364968365,78.88376652323198,79.22423222396604,0.07922423222396605,-0.6581399472090368,14.15,261.7512518380955
21862167927,284,14200.0,14250.0,50.0,78.88376652323198,79.48194072537115,79.05647011173919,0.07905647011173919,1.196348404278325,14.2,262.3494260402347
21862167927,285,14250.0,14300.0,50.0,79.48194072537115,78.87549597855225,79.24295375791645,0.07924295375791646,-1.212889493637789,14.25,262.3494260402347
21862167927,286,14300.0,14350.0,50.0,78.87549597855225,78.83610780633136,78.83692630807957,0.07883692630807956,-0.07877634444179193,14.3,262.3494260402347
21862167927,287,14350.0,14400.0,50.0,78.83610780633136,79.64128540358044,79.21116540598244,0.07921116540598244,1.6103551944981689,14.35,263.1546036374838
21862167927,288,14400.0,14450.0,50.0,79.64128540358044,80.79220387326862,80.06577970070892,0.08006577970070891,2.301836939376358,14.4,264.30552210717195
21862167927,289,14450.0,14500.0,50.0,80.79220387326862,83.75724220541323,82.25604077455064,0.08225604077455063,5.930076664289231,14.45,267.27056043931657
21862167927,290,14500.0,14550.0,50.0,83.75724220541323,85.48379280070239,84.77978760356342,0.08477978760356342,3.453101190578309,14.5,268.9971110346057
21862167927,291,14550.0,14600.0,50.0,85.48379280070239,85.12693752421433,85.43226207673969,0.08543226207673969,-0.7137105529761243,14.55,268.9971110346057
21862167927,292,14600.0,14650.0,50.0,85.12693752421433,83.92445770205885,84.47354224369796,0.08447354224369796,-2.4049596443109635,14.6,268.9971110346057
21862167927,293,14650.0,14700.0,50.0,83.92445770205885,83.80512171897135,83.79040152180686,0.08379040152180686,-0.23867196617499076,14.65,268.9971110346057
21862167927,294,14700.0,14750.0,50.0,83.80512171897135,83.54300634959614,83.76789154689482,0.08376789154689482,-0.5242307387504184,14.7,268.9971110346057
21862167927,295,14750.0,14800.0,50.0,83.54300634959614,83.06817936012257,83.27895842391194,0.08327895842391195,-0.9496539789471399,14.75,268.9971110346057
21862167927,296,14800.0,14850.0,50.0,83.06817936012257,81.69852225943133,82.41228324885743,0.08241228324885744,-2.7393142013824843,14.8,268.9971110346057
21862167927,297,14850.0,14900.0,50.0,81.69852225943133,82.01791259384694,81.8211345036343,0.08182113450363429,0.638780668831231,14.85,269.31650136902135
21862167927,298,14900.0,14950.0,50.0,82.01791259384694,81.41850508164322,81.72207472701436,0.08172207472701436,-1.1988150244074518,14.9,269.31650136902135
21862167927,299,14950.0,15000.0,50.0,81.41850508164322,80.52589662968862,81.09200629210535,0.08109200629210535,-1.7852169039092018,14.95,269.31650136902135
21862167927,300,15000.0,15050.0,50.0,80.52589662968862,80.04796843411928,80.03748444078226,0.08003748444078226,-0.955856391138667,15.0,269.31650136902135
21862167927,301,15050.0,15100.0,50.0,80.04796843411928,80.79015341405898,80.54461020575367,0.08054461020575367,1.4843699598793876,15.05,270.05868634896103
21862167927,302,15100.0,15150.0,50.0,80.79015341405898,78.11265876179849,79.63494358476305,0.07963494358476306,-5.354989304520984,15.1,270.05868634896103
21862167927,303,15150.0,15200.0,50.0,78.11265876179849,75.96456171216894,76.88859524950202,0.07688859524950202,-4.296194099259083,15.15,270.05868634896103
21862167927,304,15200.0,15250.0,50.0,75.96456171216894,73.81042921518412,75.11991330274034,0.07511991330274034,-4.308264993969658,15.2,270.05868634896103
21862167927,305,15250.0,15300.0,50.0,73.81042921518412,70.87598102470643,72.109335469937,0.07210933546993699,-5.868896380955363,15.25,270.05868634896103
21862167927,306,15300.0,15350.0,50.0,70.87598102470643,69.98376006264108,70.45195074700906,0.07045195074700907,-1.7844419241307037,15.3,270.05868634896103
21862167927,307,15350.0,15400.0,50.0,69.98376006264108,68.66684353394285,69.2959862840885,0.06929598628408849,-2.6338330573964583,15.35,270.05868634896103
21862167927,308,15400.0,15450.0,50.0,68.66684353394285,70.12649739222438,69.24414597739414,0.06924414597739414,2.919307716563054,15.4,271.51834020724255
21862167927,309,15450.0,15500.0,50.0,70.12649739222438,70.95046692559262,70.6445940977673,0.0706445940977673,1.647939066736484,15.45,272.3423097406108
21862167927,310,15500.0,15550.0,50.0,70.95046692559262,70.57632586510032,70.78637710146485,0.07078637710146485,-0.7482821209846122,15.5,272.3423097406108
21862167927,311,15550.0,15600.0,50.0,70.57632586510032,71.73382561477214,70.9268383377024,0.0709268383377024,2.3149994993436565,15.55,273.49980949028264
21862167927,312,15600.0,15650.0,50.0,71.73382561477214,73.19888449157403,72.690723108326,0.072690723108326,2.9301177536037812,15.6,274.96486836708453
21862167927,313,15650.0,15700.0,50.0,73.19888449157403,72.36512444493842,72.82274779182796,0.07282274779182797,-1.6675200932712357,15.65,274.96486836708453
21862167927,314,15700.0,15750.0,50.0,72.36512444493842,73.07567730399208,72.43449622484422,0.07243449622484423,1.4211057181073272,15.7,275.6754212261382
21862167927,315,15750.0,15800.0,50.0,73.07567730399208,75.1277797942867,74.32414827407828,0.07432414827407828,4.1042049805892304,15.75,277.7275237164328
21862167927,316,15800.0,15850.0,50.0,75.1277797942867,80.61017183143952,77.38541197720384,0.07738541197720385,10.964784074305639,15.8,283.2099157535856
21862167927,317,15850.0,15900.0,50.0,80.61017183143952,87.67996885779948,84.65555243114564,0.08465555243114564,14.139594052719929,15.85,290.2797127799456
21862167927,318,15900.0,15950.0,50.0,87.67996885779948,87.27884411344408,87.54939643817268,0.08754939643817268,-0.8022494887107996,15.9,290.2797127799456
21862167927,319,15950.0,16000.0,50.0,87.27884411344408,85.57646615550388,86.35650378097591,0.08635650378097591,-3.4047559158804006,15.95,290.2797127799456
21862167927,320,16000.0,16050.0,50.0,85.57646615550388,84.08952778190452,85.00019166234479,0.08500019166234479,-2.973876747198716,16.0,290.2797127799456
21862167927,321,16050.0,16100.0,50.0,84.08952778190452,83.85914062729418,83.61962472736879,0.0836196247273688,-0.46077430922068174,16.05,290.2797127799456
21862167927,322,16100.0,16150.0,50.0,83.85914062729418,84.8505412613932,84.3881778032975,0.08438817780329749,1.9828012681980454,16.1,291.27111341404463
21862167927,323,16150.0,16200.0,50.0,84.8505412613932,84.21097346320275,84.81651438317482,0.08481651438317482,-1.279135596380911,16.15,291.27111341404463
21862167927,324,16200.0,16250.0,50.0,84.21097346320275,84.72500926600208,84.06585391996141,0.08406585391996141,1.0280716055986545,16.2,291.78514921684393
21862167927,325,16250.0,16300.0,50.0,84.72500926600208,91.3944482053314,87.90463320697756,0.08790463320697757,13.33887787865865,16.25,298.45458815617326
21862167927,326,16300.0,16350.0,50.0,91.3944482053314,93.70998357827534,92.87716662412772,0.09287716662412772,4.631070745887882,16.3,300.7701235291172
21862167927,327,16350.0,16400.0,50.0,93.70998357827534,96.64331063854968,95.31387351762005,0.09531387351762005,5.866654120548674,16.35,303.70345058939154
21862167927,328,16400.0,16450.0,50.0,96.64331063854968,93.62294213014601,95.22990408082482,0.09522990408082482,-6.040737016807327,16.4,303.70345058939154
21862167927,329,16450.0,16500.0,50.0,93.62294213014601,90.97134485090837,92.53459015070058,0.09253459015070058,-5.3031945584752975,16.45,303.70345058939154
21862167927,330,16500.0,16550.0,50.0,90.97134485090837,85.99729654304869,88.20543447827299,0.08820543447827299,-9.94809661571935,16.5,303.70345058939154
21862167927,331,16550.0,16600.0,50.0,85.99729654304869,84.43677233087024,85.30641420003928,0.08530641420003929,-3.1210484243569,16.55,303.70345058939154
21862167927,332,16600.0,16650.0,50.0,84.43677233087024,82.64599087598279,83.32662998070519,0.0833266299807052,-3.5815629097749024,16.6,303.70345058939154
21862167927,333,16650.0,16700.0,50.0,82.64599087598279,82.15840318018526,82.49462257244802,0.08249462257244802,-0.9751753915950587,16.65,303.70345058939154
21862167927,334,16700.0,16750.0,50.0,82.15840318018526,78.39133894318067,80.49173010391938,0.08049173010391938,-7.534128474009179,16.7,303.70345058939154
21862167927,335,16750.0,16800.0,50.0,78.39133894318067,76.07870468378538,77.02964630023585,0.07702964630023586,-4.625268518790591,16.75,303.70345058939154
21862167927,336,16800.0,16850.0,50.0,76.07870468378538,74.39889303305128,75.19229772839596,0.07519229772839596,-3.35962330146819,16.8,303.70345058939154
21862167927,337,16850.0,16900.0,50.0,74.39889303305128,75.43054182074465,74.70937196647294,0.07470937196647294,2.0632975753867413,16.85,304.7350993770849
21862167927,338,16900.0,16950.0,50.0,75.43054182074465,74.36408533359779,75.11068319542801,0.075110683195428,-2.132912974293731,16.9,304.7350993770849
21862167927,339,16950.0,17000.0,50.0,74.36408533359779,74.70399677335013,74.45259394193464,0.07445259394193464,0.6798228795046839,16.95,305.0750108168372
21862167927,340,17000.0,17050.0,50.0,74.70399677335013,75.69286855388034,75.20939206442979,0.0752093920644298,1.9777435610604357,17.0,306.0638825973674
21862167927,341,17050.0,17100.0,50.0,75.69286855388034,75.50895596080407,75.57115002341308,0.07557115002341308,-0.3678251861525439,17.05,306.0638825973674
21862167927,342,17100.0,17150.0,50.0,75.50895596080407,76.711596230163,76.12230937424685,0.07612230937424685,2.4052805387178466,17.1,307.26652286672635
21862167927,343,17150.0,17200.0,50.0,76.711596230163,75.47141862769129,76.26906283351722,0.07626906283351723,-2.4803552049434074,17.15,307.26652286672635
21862167927,344,17200.0,17250.0,50.0,75.47141862769129,73.08509994264043,74.27457136716724,0.07427457136716724,-4.772637370101734,17.2,307.26652286672635
21862167927,345,17250.0,17300.0,50.0,73.08509994264043,70.91158050053882,71.9424027824182,0.0719424027824182,-4.347038884203215,17.25,307.26652286672635
21862167927,346,17300.0,17350.0,50.0,70.91158050053882,70.04942361067533,70.46379700850926,0.07046379700850926,-1.7243137797269696,17.3,307.26652286672635
21862167927,347,17350.0,17400.0,50.0,70.04942361067533,69.16382817631856,69.54425303143489,0.0695442530314349,-1.7711908687135463,17.35,307.26652286672635
21862167927,348,17400.0,17450.0,50.0,69.16382817631856,69.71773059312724,69.35236048227468,0.06935236048227468,1.1078048336173651,17.4,307.82042528353503
21862167927,349,17450.0,17500.0,50.0,69.71773059312724,69.9746764069444,70.10677267223015,0.07010677267223014,0.5138916276343082,17.45,308.07737109735217
21862167927,350,17500.0,17550.0,50.0,69.9746764069444,68.05716775203766,68.89087482240195,0.06889087482240196,-3.8350173098134803,17.5,308.07737109735217
21862167927,351,17550.0,17600.0,50.0,68.05716775203766,67.66722075411866,67.79645707792169,0.06779645707792169,-0.7798939958379947,17.55,308.07737109735217
21862167927,352,17600.0,17650.0,50.0,67.66722075411866,67.76151658767773,67.68676025117321,0.0676867602511732,0.18859166711814623,17.6,308.1716669309112
21862167927,353,17650.0,17700.0,50.0,67.76151658767773,68.1640336134454,67.98318546375897,0.06798318546375898,0.8050340515353298,17.65,308.5741839566789
21862167927,354,17700.0,17750.0,50.0,68.1640336134454,68.17889581478187,68.1954982420395,0.0681954982420395,0.029724402672940187,17.7,308.5890461580154
21862167927,355,17750.0,17800.0,50.0,68.17889581478187,67.93590124064039,67.9929098421933,0.0679929098421933,-0.4859891482829539,17.75,308.5890461580154
21862167927,356,17800.0,17850.0,50.0,67.93590124064039,70.97438767528692,69.17823683562101,0.06917823683562101,6.0769728692930585,17.8,311.6275325926619
21862167927,357,17850.0,17900.0,50.0,70.97438767528692,75.31901113189399,73.28730827323764,0.07328730827323764,8.689246913214134,17.85,315.97215604926896
21862167927,358,17900.0,17950.0,50.0,75.31901113189399,77.77276953577386,76.55508464845094,0.07655508464845094,4.907516807759748,17.9,318.42591445314883
21862167927,359,17950.0,18000.0,50.0,77.77276953577386,78.86059044437337,78.57429241718965,0.07857429241718965,2.175641817199022,17.95,319.51373536174833
21862167927,360,18000.0,18050.0,50.0,78.86059044437337,77.31282290694055,78.09091428913005,0.07809091428913005,-3.095535074865637,18.0,319.51373536174833
21862167927,361,18050.0,18100.0,50.0,77.31282290694055,76.92894908714723,77.10724643937645,0.07710724643937646,-0.7677476395866449,18.05,319.51373536174833
21862167927,362,18100.0,18126.96,26.959999999999127,76.92894908714723,76.71098450318858,76.82157020589013,0.07682157020589013,-0.8084739761077674,18.1,319.51373536174833
21909979898,0,0.0,50.0,50.0,303.6,303.6,303.59999999999997,0.3036,0.0,0.0,0.0
21909979898,1,50.0,100.0,50.0,303.6,303.4301136363636,303.5249526515152,0.3035249526515152,-0.33977272727281616,0.05,0.0
21909979898,2,100.0,150.0,50.0,303.4301136363636,302.3546605224903,303.1262962703771,0.3031262962703771,-2.1509062277466455,0.1,0.0
21909979898,3,150.0,200.0,50.0,302.3546605224903,296.99066387954343,299.74662845115773,0.29974662845115774,-10.727993285893717,0.15,0.0
21909979898,4,200.0,250.0,50.0,296.99066387954343,293.85327251815863,295.2889480235351,0.2952889480235351,-6.274782722769601,0.2,0.0
21909979898,5,250.0,300.0,50.0,293.85327251815863,291.18253085120074,292.52293957690625,0.2925229395769062,-5.3414833339157894,0.25,0.0
21909979898,6,300.0,350.0,50.0,291.18253085120074,290.4022204790539,290.5618565770007,0.2905618565770007,-1.5606207442937148,0.3,0.0
21909979898,7,350.0,400.0,50.0,290.4022204790539,291.90432281500375,290.6432244675878,0.2906432244675878,3.0042046718997426,0.35,1.5021023359498713
21909979898,8,400.0,450.0,50.0,291.90432281500375,298.4197025481919,295.5199471633619,0.2955199471633619,13.030759466376253,0.4,8.017482069137998
21909979898,9,450.0,500.0,50.0,298.4197025481919,297.3289554533241,298.2703534044219,0.2982703534044219,-2.181494189735531,0.45,8.017482069137998
21909979898,10,500.0,550.0,50.0,297.3289554533241,297.1913932120989,296.99275181353937,0.29699275181353935,-0.27512448245045107,0.5,8.017482069137998
21909979898,11,550.0,600.0,50.0,297.1913932120989,299.92019454530447,298.26369500298034,0.29826369500298033,5.457602666411162,0.55,10.746283402343579
21909979898,12,600.0,650.0,50.0,299.92019454530447,303.1594789087093,301.9113920231078,0.3019113920231078,6.478568726809613,0.6,13.985567765748385
21909979898,13,650.0,700.0,50.0,303.1594789087093,304.11712049098406,303.7170391789903,0.30371703917899034,1.915283164549578,0.65,14.943209348023174
21909979898,14,700.0,750.0,50.0,304.11712049098406,304.41361851816475,303.9583049666898,0.3039583049666898,0.5929960543613788,0.7,15.239707375203864
21909979898,15,750.0,800.0,50.0,304.41361851816475,305.4021396981445,305.3156366717736,0.3053156366717736,1.977042359959455,0.75,16.22822855518359
21909979898,16,800.0,850.0,50.0,305.4021396981445,302.55340735787183,303.8067004395475,0.3038067004395475,-5.697464680545295,0.8,16.22822855518359
21909979898,17,850.0,900.0,50.0,302.55340735787183,304.00992086292155,303.2084434681479,0.3032084434681479,2.9130270100994267,0.85,17.684742060233305
21909979898,18,900.0,950.0,50.0,304.00992086292155,304.41518226596907,304.0807864263771,0.3040807864263771,0.8105228060950367,0.9,18.090003463280823
21909979898,19,950.0,1000.0,50.0,304.41518226596907,306.634751588782,305.67166918546576,0.30567166918546573,4.439138645625917,0.95,20.30957278609378
21909979898,20,1000.0,1050.0,50.0,306.634751588782,306.24183059424934,306.5804198619705,0.3065804198619705,-0.785841989065375,1.0,20.30957278609378
21909979898,21,1050.0,1100.0,50.0,306.24183059424934,307.4685228286222,306.8098400002468,0.3068098400002468,2.453384468745753,1.05,21.536265020466658
21909979898,22,1100.0,1150.0,50.0,307.4685228286222,304.908995327919,306.3900387552241,0.30639003875522414,-5.119055001406423,1.1,21.536265020466658
21909979898,23,1150.0,1200.0,50.0,304.908995327919,299.7296216206454,302.4850432128014,0.3024850432128014,-10.358747414547224,1.15,21.536265020466658
21909979898,24,1200.0,1250.0,50.0,299.7296216206454,295.1299918148898,297.2093415067648,0.2972093415067648,-9.199259611511138,1.2,21.536265020466658
21909979898,25,1250.0,1300.0,50.0,295.1299918148898,293.0628360221541,293.8237931277495,0.29382379312774953,-4.134311585471437,1.25,21.536265020466658
21909979898,26,1300.0,1350.0,50.0,293.0628360221541,295.5141849779252,294.14096069051703,0.29414096069051704,4.902697911542191,1.3,23.987613976237753
21909979898,27,1350.0,1400.0,50.0,295.5141849779252,299.3581012638285,297.3836536436327,0.29738365364363273,7.6878325718065526,1.35,27.83153026214103
21909979898,28,1400.0,1450.0,50.0,299.3581012638285,305.80237734594937,302.42951114345743,0.30242951114345745,12.888552164241787,1.4,34.27580634426192
21909979898,29,1450.0,1500.0,50.0,305.80237734594937,305.68872115276145,306.7485106030405,0.3067485106030405,-0.22731238637584283,1.45,34.27580634426192
21909979898,30,1500.0,1550.0,50.0,305.68872115276145,302.02189362081947,303.2555022358675,0.3032555022358675,-7.333655063883953,1.5,34.27580634426192
21909979898,31,1550.0,1600.0,50.0,302.02189362081947,302.9207922762204,302.2552260701361,0.30225522607013605,1.7977973108019114,1.55,35.17470499966288
21909979898,32,1600.0,1650.0,50.0,302.9207922762204,307.87749148901366,305.35566585574406,0.3053556658557441,9.913398425586479,1.6,40.13140421245612
21909979898,33,1650.0,1700.0,50.0,307.87749148901366,309.44457027161707,308.9057487526774,0.3089057487526774,3.134157565206806,1.65,41.69848299505952
21909979898,34,1700.0,1750.0,50.0,309.44457027161707,310.5259751037344,309.9750665905247,0.3099750665905247,2.1628096642347145,1.7,42.77988782717688
21909979898,35,1750.0,1800.0,50.0,310.5259751037344,309.6374010192991,310.31914397874124,0.3103191439787412,-1.7771481688706672,1.75,42.77988782717688
21909979898,36,1800.0,1850.0,50.0,309.6374010192991,310.6078561870902,309.53128805063005,0.30953128805063007,1.9409103355822026,1.8,43.75034299496798
21909979898,37,1850.0,1900.0,50.0,310.6078561870902,314.3068466468429,312.83125682457757,0.3128312568245776,7.397980919505471,1.85,47.449333454720716
21909979898,38,1900.0,1950.0,50.0,314.3068466468429,312.23688529159426,313.39236450176827,0.3133923645017683,-4.139922710497331,1.9,47.449333454720716
21909979898,39,1950.0,2000.0,50.0,312.23688529159426,310.6677693712264,311.44507042008644,0.31144507042008646,-3.1382318407356706,1.95,47.449333454720716
21909979898,40,2000.0,2050.0,50.0,310.6677693712264,308.9444023614569,309.8548406536998,0.3098548406536998,-3.446734019539008,2.0,47.449333454720716
21909979898,41,2050.0,2100.0,50.0,308.9444023614569,309.6412200379688,308.8796830632449,0.30887968306324487,1.3936353530237966,2.05,48.146151131232614
21909979898,42,2100.0,2150.0,50.0,309.6412200379688,314.57839970054476,312.2452409348568,0.3122452409348568,9.874359325151886,2.1,53.08333079380856
21909979898,43,2150.0,2200.0,50.0,314.57839970054476,320.24382696499373,316.8041394474471,0.31680413944744706,11.33085452889793,2.15,58.74875805825752
21909979898,44,2200.0,2250.0,50.0,320.24382696499373,328.6007948074991,324.9868980543492,0.32498689805434916,16.71393568501071,2.2,67.10572590076288
21909979898,45,2250.0,2300.0,50.0,328.6007948074991,325.6124389939064,327.65806352791986,0.3276580635279199,-5.976711627185409,2.25,67.10572590076288
21909979898,46,2300.0,2350.0,50.0,325.6124389939064,320.0152137804765,322.70692666175535,0.3227069266617553,-11.194450426859817,2.3,67.10572590076288
21909979898,47,2350.0,2400.0,50.0,320.0152137804765,315.5074109119273,317.6276509412553,0.3176276509412553,-9.015605737098326,2.35,67.10572590076288
21909979898,48,2400.0,2450.0,50.0,315.5074109119273,319.3052924695095,316.91479683503627,0.31691479683503626,7.595763115164345,2.4,70.90360745834505
21909979898,49,2450.0,2500.0,50.0,319.3052924695095,321.54311226776946,320.6664757215671,0.3206664757215671,4.4756395965199545,2.45,73.14142725660503
21909979898,50,2500.0,2550.0,50.0,321.54311226776946,322.76801479804925,322.2200996871449,0.32222009968714493,2.4498050605595836,2.5,74.36632978688482
21909979898,51,2550.0,2600.0,50.0,322.76801479804925,323.8130798431504,323.26758570490114,0.32326758570490116,2.0901300902022513,2.55,75.41139483198594
21909979898,52,2600.0,2650.0,50.0,323.8130798431504,326.45924577045236,324.9382130127037,0.3249382130127037,5.292331854603958,2.6,78.05756075928792
21909979898,53,2650.0,2700.0,50.0,326.45924577045236,326.6694568584711,326.96745505813345,0.32696745505813346,0.42042217603750487,2.65,78.26777184730668
21909979898,54,2700.0,2750.0,50.0,326.6694568584711,319.9346937922307,323.66205364633237,0.3236620536463324,-13.469526132480837,2.7,78.26777184730668
21909979898,55,2750.0,2800.0,50.0,319.9346937922307,322.95354278372224,320.41968982708454,0.3204196898270845,6.037697982983104,2.75,81.28662083879823
21909979898,56,2800.0,2850.0,50.0,322.95354278372224,327.53418929781805,325.5460703649398,0.3255460703649398,9.161293028191608,2.8,85.86726735289403
21909979898,57,2850.0,2900.0,50.0,327.53418929781805,329.38556286118336,328.85259425414705,0.32885259425414703,3.7027471267306282,2.85,87.71864091625935
21909979898,58,2900.0,2950.0,50.0,329.38556286118336,333.58868054796636,330.70734742153735,0.33070734742153735,8.406235373566005,2.9,91.92175860304235
21909979898,59,2950.0,3000.0,50.0,333.58868054796636,338.87995275208107,336.6603088668408,0.3366603088668408,10.58254440822941,2.95,97.21303080715705
21909979898,60,3000.0,3050.0,50.0,338.87995275208107,336.64606715242616,338.53359432505397,0.338533594325054,-4.467771199309823,3.0,97.21303080715705
21909979898,61,3050.0,3100.0,50.0,336.64606715242616,330.29648094985305,333.0002545651621,0.3330002545651621,-12.699172405146214,3.05,97.21303080715705
21909979898,62,3100.0,3150.0,50.0,330.29648094985305,333.3554487602029,331.31020434263866,0.33131020434263864,6.1179356206996545,3.1,100.27199861750688
21909979898,63,3150.0,3200.0,50.0,333.3554487602029,336.1207314484862,335.18485162754814,0.33518485162754813,5.530565376566642,3.15,103.0372813057902
21909979898,64,3200.0,3250.0,50.0,336.1207314484862,338.43402165572445,337.04301363564855,0.33704301363564854,4.626580414476507,3.2,105.35057151302846
21909979898,65,3250.0,3300.0,50.0,338.43402165572445,342.2916924270763,340.2104571648891,0.34021045716488907,7.715341542703754,3.25,109.20824228438033
21909979898,66,3300.0,3350.0,50.0,342.2916924270763,340.8338843745313,342.1769821039766,0.3421769821039766,-2.9156161050900664,3.3,109.20824228438033
21909979898,67,3350.0,3400.0,50.0,340.8338843745313,343.93537736536814,341.51274743156114,0.3415127474315611,6.202985981673692,3.35,112.30973527521718
21909979898,68,3400.0,3450.0,50.0,343.93537736536814,350.1990995944504,347.22469463409743,0.34722469463409744,12.527444458164496,3.4,118.57345750429943
21909979898,69,3450.0,3500.0,50.0,350.1990995944504,355.49553937433836,353.1718985291266,0.3531718985291266,10.592879559775952,3.45,123.8698972841874
21909979898,70,3500.0,3550.0,50.0,355.49553937433836,354.01585237183326,354.8837554008364,0.3548837554008364,-2.959374005010204,3.5,123.8698972841874
21909979898,71,3550.0,3600.0,50.0,354.01585237183326,356.06217155809543,355.0630221145919,0.3550630221145919,4.092638372524334,3.55,125.91621647044957
21909979898,72,3600.0,3650.0,50.0,356.06217155809543,355.15480765732383,355.78531031866174,0.35578531031866173,-1.8147278015431993,3.6,125.91621647044957
21909979898,73,3650.0,3700.0,50.0,355.15480765732383,352.0726388140575,353.6070263906099,0.3536070263906099,-6.16433768653269,3.65,125.91621647044957
21909979898,74,3700.0,3750.0,50.0,352.0726388140575,348.66506186827087,350.4256440918352,0.3504256440918352,-6.815153891573232,3.7,125.91621647044957
21909979898,75,3750.0,3800.0,50.0,348.66506186827087,345.5531824849003,347.0274317936173,0.34702743179361734,-6.2237587667411844,3.75,125.91621647044957
21909979898,76,3800.0,3850.0,50.0,345.5531824849003,343.76067674174703,344.5062816521576,0.34450628165215763,-3.5850114863064846,3.8,125.91621647044957
21909979898,77,3850.0,3900.0,50.0,343.76067674174703,346.24656502713003,344.81893513527046,0.34481893513527045,4.971776570765996,3.85,128.40210475583257
21909979898,78,3900.0,3950.0,50.0,346.24656502713003,346.3043658858086,346.26162572997265,0.34626162572997266,0.11560171735709446,3.9,128.45990561451111
21909979898,79,3950.0,4000.0,50.0,346.3043658858086,352.0874815693232,349.1951455051403,0.3491951455051403,11.566231367029218,3.95,134.24302129802572
21909979898,80,4000.0,4050.0,50.0,352.0874815693232,351.59713064571486,352.10819755683633,0.3521081975568363,-0.9807018472166646,4.0,134.24302129802572
21909979898,81,4050.0,4100.0,50.0,351.59713064571486,343.45479083817463,348.1099005931449,0.3481099005931449,-16.28467961508045,4.05,134.24302129802572
21909979898,82,4100.0,4150.0,50.0,343.45479083817463,335.36938959695624,338.7282488926976,0.3387282488926976,-16.170802482436784,4.1,134.24302129802572
21909979898,83,4150.0,4200.0,50.0,335.36938959695624,337.0703936595247,336.15905514389857,0.33615905514389854,3.4020081251369447,4.15,135.9440253605942
21909979898,84,4200.0,4250.0,50.0,337.0703936595247,338.2553123765807,337.5993824137741,0.3375993824137741,2.3698374341120143,4.2,137.1289440776502
21909979898,85,4250.0,4300.0,50.0,338.2553123765807,336.5254110553209,337.71590642277374,0.3377159064227737,-3.459802642519662,4.25,137.1289440776502
21909979898,86,4300.0,4350.0,50.0,336.5254110553209,332.43878405834437,334.4404429437875,0.3344404429437875,-8.17325399395304,4.3,137.1289440776502
21909979898,87,4350.0,4400.0,50.0,332.43878405834437,330.2744550779818,331.4714679260256,0.3314714679260256,-4.3286579607250815,4.35,137.1289440776502
21909979898,88,4400.0,4450.0,50.0,330.2744550779818,327.2531652569429,328.53042703815316,0.32853042703815316,-6.04257964207784,4.4,137.1289440776502
21909979898,89,4450.0,4500.0,50.0,327.2531652569429,326.4280688266388,326.9728880650532,0.3269728880650532,-1.650192860608172,4.45,137.1289440776502
21909979898,90,4500.0,4550.0,50.0,326.4280688266388,323.40438660648925,324.93824991661506,0.3249382499166151,-6.047364440299134,4.5,137.1289440776502
21909979898,91,4550.0,4600.0,50.0,323.40438660648925,320.1152938419273,321.666294960499,0.321666294960499,-6.578185529123857,4.55,137.1289440776502
21909979898,92,4600.0,4650.0,50.0,320.1152938419273,320.7199676042847,320.3173463217795,0.3203173463217795,1.209347524714758,4.6,137.73361784000758
21909979898,93,4650.0,4700.0,50.0,320.7199676042847,319.96592844974447,320.3383195861707,0.3203383195861707,-1.5080783090804744,4.65,137.73361784000758
21909979898,94,4700.0,4750.0,50.0,319.96592844974447,320.3772274290752,320.1231366968695,0.3201231366968695,0.822597958661504,4.7,138.14491681933833
21909979898,95,4750.0,4800.0,50.0,320.3772274290752,318.80856287780364,319.9114713635599,0.3199114713635599,-3.1373291025431627,4.75,138.14491681933833
21909979898,96,4800.0,4850.0,50.0,318.80856287780364,315.22966143068624,317.0510330404223,0.31705103304042226,-7.1578028942348055,4.8,138.14491681933833
21909979898,97,4850.0,4900.0,50.0,315.22966143068624,314.122307544073,314.337146371053,0.314337146371053,-2.2147077732264506,4.85,138.14491681933833
21909979898,98,4900.0,4950.0,50.0,314.122307544073,315.81699704482315,314.89699378369573,0.31489699378369573,3.389379001500288,4.9,139.83960632008848
21909979898,99,4950.0,5000.0,50.0,315.81699704482315,320.4638021743556,317.9511113035348,0.31795111130353476,9.293610259064849,4.95,144.4864114496209
21909979898,100,5000.0,5050.0,50.0,320.4638021743556,320.36324338137035,321.19583834993256,0.32119583834993254,-0.20111758597045082,5.0,144.4864114496209
21909979898,101,5050.0,5100.0,50.0,320.36324338137035,309.9227574526776,315.24338070996606,0.31524338070996605,-20.880971857385475,5.05,144.4864114496209
21909979898,102,5100.0,5150.0,50.0,309.9227574526776,310.29528525924053,309.0752085612027,0.30907520856120274,0.7450556131258281,5.1,144.85893925618382
21909979898,103,5150.0,5200.0,50.0,310.29528525924053,315.82626503302,313.4138563738198,0.3134138563738198,11.0619595475589,5.15,150.38991902996327
21909979898,104,5200.0,5250.0,50.0,315.82626503302,313.1969492504694,315.2073398554662,0.31520733985546623,-5.258631565101155,5.2,150.38991902996327
21909979898,105,5250.0,5300.0,50.0,313.1969492504694,311.0020119680154,311.36096819013557,0.3113609681901356,-4.389874564908041,5.25,150.38991902996327
21909979898,106,5300.0,5350.0,50.0,311.0020119680154,309.6634785900243,310.5596619482613,0.3105596619482613,-2.677066755982196,5.3,150.38991902996327
21909979898,107,5350.0,5400.0,50.0,309.6634785900243,310.05386384631913,310.0211536765308,0.31002115367653077,0.7807705125896973,5.35,150.78030428625812
21909979898,108,5400.0,5450.0,50.0,310.05386384631913,306.6721930211057,307.74887171785105,0.30774887171785104,-6.76334165042681,5.4,150.78030428625812
21909979898,109,5450.0,5500.0,50.0,306.6721930211057,316.78290817363916,312.1290552594253,0.3121290552594253,20.22143030506686,5.45,160.89101943879155
21909979898,110,5500.0,5550.0,50.0,316.78290817363916,312.84740613210823,315.07608515145085,0.31507608515145086,-7.871004083061848,5.5,160.89101943879155
21909979898,111,5550.0,5600.0,50.0,312.84740613210823,307.85228764462664,311.0547842829175,0.31105478428291755,-9.990236974963182,5.55,160.89101943879155
21909979898,112,5600.0,5650.0,50.0,307.85228764462664,296.02956346038263,301.43591586287044,0.30143591586287044,-23.64544836848802,5.6,160.89101943879155
21909979898,113,5650.0,5700.0,50.0,296.02956346038263,290.13235842673566,292.9015183652264,0.29290151836522643,-11.794410067293938,5.65,160.89101943879155
21909979898,114,5700.0,5750.0,50.0,290.13235842673566,284.9219920341739,287.46525552028567,0.2874652555202857,-10.420732785123505,5.7,160.89101943879155
21909979898,115,5750.0,5800.0,50.0,284.9219920341739,282.0278672143948,283.33488730072753,0.28333488730072753,-5.788249639558217,5.75,160.89101943879155
21909979898,116,5800.0,5850.0,50.0,282.0278672143948,281.4137752952108,281.5464054572983,0.2815464054572983,-1.2281838383679542,5.8,160.89101943879155
21909979898,117,5850.0,5900.0,50.0,281.4137752952108,283.1735357216793,282.3035375234101,0.2823035375234101,3.519520852936921,5.85,162.65077986526
21909979898,118,5900.0,5950.0,50.0,283.1735357216793,285.59752912443224,284.44155672468827,0.2844415567246883,4.847986805505911,5.9,165.07477326801296
21909979898,119,5950.0,5998.58,48.57999999999993,285.59752912443224,286.64486135215986,285.941574757485,0.285941574757485,2.15589178206592,5.95,166.12210549574058
21946978854,0,0.0,50.0,50.0,234.6952162265595,231.69757813064334,233.41258785677482,0.23341258785677482,-5.995276191832318,0.0,0.0
21946978854,1,50.0,100.0,50.0,231.69757813064334,233.44267328323787,232.00936937779386,0.23200936937779387,3.49019030518906,0.05,1.74509515259453
21946978854,2,100.0,150.0,50.0,233.44267328323787,234.78382948054204,234.51102175277057,0.23451102175277058,2.6823123946083456,0.1,3.0862513498987028
21946978854,3,150.0,200.0,50.0,234.78382948054204,235.99484473625566,235.0169183319422,0.23501691833194222,2.422030511427238,0.15,4.297266605612322
21946978854,4,200.0,250.0,50.0,235.99484473625566,238.73927536231886,237.75123519904366,0.23775123519904368,5.488861252126412,0.2,7.041697231675528
21946978854,5,250.0,300.0,50.0,238.73927536231886,240.1407097699618,239.16738006451286,0.23916738006451285,2.8028688152858763,0.25,8.443131639318466
21946978854,6,300.0,350.0,50.0,240.1407097699618,241.84369218992396,241.18442706201108,0.24118442706201107,3.4059648399243088,0.3,10.14611405928062
21946978854,7,350.0,400.0,50.0,241.84369218992396,242.07696032230302,241.87028136019674,0.24187028136019675,0.46653626475813326,0.35,10.379382191659687
21946978854,8,400.0,450.0,50.0,242.07696032230302,246.95717980748873,243.97051609258787,0.24397051609258788,9.76043897037141,0.4,15.259601676845392
21946978854,9,450.0,500.0,50.0,246.95717980748873,259.78143825453515,253.09731146215154,0.25309731146215153,25.648516894092836,0.45,28.08386012389181
21946978854,10,500.0,550.0,50.0,259.78143825453515,267.3352799775198,264.3272371728571,0.2643272371728571,15.107683445969315,0.5,35.63770184687647
21946978854,11,550.0,600.0,50.0,267.3352799775198,270.13020507996276,268.48614355232047,0.2684861435523205,5.58985020488592,0.55,38.43262694931943
21946978854,12,600.0,650.0,50.0,270.13020507996276,274.67482992761524,272.55260153767665,0.27255260153767663,9.089249695304943,0.6,42.9772517969719
21946978854,13,650.0,700.0,50.0,274.67482992761524,279.06958052279083,276.77263270349357,0.27677263270349356,8.789501190351189,0.65,47.37200239214749
21946978854,14,700.0,750.0,50.0,279.06958052279083,288.8055524441869,283.5272454006296,0.2835272454006296,19.471943842792143,0.7,57.107974313543565
21946978854,15,750.0,800.0,50.0,288.8055524441869,296.6905088384224,292.99157883711337,0.29299157883711335,15.769912788470947,0.75,64.99293070777904
21946978854,16,800.0,850.0,50.0,296.6905088384224,303.32360006290816,299.98524109969355,0.29998524109969354,13.266182448971563,0.8,71.62602193226482
21946978854,17,850.0,900.0,50.0,303.32360006290816,313.92147007474887,308.63385924711724,0.3086338592471172,21.195740023681424,0.85,82.22389194410553
21946978854,18,900.0,950.0,50.0,313.92147007474887,321.6965201976124,317.9440632448905,0.3179440632448905,15.550100245727094,0.9,89.99894206696908
21946978854,19,950.0,1000.0,50.0,321.6965201976124,325.5128243967114,323.6262885673745,0.3236262885673745,7.632608398197931,0.95,93.81524626606804
21946978854,20,1000.0,1050.0,50.0,325.5128243967114,328.8119101123595,327.4769413769881,0.32747694137698813,6.598171431296237,1.0,97.11433198171616
21946978854,21,1050.0,1100.0,50.0,328.8119101123595,329.5980014402898,329.30700169152743,0.32930700169152743,1.5721826558606153,1.05,97.90042330964647
21946978854,22,1100.0,1150.0,50.0,329.5980014402898,327.36128317939887,328.4968049212526,0.3284968049212526,-4.473436521781878,1.1,97.90042330964647
21946978854,23,1150.0,1200.0,50.0,327.36128317939887,322.7270001023942,325.2908849973448,0.32529088499734476,-9.268566154009363,1.15,97.90042330964647
21946978854,24,1200.0,1250.0,50.0,322.7270001023942,319.9440812353747,321.1130139841003,0.3211130139841003,-5.565837734038951,1.2,97.90042330964647
21946978854,25,1250.0,1300.0,50.0,319.9440812353747,322.7321370364167,320.9129445847907,0.3209129445847907,5.576111602083984,1.25,100.68847911068846
21946978854,26,1300.0,1350.0,50.0,322.7321370364167,324.4891801372229,324.044631480403,0.32404463148040297,3.514086201612372,1.3,102.44552221149465
21946978854,27,1350.0,1400.0,50.0,324.4891801372229,322.6692717165219,323.3982782007792,0.3233982782007792,-3.6398168414019665,1.35,102.44552221149465
21946978854,28,1400.0,1450.0,50.0,322.6692717165219,323.2451777443527,323.27932441502975,0.32327932441502977,1.151812055661594,1.4,103.02142823932545
21946978854,29,1450.0,1500.0,50.0,323.2451777443527,324.1385619958045,323.0956045065081,0.3230956045065081,1.7867685029035556,1.45,103.91481249077722
21946978854,30,1500.0,1550.0,50.0,324.1385619958045,322.7110040911356,324.3295480614686,0.3243295480614686,-2.8551158093378035,1.5,103.91481249077722
21946978854,31,1550.0,1600.0,50.0,322.7110040911356,317.70877703315483,319.56368321534717,0.31956368321534717,-10.004454115961494,1.55,103.91481249077722
21946978854,32,1600.0,1650.0,50.0,317.70877703315483,316.1045988518782,317.23500177359506,0.31723500177359504,-3.208356362553218,1.6,103.91481249077722
21946978854,33,1650.0,1700.0,50.0,316.1045988518782,321.21619305883956,317.7249696886849,0.3177249696886849,10.223188413922685,1.65,109.02640669773857
21946978854,34,1700.0,1750.0,50.0,321.21619305883956,324.8134073076454,323.8598403296693,0.3238598403296693,7.194428497611625,1.7,112.62362094654438
21946978854,35,1750.0,1800.0,50.0,324.8134073076454,327.77827407697555,325.8820968959541,0.3258820968959541,5.929733538660344,1.75,115.58848771587455
21946978854,36,1800.0,1850.0,50.0,327.77827407697555,327.6690266201123,328.2163318530256,0.3282163318530256,-0.21849491372654484,1.8,115.58848771587455
21946978854,37,1850.0,1900.0,50.0,327.6690266201123,324.9071006384104,326.02915945889464,0.32602915945889466,-5.523851963403786,1.85,115.58848771587455
21946978854,38,1900.0,1950.0,50.0,324.9071006384104,326.4040831447594,325.54758152404077,0.3255475815240408,2.993965012698027,1.9,117.08547022222356
21946978854,39,1950.0,2000.0,50.0,326.4040831447594,326.95933023109137,326.80566133893944,0.32680566133893946,1.1104941726639481,1.95,117.64071730855554
21946978854,40,2000.0,2050.0,50.0,326.95933023109137,329.13321932298254,327.9516869933129,0.3279516869933129,4.347778183782339,2.0,119.8146064004467
21946978854,41,2050.0,2100.0,50.0,329.13321932298254,326.89681937377964,328.7431674328893,0.32874316743288934,-4.47279989840581,2.05,119.8146064004467
21946978854,42,2100.0,2150.0,50.0,326.89681937377964,318.64077743790267,322.6319310805995,0.3226319310805995,-16.51208387175393,2.1,119.8146064004467
21946978854,43,2150.0,2200.0,50.0,318.64077743790267,311.34563735341976,315.00768527191764,0.31500768527191764,-14.590280168965819,2.15,119.8146064004467
21946978854,44,2200.0,2250.0,50.0,311.34563735341976,304.7834723521945,307.9576271894111,0.3079576271894111,-13.124330002450506,2.2,119.8146064004467
21946978854,45,2250.0,2300.0,50.0,304.7834723521945,298.75932959495236,301.7948677250635,0.30179486772506353,-12.048285514484292,2.25,119.8146064004467
21946978854,46,2300.0,2350.0,50.0,298.75932959495236,296.10050022548285,296.7556696102436,0.29675566961024363,-5.317658738939031,2.3,119.8146064004467
21946978854,47,2350.0,2400.0,50.0,296.10050022548285,299.289499732675,297.9324008697757,0.2979324008697757,6.377999014384272,2.35,123.00360590763884
21946978854,48,2400.0,2450.0,50.0,299.289499732675,299.83846464113105,299.5671888039786,0.2995671888039786,1.097929816912142,2.4,123.55257081609491
21946978854,49,2450.0,2500.0,50.0,299.83846464113105,299.5587354305886,299.8769310824159,0.2998769310824159,-0.5594584210848552,2.45,123.55257081609491
21946978854,50,2500.0,2550.0,50.0,299.5587354305886,293.91545607186833,297.1250929640462,0.2971250929640462,-11.286558717440585,2.5,123.55257081609491
21946978854,51,2550.0,2600.0,50.0,293.91545607186833,286.6266025116083,290.13842539828744,0.29013842539828744,-14.577707120520017,2.55,123.55257081609491
21946978854,52,2600.0,2650.0,50.0,286.6266025116083,280.41710046632545,283.42796049384725,0.2834279604938473,-12.41900409056575,2.6,123.55257081609491
21946978854,53,2650.0,2700.0,50.0,280.41710046632545,275.3336644339438,277.91185741522577,0.2779118574152258,-10.16687206476331,2.65,123.55257081609491
21946978854,54,2700.0,2750.0,50.0,275.3336644339438,276.07410202134315,275.20776495503236,0.27520776495503235,1.4808751747987117,2.7,124.29300840349427
21946978854,55,2750.0,2800.0,50.0,276.07410202134315,273.80478226744674,275.2807570442814,0.2752807570442814,-4.538639507792823,2.75,124.29300840349427
21946978854,56,2800.0,2850.0,50.0,273.80478226744674,274.4265337990411,273.83826547637995,0.27383826547637996,1.2435030631887685,2.8,124.91475993508865
21946978854,57,2850.0,2900.0,50.0,274.4265337990411,275.83569957971315,275.1415301751911,0.2751415301751911,2.8183315613440527,2.85,126.32392571576068
21946978854,58,2900.0,2950.0,50.0,275.83569957971315,276.3712219492951,276.1854085549332,0.2761854085549332,1.0710447391638809,2.9,126.85944808534262
21946978854,59,2950.0,3000.0,50.0,276.3712219492951,275.7560014019906,276.0342059223229,0.27603420592232286,-1.2304410946089774,2.95,126.85944808534262
21946978854,60,3000.0,3050.0,50.0,275.7560014019906,276.4053876651361,276.04171069887917,0.2760417106988792,1.2987725262910317,3.0,127.50883434848814
21946978854,61,3050.0,3100.0,50.0,276.4053876651361,275.5551374942256,276.2667579128349,0.2762667579128349,-1.700500341820998,3.05,127.50883434848814
21946978854,62,3100.0,3150.0,50.0,275.5551374942256,272.32478710335266,273.8543532648278,0.2738543532648278,-6.4607007817459134,3.1,127.50883434848814
21946978854,63,3150.0,3200.0,50.0,272.32478710335266,271.0478163982127,271.4636658359936,0.2714636658359936,-2.55394141027989,3.15,127.50883434848814
21946978854,64,3200.0,3250.0,50.0,271.0478163982127,272.66960554826454,271.857367163128,0.271857367163128,3.24357830010365,3.2,129.13062349853996
21946978854,65,3250.0,3300.0,50.0,272.66960554826454,274.473668853867,273.34574392889425,0.27334574392889427,3.608126611204966,3.25,130.93468680414244
21946978854,66,3300.0,3350.0,50.0,274.473668853867,278.52127073573314,276.53938579064425,0.27653938579064424,8.09520376373223,3.3,134.98228868600856
21946978854,67,3350.0,3400.0,50.0,278.52127073573314,280.51138649985285,279.65181742756,0.27965181742756,3.9802315282394147,3.35,136.97240445012827
21946978854,68,3400.0,3450.0,50.0,280.51138649985285,282.90879470652453,281.6838305299137,0.2816838305299137,4.794816413343369,3.4,139.36981265679995
21946978854,69,3450.0,3500.0,50.0,282.90879470652453,285.3665024205826,284.0994258944822,0.28409942589448217,4.915415428116148,3.45,141.82752037085802
21946978854,70,3500.0,3550.0,50.0,285.3665024205826,286.6875435328253,286.1413342979162,0.2861413342979162,2.6420822244854207,3.5,143.14856148310074
21946978854,71,3550.0,3600.0,50.0,286.6875435328253,292.1257981709735,289.019631412731,0.28901963141273096,10.87650927629636,3.55,148.58681612124892
21946978854,72,3600.0,3650.0,50.0,292.1257981709735,298.7967649798228,295.26475018736795,0.295264750187368,13.3419336176986,3.6,155.25778293009822
21946978854,73,3650.0,3700.0,50.0,298.7967649798228,308.72968421740444,304.364437732686,0.304364437732686,19.865838475163287,3.65,165.19070216767986
21946978854,74,3700.0,3750.0,50.0,308.72968421740444,309.7464243574813,309.2061362569857,0.3092061362569857,2.0334802801537535,3.7,166.20744230775674
21946978854,75,3750.0,3800.0,50.0,309.7464243574813,310.6542431163266,310.2850938744902,0.3102850938744902,1.8156375176905613,3.75,167.11526106660202
21946978854,76,3800.0,3850.0,50.0,310.6542431163266,311.88984079927684,310.9572162298842,0.3109572162298842,2.471195365900485,3.8,168.35085874955226
21946978854,77,3850.0,3900.0,50.0,311.88984079927684,316.0735238644826,314.1410169809057,0.3141410169809057,8.367366130411483,3.85,172.534541814758
21946978854,78,3900.0,3950.0,50.0,316.0735238644826,317.8870324834947,316.9781625003594,0.31697816250035943,3.627017238024223,3.9,174.3480504337701
21946978854,79,3950.0,4000.0,50.0,317.8870324834947,319.25568125922285,318.7427045553504,0.31874270455535036,2.7372975514563223,3.95,175.71669920949827
21946978854,80,4000.0,4050.0,50.0,319.25568125922285,319.59126164420076,319.33447679381777,0.31933447679381777,0.6711607699558044,4.0,176.05227959447618
21946978854,81,4050.0,4100.0,50.0,319.59126164420076,322.5536749673606,320.8451293242552,0.3208451293242552,5.92482664631973,4.05,179.01469291763604
21946978854,82,4100.0,4150.0,50.0,322.5536749673606,323.663767349603,323.4324680582112,0.3234324680582112,2.2201847644847703,4.1,180.12478529987843
21946978854,83,4150.0,4200.0,50.0,323.663767349603,325.40207439218,324.2843641995575,0.32428436419955753,3.476614085153983,4.15,181.86309234245542
21946978854,84,4200.0,4250.0,50.0,325.40207439218,329.6369406968474,327.50751855418076,0.32750751855418075,8.469732609334756,4.2,186.0979586471228
21946978854,85,4250.0,4300.0,50.0,329.6369406968474,330.13233111322546,330.2097408872584,0.3302097408872584,0.9907808327561725,4.25,186.59334906350088
21946978854,86,4300.0,4350.0,50.0,330.13233111322546,327.00880726850755,328.5346360801771,0.32853463608017713,-6.247047689435817,4.3,186.59334906350088
21946978854,87,4350.0,4400.0,50.0,327.00880726850755,328.3143790057227,327.5668961955898,0.32756689619558976,2.611143474430264,4.35,187.898920800716
21946978854,88,4400.0,4450.0,50.0,328.3143790057227,326.362671286967,327.4198459849124,0.3274198459849124,-3.9034154375113985,4.4,187.898920800716
21946978854,89,4450.0,4500.0,50.0,326.362671286967,328.56513020073,327.2755507829657,0.3272755507829657,4.404917827525992,4.45,190.101379714479
21946978854,90,4500.0,4550.0,50.0,328.56513020073,330.6603630460473,329.6167167587702,0.32961671675877025,4.190465690634596,4.5,192.1966125597963
21946978854,91,4550.0,4600.0,50.0,330.6603630460473,332.035324791212,331.29358461169454,0.33129358461169456,2.749923490329479,4.55,193.57157430496105
21946978854,92,4600.0,4650.0,50.0,332.035324791212,332.98001858250336,332.7400754649489,0.33274007546494894,1.8893875825826854,4.6,194.5162680962524
21946978854,93,4650.0,4700.0,50.0,332.98001858250336,332.69881879968176,332.7664968543486,0.3327664968543486,-0.5623995656432044,4.65,194.5162680962524
21946978854,94,4700.0,4750.0,50.0,332.69881879968176,335.27122130566,333.8232098672184,0.3338232098672184,5.144805011956464,4.7,197.08867060223062
21946978854,95,4750.0,4800.0,50.0,335.27122130566,337.3584515579075,336.49522185478924,0.33649522185478925,4.174460504494959,4.75,199.1759008544781
21946978854,96,4800.0,4850.0,50.0,337.3584515579075,336.1903829530956,336.8135857779445,0.3368135857779445,-2.3361372096237574,4.8,199.1759008544781
21946978854,97,4850.0,4900.0,50.0,336.1903829530956,338.54653411892264,337.3244149278558,0.3373244149278558,4.712302331654087,4.85,201.53205202030514
21946978854,98,4900.0,4950.0,50.0,338.54653411892264,337.00127956204994,337.80793967514205,0.33780793967514205,-3.0905091137453837,4.9,201.53205202030514
21946978854,99,4950.0,5000.0,50.0,337.00127956204994,339.04372919201546,337.75268593201287,0.33775268593201285,4.084899259931035,4.95,203.57450165027066
21946978854,100,5000.0,5050.0,50.0,339.04372919201546,341.1445291150137,340.204119029693,0.340204119029693,4.201599845996498,5.0,205.6753015732689
21946978854,101,5050.0,5100.0,50.0,341.1445291150137,343.55698715514836,342.37797090869134,0.3423779709086913,4.824916080269304,5.05,208.08775961340356
21946978854,102,5100.0,5150.0,50.0,343.55698715514836,345.5832438225037,344.610565070677,0.344610565070677,4.052513334710625,5.1,210.11401628075888
21946978854,103,5150.0,5200.0,50.0,345.5832438225037,345.83344796155444,345.7607422012063,0.34576074220120634,0.5004082781015313,5.15,210.36422041980964
21946978854,104,5200.0,5250.0,50.0,345.83344796155444,345.1065640565571,345.6188751366962,0.3456188751366962,-1.4537678099947016,5.2,210.36422041980964
21946978854,105,5250.0,5300.0,50.0,345.1065640565571,344.1545183855345,344.74538976806616,0.3447453897680662,-1.9040913420451488,5.25,210.36422041980964
21946978854,106,5300.0,5350.0,50.0,344.1545183855345,339.6477391424502,341.8627329778083,0.34186273297780834,-9.013558486168677,5.3,210.36422041980964
21946978854,107,5350.0,5400.0,50.0,339.6477391424502,336.4926217792867,337.80086854822366,0.33780086854822367,-6.310234726326939,5.35,210.36422041980964
21946978854,108,5400.0,5450.0,50.0,336.4926217792867,338.90846046905125,337.4876219910393,0.3374876219910393,4.831677379529083,5.4,212.78005910957418
21946978854,109,5450.0,5500.0,50.0,338.90846046905125,339.77071967534636,339.9979939499635,0.3399979939499635,1.7245184125902142,5.45,213.6423183158693
21946978854,110,5500.0,5550.0,50.0,339.77071967534636,334.440327045691,336.81546787004066,0.3368154678700407,-10.660785259310728,5.5,213.6423183158693
21946978854,111,5550.0,5600.0,50.0,334.440327045691,333.6077028373824,333.9798580463343,0.3339798580463343,-1.6652484166171462,5.55,213.6423183158693
21946978854,112,5600.0,5650.0,50.0,333.6077028373824,335.5921447059509,334.4553507583395,0.3344553507583395,3.9688837371369345,5.6,215.62676018443776
21946978854,113,5650.0,5700.0,50.0,335.5921447059509,333.5622035019208,334.73893275774424,0.33473893275774425,-4.059882408060162,5.65,215.62676018443776
21946978854,114,5700.0,5750.0,50.0,333.5622035019208,332.4271870210694,332.95103648485036,0.33295103648485036,-2.270032961702782,5.7,215.62676018443776
21946978854,115,5750.0,5800.0,50.0,332.4271870210694,329.2212840645786,331.059761156719,0.331059761156719,-6.411805912981663,5.75,215.62676018443776
21946978854,116,5800.0,5850.0,50.0,329.2212840645786,328.0482593448917,328.3847037762265,0.3283847037762265,-2.3460494393738145,5.8,215.62676018443776
21946978854,117,5850.0,5900.0,50.0,328.0482593448917,325.05214839723743,326.8679850114099,0.3268679850114099,-5.992221895308489,5.85,215.62676018443776
21946978854,118,5900.0,5950.0,50.0,325.05214839723743,323.4350443599545,323.9098965265495,0.3239098965265495,-3.234208074565913,5.9,215.62676018443776
21946978854,119,5950.0,6000.0,50.0,323.4350443599545,325.62964708337734,324.3830477121498,0.32438304771214976,4.389205446845722,5.95,217.82136290786062
21946978854,120,6000.0,6050.0,50.0,325.62964708337734,325.8572294666849,326.0222083486531,0.32602220834865314,0.4551647666150984,6.0,218.04894529116817
21946978854,121,6050.0,6100.0,50.0,325.8572294666849,324.68519972239864,325.2766946265792,0.32527669462657915,-2.3440594885724977,6.05,218.04894529116817
21946978854,122,6100.0,6150.0,50.0,324.68519972239864,323.8118138415281,324.0035958201766,0.3240035958201766,-1.7467717617411154,6.1,218.04894529116817
21946978854,123,6150.0,6200.0,50.0,323.8118138415281,324.6668314975658,324.43589294717435,0.32443589294717434,1.7100353120754335,6.15,218.90396294720588
21946978854,124,6200.0,6250.0,50.0,324.6668314975658,321.83338326360274,323.56041233018226,0.32356041233018223,-5.666896467926108,6.2,218.90396294720588
21946978854,125,6250.0,6300.0,50.0,321.83338326360274,319.0901568855317,320.10692628660587,0.32010692628660586,-5.486452756142057,6.25,218.90396294720588
21946978854,126,6300.0,6350.0,50.0,319.0901568855317,317.8929931523894,318.62099094485905,0.3186209909448591,-2.394327466284608,6.3,218.90396294720588
21946978854,127,6350.0,6400.0,50.0,317.8929931523894,316.7957333890157,317.23847169867463,0.31723847169867464,-2.194519526747399,6.35,218.90396294720588
21946978854,128,6400.0,6450.0,50.0,316.7957333890157,315.64013927854535,316.312747263758,0.316312747263758,-2.3111882209407213,6.4,218.90396294720588
21946978854,129,6450.0,6500.0,50.0,315.64013927854535,314.61243013650335,314.90723029525094,0.3149072302952509,-2.0554182840839985,6.45,218.90396294720588
21946978854,130,6500.0,6550.0,50.0,314.61243013650335,314.7505852943479,314.8320363136556,0.3148320363136556,0.276310315689102,6.5,219.04211810505043
21946978854,131,6550.0,6600.0,50.0,314.7505852943479,314.4682169529323,314.70703998670643,0.31470703998670646,-0.5647366828311533,6.55,219.04211810505043
21946978854,132,6600.0,6650.0,50.0,314.4682169529323,310.6423895604101,312.58671017996755,0.31258671017996753,-7.651654785044457,6.6,219.04211810505043
21946978854,133,6650.0,6700.0,50.0,310.6423895604101,308.18341097789516,309.2757294278013,0.3092757294278013,-4.917957165029861,6.65,219.04211810505043
21946978854,134,6700.0,6750.0,50.0,308.18341097789516,305.5074198498545,307.12761447092544,0.30712761447092546,-5.351982256081328,6.7,219.04211810505043
21946978854,135,6750.0,6800.0,50.0,305.5074198498545,299.8079598873843,302.5723348601782,0.3025723348601782,-11.398919924940401,6.75,219.04211810505043
21946978854,136,6800.0,6850.0,50.0,299.8079598873843,296.03204009444437,298.01244134705536,0.29801244134705535,-7.551839585879861,6.8,219.04211810505043
21946978854,137,6850.0,6900.0,50.0,296.03204009444437,290.61684654281254,293.31960931262194,0.2933196093126219,-10.83038710326366,6.85,219.04211810505043
21946978854,138,6900.0,6950.0,50.0,290.61684654281254,285.7330721361813,288.05370658800115,0.28805370658800117,-9.767548813262465,6.9,219.04211810505043
21946978854,139,6950.0,7000.0,50.0,285.7330721361813,283.46327098496545,284.55025071929816,0.2845502507192982,-4.539602302431717,6.95,219.04211810505043
21946978854,140,7000.0,7050.0,50.0,283.46327098496545,280.5938667207294,282.17026371171625,0.2821702637117162,-5.738808528472077,7.0,219.04211810505043
21946978854,141,7050.0,7100.0,50.0,280.5938667207294,276.52694882000577,278.36293801340213,0.2783629380134021,-8.133835801447276,7.05,219.04211810505043
21946978854,142,7100.0,7150.0,50.0,276.52694882000577,276.46795150441665,276.4486517060973,0.2764486517060973,-0.11799463117824871,7.1,219.04211810505043
21946978854,143,7150.0,7200.0,50.0,276.46795150441665,275.0177263781895,275.69016946310575,0.27569016946310576,-2.900450252454334,7.15,219.04211810505043
21946978854,144,7200.0,7250.0,50.0,275.0177263781895,272.3621378451936,273.92469447810316,0.27392469447810314,-5.311177065991728,7.2,219.04211810505043
21946978854,145,7250.0,7300.0,50.0,272.3621378451936,271.3092721393401,271.37952794624215,0.27137952794624215,-2.1057314117069836,7.25,219.04211810505043
21946978854,146,7300.0,7350.0,50.0,271.3092721393401,274.9925395696713,273.11987727792376,0.27311987727792375,7.366534860662341,7.3,222.7253855353816
21946978854,147,7350.0,7400.0,50.0,274.9925395696713,277.54823255053464,276.40286126541827,0.27640286126541824,5.111385961726683,7.35,225.28107851624495
21946978854,148,7400.0,7450.0,50.0,277.54823255053464,277.0894334367707,277.5964939330009,0.2775964939330009,-0.9175982275278329,7.4,225.28107851624495
21946978854,149,7450.0,7500.0,50.0,277.0894334367707,273.63149470812255,275.3658551936151,0.2753658551936151,-6.915877457296347,7.45,225.28107851624495
21946978854,150,7500.0,7550.0,50.0,273.63149470812255,274.6916007107744,273.65761606765795,0.2736576160676579,2.120212005303756,7.5,226.34118451889682
21946978854,151,7550.0,7600.0,50.0,274.6916007107744,276.97678164819547,276.0186616434716,0.2760186616434716,4.570361874842092,7.55,228.62636545631787
21946978854,152,7600.0,7650.0,50.0,276.97678164819547,278.58217412657297,277.95328556911323,0.27795328556911325,3.210784956754992,7.6,230.23175793469537
21946978854,153,7650.0,7700.0,50.0,278.58217412657297,275.8624052898405,277.471195471675,0.277471195471675,-5.4395376734648835,7.65,230.23175793469537
21946978854,154,7700.0,7750.0,50.0,275.8624052898405,272.17298036871415,274.0545079764275,0.2740545079764275,-7.378849842252748,7.7,230.23175793469537
21946978854,155,7750.0,7800.0,50.0,272.17298036871415,274.7992078590747,272.8534266496443,0.2728534266496443,5.252454980721154,7.75,232.85798542505594
21946978854,156,7800.0,7850.0,50.0,274.7992078590747,278.7718777679556,277.2189842675229,0.2772189842675229,7.945339817761692,7.8,236.8306553339368
21946978854,157,7850.0,7900.0,50.0,278.7718777679556,275.819592500054,277.44402410015437,0.27744402410015434,-5.9045705358031455,7.85,236.8306553339368
21946978854,158,7900.0,7950.0,50.0,275.819592500054,273.34141123913076,274.29782742550765,0.2742978274255076,-4.956362521846472,7.9,236.8306553339368
21946978854,159,7950.0,8000.0,50.0,273.34141123913076,273.9756987490947,273.65641487921556,0.27365641487921555,1.26857501992788,7.95,237.46494284390073
21946978854,160,8000.0,8050.0,50.0,273.9756987490947,273.27628298533284,273.6246803241144,0.2736246803241144,-1.3988315275237255,8.0,237.46494284390073
21946978854,161,8050.0,8100.0,50.0,273.27628298533284,273.500908946067,273.4162577074131,0.27341625770741307,0.44925192146831705,8.05,237.6895688046349
21946978854,162,8100.0,8150.0,50.0,273.500908946067,272.72984074572696,273.266628220972,0.273266628220972,-1.5421364006800786,8.1,237.6895688046349
21946978854,163,8150.0,8200.0,50.0,272.72984074572696,270.42634117216414,271.4932290889438,0.2714932290889438,-4.606999147125634,8.15,237.6895688046349
21946978854,164,8200.0,8250.0,50.0,270.42634117216414,270.9289026511528,270.5710833937582,0.27057108339375824,1.005122957977278,8.2,238.19213028362353
21946978854,165,8250.0,8300.0,50.0,270.9289026511528,272.0474991284341,271.4185486463714,0.2714185486463714,2.2371929545626017,8.25,239.31072676090483
21946978854,166,8300.0,8350.0,50.0,272.0474991284341,272.1706649219033,272.31955890061676,0.27231955890061676,0.24633158693848145,8.3,239.43389255437407
21946978854,167,8350.0,8400.0,50.0,272.1706649219033,272.8138728414971,272.36962863162927,0.2723696286316293,1.286415839187498,8.35,240.07710047396782
21946978854,168,8400.0,8450.0,50.0,272.8138728414971,272.490563471218,272.72277836550035,0.27272277836550035,-0.6466187405580968,8.4,240.07710047396782
21946978854,169,8450.0,8500.0,50.0,272.490563471218,268.16006454374065,270.54548829396634,0.27054548829396635,-8.660997854954758,8.45,240.07710047396782
21946978854,170,8500.0,8550.0,50.0,268.16006454374065,268.93581224095584,268.0627338475665,0.2680627338475665,1.5514953944303898,8.5,240.852848171183
21946978854,171,8550.0,8600.0,50.0,268.93581224095584,270.9722712343214,270.0961455819875,0.2700961455819875,4.072917986731113,8.55,242.88930716454857
21946978854,172,8600.0,8650.0,50.0,270.9722712343214,271.7570497746202,271.38147217772183,0.27138147217772185,1.569557080597633,8.6,243.67408570484739
21946978854,173,8650.0,8700.0,50.0,271.7570497746202,270.5341066225103,271.4501991507471,0.2714501991507471,-2.445886304219812,8.65,243.67408570484739
21946978854,174,8700.0,8750.0,50.0,270.5341066225103,268.6333932785825,269.38339093633095,0.26938339093633096,-3.80142668785561,8.7,243.67408570484739
21946978854,175,8750.0,8800.0,50.0,268.6333932785825,265.725964734726,267.47770926487266,0.26747770926487263,-5.814857087712994,8.75,243.67408570484739
21946978854,176,8800.0,8850.0,50.0,265.725964734726,261.14475142540107,263.2409690694821,0.2632409690694821,-9.162426618649874,8.8,243.67408570484739
21946978854,177,8850.0,8900.0,50.0,261.14475142540107,258.649487171166,259.90303502221656,0.25990303502221657,-4.990528508470106,8.85,243.67408570484739
21946978854,178,8900.0,8950.0,50.0,258.649487171166,256.1066847324061,257.2887887883402,0.25728878878834016,-5.085604877519813,8.9,243.67408570484739
21946978854,179,8950.0,9000.0,50.0,256.1066847324061,254.22797760116737,255.4087320585105,0.2554087320585105,-3.7574142624774822,8.95,243.67408570484739
21946978854,180,9000.0,9050.0,50.0,254.22797760116737,250.17534291943858,252.00813002974465,0.25200813002974465,-8.10526936345758,9.0,243.67408570484739
21946978854,181,9050.0,9100.0,50.0,250.17534291943858,251.25025715500738,250.52704246624478,0.2505270424662448,2.149828471137596,9.05,244.74899994041618
21946978854,182,9100.0,9150.0,50.0,251.25025715500738,253.89998790721847,252.27441504362397,0.25227441504362397,5.299461504422197,9.1,247.39873069262728
21946978854,183,9150.0,9200.0,50.0,253.89998790721847,256.02374605355874,255.30299012724208,0.25530299012724206,4.24751629268053,9.15,249.52248883896755
21946978854,184,9200.0,9250.0,50.0,256.02374605355874,257.3190476386336,256.4956879552819,0.2564956879552819,2.590603170149734,9.2,250.8177904240424
21946978854,185,9250.0,9300.0,50.0,257.3190476386336,259.6530763786944,258.4736996153364,0.2584736996153364,4.668057480121547,9.25,253.1518191641032
21946978854,186,9300.0,9350.0,50.0,259.6530763786944,264.1103805118891,261.6008291289183,0.2616008291289183,8.91460826638945,9.3,257.6091232972979
21946978854,187,9350.0,9400.0,50.0,264.1103805118891,270.82397492629127,267.6312262340501,0.26763122623405006,13.427188828804333,9.35,264.3227177117001
21946978854,188,9400.0,9450.0,50.0,270.82397492629127,275.5967783163659,273.3113711913293,0.27331137119132926,9.545606780149228,9.4,269.0955211017747
21946978854,189,9450.0,9500.0,50.0,275.5967783163659,279.4091858748805,277.37879181523664,0.2773787918152366,7.624815117029243,9.45,272.9079286602893
21946978854,190,9500.0,9550.0,50.0,279.4091858748805,285.12797835560843,282.21014388863256,0.2822101438886326,11.437584961455855,9.5,278.62672114101724
21946978854,191,9550.0,9600.0,50.0,285.12797835560843,292.75090412476754,288.96794376065344,0.28896794376065343,15.24585153831822,9.55,286.24964691017635
21946978854,192,9600.0,9650.0,50.0,292.75090412476754,299.0996131259034,295.7243248443751,0.29572432484437505,12.697418002271661,9.6,292.5983559113122
21946978854,193,9650.0,9700.0,50.0,299.0996131259034,305.20212229013487,302.3520410253424,0.30235204102534236,12.205018328462984,9.65,298.7008650755437
21946978854,194,9700.0,9750.0,50.0,305.20212229013487,305.0254824574396,305.94756373302897,0.30594756373302895,-0.3532796653905734,9.7,298.7008650755437
21946978854,195,9750.0,9800.0,50.0,305.0254824574396,297.84240936525475,301.21651807822644,0.30121651807822647,-14.366146184369654,9.75,298.7008650755437
21946978854,196,9800.0,9850.0,50.0,297.84240936525475,296.21454246703695,297.09128018296195,0.29709128018296194,-3.2557337964356066,9.8,298.7008650755437
21946978854,197,9850.0,9900.0,50.0,296.21454246703695,289.639429895556,293.0243904654885,0.2930243904654885,-13.150225142961858,9.85,298.7008650755437
21946978854,198,9900.0,9950.0,50.0,289.639429895556,284.6763232844306,287.081059480213,0.287081059480213,-9.926213222250794,9.9,298.7008650755437
21946978854,199,9950.0,10000.0,50.0,284.6763232844306,280.4069832454046,282.5823972458247,0.28258239724582473,-8.538680078052039,9.95,298.7008650755437
21946978854,200,10000.0,10050.0,50.0,280.4069832454046,269.19412732935086,275.24105400607976,0.2752410540060798,-22.42571183210748,10.0,298.7008650755437
21946978854,201,10050.0,10100.0,50.0,269.19412732935086,259.88381650845474,264.29729001021093,0.2642972900102109,-18.62062164179224,10.05,298.7008650755437
21946978854,202,10100.0,10150.0,50.0,259.88381650845474,255.41244248732337,257.2969454405962,0.25729694544059617,-8.942748042262735,10.1,298.7008650755437
21946978854,203,10150.0,10200.0,50.0,255.41244248732337,254.59726931789754,254.69057298732332,0.25469057298732334,-1.6303463388516661,10.15,298.7008650755437
21946978854,204,10200.0,10250.0,50.0,254.59726931789754,255.18114615950407,254.97746144443386,0.25497746144443384,1.16775368321305,10.2,299.2847419171502
21946978854,205,10250.0,10300.0,50.0,255.18114615950407,257.3077197308983,255.91251787789153,0.25591251787789154,4.253147142788521,10.25,301.41131548854446
21946978854,206,10300.0,10350.0,50.0,257.3077197308983,259.4752824599047,258.738475638898,0.258738475638898,4.335125458012726,10.3,303.5788782175508
21946978854,207,10350.0,10400.0,50.0,259.4752824599047,259.6781467097801,259.61927608254126,0.25961927608254126,0.4057284997508077,10.35,303.7817424674262
21946978854,208,10400.0,10450.0,50.0,259.6781467097801,260.1358016959454,259.8894065438391,0.2598894065438391,0.9153099723306468,10.4,304.23939745359155
21946978854,209,10450.0,10500.0,50.0,260.1358016959454,261.6194686364837,260.7741810898969,0.2607741810898969,2.96733388107657,10.45,305.72306439412984
21946978854,210,10500.0,10550.0,50.0,261.6194686364837,263.3922165295477,262.2809649807671,0.26228096498076714,3.545495786127958,10.5,307.4958122871938
21946978854,211,10550.0,10600.0,50.0,263.3922165295477,263.3700815620689,263.94307692845126,0.26394307692845126,-0.044269934957583246,10.55,307.4958122871938
21946978854,212,10600.0,10650.0,50.0,263.3700815620689,262.977400699221,262.66913730941724,0.2626691373094172,-0.7853617256957932,10.6,307.4958122871938
21946978854,213,10650.0,10700.0,50.0,262.977400699221,268.18678522523123,265.28450344857436,0.26528450344857435,10.41876905202048,10.65,312.70519681320405
21946978854,214,10700.0,10750.0,50.0,268.18678522523123,271.58185009164583,270.52655676736026,0.27052655676736026,6.7901297328292,10.7,316.10026167961865
21946978854,215,10750.0,10800.0,50.0,271.58185009164583,277.2113526685948,273.41892189303115,0.27341892189303113,11.259005153897988,10.75,321.72976425656765
21946978854,216,10800.0,10850.0,50.0,277.2113526685948,282.1009261664267,280.4137708728859,0.2804137708728859,9.779146995663723,10.8,326.6193377543995
21946978854,217,10850.0,10900.0,50.0,282.1009261664267,280.1485091753274,281.8131885441005,0.28181318854410053,-3.9048339821986247,10.85,326.6193377543995
21946978854,218,10900.0,10950.0,50.0,280.1485091753274,271.55546316776366,275.5298262404254,0.2755298262404254,-17.18609201512743,10.9,326.6193377543995
21946978854,219,10950.0,11000.0,50.0,271.55546316776366,270.91044630497294,270.84939246425023,0.2708493924642502,-1.290033725581452,10.95,326.6193377543995
21946978854,220,11000.0,11050.0,50.0,270.91044630497294,271.93665559740646,271.60583878016035,0.27160583878016037,2.0524185848670413,11.0,327.64554704683303
21946978854,221,11050.0,11100.0,50.0,271.93665559740646,272.86103838613695,272.214755015989,0.272214755015989,1.8487655774609948,11.05,328.5699298355635
21946978854,222,11100.0,11150.0,50.0,272.86103838613695,270.1562534501669,272.0887676893827,0.27208876768938267,-5.409569871940107,11.1,328.5699298355635
21946978854,223,11150.0,11200.0,50.0,270.1562534501669,266.3780177009724,268.09651661125616,0.26809651661125616,-7.556471498388987,11.15,328.5699298355635
21946978854,224,11200.0,11250.0,50.0,266.3780177009724,262.4499824087891,264.24456758161915,0.2642445675816191,-7.856070584366648,11.2,328.5699298355635
21946978854,225,11250.0,11300.0,50.0,262.4499824087891,261.23321115335,261.76946867591806,0.26176946867591805,-2.433542510878169,11.25,328.5699298355635
21946978854,226,11300.0,11350.0,50.0,261.23321115335,260.96426619200463,261.1190987098109,0.26111909870981087,-0.5378899226907379,11.3,328.5699298355635
21946978854,227,11350.0,11400.0,50.0,260.96426619200463,259.9271332341585,260.5042051859131,0.2605042051859131,-2.0742659156923082,11.35,328.5699298355635
21946978854,228,11400.0,11450.0,50.0,259.9271332341585,257.4174998502546,258.7667387007126,0.2587667387007126,-5.019266767807721,11.4,328.5699298355635
21946978854,229,11450.0,11500.0,50.0,257.4174998502546,256.1943155865614,256.63287446502636,0.25663287446502636,-2.4463685273864257,11.45,328.5699298355635
21946978854,230,11500.0,11550.0,50.0,256.1943155865614,254.9785667380234,255.76328825994162,0.2557632882599416,-2.431497697075997,11.5,328.5699298355635
21946978854,231,11550.0,11600.0,50.0,254.9785667380234,251.80836429253037,253.25175733512432,0.25325175733512434,-6.340404890986065,11.55,328.5699298355635
21946978854,232,11600.0,11650.0,50.0,251.80836429253037,251.4919379844961,251.61172606404423,0.25161172606404425,-0.6328526160685328,11.6,328.5699298355635
21946978854,233,11650.0,11700.0,50.0,251.4919379844961,251.88264387968502,251.58371890856938,0.2515837189085694,0.781411790377831,11.65,328.9606357307524
21946978854,234,11700.0,11750.0,50.0,251.88264387968502,252.7590707614229,252.39628662085624,0.2523962866208562,1.7528537634757413,11.7,329.8370626124903
21946978854,235,11750.0,11800.0,50.0,252.7590707614229,251.208883053327,252.13996473622896,0.25213996473622896,-3.1003754161917527,11.75,329.8370626124903
21946978854,236,11800.0,11850.0,50.0,251.208883053327,249.59030264888435,250.29874175784684,0.25029874175784683,-3.237160808885335,11.8,329.8370626124903
21946978854,237,11850.0,11900.0,50.0,249.59030264888435,248.4829888411914,249.14576020552917,0.24914576020552917,-2.2146276153858935,11.85,329.8370626124903
21946978854,238,11900.0,11950.0,50.0,248.4829888411914,245.54192513066005,247.06727345122943,0.24706727345122942,-5.882127421062705,11.9,329.8370626124903
21946978854,239,11950.0,12000.0,50.0,245.54192513066005,245.62854990776714,245.12195436826048,0.24512195436826048,0.17324955421418053,11.95,329.9236873895974
21946978854,240,12000.0,12050.0,50.0,245.62854990776714,246.85630562037713,246.5589307613936,0.24655893076139362,2.4555114252199814,12.0,331.1514431022074
21946978854,241,12050.0,12100.0,50.0,246.85630562037713,242.11546002849167,244.95837118742966,0.24495837118742966,-9.48169118377092,12.05,331.1514431022074
21946978854,242,12100.0,12150.0,50.0,242.11546002849167,235.00521854871516,238.26640519541112,0.23826640519541112,-14.22048295955301,12.1,331.1514431022074
21946978854,243,12150.0,12200.0,50.0,235.00521854871516,233.58005124961647,234.00834038801074,0.23400834038801074,-2.850334598197378,12.15,331.1514431022074
21946978854,244,12200.0,12250.0,50.0,233.58005124961647,232.9618671897078,233.40788946297758,0.23340788946297758,-1.2363681198173708,12.2,331.1514431022074
21946978854,245,12250.0,12300.0,50.0,232.9618671897078,233.7578635407509,233.1393220614009,0.2331393220614009,1.591992702086202,12.25,331.94743945325047
21946978854,246,12300.0,12350.0,50.0,233.7578635407509,234.78389107057833,234.41769945362034,0.23441769945362034,2.05205505965489,12.3,332.9734669830779
21946978854,247,12350.0,12400.0,50.0,234.78389107057833,235.2648817782966,234.931670853461,0.23493167085346098,0.9619814154365258,12.35,333.4544576907962
21946978854,248,12400.0,12450.0,50.0,235.2648817782966,238.6368877130413,236.5685764640741,0.23656857646407412,6.744011869489384,12.4,336.8264636255409
21946978854,249,12450.0,12500.0,50.0,238.6368877130413,243.926033401637,241.47382539790155,0.24147382539790155,10.57829137719142,12.45,342.1156093141366
21946978854,250,12500.0,12550.0,50.0,243.926033401637,245.79158588024393,245.47333925129328,0.24547333925129328,3.7311049572138586,12.5,343.9811617927435
21946978854,251,12550.0,12600.0,50.0,245.79158588024393,242.20892353304626,243.58807158120416,0.24358807158120416,-7.165324694395338,12.55,343.9811617927435
21946978854,252,12600.0,12650.0,50.0,242.20892353304626,243.3519501652028,242.69550103467978,0.24269550103467977,2.286053264313068,12.6,345.1241884249
21946978854,253,12650.0,12700.0,50.0,243.3519501652028,244.75535006524487,244.19410713219864,0.24419410713219863,2.80679980008415,12.65,346.5275883249421
21946978854,254,12700.0,12750.0,50.0,244.75535006524487,244.94556656534778,244.90363167877567,0.24490363167877566,0.3804330002058123,12.7,346.717804825045
21946978854,255,12750.0,12800.0,50.0,244.94556656534778,244.98242945926899,244.8736664515492,0.2448736664515492,0.07372578784242023,12.75,346.7546677189662
21946978854,256,12800.0,12829.43,29.43000000000029,244.98242945926899,245.20229261948492,245.07487778918517,0.24507487778918516,0.7470715603667498,12.8,346.9745308791821
22118031985,0,0.0,50.0,50.0,313.8666666666667,313.1349904034184,313.5606343874084,0.3135606343874084,-1.4633525264965783,0.0,0.0
22118031985,1,50.0,100.0,50.0,313.1349904034184,311.8190432818619,312.4622510810786,0.3124622510810786,-2.6318942431129244,0.05,0.0
22118031985,2,100.0,150.0,50.0,311.8190432818619,311.5290689394476,311.51704625761926,0.3115170462576193,-0.5799486848286506,0.1,0.0
22118031985,3,150.0,200.0,50.0,311.5290689394476,314.3958521715821,313.4822450058778,0.3134822450058778,5.733566464268961,0.15,2.8667832321344804
22118031985,4,200.0,250.0,50.0,314.3958521715821,303.44587168796477,309.2484482995819,0.3092484482995819,-21.89996096723462,0.2,2.8667832321344804
22118031985,5,250.0,300.0,50.0,303.44587168796477,296.0256536650431,299.18443091279414,0.2991844309127941,-14.840436045843376,0.25,2.8667832321344804
22118031985,6,300.0,350.0,50.0,296.0256536650431,294.84242795221985,295.27932593301506,0.29527932593301504,-2.36645142564646,0.3,2.8667832321344804
22118031985,7,350.0,400.0,50.0,294.84242795221985,292.8838239155344,293.98103234634664,0.29398103234634665,-3.9172080733709436,0.35,2.8667832321344804
22118031985,8,400.0,450.0,50.0,292.8838239155344,291.42475296471684,292.0206145139184,0.2920206145139184,-2.9181419016350674,0.4,2.8667832321344804
22118031985,9,450.0,500.0,50.0,291.42475296471684,289.5107642661667,290.6497713809417,0.29064977138094167,-3.8279773971003124,0.45,2.8667832321344804
22118031985,10,500.0,550.0,50.0,289.5107642661667,289.67401592865883,289.0584927364962,0.2890584927364962,0.32650332498428725,0.5,3.030034894626624
22118031985,11,550.0,600.0,50.0,289.67401592865883,296.8289374570435,293.41211745573156,0.29341211745573154,14.309843056769296,0.55,10.184956423011272
22118031985,12,600.0,650.0,50.0,296.8289374570435,296.5214926502814,297.14504529786876,0.2971450452978688,-0.6148896135241557,0.6,10.184956423011272
22118031985,13,650.0,700.0,50.0,296.5214926502814,293.200496634269,294.59480157563945,0.29459480157563944,-6.641992032024859,0.65,10.184956423011272
22118031985,14,700.0,750.0,50.0,293.200496634269,288.5947338372424,291.35460903221707,0.29135460903221705,-9.211525594053114,0.7,10.184956423011272
22118031985,15,750.0,800.0,50.0,288.5947338372424,284.39653317752345,286.0753333202499,0.2860753333202499,-8.396401319437928,0.75,10.184956423011272
22118031985,16,800.0,850.0,50.0,284.39653317752345,284.35568642753515,284.22672234483116,0.28422672234483115,-0.08169349997660902,0.8,10.184956423011272
22118031985,17,850.0,900.0,50.0,284.35568642753515,286.0528565931088,285.2571600508001,0.2852571600508001,3.394340331147305,0.85,11.882126588584924
22118031985,18,900.0,950.0,50.0,286.0528565931088,283.54621231108086,285.1576812670086,0.28515768126700863,-5.01328856405587,0.9,11.882126588584924
22118031985,19,950.0,1000.0,50.0,283.54621231108086,278.04128021646835,280.7905470480532,0.28079054704805323,-11.009864189225027,0.95,11.882126588584924
22118031985,20,1000.0,1050.0,50.0,278.04128021646835,274.13973060203824,275.98253128601425,0.27598253128601424,-7.803099228860219,1.0,11.882126588584924
22118031985,21,1050.0,1100.0,50.0,274.13973060203824,271.7004178891522,272.81264525608356,0.27281264525608356,-4.878625425772043,1.05,11.882126588584924
22118031985,22,1100.0,1150.0,50.0,271.7004178891522,271.0034305923961,271.1846545617976,0.2711846545617976,-1.3939745935122119,1.1,11.882126588584924
22118031985,23,1150.0,1200.0,50.0,271.0034305923961,270.6847541941992,270.8923005700282,0.2708923005700282,-0.6373527963938841,1.15,11.882126588584924
22118031985,24,1200.0,1250.0,50.0,270.6847541941992,271.2839227391329,271.1180731985531,0.2711180731985531,1.1983370898674366,1.2,12.481295133518643
22118031985,25,1250.0,1300.0,50.0,271.2839227391329,263.87727453991636,268.0373472142905,0.2680373472142905,-14.813296398433067,1.25,12.481295133518643
22118031985,26,1300.0,1350.0,50.0,263.87727453991636,261.51849789338706,261.82518576455374,0.2618251857645537,-4.717553293058586,1.3,12.481295133518643
22118031985,27,1350.0,1400.0,50.0,261.51849789338706,263.8799820431595,263.00054655960616,0.26300054655960614,4.722968299544846,1.35,14.842779283291065
22118031985,28,1400.0,1450.0,50.0,263.8799820431595,259.1090835691469,261.9987969935351,0.2619987969935351,-9.541796948025194,1.4,14.842779283291065
22118031985,29,1450.0,1500.0,50.0,259.1090835691469,252.20958497054102,255.4924975343024,0.2554924975343024,-13.798997197211747,1.45,14.842779283291065
22118031985,30,1500.0,1550.0,50.0,252.20958497054102,246.09587334797908,248.77981678672418,0.24877981678672417,-12.227423245123873,1.5,14.842779283291065
22118031985,31,1550.0,1600.0,50.0,246.09587334797908,247.18404367947414,246.70322071341113,0.24670322071341114,2.1763406629901283,1.55,15.93094961478613
22118031985,32,1600.0,1650.0,50.0,247.18404367947414,245.6816355647653,246.54063605987912,0.2465406360598791,-3.004816229417713,1.6,15.93094961478613
22118031985,33,1650.0,1700.0,50.0,245.6816355647653,241.44182593390923,243.9594079692264,0.24395940796922638,-8.479619261712116,1.65,15.93094961478613
22118031985,34,1700.0,1750.0,50.0,241.44182593390923,235.64543018706885,238.1820074389201,0.2381820074389201,-11.59279149368075,1.7,15.93094961478613
22118031985,35,1750.0,1800.0,50.0,235.64543018706885,232.7584026722496,233.98050841125348,0.23398050841125348,-5.774055029638532,1.75,15.93094961478613
22118031985,36,1800.0,1850.0,50.0,232.7584026722496,233.28756951757296,233.06170465128093,0.23306170465128093,1.058333690646748,1.8,16.460116460109504
22118031985,37,1850.0,1900.0,50.0,233.28756951757296,232.1031539985865,233.00891572631133,0.23300891572631133,-2.3688310379729387,1.85,16.460116460109504
22118031985,38,1900.0,1950.0,50.0,232.1031539985865,228.42547788513565,230.13728872984976,0.23013728872984976,-7.355352226901687,1.9,16.460116460109504
22118031985,39,1950.0,2000.0,50.0,228.42547788513565,227.3769472275382,227.74782159172582,0.22774782159172582,-2.0970613151948783,1.95,16.460116460109504
22118031985,40,2000.0,2050.0,50.0,227.3769472275382,225.92560630579322,226.84877941304754,0.22684877941304754,-2.9026818434899724,2.0,16.460116460109504
22118031985,41,2050.0,2100.0,50.0,225.92560630579322,221.11027246867835,223.56358427462155,0.22356358427462156,-9.630667674229755,2.05,16.460116460109504
22118031985,42,2100.0,2150.0,50.0,221.11027246867835,219.64673339399457,220.0742202899337,0.2200742202899337,-2.92707814936756,2.1,16.460116460109504
22118031985,43,2150.0,2200.0,50.0,219.64673339399457,219.88176545710803,219.550431744255,0.219550431744255,0.47006412622693006,2.15,16.69514852322297
22118031985,44,2200.0,2250.0,50.0,219.88176545710803,220.76684534019446,220.71060536390095,0.22071060536390094,1.770159766172867,2.2,17.580228406309402
22118031985,45,2250.0,2300.0,50.0,220.76684534019446,220.73828034224567,220.79095587390597,0.22079095587390596,-0.05712999589758283,2.25,17.580228406309402
22118031985,46,2300.0,2350.0,50.0,220.73828034224567,220.6143877129542,220.63865231252143,0.22063865231252142,-0.24778525858295097,2.3,17.580228406309402
22118031985,47,2350.0,2400.0,50.0,220.6143877129542,217.78738128900113,218.92575287396986,0.21892575287396984,-5.654012847906131,2.35,17.580228406309402
22118031985,48,2400.0,2450.0,50.0,217.78738128900113,219.2099820004095,218.63111846255356,0.21863111846255356,2.8452014228167286,2.4,19.002829117717766
22118031985,49,2450.0,2500.0,50.0,219.2099820004095,216.61005539650722,218.18561193013298,0.21818561193013297,-5.199853207804551,2.45,19.002829117717766
22118031985,50,2500.0,2550.0,50.0,216.61005539650722,213.0636095595252,214.704171413988,0.214704171413988,-7.092891673964061,2.5,19.002829117717766
22118031985,51,2550.0,2600.0,50.0,213.0636095595252,213.06177900243446,212.99339100767875,0.21299339100767875,-0.00366111418145465,2.55,19.002829117717766
22118031985,52,2600.0,2650.0,50.0,213.06177900243446,210.67981577546917,211.77145917339612,0.21177145917339613,-4.763926453930594,2.6,19.002829117717766
22118031985,53,2650.0,2700.0,50.0,210.67981577546917,209.78001013048757,210.37115287491682,0.2103711528749168,-1.7996112899631953,2.65,19.002829117717766
22118031985,54,2700.0,2750.0,50.0,209.78001013048757,206.04307006600408,207.9182587564588,0.2079182587564588,-7.473880128966982,2.7,19.002829117717766
22118031985,55,2750.0,2800.0,50.0,206.04307006600408,205.94523218722057,205.8962869483852,0.20589628694838522,-0.19567575756701672,2.75,19.002829117717766
22118031985,56,2800.0,2850.0,50.0,205.94523218722057,205.48658226895208,205.42013987766612,0.2054201398776661,-0.9172998365369835,2.8,19.002829117717766
22118031985,57,2850.0,2900.0,50.0,205.48658226895208,211.59033481101915,208.4077538807973,0.2084077538807973,12.20750508413414,2.85,25.106581659784837
22118031985,58,2900.0,2950.0,50.0,211.59033481101915,214.8576866382294,213.5760691967442,0.2135760691967442,6.534703654420525,2.9,28.3739334869951
22118031985,59,2950.0,3000.0,50.0,214.8576866382294,217.80003981900455,216.01818221414752,0.2160181822141475,5.884706361550286,2.95,31.316286667770243
22118031985,60,3000.0,3050.0,50.0,217.80003981900455,219.80359401351953,219.1624985762259,0.21916249857622588,4.007108389029952,3.0,33.31984086228522
22118031985,61,3050.0,3100.0,50.0,219.80359401351953,220.80233180558417,220.1043789492705,0.2201043789492705,1.9974755841292904,3.05,34.318578654349864
22118031985,62,3100.0,3150.0,50.0,220.80233180558417,222.5630257841527,221.86592103032663,0.22186592103032662,3.521387957137051,3.1,36.07927263291839
22118031985,63,3150.0,3200.0,50.0,222.5630257841527,224.04183898150745,222.91593114606272,0.22291593114606273,2.957626394709507,3.15,37.55808583027314
22118031985,64,3200.0,3250.0,50.0,224.04183898150745,227.73661924846215,226.26275176832814,0.22626275176832814,7.389560533909389,3.2,41.25286609722784
22118031985,65,3250.0,3300.0,50.0,227.73661924846215,229.76053673963497,228.46330747309653,0.22846330747309654,4.047834982345648,3.25,43.27678358840066
22118031985,66,3300.0,3350.0,50.0,229.76053673963497,232.75538288145222,231.15653691797294,0.23115653691797294,5.989692283634497,3.3,46.27162973021791
22118031985,67,3350.0,3400.0,50.0,232.75538288145222,231.39530243738608,232.90546598266698,0.23290546598266698,-2.720160888132284,3.35,46.27162973021791
22118031985,68,3400.0,3450.0,50.0,231.39530243738608,231.91947687876927,230.8928236851244,0.2308928236851244,1.0483488827663905,3.4,46.795804171601105
22118031985,69,3450.0,3500.0,50.0,231.91947687876927,236.6143511156542,234.36212777578217,0.23436212777578216,9.389748473769828,3.45,51.49067840848602
22118031985,70,3500.0,3550.0,50.0,236.6143511156542,239.77970668153912,238.19019607995725,0.23819019607995726,6.330711131769874,3.5,54.656033974370956
22118031985,71,3550.0,3600.0,50.0,239.77970668153912,241.74565802901597,240.69264226657265,0.24069264226657264,3.931902694953692,3.55,56.6219853218478
22118031985,72,3600.0,3650.0,50.0,241.74565802901597,245.78726520241594,244.02629322622394,0.24402629322622393,8.083214346799934,3.6,60.66359249524777
22118031985,73,3650.0,3700.0,50.0,245.78726520241594,247.55188614002765,246.63447729193533,0.24663447729193533,3.52924187522342,3.65,62.42821343285948
22118031985,74,3700.0,3750.0,50.0,247.55188614002765,250.0438625558436,248.85709104649536,0.24885709104649537,4.983952831631882,3.7,64.92018984867542
22118031985,75,3750.0,3800.0,50.0,250.0438625558436,251.462429522412,250.44325958180733,0.2504432595818073,2.8371339331368404,3.75,66.33875681524384
22118031985,76,3800.0,3850.0,50.0,251.462429522412,253.89000473525198,253.2062491852383,0.2532062491852383,4.855150425679938,3.8,68.76633202808381
22118031985,77,3850.0,3900.0,50.0,253.89000473525198,252.20023547772075,252.85900427563843,0.2528590042756384,-3.3795385150624497,3.85,68.76633202808381
22118031985,78,3900.0,3950.0,50.0,252.20023547772075,254.21359493712194,252.97217150074547,0.25297217150074547,4.0267189188023735,3.9,70.779691487485
22118031985,79,3950.0,4000.0,50.0,254.21359493712194,255.04917018794094,255.03867524973342,0.2550386752497334,1.6711505016380102,3.95,71.615266738304
22118031985,80,4000.0,4050.0,50.0,255.04917018794094,254.52376714560828,254.58081560004135,0.25458081560004137,-1.0508060846653393,4.0,71.615266738304
22118031985,81,4050.0,4100.0,50.0,254.52376714560828,257.58970597643827,255.78467855183348,0.25578467855183346,6.131877661659985,4.05,74.681205569134
22118031985,82,4100.0,4150.0,50.0,257.58970597643827,260.2167434910028,259.2402900991455,0.2592402900991455,5.254075029129012,4.1,77.3082430836985
22118031985,83,4150.0,4200.0,50.0,260.2167434910028,256.5567055299982,258.52504900893484,0.25852504900893486,-7.320075922009096,4.15,77.3082430836985
22118031985,84,4200.0,4250.0,50.0,256.5567055299982,255.0638108970865,255.81646492394452,0.2558164649239445,-2.9857892658234277,4.2,77.3082430836985
22118031985,85,4250.0,4300.0,50.0,255.0638108970865,254.37415954755852,254.3980090272523,0.2543980090272523,-1.3793026990559838,4.25,77.3082430836985
22118031985,86,4300.0,4350.0,50.0,254.37415954755852,258.99464004764735,256.2555074557379,0.25625550745573794,9.240961000177663,4.3,81.92872358378733
22118031985,87,4350.0,4400.0,50.0,258.99464004764735,264.3563548509753,262.31560829817744,0.26231560829817746,10.723429606655941,4.35,87.2904383871153
22118031985,88,4400.0,4450.0,50.0,264.3563548509753,262.72870365934796,263.486053259932,0.263486053259932,-3.2553023832547296,4.4,87.2904383871153
22118031985,89,4450.0,4500.0,50.0,262.72870365934796,263.7354685032966,263.21173102476905,0.263211731024769,2.0135296878972895,4.45,88.29720323106395
22118031985,90,4500.0,4550.0,50.0,263.7354685032966,261.95869553144166,262.8324006071345,0.2628324006071345,-3.553545943709878,4.5,88.29720323106395
22118031985,91,4550.0,4600.0,50.0,261.95869553144166,262.80408393343185,262.2581635702563,0.2622581635702563,1.690776803980384,4.55,89.14259163305414
22118031985,92,4600.0,4650.0,50.0,262.80408393343185,264.7676834706526,263.8856827500822,0.2638856827500822,3.927199074441546,4.6,91.10619117027491
22118031985,93,4650.0,4700.0,50.0,264.7676834706526,267.09736371426163,265.6945376157378,0.26569453761573775,4.659360487218009,4.65,93.43587141388392
22118031985,94,4700.0,4750.0,50.0,267.09736371426163,273.1495721309601,270.0348797094494,0.2700348797094494,12.104416833396954,4.7,99.4880798305824
22118031985,95,4750.0,4800.0,50.0,273.1495721309601,275.57761544047924,274.8046379466275,0.2748046379466275,4.856086619038251,4.75,101.91612314010152
22118031985,96,4800.0,4850.0,50.0,275.57761544047924,275.6033093287069,275.6668192611225,0.2756668192611225,0.05138777645538539,4.8,101.94181702832921
22118031985,97,4850.0,4900.0,50.0,275.6033093287069,271.1659379814213,273.4325877654553,0.2734325877654553,-8.874742694571296,4.85,101.94181702832921
22118031985,98,4900.0,4950.0,50.0,271.1659379814213,272.5973197823263,271.3969580261543,0.2713969580261543,2.862763601810002,4.9,103.37319882923421
22118031985,99,4950.0,5000.0,50.0,272.5973197823263,274.71166542169726,274.1670152362666,0.2741670152362666,4.228691278741962,4.95,105.4875444686052
22118031985,100,5000.0,5050.0,50.0,274.71166542169726,274.3707622334383,273.8168802014174,0.2738168802014174,-0.6818063765178977,5.0,105.4875444686052
22118031985,101,5050.0,5100.0,50.0,274.3707622334383,281.648781025379,278.4359755266414,0.2784359755266414,14.556037583881334,5.05,112.76556326054586
22118031985,102,5100.0,5150.0,50.0,281.648781025379,281.4990852992048,281.6726403965593,0.2816726403965593,-0.2993914523483454,5.1,112.76556326054586
22118031985,103,5150.0,5200.0,50.0,281.4990852992048,284.8972890612159,282.74563100435796,0.28274563100435796,6.796407524022129,5.15,116.16376702255693
22118031985,104,5200.0,5250.0,50.0,284.8972890612159,289.2131108485487,287.4513781603846,0.2874513781603846,8.631643574665645,5.2,120.47958880988975
22118031985,105,5250.0,5300.0,50.0,289.2131108485487,282.61165847231103,286.5549093436119,0.2865549093436119,-13.20290475247532,5.25,120.47958880988975
22118031985,106,5300.0,5350.0,50.0,282.61165847231103,276.7808675112529,279.27585839328543,0.27927585839328545,-11.661581922116284,5.3,120.47958880988975
22118031985,107,5350.0,5400.0,50.0,276.7808675112529,272.58118412056467,274.85213949473473,0.27485213949473475,-8.399366781376443,5.35,120.47958880988975
22118031985,108,5400.0,5450.0,50.0,272.58118412056467,274.56093485331644,272.9163072708072,0.2729163072708072,3.9595014655035357,5.4,122.45933954264152
22118031985,109,5450.0,5500.0,50.0,274.56093485331644,277.4684733189608,276.2329437215864,0.2762329437215864,5.815076931288672,5.45,125.36687800828585
22118031985,110,5500.0,5550.0,50.0,277.4684733189608,268.61982503040423,274.37373326737054,0.2743737332673705,-17.697296577113093,5.5,125.36687800828585
22118031985,111,5550.0,5600.0,50.0,268.61982503040423,259.8133517597609,263.172444863842,0.26317244486384195,-17.612946541286647,5.55,125.36687800828585
22118031985,112,5600.0,5650.0,50.0,259.8133517597609,253.58987213196997,256.75008183913394,0.25675008183913395,-12.446959255581874,5.6,125.36687800828585
22118031985,113,5650.0,5700.0,50.0,253.58987213196997,253.42523324636812,253.3281836058823,0.2533281836058823,-0.3292777712036923,5.65,125.36687800828585
22118031985,114,5700.0,5750.0,50.0,253.42523324636812,249.57171847536893,251.61232177319891,0.2516123217731989,-7.707029541998395,5.7,125.36687800828585
22118031985,115,5750.0,5800.0,50.0,249.57171847536893,249.59172047087677,249.46097538632742,0.24946097538632742,0.04000399101568064,5.75,125.38688000379369
22118031985,116,5800.0,5850.0,50.0,249.59172047087677,248.79958582929885,248.91194957661068,0.24891194957661067,-1.5842692831558338,5.8,125.38688000379369
22118031985,117,5850.0,5900.0,50.0,248.79958582929885,253.18908694631963,251.47220487744815,0.25147220487744815,8.77900223404157,5.85,129.77638112081448
22118031985,118,5900.0,5950.0,50.0,253.18908694631963,249.4279674899808,251.08684310701736,0.25108684310701734,-7.522238912677665,5.9,129.77638112081448
22118031985,119,5950.0,6000.0,50.0,249.4279674899808,251.67863756362476,250.29069173018593,0.2502906917301859,4.5013401472879195,5.95,132.02705119445844
22118031985,120,6000.0,6050.0,50.0,251.67863756362476,250.81763369062259,251.6480455318033,0.2516480455318033,-1.7220077460043512,6.0,132.02705119445844
22118031985,121,6050.0,6100.0,50.0,250.81763369062259,246.6326971281058,248.8337977529321,0.2488337977529321,-8.369873125033564,6.05,132.02705119445844
22118031985,122,6100.0,6150.0,50.0,246.6326971281058,248.3973413192049,246.63788139951524,0.24663788139951523,3.5292883821982173,6.1,133.79169538555755
22118031985,123,6150.0,6200.0,50.0,248.3973413192049,251.1599270308364,250.34832265226422,0.2503483226522642,5.525171423262975,6.15,136.55428109718903
22118031985,124,6200.0,6250.0,50.0,251.1599270308364,252.50327599940874,251.8540516450382,0.2518540516450382,2.686697937144686,6.2,137.89763006576138
22118031985,125,6250.0,6300.0,50.0,252.50327599940874,253.6013665732872,252.72853423588856,0.25272853423588854,2.1961811477569313,6.25,138.99572063963984
22118031985,126,6300.0,6350.0,50.0,253.6013665732872,261.31912162487026,257.55444423122395,0.257554444231224,15.43551010316611,6.3,146.7134756912229
22118031985,127,6350.0,6400.0,50.0,261.31912162487026,267.9923215535081,264.33398807677355,0.26433398807677355,13.346399857275628,6.35,153.3866756198607
22118031985,128,6400.0,6450.0,50.0,267.9923215535081,269.3028210608675,268.64550832324977,0.2686455083232498,2.620999014718791,6.4,154.6971751272201
22118031985,129,6450.0,6500.0,50.0,269.3028210608675,278.6960651787567,275.07852962539545,0.2750785296253955,18.786488235778506,6.45,164.09041924510936
22118031985,130,6500.0,6550.0,50.0,278.6960651787567,277.41334466120827,277.2870244646001,0.27728702446460013,-2.56544103509691,6.5,164.09041924510936
22118031985,131,6550.0,6600.0,50.0,277.41334466120827,280.604009284959,279.3759221587427,0.2793759221587427,6.381329247501412,6.55,167.28108386886007
22118031985,132,6600.0,6650.0,50.0,280.604009284959,276.5815559737829,278.62773406832866,0.27862773406832864,-8.044906622352187,6.6,167.28108386886007
22118031985,133,6650.0,6700.0,50.0,276.5815559737829,274.62826765912854,275.52440676227246,0.27552440676227247,-3.906576629308688,6.65,167.28108386886007
22118031985,134,6700.0,6750.0,50.0,274.62826765912854,278.25819471063477,275.89689067806086,0.27589689067806084,7.259854103012458,6.7,170.9110109203663
22118031985,135,6750.0,6800.0,50.0,278.25819471063477,283.72550187997695,281.3026608903955,0.28130266089039546,10.934614338684355,6.75,176.37831808970847
22118031985,136,6800.0,6850.0,50.0,283.72550187997695,283.76827541991094,283.7069449123762,0.2837069449123762,0.08554707986797894,6.8,176.42109162964246
22118031985,137,6850.0,6900.0,50.0,283.76827541991094,291.6067015624332,287.4841126085095,0.28748411260850953,15.67685228504456,6.85,184.25951777216474
22118031985,138,6900.0,6950.0,50.0,291.6067015624332,295.78976065679683,293.7514788462604,0.2937514788462604,8.366118188727228,6.9,188.44257686652836
22118031985,139,6950.0,7000.0,50.0,295.78976065679683,304.86548198545995,300.2434371306644,0.3002434371306644,18.151442657326243,6.95,197.51829819519148
22118031985,140,7000.0,7050.0,50.0,304.86548198545995,306.24976148606976,306.09475851088547,0.30609475851088547,2.7685590012196144,7.0,198.90257769580128
22118031985,141,7050.0,7100.0,50.0,306.24976148606976,307.4662939253618,306.6335867740648,0.30663358677406477,2.433064878584105,7.05,200.11911013509334
22118031985,142,7100.0,7150.0,50.0,307.4662939253618,312.0646521921608,309.2936657576654,0.30929366575766537,9.196716533597964,7.1,204.71746840189232
22118031985,143,7150.0,7200.0,50.0,312.0646521921608,315.55636289615234,314.47553016795445,0.31447553016795443,6.983421407983087,7.15,208.20917910588386
22118031985,144,7200.0,7250.0,50.0,315.55636289615234,312.57170526155124,314.269027794382,0.314269027794382,-5.969315269202184,7.2,208.20917910588386
22118031985,145,7250.0,7300.0,50.0,312.57170526155124,307.0593743576497,309.87817533977295,0.30987817533977297,-11.024661807803113,7.25,208.20917910588386
22118031985,146,7300.0,7350.0,50.0,307.0593743576497,304.6038170096539,305.4641491071272,0.30546414910712716,-4.911114695991614,7.3,208.20917910588386
22118031985,147,7350.0,7400.0,50.0,304.6038170096539,303.4103436865463,304.1186469445963,0.30411864694459634,-2.386946646215165,7.35,208.20917910588386
22118031985,148,7400.0,7450.0,50.0,303.4103436865463,302.63939706212153,302.97737045879575,0.30297737045879575,-1.541893248849533,7.4,208.20917910588386
22118031985,149,7450.0,7500.0,50.0,302.63939706212153,300.2183574556828,301.26441968246115,0.30126441968246115,-4.842079212877479,7.45,208.20917910588386
22118031985,150,7500.0,7550.0,50.0,300.2183574556828,302.11356281897463,301.34668911274235,0.30134668911274237,3.790410726583673,7.5,210.1043844691757
22118031985,151,7550.0,7600.0,50.0,302.11356281897463,301.79152315840736,301.70802603660945,0.30170802603660946,-0.6440793211345408,7.55,210.1043844691757
22118031985,152,7600.0,7650.0,50.0,301.79152315840736,303.6865368354907,303.07390485253154,0.30307390485253155,3.790027354166682,7.6,211.99939814625904
22118031985,153,7650.0,7700.0,50.0,303.6865368354907,300.16139753788013,302.0441142730305,0.3020441142730305,-7.05027859522113,7.65,211.99939814625904
22118031985,154,7700.0,7750.0,50.0,300.16139753788013,297.1018362535597,298.1449993175577,0.29814499931755767,-6.119122568640819,7.7,211.99939814625904
22118031985,155,7750.0,7800.0,50.0,297.1018362535597,299.80684801097436,298.8169979742277,0.2988169979742277,5.410023514829277,7.75,214.70440990367368
22118031985,156,7800.0,7850.0,50.0,299.80684801097436,293.66261815134374,297.0798653998904,0.2970798653998904,-12.288459719261255,7.8,214.70440990367368
22118031985,157,7850.0,7900.0,50.0,293.66261815134374,294.2090907767032,293.34371032809435,0.29334371032809436,1.0929452507189126,7.85,215.25088252903313
22118031985,158,7900.0,7950.0,50.0,294.2090907767032,290.07752631395323,292.86196195652303,0.29286196195652303,-8.263128925499927,7.9,215.25088252903313
22118031985,159,7950.0,8000.0,50.0,290.07752631395323,286.9817232791494,287.5130641473714,0.2875130641473714,-6.191606069607701,7.95,215.25088252903313
22118031985,160,8000.0,8050.0,50.0,286.9817232791494,289.1347646748811,288.52413342041933,0.2885241334204193,4.306082791463496,8.0,217.40392392476488
22118031985,161,8050.0,8100.0,50.0,289.1347646748811,289.7388609221017,289.3058320709071,0.2893058320709071,1.208192494441164,8.05,218.00802017198546
22118031985,162,8100.0,8150.0,50.0,289.7388609221017,291.5001341228775,290.53597735558907,0.29053597735558906,3.522546401551608,8.1,219.76929337276127
22118031985,163,8150.0,8164.75,14.75,291.5001341228775,291.8520909649189,291.6291309877397,0.2916291309877397,2.3861480816364393,8.15,220.12125021480264
22259327797,0,0.0,50.0,50.0,248.3552298850575,247.5180359317852,248.0495846598477,0.24804958465984772,-1.6743879065446095,0.0,0.0
22259327797,1,50.0,100.0,50.0,247.5180359317852,243.72329381012588,245.77192446728668,0.24577192446728668,-7.589484243318623,0.05,0.0
22259327797,2,100.0,150.0,50.0,243.72329381012588,239.67348941318284,241.6926333741334,0.2416926333741334,-8.099608793886091,0.1,0.0
22259327797,3,150.0,200.0,50.0,239.67348941318284,235.0905545493869,237.51628260560184,0.23751628260560184,-9.165869727591883,0.15,0.0
22259327797,4,200.0,250.0,50.0,235.0905545493869,228.46455322698262,231.89808765879937,0.23189808765879938,-13.252002644808556,0.2,0.0
22259327797,5,250.0,300.0,50.0,228.46455322698262,220.31526797377904,224.15127747612007,0.22415127747612007,-16.298570506407145,0.25,0.0
22259327797,6,300.0,350.0,50.0,220.31526797377904,218.89513452674265,219.39819084117062,0.21939819084117063,-2.8402668940727835,0.3,0.0
22259327797,7,350.0,400.0,50.0,218.89513452674265,216.64262537409272,217.7769691973044,0.2177769691973044,-4.5050183052998705,0.35,0.0
22259327797,8,400.0,450.0,50.0,216.64262537409272,213.97178041685265,215.53153246250065,0.21553153246250065,-5.341689914480128,0.4,0.0
22259327797,9,450.0,500.0,50.0,213.97178041685265,214.0753514209469,213.55167685783988,0.21355167685783988,0.20714200818849804,0.45,0.10357100409424902
22259327797,10,500.0,550.0,50.0,214.0753514209469,215.53756169555936,214.8749967814821,0.2148749967814821,2.9244205492249193,0.5,1.5657812787067087
22259327797,11,550.0,600.0,50.0,215.53756169555936,215.81225003229355,215.8023614413792,0.21580236144137918,0.5493766734683732,0.55,1.8404696154408953
22259327797,12,600.0,650.0,50.0,215.81225003229355,212.49077145864482,214.4178377225909,0.21441783772259088,-6.642957147297466,0.6,1.8404696154408953
22259327797,13,650.0,700.0,50.0,212.49077145864482,209.34954240525317,210.9059454022521,0.21090594540225208,-6.282458106783281,0.65,1.8404696154408953
22259327797,14,700.0,750.0,50.0,209.34954240525317,209.39897591823274,208.79999670820163,0.20879999670820162,0.09886702595912311,0.7,1.8899031284204568
22259327797,15,750.0,800.0,50.0,209.39897591823274,212.04248888947618,210.80793518741143,0.21080793518741142,5.287025942486878,0.75,4.533416099663896
22259327797,16,800.0,850.0,50.0,212.04248888947618,213.24182638512198,213.16309780706845,0.21316309780706846,2.398674991291614,0.8,5.732753595309703
22259327797,17,850.0,900.0,50.0,213.24182638512198,208.24750539369043,210.67218981991098,0.21067218981991098,-9.9886419828631,0.85,5.732753595309703
22259327797,18,900.0,950.0,50.0,208.24750539369043,206.2980481334554,207.07132966784118,0.2070713296678412,-3.8989145204700435,0.9,5.732753595309703
22259327797,19,950.0,1000.0,50.0,206.2980481334554,206.6768441767859,206.38716907462836,0.20638716907462837,0.7575920866609636,0.95,6.111549638640184
22259327797,20,1000.0,1050.0,50.0,206.6768441767859,207.35543926846145,206.89432909753157,0.20689432909753155,1.357190183351122,1.0,6.790144730315745
22259327797,21,1050.0,1100.0,50.0,207.35543926846145,212.00828483325125,209.6207901091028,0.2096207901091028,9.3056911295796,1.05,11.442990295105545
22259327797,22,1100.0,1150.0,50.0,212.00828483325125,214.04231312670527,213.13018658380815,0.21313018658380817,4.068056586908028,1.1,13.47701858855956
22259327797,23,1150.0,1200.0,50.0,214.04231312670527,215.1950986897062,214.70647664455873,0.21470647664455875,2.305571126001894,1.15,14.629804151560506
22259327797,24,1200.0,1250.0,50.0,215.1950986897062,217.25838917317196,215.8646650501083,0.2158646650501083,4.126580966931499,1.2,16.693094635026256
22259327797,25,1250.0,1300.0,50.0,217.25838917317196,223.81294622437818,221.1256747962501,0.22112567479625012,13.109114102412434,1.25,23.247651686232473
22259327797,26,1300.0,1350.0,50.0,223.81294622437818,219.48781642616305,221.38661465883322,0.22138661465883322,-8.65025959643026,1.3,23.247651686232473
22259327797,27,1350.0,1400.0,50.0,219.48781642616305,221.06902047868363,220.48787646071727,0.22048787646071727,3.162408105041152,1.35,24.82885573875305
22259327797,28,1400.0,1450.0,50.0,221.06902047868363,219.36661566799935,220.1615956137457,0.2201615956137457,-3.4048096213685426,1.4,24.82885573875305
22259327797,29,1450.0,1500.0,50.0,219.36661566799935,216.957176397664,218.3133869358181,0.2183133869358181,-4.81887854067071,1.45,24.82885573875305
22259327797,30,1500.0,1550.0,50.0,216.957176397664,217.09611943659183,216.66933441915782,0.2166693344191578,0.2778860778556691,1.5,24.967798777680883
22259327797,31,1550.0,1600.0,50.0,217.09611943659183,216.73063995653587,217.1162675876507,0.2171162675876507,-0.7309589601119342,1.55,24.967798777680883
22259327797,32,1600.0,1650.0,50.0,216.73063995653587,216.5083790774244,216.6275551160155,0.21662755511601547,-0.4445217582229475,1.6,24.967798777680883
22259327797,33,1650.0,1700.0,50.0,216.5083790774244,216.37391794863498,216.20934866664314,0.21620934866664313,-0.26892225757882215,1.65,24.967798777680883
22259327797,34,1700.0,1750.0,50.0,216.37391794863498,217.44968988764043,217.08323940999048,0.21708323940999047,2.151543878010898,1.7,26.043570716686332
22259327797,35,1750.0,1800.0,50.0,217.44968988764043,217.19464325885673,217.3237604739469,0.2173237604739469,-0.5100932575674051,1.75,26.043570716686332
22259327797,36,1800.0,1850.0,50.0,217.19464325885673,216.84964705469292,217.1969246282258,0.2171969246282258,-0.6899924083276119,1.8,26.043570716686332
22259327797,37,1850.0,1900.0,50.0,216.84964705469292,212.35576733609778,214.62007574746085,0.21462007574746084,-8.987759437190277,1.85,26.043570716686332
22259327797,38,1900.0,1950.0,50.0,212.35576733609778,213.7058028727281,212.63187880408137,0.21263187880408135,2.700071073260631,1.9,27.393606253316648
22259327797,39,1950.0,2000.0,50.0,213.7058028727281,212.37618018788572,213.5359770847416,0.2135359770847416,-2.6592453696847542,1.95,27.393606253316648
22259327797,40,2000.0,2050.0,50.0,212.37618018788572,211.20585429617194,211.4961742132646,0.21149617421326458,-2.3406517834275746,2.0,27.393606253316648
22259327797,41,2050.0,2100.0,50.0,211.20585429617194,211.48482857983475,211.37640627663927,0.21137640627663928,0.5579485673256386,2.05,27.672580536979467
22259327797,42,2100.0,2150.0,50.0,211.48482857983475,208.93580808286052,210.22698705074515,0.21022698705074516,-5.098040993948473,2.1,27.672580536979467
22259327797,43,2150.0,2200.0,50.0,208.93580808286052,208.74704850214317,208.8682613076858,0.2088682613076858,-0.3775191614346909,2.15,27.672580536979467
22259327797,44,2200.0,2250.0,50.0,208.74704850214317,208.30314119311538,208.2719974420504,0.2082719974420504,-0.8878146180555859,2.2,27.672580536979467
22259327797,45,2250.0,2300.0,50.0,208.30314119311538,210.90825131949038,209.67714056044576,0.20967714056044576,5.210220252749991,2.25,30.277690663354463
22259327797,46,2300.0,2350.0,50.0,210.90825131949038,211.74096587526577,211.23333300769096,0.21123333300769095,1.665429111550793,2.3,31.11040521912986
22259327797,47,2350.0,2400.0,50.0,211.74096587526577,215.24046148823263,213.561515534758,0.213561515534758,6.9989912259337075,2.35,34.60990083209671
22259327797,48,2400.0,2450.0,50.0,215.24046148823263,217.21761883201876,216.2574977578236,0.21625749775782357,3.954314687572264,2.4,36.587058175882845
22259327797,49,2450.0,2500.0,50.0,217.21761883201876,221.0345306512445,218.71471711526408,0.21871471711526408,7.633823638451474,2.45,40.40396999510858
22259327797,50,2500.0,2550.0,50.0,221.0345306512445,226.86546679722306,224.137074846601,0.224137074846601,11.661872291957138,2.5,46.23490614108715
22259327797,51,2550.0,2600.0,50.0,226.86546679722306,236.08899131265503,230.6437808306816,0.2306437808306816,18.447049030863923,2.55,55.45843065651911
22259327797,52,2600.0,2650.0,50.0,236.08899131265503,249.5838668397877,243.64513463655518,0.24364513463655518,26.98975105426535,2.6,68.95330618365179
22259327797,53,2650.0,2700.0,50.0,249.5838668397877,259.826280794,254.57752275929963,0.2545775227592996,20.484827908424624,2.65,79.1957201378641
22259327797,54,2700.0,2750.0,50.0,259.826280794,261.95274838662317,261.0309975233547,0.2610309975233547,4.252935185246315,2.7,81.32218773048726
22259327797,55,2750.0,2800.0,50.0,261.95274838662317,272.0679991503968,266.5969324913663,0.2665969324913663,20.23050152754729,2.75,91.4374384942609
22259327797,56,2800.0,2850.0,50.0,272.0679991503968,286.0114319658783,279.3467453249303,0.27934674532493026,27.886865630962916,2.8,105.38087130974236
22259327797,57,2850.0,2900.0,50.0,286.0114319658783,293.37321720514336,289.339450396889,0.289339450396889,14.723570478530178,2.85,112.74265654900745
22259327797,58,2900.0,2950.0,50.0,293.37321720514336,301.43590387156166,297.6536204716029,0.2976536204716029,16.125373332836602,2.9,120.80534321542575
22259327797,59,2950.0,3000.0,50.0,301.43590387156166,305.5754459941469,304.0175060585479,0.3040175060585479,8.279084245170452,2.95,124.94488533801098
22259327797,60,3000.0,3050.0,50.0,305.5754459941469,310.6521463986403,307.7647672832803,0.30776476728328034,10.153400808986817,3.0,130.02158574250439
22259327797,61,3050.0,3100.0,50.0,310.6521463986403,320.41436981731755,315.09106394272766,0.3150910639427277,19.524446837354503,3.05,139.78380916118164
22259327797,62,3100.0,3150.0,50.0,320.41436981731755,327.2293490146032,324.4684199381949,0.3244684199381949,13.629958394571304,3.1,146.5987883584673
22259327797,63,3150.0,3200.0,50.0,327.2293490146032,326.8176453167922,327.28376201277086,0.3272837620127709,-0.8234073956219845,3.15,146.5987883584673
22259327797,64,3200.0,3250.0,50.0,326.8176453167922,331.24164110804315,328.40259664391397,0.32840259664391397,8.84799158250189,3.2,151.02278414971823
22259327797,65,3250.0,3300.0,50.0,331.24164110804315,337.062843165904,334.3357685682766,0.33433576856827657,11.64240411572166,3.25,156.84398620757906
22259327797,66,3300.0,3350.0,50.0,337.062843165904,340.8641321383229,339.2226257872685,0.3392226257872685,7.602577944837776,3.3,160.64527517999795
22259327797,67,3350.0,3400.0,50.0,340.8641321383229,339.34728454863955,340.25194005636104,0.34025194005636106,-3.033695179366646,3.35,160.64527517999795
22259327797,68,3400.0,3450.0,50.0,339.34728454863955,342.37032203149386,340.7186583225035,0.3407186583225035,6.046074965708613,3.4,163.66831266285226
22259327797,69,3450.0,3500.0,50.0,342.37032203149386,346.466276008864,344.1073051935861,0.3441073051935861,8.191907954740259,3.45,167.7642666402224
22259327797,70,3500.0,3550.0,50.0,346.466276008864,351.79223926703867,349.2907231149996,0.3492907231149996,10.651926516349363,3.5,173.09022989839707
22259327797,71,3550.0,3600.0,50.0,351.79223926703867,353.74314822791086,352.7678352933092,0.3527678352933092,3.901817921744396,3.55,175.04113885926927
22259327797,72,3600.0,3650.0,50.0,353.74314822791086,361.66399132824773,357.27773185450934,0.35727773185450934,15.841686200673735,3.6,182.96198195960613
22259327797,73,3650.0,3700.0,50.0,361.66399132824773,366.65001664796455,364.6195544960107,0.36461955449601074,9.972050639433633,3.65,187.94800727932295
22259327797,74,3700.0,3750.0,50.0,366.65001664796455,371.32132516395967,368.84829269459965,0.3688482926945996,9.342617031990244,3.7,192.61931579531807
22259327797,75,3750.0,3800.0,50.0,371.32132516395967,375.76460441606133,373.7458912095626,0.37374589120956264,8.886558504203322,3.75,197.06259504741973
22259327797,76,3800.0,3850.0,50.0,375.76460441606133,376.66106880971455,376.25036258902963,0.3762503625890296,1.7929287873064368,3.8,197.95905944107295
22259327797,77,3850.0,3900.0,50.0,376.66106880971455,375.54407333940327,376.5827329606141,0.3765827329606141,-2.2339909406225615,3.85,197.95905944107295
22259327797,78,3900.0,3950.0,50.0,375.54407333940327,367.1778716429824,371.5728250360941,0.3715728250360941,-16.732403392841775,3.9,197.95905944107295
22259327797,79,3950.0,4000.0,50.0,367.1778716429824,358.42217789331227,362.8144241937692,0.3628144241937692,-17.51138749934023,3.95,197.95905944107295
22259327797,80,4000.0,4050.0,50.0,358.42217789331227,351.8005270072925,354.7398130344331,0.3547398130344331,-13.243301772039558,4.0,197.95905944107295
22259327797,81,4050.0,4100.0,50.0,351.8005270072925,340.83954523781284,347.0850488007995,0.3470850488007995,-21.92196353895929,4.05,197.95905944107295
22259327797,82,4100.0,4150.0,50.0,340.83954523781284,329.10628868762575,334.65973049731605,0.33465973049731607,-23.466513100374186,4.1,197.95905944107295
22259327797,83,4150.0,4200.0,50.0,329.10628868762575,314.93733387361016,322.29958520232816,0.32229958520232815,-28.337909628031184,4.15,197.95905944107295
22259327797,84,4200.0,4250.0,50.0,314.93733387361016,304.3103672153899,309.29886701569967,0.3092988670156997,-21.253933316440566,4.2,197.95905944107295
22259327797,85,4250.0,4300.0,50.0,304.3103672153899,294.4111792486477,299.27852751632594,0.29927852751632594,-19.798375933484294,4.25,197.95905944107295
22259327797,86,4300.0,4350.0,50.0,294.4111792486477,290.1319575571819,292.0564884773316,0.29205648847733157,-8.558443382931614,4.3,197.95905944107295
22259327797,87,4350.0,4400.0,50.0,290.1319575571819,280.66553425185504,285.6878929807139,0.2856878929807139,-18.93284661065377,4.35,197.95905944107295
22259327797,88,4400.0,4450.0,50.0,280.66553425185504,272.85643307771653,276.9351760274206,0.27693517602742057,-15.61820234827701,4.4,197.95905944107295
22259327797,89,4450.0,4500.0,50.0,272.85643307771653,263.11776347186634,267.3949960557076,0.2673949960557076,-19.477339211700382,4.45,197.95905944107295
22259327797,90,4500.0,4550.0,50.0,263.11776347186634,264.3064375926039,263.27137853815583,0.26327137853815585,2.377348241475147,4.5,199.14773356181053
22259327797,91,4550.0,4600.0,50.0,264.3064375926039,261.24197162315465,263.5758502226679,0.2635758502226679,-6.128931938898518,4.55,199.14773356181053
22259327797,92,4600.0,4650.0,50.0,261.24197162315465,252.80415568347544,256.8105344916057,0.25681053449160574,-16.875631879358423,4.6,199.14773356181053
22259327797,93,4650.0,4700.0,50.0,252.80415568347544,247.36223965632703,250.06753306064854,0.25006753306064855,-10.883832054296818,4.65,199.14773356181053
22259327797,94,4700.0,4750.0,50.0,247.36223965632703,245.0102135058045,246.05399172125533,0.24605399172125533,-4.704052301045067,4.7,199.14773356181053
22259327797,95,4750.0,4800.0,50.0,245.0102135058045,239.6057484245654,242.38676831040382,0.24238676831040382,-10.808930162478191,4.75,199.14773356181053
22259327797,96,4800.0,4850.0,50.0,239.6057484245654,233.63596227771973,236.90574314244338,0.2369057431424434,-11.939572293691356,4.8,199.14773356181053
22259327797,97,4850.0,4900.0,50.0,233.63596227771973,227.28004438844314,230.07443386001566,0.23007443386001566,-12.711835778553166,4.85,199.14773356181053
22259327797,98,4900.0,4950.0,50.0,227.28004438844314,224.08592826388272,225.92057237124118,0.2259205723712412,-6.388232249120847,4.9,199.14773356181053
22259327797,99,4950.0,5000.0,50.0,224.08592826388272,219.24125360830072,221.42920902685978,0.22142920902685978,-9.689349311163994,4.95,199.14773356181053
22259327797,100,5000.0,5050.0,50.0,219.24125360830072,215.67970315292186,217.47318312599933,0.21747318312599934,-7.123100910757728,5.0,199.14773356181053
22259327797,101,5050.0,5100.0,50.0,215.67970315292186,213.00626034865724,214.29146867040785,0.21429146867040785,-5.346885608529249,5.05,199.14773356181053
22259327797,102,5100.0,5150.0,50.0,213.00626034865724,210.5988861212948,211.75215322705603,0.21175215322705604,-4.81474845472485,5.1,199.14773356181053
22259327797,103,5150.0,5200.0,50.0,210.5988861212948,210.44142952564894,210.32149740436066,0.21032149740436065,-0.3149131912917369,5.15,199.14773356181053
22259327797,104,5200.0,5250.0,50.0,210.44142952564894,210.3626026522877,210.50969727771476,0.21050969727771476,-0.1576537467224739,5.2,199.14773356181053
22259327797,105,5250.0,5300.0,50.0,210.3626026522877,210.8933065201498,210.49643026431067,0.21049643026431067,1.061407735724174,5.25,199.6784374296726
22259327797,106,5300.0,5350.0,50.0,210.8933065201498,207.59714960410398,209.68392617465648,0.20968392617465648,-6.592313832091634,5.3,199.6784374296726
22259327797,107,5350.0,5400.0,50.0,207.59714960410398,208.23340086699335,207.10242343685866,0.20710242343685867,1.272502525778748,5.35,200.314688692562
22259327797,108,5400.0,5450.0,50.0,208.23340086699335,213.01974590257305,210.88979762964814,0.21088979762964816,9.5726900711594,5.4,205.1010337281417
22259327797,109,5450.0,5500.0,50.0,213.01974590257305,214.96714709685534,213.9558583721027,0.2139558583721027,3.8948023885645853,5.45,207.04843492242398
22259327797,110,5500.0,5550.0,50.0,214.96714709685534,220.90250392130602,217.96704306190318,0.21796704306190318,11.870713648901358,5.5,212.98379174687466
22259327797,111,5550.0,5600.0,50.0,220.90250392130602,222.99926707205523,221.96936130863352,0.2219693613086335,4.193526301498423,5.55,215.08055489762387
22259327797,112,5600.0,5650.0,50.0,222.99926707205523,227.680066512898,225.26407622886066,0.22526407622886066,9.361598881685552,5.6,219.76135433846665
22259327797,113,5650.0,5700.0,50.0,227.680066512898,229.35342881974293,228.8913941696346,0.22889139416963458,3.346724613689844,5.65,221.43471664531157
22259327797,114,5700.0,5750.0,50.0,229.35342881974293,229.80752316186772,228.8840468589009,0.22888404685890087,0.9081886842495805,5.7,221.88881098743636
22259327797,115,5750.0,5800.0,50.0,229.80752316186772,241.93274054456623,235.71270147720733,0.23571270147720733,24.250434765397017,5.75,234.01402837013487
22259327797,116,5800.0,5850.0,50.0,241.93274054456623,247.9527989201571,245.45471885120256,0.24545471885120257,12.040116751181756,5.8,240.03408674572574
22259327797,117,5850.0,5900.0,50.0,247.9527989201571,251.70242187410696,249.73919325952843,0.24973919325952842,7.499245907899706,5.85,243.7837096996756
22259327797,118,5900.0,5950.0,50.0,251.70242187410696,256.57288931008486,254.21183911836155,0.25421183911836154,9.740934871955801,5.9,248.6541771356535
22259327797,119,5950.0,6000.0,50.0,256.57288931008486,259.7170001206283,257.94609494485024,0.25794609494485027,6.288221621086905,5.95,251.79828794619695
22259327797,120,6000.0,6050.0,50.0,259.7170001206283,268.20423261705315,264.2233728292199,0.26422337282921987,16.974464992849676,6.0,260.28552044262176
22259327797,121,6050.0,6100.0,50.0,268.20423261705315,273.1542429583244,269.95924277140927,0.26995924277140926,9.900020682542504,6.05,265.235530783893
22259327797,122,6100.0,6150.0,50.0,273.1542429583244,279.3073374605223,277.2903154231227,0.2772903154231227,12.306189004395833,6.1,271.3886252860909
22259327797,123,6150.0,6200.0,50.0,279.3073374605223,277.3848013753799,278.2209391662255,0.2782209391662255,-3.8450721702848796,6.15,271.3886252860909
22259327797,124,6200.0,6250.0,50.0,277.3848013753799,279.73335820916424,278.317484913075,0.278317484913075,4.697113667568715,6.2,273.7371821198753
22259327797,125,6250.0,6300.0,50.0,279.73335820916424,281.0649958487851,280.6416858000853,0.2806416858000853,2.6632752792417023,6.25,275.06881975949614
22259327797,126,6300.0,6350.0,50.0,281.0649958487851,281.08690901975035,281.0920447400651,0.2810920447400651,0.043826341930525814,6.3,275.0907329304614
22259327797,127,6350.0,6400.0,50.0,281.08690901975035,278.91257851696963,280.12282476120373,0.2801228247612037,-4.348661005561439,6.35,275.0907329304614
22259327797,128,6400.0,6450.0,50.0,278.91257851696963,277.0421482802486,277.87096508860344,0.2778709650886034,-3.7408604734420123,6.4,275.0907329304614
22259327797,129,6450.0,6500.0,50.0,277.0421482802486,278.10638573908625,277.5027689707903,0.27750276897079035,2.1284749176752484,6.45,276.154970389299
22259327797,130,6500.0,6550.0,50.0,278.10638573908625,279.5415781266662,278.7089777376655,0.2787089777376655,2.8703847751598914,6.5,277.59016277687897
22259327797,131,6550.0,6600.0,50.0,279.5415781266662,281.4951450490302,280.4731341457619,0.2804731341457619,3.907133844728037,6.55,279.543729699243
22259327797,132,6600.0,6650.0,50.0,281.4951450490302,284.5993846296383,282.98221118053385,0.28298221118053385,6.2084791612161325,6.6,282.64796927985105
22259327797,133,6650.0,6700.0,50.0,284.5993846296383,287.9812726836685,286.31616518228435,0.28631616518228437,6.763776108060483,6.65,286.0298573338813
22259327797,134,6700.0,6750.0,50.0,287.9812726836685,291.12992961441967,289.4154075002875,0.2894154075002875,6.297313861502289,6.7,289.17851426463244
22259327797,135,6750.0,6800.0,50.0,291.12992961441967,302.80624483197255,296.5446382992361,0.2965446382992361,23.352630435105766,6.75,300.8548294821853
22259327797,136,6800.0,6850.0,50.0,302.80624483197255,313.8721937188751,308.66969098836535,0.30866969098836533,22.13189777380512,6.8,311.9207783690879
22259327797,137,6850.0,6900.0,50.0,313.8721937188751,322.27563959500407,317.9265157367792,0.3179265157367792,16.80689175225791,6.85,320.32422424521684
22259327797,138,6900.0,6950.0,50.0,322.27563959500407,330.1258995646843,326.14172992071207,0.32614172992071205,15.700519939360447,6.9,328.17448421489706
22259327797,139,6950.0,7000.0,50.0,330.1258995646843,337.9596363724286,334.4042710235811,0.3344042710235811,15.667473615488575,6.95,336.00822102264135
22259327797,140,7000.0,7050.0,50.0,337.9596363724286,342.33356991441747,339.9262923812235,0.3399262923812235,8.74786708397778,7.0,340.38215456463024
22259327797,141,7050.0,7100.0,50.0,342.33356991441747,348.7395324028111,345.6970813407891,0.34569708134078914,12.811924976787282,7.05,346.7881170530239
22259327797,142,7100.0,7150.0,50.0,348.7395324028111,353.1111166730061,351.06307753056814,0.35106307753056815,8.743168540390002,7.1,351.1597013232189
22259327797,143,7150.0,7200.0,50.0,353.1111166730061,357.0530823534203,355.03733061191224,0.3550373306119122,7.883931360828342,7.15,355.10166700363305
22259327797,144,7200.0,7250.0,50.0,357.0530823534203,361.5822334450939,359.4033762110467,0.3594033762110467,9.058302183347223,7.2,359.63081809530667
22259327797,145,7250.0,7300.0,50.0,361.5822334450939,363.9238502610518,362.7435688962025,0.36274356889620246,4.6832336319158685,7.25,361.9724349112646
22259327797,146,7300.0,7350.0,50.0,363.9238502610518,365.92629985191184,365.0814024587756,0.3650814024587756,4.00489918172002,7.3,363.9748845021246
22259327797,147,7350.0,7400.0,50.0,365.92629985191184,365.13982426815835,365.63189021788077,0.3656318902178808,-1.5729511675069716,7.35,363.9748845021246
22259327797,148,7400.0,7450.0,50.0,365.13982426815835,365.79742445240083,365.26680344236655,0.36526680344236656,1.315200368484966,7.4,364.6324846863671
22259327797,149,7450.0,7500.0,50.0,365.79742445240083,365.46651578482346,365.9539409980595,0.3659539409980595,-0.6618173351547512,7.45,364.6324846863671
22259327797,150,7500.0,7550.0,50.0,365.46651578482346,361.75269531369923,363.7478130021573,0.36374781300215725,-7.427640942248445,7.5,364.6324846863671
22259327797,151,7550.0,7600.0,50.0,361.75269531369923,356.60865950838013,359.22033092888086,0.35922033092888084,-10.288071610638212,7.55,364.6324846863671
22259327797,152,7600.0,7650.0,50.0,356.60865950838013,352.7217536133313,354.4867389075805,0.3544867389075805,-7.773811790097625,7.6,364.6324846863671
22259327797,153,7650.0,7700.0,50.0,352.7217536133313,348.87786452427133,350.9413293686907,0.35094132936869066,-7.68777817811997,7.65,364.6324846863671
22259327797,154,7700.0,7750.0,50.0,348.87786452427133,343.40127702887736,346.2147617678351,0.3462147617678351,-10.953174990787943,7.7,364.6324846863671
22259327797,155,7750.0,7800.0,50.0,343.40127702887736,339.11365060586206,340.88576940023927,0.3408857694002393,-8.575252846030594,7.75,364.6324846863671
22259327797,156,7800.0,7850.0,50.0,339.11365060586206,341.1983964556317,339.8553495708604,0.33985534957086044,4.169491699539321,7.8,366.71723053613675
22259327797,157,7850.0,7900.0,50.0,341.1983964556317,343.4255152934418,342.60455482163167,0.34260455482163166,4.4542376756201065,7.85,368.9443493739468
22259327797,158,7900.0,7950.0,50.0,343.4255152934418,339.99447235581357,342.1149787869361,0.3421149787869361,-6.862085875256412,7.9,368.9443493739468
22259327797,159,7950.0,8000.0,50.0,339.99447235581357,332.9296311185624,336.49900997097524,0.33649900997097526,-14.129682474502374,7.95,368.9443493739468
22259327797,160,8000.0,8050.0,50.0,332.9296311185624,325.5169407821841,329.2699320471062,0.3292699320471062,-14.825380672756523,8.0,368.9443493739468
22259327797,161,8050.0,8100.0,50.0,325.5169407821841,317.46013128145285,321.65281831606814,0.3216528183160681,-16.113619001462553,8.05,368.9443493739468
22259327797,162,8100.0,8150.0,50.0,317.46013128145285,308.2851453769072,312.73151721193375,0.31273151721193376,-18.349971809091244,8.1,368.9443493739468
22259327797,163,8150.0,8200.0,50.0,308.2851453769072,305.43601420271403,306.20522270174934,0.3062052227017493,-5.698262348386379,8.15,368.9443493739468
22259327797,164,8200.0,8250.0,50.0,305.43601420271403,308.8848911663931,306.9865290143948,0.3069865290143948,6.897753927358167,8.2,372.3932263376259
22259327797,165,8250.0,8300.0,50.0,308.8848911663931,314.3936652297656,311.64327887248277,0.3116432788724828,11.017548126744941,8.25,377.90200040099836
22259327797,166,8300.0,8350.0,50.0,314.3936652297656,316.38500840890026,315.6683827949577,0.31566838279495774,3.9826863582693477,8.3,379.89334358013303
22259327797,167,8350.0,8400.0,50.0,316.38500840890026,316.6737606075013,316.250333098318,0.31625033309831796,0.5775043972021194,8.35,380.1820957787341
22259327797,168,8400.0,8450.0,50.0,316.6737606075013,323.5417698120659,319.8129834576644,0.3198129834576644,13.736018409129201,8.4,387.0501049832987
22259327797,169,8450.0,8500.0,50.0,323.5417698120659,330.8138872023431,327.2836679347381,0.3272836679347381,14.544234780554348,8.45,394.32222237357587
22259327797,170,8500.0,8550.0,50.0,330.8138872023431,337.57011458073913,334.2790343769008,0.3342790343769008,13.512454756792067,8.5,401.0784497519719
22259327797,171,8550.0,8600.0,50.0,337.57011458073913,343.4502199181904,340.70078758771746,0.34070078758771744,11.76021067490251,8.55,406.95855508942316
22259327797,172,8600.0,8650.0,50.0,343.4502199181904,351.22016128593066,346.83560891010535,0.34683560891010534,15.539882735480546,8.6,414.72849645716343
22259327797,173,8650.0,8700.0,50.0,351.22016128593066,356.2794631237972,354.22512299763434,0.35422512299763437,10.118603675733084,8.65,419.78779829503
22259327797,174,8700.0,8750.0,50.0,356.2794631237972,361.73148987995563,358.87500410611506,0.35887500410611506,10.904053512316864,8.7,425.2398250511884
22259327797,175,8750.0,8800.0,50.0,361.73148987995563,367.5057982092077,364.5310060084881,0.3645310060084881,11.548616658504102,8.75,431.01413338044046
22259327797,176,8800.0,8850.0,50.0,367.5057982092077,373.5869658862747,370.5403935173693,0.3705403935173693,12.16233535413403,8.8,437.09530105750747
22259327797,177,8850.0,8900.0,50.0,373.5869658862747,380.33000499844377,376.8986967327924,0.3768986967327924,13.486078224338144,8.85,443.83834016967654
22259327797,178,8900.0,8950.0,50.0,380.33000499844377,387.8315306079211,384.28266727770307,0.38428266727770305,15.003051218954624,8.9,451.33986577915385
22259327797,179,8950.0,9000.0,50.0,387.8315306079211,394.4549666062209,391.13704683744436,0.3911370468374444,13.24687199659968,8.95,457.9633017774537
22259327797,180,9000.0,9050.0,50.0,394.4549666062209,399.0618127785409,396.75574479085645,0.39675574479085646,9.21369234463998,9.0,462.5701479497737
22259327797,181,9050.0,9100.0,50.0,399.0618127785409,408.55717259973756,403.3874907033976,0.4033874907033976,18.990719642393287,9.05,472.0655077709703
22259327797,182,9100.0,9150.0,50.0,408.55717259973756,416.78565768863825,413.01165685899696,0.41301165685899693,16.456970177801395,9.1,480.293992859871
22259327797,183,9150.0,9200.0,50.0,416.78565768863825,418.8633972284564,418.16586412289115,0.41816586412289114,4.1554790796362795,9.15,482.37173239968917
22259327797,184,9200.0,9250.0,50.0,418.8633972284564,420.97574183604377,419.83845514652893,0.41983845514652895,4.224689215174749,9.2,484.48407700727654
22259327797,185,9250.0,9300.0,50.0,420.97574183604377,424.71282183962364,422.71757333183626,0.42271757333183624,7.474160007159753,9.25,488.2211570108564
22259327797,186,9300.0,9350.0,50.0,424.71282183962364,427.09421913612294,426.05545739660903,0.42605545739660905,4.762794592998603,9.3,490.6025543073557
22259327797,187,9350.0,9400.0,50.0,427.09421913612294,430.4762817505236,428.67085818819874,0.4286708581881987,6.7641252288012765,9.35,493.98461692175636
22259327797,188,9400.0,9450.0,50.0,430.4762817505236,433.9211034091876,432.08792838436153,0.43208792838436155,6.889643317328023,9.4,497.42943858042037
22259327797,189,9450.0,9500.0,50.0,433.9211034091876,439.40209145568303,436.5489879891075,0.4365489879891075,10.96197609299088,9.45,502.9104266269158
22259327797,190,9500.0,9550.0,50.0,439.40209145568303,443.02628159442537,441.54792510121297,0.441547925101213,7.248380277484671,9.5,506.53461676565814
22259327797,191,9550.0,9600.0,50.0,443.02628159442537,444.0040686259443,443.6088310504356,0.4436088310504356,1.9555740630378295,9.55,507.51240379717706
22259327797,192,9600.0,9650.0,50.0,444.0040686259443,446.1950804821457,444.97155230903746,0.44497155230903745,4.382023712402884,9.6,509.7034156533785
22259327797,193,9650.0,9700.0,50.0,446.1950804821457,449.0763064074921,447.6641649130375,0.4476641649130375,5.762451850692742,9.65,512.5846415787248
22259327797,194,9700.0,9750.0,50.0,449.0763064074921,449.082029535865,449.30435547497626,0.44930435547497627,0.011446256745784922,9.7,512.5903647070977
22259327797,195,9750.0,9800.0,50.0,449.082029535865,450.3397868318598,449.48208601997413,0.44948208601997414,2.515514591989586,9.75,513.8481220030925
22259327797,196,9800.0,9850.0,50.0,450.3397868318598,451.3297803523017,451.0410498913357,0.4510410498913357,1.9799870408838842,9.8,514.8381155235345
22259327797,197,9850.0,9900.0,50.0,451.3297803523017,448.8034715749979,450.08975328938294,0.45008975328938294,-5.05261755460765,9.85,514.8381155235345
22259327797,198,9900.0,9950.0,50.0,448.8034715749979,445.9371122250344,447.5898109868306,0.44758981098683065,-5.732718699926977,9.9,514.8381155235345
22259327797,199,9950.0,10000.0,50.0,445.9371122250344,438.89506791439044,442.6604029410012,0.44266040294100123,-14.084088621287947,9.95,514.8381155235345
22259327797,200,10000.0,10050.0,50.0,438.89506791439044,428.1585289813558,433.693539308648,0.43369353930864796,-21.473077866069275,10.0,514.8381155235345
22259327797,201,10050.0,10100.0,50.0,428.1585289813558,418.70541817133915,423.07690324348226,0.42307690324348224,-18.906221620033307,10.05,514.8381155235345
22259327797,202,10100.0,10150.0,50.0,418.70541817133915,416.0983969950515,417.2177509195258,0.41721775091952584,-5.214042352575348,10.1,514.8381155235345
22259327797,203,10150.0,10200.0,50.0,416.0983969950515,412.7092187355659,414.499398117551,0.414499398117551,-6.778356518971123,10.15,514.8381155235345
22259327797,204,10200.0,10250.0,50.0,412.7092187355659,408.427792211544,410.53022458204686,0.41053022458204685,-8.562853048043849,10.2,514.8381155235345
22259327797,205,10250.0,10300.0,50.0,408.427792211544,407.76308318251324,407.98698001472616,0.40798698001472616,-1.329418058061492,10.25,514.8381155235345
22259327797,206,10300.0,10350.0,50.0,407.76308318251324,404.1752976057961,406.22992105441267,0.4062299210544127,-7.175571153434248,10.3,514.8381155235345
22259327797,207,10350.0,10400.0,50.0,404.1752976057961,399.27095819678743,401.4511317108407,0.4014511317108407,-9.80867881801737,10.35,514.8381155235345
22259327797,208,10400.0,10450.0,50.0,399.27095819678743,400.81075883109446,399.8715664348925,0.39987156643489247,3.0796012686140557,10.4,516.3779161578416
22259327797,209,10450.0,10500.0,50.0,400.81075883109446,399.30243105347574,400.2874404319648,0.4002874404319648,-3.016655555237435,10.45,516.3779161578416
22259327797,210,10500.0,10550.0,50.0,399.30243105347574,394.2915000761807,396.9204851458274,0.3969204851458274,-10.021861954590122,10.5,516.3779161578416
22259327797,211,10550.0,10600.0,50.0,394.2915000761807,389.7813864811688,392.13845545419576,0.3921384554541958,-9.020227190023775,10.55,516.3779161578416
22259327797,212,10600.0,10650.0,50.0,389.7813864811688,382.03956189917415,386.0728373967545,0.3860728373967545,-15.483649163989298,10.6,516.3779161578416
22259327797,213,10650.0,10700.0,50.0,382.03956189917415,373.1435958355417,377.5486276069619,0.3775486276069619,-17.791932127264886,10.65,516.3779161578416
22259327797,214,10700.0,10750.0,50.0,373.1435958355417,364.69547444142006,369.07267343250174,0.3690726734325017,-16.896242788243285,10.7,516.3779161578416
22259327797,215,10750.0,10800.0,50.0,364.69547444142006,354.34640864105404,359.36373324471725,0.35936373324471726,-20.69813160073204,10.75,516.3779161578416
22259327797,216,10800.0,10850.0,50.0,354.34640864105404,348.05683063263604,351.0217059281479,0.3510217059281479,-12.57915601683601,10.8,516.3779161578416
22259327797,217,10850.0,10900.0,50.0,348.05683063263604,343.0438042626059,345.61107692723186,0.34561107692723186,-10.026052740060322,10.85,516.3779161578416
22259327797,218,10900.0,10950.0,50.0,343.0438042626059,335.73642800076766,339.3656086487089,0.3393656086487089,-14.61475252367643,10.9,516.3779161578416
22259327797,219,10950.0,11000.0,50.0,335.73642800076766,333.1959075907591,334.2422874433942,0.33424228744339424,-5.081040820017165,10.95,516.3779161578416
22259327797,220,11000.0,11050.0,50.0,333.1959075907591,330.8717698692001,332.0222802471261,0.3320222802471261,-4.648275443117996,11.0,516.3779161578416
22259327797,221,11050.0,11100.0,50.0,330.8717698692001,328.00991649957166,329.4722668353636,0.3294722668353636,-5.723706739256841,11.05,516.3779161578416
22259327797,222,11100.0,11150.0,50.0,328.00991649957166,327.0837594654789,327.33440369735575,0.3273344036973558,-1.8523140681854784,11.1,516.3779161578416
22259327797,223,11150.0,11200.0,50.0,327.0837594654789,326.3830228170383,326.83684849242144,0.32683684849242145,-1.4014732968812496,11.15,516.3779161578416
22259327797,224,11200.0,11250.0,50.0,326.3830228170383,324.0224514026772,325.26848142861945,0.32526848142861947,-4.721142828722236,11.2,516.3779161578416
22259327797,225,11250.0,11300.0,50.0,324.0224514026772,321.366922551072,322.8457850097418,0.3228457850097418,-5.311057703210395,11.25,516.3779161578416
22259327797,226,11300.0,11350.0,50.0,321.366922551072,317.177498971753,319.27127246908657,0.31927127246908654,-8.378847158637996,11.3,516.3779161578416
22259327797,227,11350.0,11400.0,50.0,317.177498971753,314.6631425703416,315.5928722963124,0.3155928722963124,-5.028712802822724,11.35,516.3779161578416
22259327797,228,11400.0,11450.0,50.0,314.6631425703416,313.22912818287483,314.2250745158364,0.3142250745158364,-2.8680287749335776,11.4,516.3779161578416
22259327797,229,11450.0,11500.0,50.0,313.22912818287483,309.8227970440854,311.51754171442803,0.311517541714428,-6.812662277578852,11.45,516.3779161578416
22259327797,230,11500.0,11550.0,50.0,309.8227970440854,307.6630946864801,308.59811563525005,0.3085981156352501,-4.319404715210567,11.5,516.3779161578416
22259327797,231,11550.0,11600.0,50.0,307.6630946864801,301.43629758288887,305.04520765771485,0.30504520765771487,-12.453594207182505,11.55,516.3779161578416
22259327797,232,11600.0,11650.0,50.0,301.43629758288887,296.9976451444076,298.9167681672961,0.29891676816729607,-8.877304876962512,11.6,516.3779161578416
22259327797,233,11650.0,11700.0,50.0,296.9976451444076,290.90518062273094,294.06052962896774,0.2940605296289677,-12.18492904335335,11.65,516.3779161578416
22259327797,234,11700.0,11750.0,50.0,290.90518062273094,285.2455063601136,287.91662037900625,0.2879166203790062,-11.319348525234659,11.7,516.3779161578416
22259327797,235,11750.0,11800.0,50.0,285.2455063601136,283.59945354083953,284.3120399594222,0.28431203995942217,-3.2921056385481506,11.75,516.3779161578416
22259327797,236,11800.0,11850.0,50.0,283.59945354083953,278.8897456089394,281.5407841461489,0.2815407841461489,-9.419415863800282,11.8,516.3779161578416
22259327797,237,11850.0,11900.0,50.0,278.8897456089394,274.72776646992605,276.643803963059,0.276643803963059,-8.32395827802668,11.85,516.3779161578416
22259327797,238,11900.0,11950.0,50.0,274.72776646992605,272.2172275755282,273.33448661362735,0.27333448661362736,-5.021077788795651,11.9,516.3779161578416
22259327797,239,11950.0,12000.0,50.0,272.2172275755282,267.1384913535056,270.0434942411378,0.2700434942411378,-10.157472444045311,11.95,516.3779161578416
22259327797,240,12000.0,12050.0,50.0,267.1384913535056,262.2293827137106,264.2401011562697,0.2642401011562697,-9.81821727958993,12.0,516.3779161578416
22259327797,241,12050.0,12100.0,50.0,262.2293827137106,263.0742407843957,262.54179221544535,0.2625417922154454,1.6897161413702406,12.05,517.2227742285268
22259327797,242,12100.0,12150.0,50.0,263.0742407843957,262.9083520175303,263.0926335774922,0.26309263357749224,-0.33177753373081487,12.1,517.2227742285268
22259327797,243,12150.0,12200.0,50.0,262.9083520175303,261.2290327012038,262.3030376754578,0.2623030376754578,-3.358638632653083,12.15,517.2227742285268
22259327797,244,12200.0,12250.0,50.0,261.2290327012038,254.39635529405103,258.1138529274982,0.2581138529274982,-13.665354814305488,12.2,517.2227742285268
22259327797,245,12250.0,12300.0,50.0,254.39635529405103,247.89498860055605,250.8965498516866,0.2508965498516866,-13.002733386989973,12.25,517.2227742285268
22259327797,246,12300.0,12350.0,50.0,247.89498860055605,244.86717554591496,246.1349021896613,0.2461349021896613,-6.055626109282173,12.3,517.2227742285268
22259327797,247,12350.0,12400.0,50.0,244.86717554591496,243.82731604597885,244.31573871673936,0.24431573871673937,-2.0797189998722274,12.35,517.2227742285268
22259327797,248,12400.0,12450.0,50.0,243.82731604597885,244.77910664477236,244.2843167135093,0.2442843167135093,1.903581197587016,12.4,518.1745648273203
22259327797,249,12450.0,12500.0,50.0,244.77910664477236,241.21628376052786,243.32206864021074,0.24332206864021075,-7.125645768488994,12.45,518.1745648273203
22259327797,250,12500.0,12550.0,50.0,241.21628376052786,237.51458454772697,239.2079953210656,0.2392079953210656,-7.403398425601779,12.5,518.1745648273203
22259327797,251,12550.0,12600.0,50.0,237.51458454772697,234.8662028747272,236.14501537163085,0.23614501537163085,-5.296763345999523,12.55,518.1745648273203
22259327797,252,12600.0,12650.0,50.0,234.8662028747272,234.59819361873141,234.54355467347122,0.2345435546734712,-0.5360185119915855,12.6,518.1745648273203
22259327797,253,12650.0,12700.0,50.0,234.59819361873141,233.58818143190283,234.27678561115567,0.23427678561115567,-2.0200243736571792,12.65,518.1745648273203
22259327797,254,12700.0,12750.0,50.0,233.58818143190283,235.37122799104395,233.9056732640954,0.23390567326409542,3.5660931182822537,12.7,519.9576113864614
22259327797,255,12750.0,12800.0,50.0,235.37122799104395,239.95619819908,237.86810886445505,0.23786810886445506,9.169940416072109,12.75,524.5425815944975
22259327797,256,12800.0,12850.0,50.0,239.95619819908,242.34904598490047,241.37030513725063,0.24137030513725063,4.785695571640929,12.8,526.9354293803179
22259327797,257,12850.0,12900.0,50.0,242.34904598490047,242.4,242.3915076641501,0.2423915076641501,0.1019080301990698,12.85,526.9863833954175
22259327797,258,12900.0,12950.0,50.0,242.4,242.4,242.4,0.2424,0.0,12.9,526.9863833954175
22259327797,259,12950.0,12985.24,35.23999999999978,242.4,242.4,242.4,0.2424,0.0,12.95,526.9863833954175
22582028728,0,0.0,50.0,50.0,87.86666666666667,87.7074720727982,87.84497122882023,0.08784497122882023,-0.3183891877369547,0.0,0.0
22582028728,1,50.0,100.0,50.0,87.7074720727982,86.70228540893615,87.22604557022424,0.08722604557022424,-2.0103733277240963,0.05,0.0
22582028728,2,100.0,150.0,50.0,86.70228540893615,85.96755243451787,86.32943196225051,0.08632943196225051,-1.4694659488365573,0.1,0.0
22582028728,3,150.0,200.0,50.0,85.96755243451787,84.22350908496787,85.16268150751056,0.08516268150751055,-3.488086699099995,0.15,0.0
22582028728,4,200.0,250.0,50.0,84.22350908496787,82.29384426815496,83.32933951709775,0.08332933951709776,-3.8593296336258334,0.2,0.0
22582028728,5,250.0,300.0,50.0,82.29384426815496,79.28403983430334,80.82216935495961,0.08082216935495962,-6.0196088677032265,0.25,0.0
22582028728,6,300.0,350.0,50.0,79.28403983430334,76.97836353140146,77.97584353206163,0.07797584353206163,-4.6113526058037735,0.3,0.0
22582028728,7,350.0,400.0,50.0,76.97836353140146,75.96571178918859,76.48013024048826,0.07648013024048826,-2.0253034844257343,0.35,0.0
22582028728,8,400.0,450.0,50.0,75.96571178918859,74.95386403107922,75.33620233293705,0.07533620233293704,-2.023695516218737,0.4,0.0
22582028728,9,450.0,500.0,50.0,74.95386403107922,76.34895589912247,75.54785737665416,0.07554785737665416,2.7901837360865045,0.45,1.3950918680432522
22582028728,10,500.0,550.0,50.0,76.34895589912247,80.80102407977729,78.58058570272398,0.07858058570272398,8.90413636130964,0.5,5.847160048698072
22582028728,11,550.0,600.0,50.0,80.80102407977729,81.23981911425548,81.3379672047078,0.08133796720470779,0.8775900689563798,0.55,6.285955083176262
22582028728,12,600.0,650.0,50.0,81.23981911425548,78.43072866843606,79.63389335496451,0.07963389335496451,-5.618180891638843,0.6,6.285955083176262
22582028728,13,650.0,700.0,50.0,78.43072866843606,81.21299983183454,79.79901925865802,0.07979901925865802,5.564542326796953,0.65,9.068226246574739
22582028728,14,700.0,750.0,50.0,81.21299983183454,79.92333895306872,80.41903744630187,0.08041903744630187,-2.5793217575316305,0.7,9.068226246574739
22582028728,15,750.0,800.0,50.0,79.92333895306872,83.5753779068533,82.10866139590733,0.08210866139590733,7.304077907569166,0.75,12.720265200359322
22582028728,16,800.0,850.0,50.0,83.5753779068533,77.44156144004111,80.76849887946986,0.08076849887946987,-12.267632933624384,0.8,12.720265200359322
22582028728,17,850.0,900.0,50.0,77.44156144004111,74.67790797188147,75.75001469138094,0.07575001469138094,-5.527306936319292,0.85,12.720265200359322
22582028728,18,900.0,950.0,50.0,74.67790797188147,73.64347133219994,74.04609796493487,0.07404609796493487,-2.0688732793630606,0.9,12.720265200359322
22582028728,19,950.0,1000.0,50.0,73.64347133219994,77.01149282252682,75.19521070019792,0.07519521070019791,6.736042980653764,0.95,16.088286690686203
22582028728,20,1000.0,1050.0,50.0,77.01149282252682,76.58693364226444,77.01053553615229,0.0770105355361523,-0.8491183605247556,1.0,16.088286690686203
22582028728,21,1050.0,1100.0,50.0,76.58693364226444,76.78472909687333,76.57591120739339,0.07657591120739339,0.3955909092177876,1.05,16.286082145295097
22582028728,22,1100.0,1150.0,50.0,76.78472909687333,78.33611121012369,77.47515894877328,0.07747515894877328,3.1027642265007103,1.1,17.837464258545452
22582028728,23,1150.0,1200.0,50.0,78.33611121012369,79.69981520609556,78.90560004908211,0.0789056000490821,2.7274079919437497,1.15,19.201168254517327
22582028728,24,1200.0,1250.0,50.0,79.69981520609556,83.8263965124043,81.8073809877206,0.08180738098772061,8.253162612617473,1.2,23.327749560826064
22582028728,25,1250.0,1300.0,50.0,83.8263965124043,84.67385461498304,84.38969635161084,0.08438969635161084,1.694916205157483,1.25,24.175207663404805
22582028728,26,1300.0,1350.0,50.0,84.67385461498304,84.63093151871959,84.76770877598719,0.08476770877598719,-0.08584619252690118,1.3,24.175207663404805
22582028728,27,1350.0,1400.0,50.0,84.63093151871959,84.39807171001233,84.4604338099311,0.08446043380993111,-0.4657196174145213,1.35,24.175207663404805
22582028728,28,1400.0,1450.0,50.0,84.39807171001233,83.8399990179175,84.10356956879117,0.08410356956879117,-1.1161453841896503,1.4,24.175207663404805
22582028728,29,1450.0,1500.0,50.0,83.8399990179175,83.92828669612175,83.9032544415457,0.0839032544415457,0.17657535640847755,1.45,24.263495341609044
22582028728,30,1500.0,1550.0,50.0,83.92828669612175,83.4527941659041,83.6307188125691,0.0836307188125691,-0.9509850604353005,1.5,24.263495341609044
22582028728,31,1550.0,1600.0,50.0,83.4527941659041,84.18671314598996,83.812883263404,0.083812883263404,1.467837960171721,1.55,24.997414321694905
22582028728,32,1600.0,1650.0,50.0,84.18671314598996,84.33478439573324,84.32365353269834,0.08432365353269834,0.2961424994865638,1.6,25.145485571438186
22582028728,33,1650.0,1700.0,50.0,84.33478439573324,83.95239417793024,84.1277153877158,0.0841277153877158,-0.7647804356059851,1.65,25.145485571438186
22582028728,34,1700.0,1750.0,50.0,83.95239417793024,83.97039426422722,83.86525602727859,0.0838652560272786,0.03600017259395827,1.7,25.163485657735166
22582028728,35,1750.0,1800.0,50.0,83.97039426422722,87.38191107497623,85.53242246960836,0.08553242246960836,6.823033621498013,1.75,28.575002468484172
22582028728,36,1800.0,1850.0,50.0,87.38191107497623,90.80189930641227,89.09481062463838,0.08909481062463838,6.839976462872073,1.8,31.99499069992021
22582028728,37,1850.0,1900.0,50.0,90.80189930641227,93.32089799167582,92.25417784259763,0.09225417784259762,5.037997370527108,1.85,34.51398938518376
22582028728,38,1900.0,1950.0,50.0,93.32089799167582,92.54837304726401,93.1569973718175,0.0931569973718175,-1.5450498888236268,1.9,34.51398938518376
22582028728,39,1950.0,2000.0,50.0,92.54837304726401,90.3977650042576,91.39151425912776,0.09139151425912775,-4.301216086012829,1.95,34.51398938518376
22582028728,40,2000.0,2050.0,50.0,90.3977650042576,95.19112099014762,91.945575622776,0.091945575622776,9.586711971780062,2.0,39.307345371073794
22582028728,41,2050.0,2100.0,50.0,95.19112099014762,95.8694297193318,96.51792669726422,0.09651792669726421,1.356617458368362,2.05,39.985654100257975
22582028728,42,2100.0,2150.0,50.0,95.8694297193318,94.28031753401214,94.88117892603482,0.09488117892603481,-3.1782243706393274,2.1,39.985654100257975
22582028728,43,2150.0,2200.0,50.0,94.28031753401214,92.98410956785916,93.71925079102016,0.09371925079102016,-2.592415932305954,2.15,39.985654100257975
22582028728,44,2200.0,2250.0,50.0,92.98410956785916,91.36046974018697,92.17628588997047,0.09217628588997047,-3.2472796553443857,2.2,39.985654100257975
22582028728,45,2250.0,2300.0,50.0,91.36046974018697,90.59969631372034,90.76386267785803,0.09076386267785803,-1.5215468529332554,2.25,39.985654100257975
22582028728,46,2300.0,2350.0,50.0,90.59969631372034,92.60481456004685,91.36347946214363,0.09136347946214363,4.010236492653007,2.3,41.99077234658448
22582028728,47,2350.0,2400.0,50.0,92.60481456004685,96.0745277258745,94.61797621771414,0.09461797621771414,6.939426331655312,2.35,45.460485512412134
22582028728,48,2400.0,2450.0,50.0,96.0745277258745,96.46731827822403,96.3082527837485,0.0963082527837485,0.7855811046990482,2.4,45.85327606476166
22582028728,49,2450.0,2500.0,50.0,96.46731827822403,96.30520161904448,96.35135367924953,0.09635135367924953,-0.3242333183590915,2.45,45.85327606476166
22582028728,50,2500.0,2550.0,50.0,96.30520161904448,97.34267714174908,96.7752325212366,0.0967752325212366,2.0749510454091933,2.5,46.890751587466255
22582028728,51,2550.0,2600.0,50.0,97.34267714174908,98.00706304324072,97.70425177373254,0.09770425177373254,1.3287718029832831,2.55,47.5551374889579
22582028728,52,2600.0,2650.0,50.0,98.00706304324072,97.3328398190045,97.97157083727359,0.09797157083727359,-1.34844644847243,2.6,47.5551374889579
22582028728,53,2650.0,2700.0,50.0,97.3328398190045,93.84617470167782,95.47123501016188,0.09547123501016187,-6.9733302346533605,2.65,47.5551374889579
22582028728,54,2700.0,2750.0,50.0,93.84617470167782,94.47356812482879,93.85551603228237,0.09385551603228237,1.2547868463019256,2.7,48.18253091210886
22582028728,55,2750.0,2800.0,50.0,94.47356812482879,97.29040795912843,95.87659253838241,0.0958765925383824,5.633679668599285,2.75,50.9993707464085
22582028728,56,2800.0,2850.0,50.0,97.29040795912843,97.03580152235293,97.41176123156959,0.09741176123156958,-0.5092128735510073,2.8,50.9993707464085
22582028728,57,2850.0,2900.0,50.0,97.03580152235293,97.93829709467408,97.25905980255203,0.09725905980255203,1.8049911446423152,2.85,51.90186631872966
22582028728,58,2900.0,2950.0,50.0,97.93829709467408,100.7370141295402,99.27773079593045,0.09927773079593046,5.5974340697322305,2.9,54.700583353595775
22582028728,59,2950.0,3000.0,50.0,100.7370141295402,104.13596031107802,102.47565814556754,0.10247565814556754,6.797892363075647,2.95,58.0995295351336
22582028728,60,3000.0,3050.0,50.0,104.13596031107802,104.55194469858084,104.6209871269581,0.1046209871269581,0.8319687750056346,3.0,58.515513922636416
22582028728,61,3050.0,3100.0,50.0,104.55194469858084,104.50216960961991,104.2772022839729,0.1042772022839729,-0.09955017792185572,3.05,58.515513922636416
22582028728,62,3100.0,3150.0,50.0,104.50216960961991,109.45216808446817,106.69412169185053,0.10669412169185052,9.899996949696515,3.1,63.46551239748467
22582028728,63,3150.0,3200.0,50.0,109.45216808446817,112.10872292313309,111.19021521430454,0.11119021521430454,5.313109677329834,3.15,66.12206723614959
22582028728,64,3200.0,3250.0,50.0,112.10872292313309,113.35000684434551,112.68632734778402,0.11268632734778401,2.4825678424248565,3.2,67.36335115736202
22582028728,65,3250.0,3300.0,50.0,113.35000684434551,114.03832725975008,113.7833577425766,0.1137833577425766,1.376640830809123,3.25,68.05167157276658
22582028728,66,3300.0,3350.0,50.0,114.03832725975008,118.6818260758765,115.83407008790259,0.11583407008790259,9.286997632252849,3.3,72.695170388893
22582028728,67,3350.0,3400.0,50.0,118.6818260758765,126.74744913418404,122.67446708082367,0.12267446708082368,16.131246116615074,3.35,80.76079344720054
22582028728,68,3400.0,3450.0,50.0,126.74744913418404,132.26710996362732,129.96472959854225,0.12996472959854224,11.039321658886566,3.4,86.28045427664382
22582028728,69,3450.0,3500.0,50.0,132.26710996362732,132.4920927049539,132.5117008347024,0.1325117008347024,0.4499654826531696,3.45,86.50543701797041
22582028728,70,3500.0,3550.0,50.0,132.4920927049539,135.65752019499354,133.314799545306,0.13331479954530598,6.330854980079266,3.5,89.67086450801004
22582028728,71,3550.0,3600.0,50.0,135.65752019499354,144.48949998883296,140.4061517837516,0.1404061517837516,17.663959587678846,3.55,98.50284430184946
22582028728,72,3600.0,3650.0,50.0,144.48949998883296,150.14608142606855,147.38201178713578,0.14738201178713578,11.313162874471175,3.6,104.15942573908505
22582028728,73,3650.0,3700.0,50.0,150.14608142606855,154.77558203419215,152.42293932420378,0.15242293932420378,9.259001216247214,3.65,108.78892634720866
22582028728,74,3700.0,3750.0,50.0,154.77558203419215,158.78775008094152,156.9740844271365,0.15697408442713648,8.024336093498732,3.7,112.80109439395802
22582028728,75,3750.0,3800.0,50.0,158.78775008094152,162.11986919325432,160.3848999558066,0.1603848999558066,6.664238224625592,3.75,116.13321350627082
22582028728,76,3800.0,3850.0,50.0,162.11986919325432,164.3057411557296,163.22851503632845,0.16322851503632846,4.371743924950579,3.8,118.31908546874611
22582028728,77,3850.0,3900.0,50.0,164.3057411557296,170.0312637630346,166.92434490602352,0.1669243449060235,11.451045214609962,3.85,124.04460807605109
22582028728,78,3900.0,3950.0,50.0,170.0312637630346,174.85840363075692,172.6607828985519,0.1726607828985519,9.654279735444675,3.9,128.8717479437734
22582028728,79,3950.0,4000.0,50.0,174.85840363075692,177.53117584661732,176.42178228343082,0.1764217822834308,5.345544431720782,3.95,131.5445201596338
22582028728,80,4000.0,4050.0,50.0,177.53117584661732,179.97300155325917,178.51494122955486,0.17851494122955486,4.883651413283701,4.0,133.98634586627566
22582028728,81,4050.0,4100.0,50.0,179.97300155325917,185.54577346833278,182.78982246898786,0.18278982246898787,11.145543830147233,4.05,139.55911778134927
22582028728,82,4100.0,4150.0,50.0,185.54577346833278,190.985856749686,188.0567018524777,0.1880567018524777,10.88016656270645,4.1,144.9992010627025
22582028728,83,4150.0,4200.0,50.0,190.985856749686,196.09083232522136,193.83992755295208,0.19383992755295207,10.209951151070698,4.15,150.10417663823785
22582028728,84,4200.0,4250.0,50.0,196.09083232522136,193.99376326569285,195.35512472516083,0.19535512472516084,-4.1941381190570155,4.2,150.10417663823785
22582028728,85,4250.0,4300.0,50.0,193.99376326569285,194.9790950833672,194.13405206714057,0.19413405206714057,1.9706636353487283,4.25,151.0895084559122
22582028728,86,4300.0,4350.0,50.0,194.9790950833672,196.8853643956816,196.07023263553037,0.19607023263553036,3.8125386246287576,4.3,152.9957777682266
22582028728,87,4350.0,4400.0,50.0,196.8853643956816,196.83916292119306,196.9543960970126,0.1969543960970126,-0.09240294897705326,4.35,152.9957777682266
22582028728,88,4400.0,4450.0,50.0,196.83916292119306,194.15752745165122,195.48826512239643,0.19548826512239642,-5.363270939083691,4.4,152.9957777682266
22582028728,89,4450.0,4500.0,50.0,194.15752745165122,195.45193583546876,194.67833455238065,0.19467833455238065,2.5888167676350804,4.45,154.29018615204413
22582028728,90,4500.0,4550.0,50.0,195.45193583546876,197.80509411152622,196.5571280357625,0.1965571280357625,4.706316552114913,4.5,156.64334442810159
22582028728,91,4550.0,4600.0,50.0,197.80509411152622,199.9121580685514,199.04320008713478,0.19904320008713478,4.21412791405038,4.55,158.75040838512678
22582028728,92,4600.0,4650.0,50.0,199.9121580685514,201.60316536529086,200.46258895467852,0.20046258895467853,3.382014593478914,4.6,160.44141568186623
22582028728,93,4650.0,4700.0,50.0,201.60316536529086,205.53455809640872,203.506670747173,0.203506670747173,7.862785462235706,4.65,164.37280841298409
22582028728,94,4700.0,4750.0,50.0,205.53455809640872,207.45122925178575,206.8955454550962,0.2068955454550962,3.8333423107540625,4.7,166.28947956836112
22582028728,95,4750.0,4800.0,50.0,207.45122925178575,210.0995411959969,208.43899915949157,0.20843899915949157,5.296623888422289,4.75,168.93779151257226
22582028728,96,4800.0,4850.0,50.0,210.0995411959969,212.48506318449253,211.44330916759554,0.21144330916759554,4.77104397699128,4.8,171.3233135010679
22582028728,97,4850.0,4900.0,50.0,212.48506318449253,216.37347828258476,214.4525613800973,0.2144525613800973,7.776830196184449,4.85,175.21172859916012
22582028728,98,4900.0,4950.0,50.0,216.37347828258476,216.98810139423372,216.58202420210895,0.21658202420210895,1.2292462232979346,4.9,175.8263517108091
22582028728,99,4950.0,5000.0,50.0,216.98810139423372,219.5598920268791,218.34172694027959,0.2183417269402796,5.143581265290777,4.95,178.39814234345448
22582028728,100,5000.0,5050.0,50.0,219.5598920268791,218.39330864349904,219.20984917377703,0.21920984917377703,-2.3331667667601437,5.0,178.39814234345448
22582028728,101,5050.0,5100.0,50.0,218.39330864349904,216.44954368810045,217.45121892021268,0.21745121892021269,-3.887529910797184,5.05,178.39814234345448
22582028728,102,5100.0,5150.0,50.0,216.44954368810045,213.5142007673847,215.1259961283664,0.21512599612836641,-5.870685841431509,5.1,178.39814234345448
22582028728,103,5150.0,5200.0,50.0,213.5142007673847,209.8279702259878,211.5944430736748,0.2115944430736748,-7.372461082793791,5.15,178.39814234345448
22582028728,104,5200.0,5250.0,50.0,209.8279702259878,206.76286349176317,208.24061886599839,0.20824061886599837,-6.130213468449256,5.2,178.39814234345448
22582028728,105,5250.0,5300.0,50.0,206.76286349176317,204.7796172814796,205.83333964603003,0.20583333964603004,-3.9664924205671355,5.25,178.39814234345448
22582028728,106,5300.0,5350.0,50.0,204.7796172814796,202.31493088592612,203.4686039650362,0.20346860396503622,-4.929372791106971,5.3,178.39814234345448
22582028728,107,5350.0,5400.0,50.0,202.31493088592612,200.0198867414611,201.21280683089503,0.20121280683089504,-4.590088288930019,5.35,178.39814234345448
22582028728,108,5400.0,5450.0,50.0,200.0198867414611,196.93195096686264,198.50133104364144,0.19850133104364145,-6.175871549196927,5.4,178.39814234345448
22582028728,109,5450.0,5500.0,50.0,196.93195096686264,194.1149814722376,195.41799190326628,0.19541799190326628,-5.633938989250112,5.45,178.39814234345448
22582028728,110,5500.0,5550.0,50.0,194.1149814722376,192.91632417846802,193.48814210743754,0.19348814210743753,-2.3973145875391424,5.5,178.39814234345448
22582028728,111,5550.0,5600.0,50.0,192.91632417846802,188.82107686192353,191.22120090191825,0.19122120090191824,-8.190494633088974,5.55,178.39814234345448
22582028728,112,5600.0,5650.0,50.0,188.82107686192353,182.24155599966963,185.4225742570347,0.1854225742570347,-13.159041724507802,5.6,178.39814234345448
22582028728,113,5650.0,5700.0,50.0,182.24155599966963,180.75281249999998,180.79226273178423,0.18079226273178423,-2.9774869993393054,5.65,178.39814234345448
22582028728,114,5700.0,5750.0,50.0,180.75281249999998,179.19763268137336,180.78274094386128,0.1807827409438613,-3.110359637253225,5.7,178.39814234345448
22582028728,115,5750.0,5800.0,50.0,179.19763268137336,175.83790065532142,176.9967716225004,0.1769967716225004,-6.719464052103888,5.75,178.39814234345448
22582028728,116,5800.0,5850.0,50.0,175.83790065532142,175.8655900898103,176.0633948871182,0.1760633948871182,0.05537886897775479,5.8,178.42583177794336
22582028728,117,5850.0,5900.0,50.0,175.8655900898103,174.228773532801,175.10293995944983,0.17510293995944984,-3.273633114018594,5.85,178.42583177794336
22582028728,118,5900.0,5950.0,50.0,174.228773532801,174.40405592180994,174.06201852787208,0.1740620185278721,0.3505647780178833,5.9,178.6011141669523
22582028728,119,5950.0,6000.0,50.0,174.40405592180994,174.49420917990383,174.4524292823221,0.1744524292823221,0.18030651618778393,5.95,178.6912674250462
22582028728,120,6000.0,6050.0,50.0,174.49420917990383,173.84218703669492,174.35840120779736,0.17435840120779736,-1.3040442864178203,6.0,178.6912674250462
22582028728,121,6050.0,6100.0,50.0,173.84218703669492,174.345474465595,174.01098791362494,0.17401098791362493,1.0065748578001603,6.05,179.19455485394627
22582028728,122,6100.0,6150.0,50.0,174.345474465595,171.55297229590332,173.01873692298298,0.17301873692298297,-5.585004339383374,6.1,179.19455485394627
22582028728,123,6150.0,6200.0,50.0,171.55297229590332,172.06324203564236,171.59830513778965,0.17159830513778965,1.0205394794780887,6.15,179.70482459368532
22582028728,124,6200.0,6250.0,50.0,172.06324203564236,172.89829137054681,172.62577248989783,0.17262577248989783,1.6700986698089082,6.2,180.53987392858977
22582028728,125,6250.0,6300.0,50.0,172.89829137054681,171.84704810595602,172.47796285398536,0.17247796285398537,-2.10248652918159,6.25,180.53987392858977
22582028728,126,6300.0,6350.0,50.0,171.84704810595602,173.59274826306438,172.43579019495158,0.1724357901949516,3.491400314216719,6.3,182.28557408569813
22582028728,127,6350.0,6400.0,50.0,173.59274826306438,171.7448692355998,172.98826972515988,0.17298826972515988,-3.695758054929172,6.35,182.28557408569813
22582028728,128,6400.0,6450.0,50.0,171.7448692355998,170.53784244596545,171.0867921204681,0.1710867921204681,-2.414053579268682,6.4,182.28557408569813
22582028728,129,6450.0,6500.0,50.0,170.53784244596545,169.01232576532797,169.45570107815163,0.16945570107815164,-3.0510333612749605,6.45,182.28557408569813
22582028728,130,6500.0,6550.0,50.0,169.01232576532797,179.52894217961048,173.51027902015414,0.17351027902015415,21.03323282856502,6.5,192.80219049998064
22582028728,131,6550.0,6600.0,50.0,179.52894217961048,188.49985594449143,184.77148730752253,0.18477148730752255,17.941827529761895,6.55,201.7731042648616
22582028728,132,6600.0,6650.0,50.0,188.49985594449143,189.82360696004898,189.21960460539324,0.18921960460539325,2.6475020311150956,6.6,203.09685528041913
22582028728,133,6650.0,6700.0,50.0,189.82360696004898,191.76127235982534,190.90431240318063,0.19090431240318062,3.875330799552728,6.65,205.0345206801955
22582028728,134,6700.0,6750.0,50.0,191.76127235982534,195.98088136741234,193.51961790485805,0.19351961790485805,8.439218015173992,6.7,209.2541296877825
22582028728,135,6750.0,6800.0,50.0,195.98088136741234,193.4843441272431,195.948395869358,0.195948395869358,-4.993074480338464,6.75,209.2541296877825
22582028728,136,6800.0,6850.0,50.0,193.4843441272431,188.06498709320113,189.78924939058268,0.18978924939058267,-10.83871406808396,6.8,209.2541296877825
22582028728,137,6850.0,6900.0,50.0,188.06498709320113,189.6709494100253,188.91017772787131,0.1889101777278713,3.211924633648323,6.85,210.86009200460666
22582028728,138,6900.0,6950.0,50.0,189.6709494100253,187.50575388912625,189.03665156945954,0.18903665156945954,-4.330391041798066,6.9,210.86009200460666
22582028728,139,6950.0,7000.0,50.0,187.50575388912625,186.193285262492,186.66295982508095,0.18666295982508094,-2.624937253268513,6.95,210.86009200460666
22582028728,140,7000.0,7050.0,50.0,186.193285262492,183.0034111973959,184.7119616269683,0.1847119616269683,-6.3797481301921835,7.0,210.86009200460666
22582028728,141,7050.0,7100.0,50.0,183.0034111973959,178.35971877384878,180.61569599684603,0.18061569599684602,-9.287384847094245,7.05,210.86009200460666
22582028728,142,7100.0,7150.0,50.0,178.35971877384878,176.53539055933553,177.36635872007494,0.17736635872007495,-3.6486564290265164,7.1,210.86009200460666
22582028728,143,7150.0,7200.0,50.0,176.53539055933553,174.06345685683468,175.45641283466523,0.17545641283466523,-4.943867405001697,7.15,210.86009200460666
22582028728,144,7200.0,7250.0,50.0,174.06345685683468,172.82695537817827,173.0878448157475,0.17308784481574752,-2.473002957312815,7.2,210.86009200460666
22582028728,145,7250.0,7300.0,50.0,172.82695537817827,173.91608749851522,173.42893564961847,0.17342893564961848,2.1782642406739114,7.25,211.9492241249436
22582028728,146,7300.0,7350.0,50.0,173.91608749851522,173.87984515800454,174.04822206691802,0.174048222066918,-0.07248468102136485,7.3,211.9492241249436
22582028728,147,7350.0,7400.0,50.0,173.87984515800454,173.08716961949324,173.5178377321548,0.1735178377321548,-1.585351077022608,7.35,211.9492241249436
22582028728,148,7400.0,7450.0,50.0,173.08716961949324,165.41955850720188,169.62817782327747,0.16962817782327747,-15.335222224582708,7.4,211.9492241249436
22582028728,149,7450.0,7500.0,50.0,165.41955850720188,160.8320982285615,162.67065517287617,0.16267065517287616,-9.174920557280757,7.45,211.9492241249436
22582028728,150,7500.0,7550.0,50.0,160.8320982285615,162.60019933739463,161.62025059400392,0.16162025059400392,3.5362022176662435,7.5,213.71732523377673
22582028728,151,7550.0,7600.0,50.0,162.60019933739463,157.98505047561656,160.64861870451372,0.16064861870451372,-9.230297723556134,7.55,213.71732523377673
22582028728,152,7600.0,7650.0,50.0,157.98505047561656,153.75890928498333,155.72241485846772,0.15572241485846772,-8.452282381266457,7.6,213.71732523377673
22582028728,153,7650.0,7700.0,50.0,153.75890928498333,153.12490048700465,153.2906773537787,0.15329067735377871,-1.2680175959573603,7.65,213.71732523377673
22582028728,154,7700.0,7750.0,50.0,153.12490048700465,151.06984615384619,152.19316849970198,0.152193168499702,-4.110108666316933,7.7,213.71732523377673
22582028728,155,7750.0,7800.0,50.0,151.06984615384619,150.96743607864477,150.95832626462152,0.15095832626462152,-0.2048201504028384,7.75,213.71732523377673
22582028728,156,7800.0,7850.0,50.0,150.96743607864477,146.14911815200549,148.938793716346,0.148938793716346,-9.636635853278563,7.8,213.71732523377673
22582028728,157,7850.0,7900.0,50.0,146.14911815200549,142.89174404248365,144.20933181733452,0.1442093318173345,-6.514748219043668,7.85,213.71732523377673
22582028728,158,7900.0,7950.0,50.0,142.89174404248365,140.26902122802912,141.55737621801254,0.14155737621801254,-5.245445628909067,7.9,213.71732523377673
22582028728,159,7950.0,8000.0,50.0,140.26902122802912,137.9538408724162,139.15894139410395,0.13915894139410395,-4.630360711225819,7.95,213.71732523377673
22582028728,160,8000.0,8050.0,50.0,137.9538408724162,134.72360570578016,136.38692386693666,0.13638692386693665,-6.460470333272099,8.0,213.71732523377673
22582028728,161,8050.0,8100.0,50.0,134.72360570578016,132.9904277277769,133.71323649239582,0.13371323649239583,-3.4663559560065096,8.05,213.71732523377673
22582028728,162,8100.0,8150.0,50.0,132.9904277277769,132.5290368288232,132.72451720869148,0.13272451720869147,-0.9227817979074189,8.1,213.71732523377673
22582028728,163,8150.0,8200.0,50.0,132.5290368288232,131.95015888577828,132.32066181612197,0.13232066181612198,-1.1577558860898307,8.15,213.71732523377673
22582028728,164,8200.0,8250.0,50.0,131.95015888577828,128.83986716774146,130.54387050769142,0.13054387050769142,-6.220583436073639,8.2,213.71732523377673
22582028728,165,8250.0,8300.0,50.0,128.83986716774146,125.89802271197289,127.2168245703309,0.1272168245703309,-5.883688911537149,8.25,213.71732523377673
22582028728,166,8300.0,8350.0,50.0,125.89802271197289,123.88080037946663,124.98018321101732,0.12498018321101732,-4.034444665012501,8.3,213.71732523377673
22582028728,167,8350.0,8400.0,50.0,123.88080037946663,124.28936701771154,123.66427399992041,0.12366427399992042,0.8171332764898125,8.35,214.12589187202164
22582028728,168,8400.0,8450.0,50.0,124.28936701771154,126.69417012284566,125.72790489630466,0.12572790489630467,4.809606210268242,8.4,216.53069497715575
22582028728,169,8450.0,8500.0,50.0,126.69417012284566,125.00979006587227,125.67128899714106,0.12567128899714106,-3.3687601139467915,8.45,216.53069497715575
22582028728,170,8500.0,8550.0,50.0,125.00979006587227,128.10607000683882,126.61291868109738,0.1266129186810974,6.192559881933107,8.5,219.6269749181223
22582028728,171,8550.0,8600.0,50.0,128.10607000683882,128.9545627424971,128.85665277737073,0.12885665277737074,1.696985471316566,8.55,220.47546765378058
22582028728,172,8600.0,8650.0,50.0,128.9545627424971,119.93510581448092,125.0221787095735,0.1250221787095735,-18.038913856032366,8.6,220.47546765378058
22582028728,173,8650.0,8700.0,50.0,119.93510581448092,110.64461510638174,114.79897267546416,0.11479897267546416,-18.58098141619837,8.65,220.47546765378058
22582028728,174,8700.0,8750.0,50.0,110.64461510638174,108.57669491704561,109.52591825969755,0.10952591825969754,-4.135840378672242,8.7,220.47546765378058
22582028728,175,8750.0,8800.0,50.0,108.57669491704561,104.00260758979627,106.43993698059525,0.10643993698059524,-9.148174654498689,8.75,220.47546765378058
22582028728,176,8800.0,8850.0,50.0,104.00260758979627,97.02585919596623,100.35366039351375,0.10035366039351375,-13.953496787660072,8.8,220.47546765378058
22582028728,177,8850.0,8900.0,50.0,97.02585919596623,98.18252912320034,97.28568170076632,0.09728568170076632,2.313339854468211,8.85,221.6321375810147
22582028728,178,8900.0,8950.0,50.0,98.18252912320034,97.0944877292632,97.81176886452958,0.09781176886452958,-2.176082787874293,8.9,221.6321375810147
22582028728,179,8950.0,9000.0,50.0,97.0944877292632,97.384459925515,97.02459689118002,0.09702459689118002,0.5799443925036201,8.95,221.92210977726648
22582028728,180,9000.0,9050.0,50.0,97.384459925515,99.99892776064362,98.53387781050917,0.09853387781050917,5.228935670257243,9.0,224.5365776123951
22582028728,181,9050.0,9100.0,50.0,99.99892776064362,102.5171838668078,101.58644718067184,0.10158644718067183,5.036512212328347,9.05,227.05483371855928
22582028728,182,9100.0,9150.0,50.0,102.5171838668078,100.54483560206442,101.69801202847908,0.10169801202847908,-3.944696529486748,9.1,227.05483371855928
22582028728,183,9150.0,9200.0,50.0,100.54483560206442,99.00976424221389,99.54275453077992,0.09954275453077992,-3.0701427197010673,9.15,227.05483371855928
22582028728,184,9200.0,9250.0,50.0,99.00976424221389,98.24621791601894,98.78217235886302,0.09878217235886302,-1.5270926523899107,9.2,227.05483371855928
22582028728,185,9250.0,9300.0,50.0,98.24621791601894,95.36789730959998,96.98404131733527,0.09698404131733526,-5.756641212837906,9.25,227.05483371855928
22582028728,186,9300.0,9350.0,50.0,95.36789730959998,91.26095860606833,93.27974228734668,0.09327974228734667,-8.213877407063308,9.3,227.05483371855928
22582028728,187,9350.0,9400.0,50.0,91.26095860606833,87.40286461692558,89.35876133679375,0.08935876133679375,-7.71618797828549,9.35,227.05483371855928
22582028728,188,9400.0,9450.0,50.0,87.40286461692558,85.12053758088601,86.02046461985334,0.08602046461985334,-4.564654072079151,9.4,227.05483371855928
22582028728,189,9450.0,9500.0,50.0,85.12053758088601,84.87989574188876,84.99416214911685,0.08499416214911684,-0.48128367799449734,9.45,227.05483371855928
22582028728,190,9500.0,9550.0,50.0,84.87989574188876,84.34057832609855,84.64673745401984,0.08464673745401984,-1.0786348315804162,9.5,227.05483371855928
22582028728,191,9550.0,9600.0,50.0,84.34057832609855,82.91272490398293,83.49701906623197,0.08349701906623197,-2.8557068442312357,9.55,227.05483371855928
22582028728,192,9600.0,9650.0,50.0,82.91272490398293,83.90996183347151,83.4953588639476,0.0834953588639476,1.994473858977159,9.6,228.05207064804785
22582028728,193,9650.0,9700.0,50.0,83.90996183347151,82.92319114937779,83.38468420137319,0.0833846842013732,-1.9735413681874547,9.65,228.05207064804785
22582028728,194,9700.0,9750.0,50.0,82.92319114937779,83.47302422718455,83.22745830598514,0.08322745830598514,1.0996661556135336,9.7,228.6019037258546
22582028728,195,9750.0,9800.0,50.0,83.47302422718455,83.56805514866167,83.4556688218384,0.0834556688218384,0.19006184295423623,9.75,228.69693464733172
22582028728,196,9800.0,9850.0,50.0,83.56805514866167,83.86242726290737,83.78609870210718,0.08378609870210718,0.5887442284914073,9.8,228.99130676157742
22582028728,197,9850.0,9900.0,50.0,83.86242726290737,81.99429900877581,83.08491694450305,0.08308491694450305,-3.736256508263125,9.85,228.99130676157742
22582028728,198,9900.0,9950.0,50.0,81.99429900877581,80.36956636186389,81.13678373539506,0.08113678373539505,-3.249465293823846,9.9,228.99130676157742
22582028728,199,9950.0,10000.0,50.0,80.36956636186389,78.11431381928833,79.2329824540443,0.07923298245404431,-4.510505085151124,9.95,228.99130676157742
22582028728,200,10000.0,10050.0,50.0,78.11431381928833,76.60242156899886,77.43052609146706,0.07743052609146706,-3.023784500578927,10.0,228.99130676157742
22582028728,201,10050.0,10100.0,50.0,76.60242156899886,74.65771673080182,75.3581600611832,0.0753581600611832,-3.889409676394081,10.05,228.99130676157742
22582028728,202,10100.0,10150.0,50.0,74.65771673080182,75.21605224674495,75.1068869585977,0.0751068869585977,1.1166710318862556,10.1,229.54964227752055
22582028728,203,10150.0,10200.0,50.0,75.21605224674495,76.19212421569088,75.37910026412128,0.07537910026412127,1.9521439378918615,10.15,230.52571424646646
22582028728,204,10200.0,10250.0,50.0,76.19212421569088,77.3991562417547,77.10464818024514,0.07710464818024514,2.414064052127628,10.2,231.73274627253028
22582028728,205,10250.0,10300.0,50.0,77.3991562417547,76.5470597986318,76.91123165095627,0.07691123165095627,-1.704192886245778,10.25,231.73274627253028
22582028728,206,10300.0,10350.0,50.0,76.5470597986318,77.0690489597862,76.89514333283104,0.07689514333283104,1.0439783223087886,10.3,232.2547354336847
22582028728,207,10350.0,10400.0,50.0,77.0690489597862,73.63606369136573,75.4558263567374,0.07545582635673741,-6.865970536840933,10.35,232.2547354336847
22582028728,208,10400.0,10450.0,50.0,73.63606369136573,73.27453569536755,73.10710173787218,0.07310710173787219,-0.7230559919963753,10.4,232.2547354336847
22582028728,209,10450.0,10500.0,50.0,73.27453569536755,74.11695042593158,73.8324609311813,0.0738324609311813,1.6848294611280608,10.45,233.09715016424872
22582028728,210,10500.0,10550.0,50.0,74.11695042593158,76.48271780801807,75.13752791539976,0.07513752791539975,4.731534764172977,10.5,235.4629175463352
22582028728,211,10550.0,10574.76,24.76000000000022,76.48271780801807,77.16936422613533,76.87456805439581,0.07687456805439581,2.773208473817678,10.55,236.14956396445245
22610623020,0,0.0,50.0,50.0,282.0,286.69897650826186,283.6810877192312,0.2836810877192312,9.39795301652373,0.0,4.698976508261865
22610623020,1,50.0,100.0,50.0,286.69897650826186,288.2584215742964,288.34553808789184,0.2883455380878918,3.1188901320690547,0.05,6.258421574296392
22610623020,2,100.0,150.0,50.0,288.2584215742964,290.80371195400943,288.60051090335645,0.2886005109033565,5.090580759426075,0.1,8.80371195400943
22610623020,3,150.0,200.0,50.0,290.80371195400943,293.0249438827912,293.3344588887177,0.2933344588887177,4.442463857563553,0.15,11.024943882791206
22610623020,4,200.0,250.0,50.0,293.0249438827912,284.54391757375265,288.00791758230247,0.2880079175823025,-16.96205261807711,0.2,11.024943882791206
22610623020,5,250.0,300.0,50.0,284.54391757375265,286.9338177757265,285.45123800898466,0.28545123800898464,4.779800403947661,0.25,13.414844084765036
22610623020,6,300.0,350.0,50.0,286.9338177757265,289.0025929316975,288.43230744293913,0.28843230744293913,4.13755031194205,0.3,15.483619240736061
22610623020,7,350.0,400.0,50.0,289.0025929316975,286.02317900074934,287.5291978068539,0.28752919780685393,-5.958827861896339,0.35,15.483619240736061
22610623020,8,400.0,450.0,50.0,286.02317900074934,288.3579134779114,286.7300789355362,0.2867300789355362,4.669468954324088,0.4,17.818353717898106
22610623020,9,450.0,500.0,50.0,288.3579134779114,288.46521718308514,289.042342023559,0.289042342023559,0.21460741034752573,0.45,17.92565742307187
22610623020,10,500.0,550.0,50.0,288.46521718308514,289.9555800999862,288.77709967498436,0.2887770996749844,2.9807258338021256,0.5,19.41602033997293
22610623020,11,550.0,600.0,50.0,289.9555800999862,296.67850717213815,292.2528327085678,0.2922528327085678,13.445854144303894,0.55,26.138947412124878
22610623020,12,600.0,650.0,50.0,296.67850717213815,312.4009357873102,305.71777625988256,0.30571777625988256,31.44485723034404,0.6,41.8613760272969
22610623020,13,650.0,700.0,50.0,312.4009357873102,308.3531068985356,310.7366869352538,0.31073668693525375,-8.09565777754915,0.65,41.8613760272969
22610623020,14,700.0,750.0,50.0,308.3531068985356,298.5749176240664,304.3332978524011,0.3043332978524011,-19.55637854893837,0.7,41.8613760272969
22610623020,15,750.0,800.0,50.0,298.5749176240664,288.5415659464717,292.4663353993901,0.2924663353993901,-20.066703355189475,0.75,41.8613760272969
22610623020,16,800.0,850.0,50.0,288.5415659464717,285.2659709187734,287.217208635343,0.287217208635343,-6.551190055396546,0.8,41.8613760272969
22610623020,17,850.0,900.0,50.0,285.2659709187734,281.8365158277182,283.39187079522975,0.28339187079522976,-6.858910182110435,0.85,41.8613760272969
22610623020,18,900.0,950.0,50.0,281.8365158277182,274.7925131332917,278.3142279749786,0.2783142279749786,-14.088005388852935,0.9,41.8613760272969
22610623020,19,950.0,1000.0,50.0,274.7925131332917,272.4232831075151,273.5772120339204,0.2735772120339204,-4.738460051553261,0.95,41.8613760272969
22610623020,20,1000.0,1050.0,50.0,272.4232831075151,268.4249299079705,270.44618549417095,0.27044618549417093,-7.996706399089135,1.0,41.8613760272969
22610623020,21,1050.0,1100.0,50.0,268.4249299079705,266.822047961199,267.5659997249915,0.2675659997249915,-3.2057638935430077,1.05,41.8613760272969
22610623020,22,1100.0,1150.0,50.0,266.822047961199,264.01274271353,265.3466479828303,0.2653466479828303,-5.618610495338089,1.1,41.8613760272969
22610623020,23,1150.0,1200.0,50.0,264.01274271353,263.63227299016773,263.6656711421023,0.2636656711421023,-0.7609394467244783,1.15,41.8613760272969
22610623020,24,1200.0,1250.0,50.0,263.63227299016773,261.28785053275453,262.93513676307634,0.26293513676307634,-4.688844914826404,1.2,41.8613760272969
22610623020,25,1250.0,1300.0,50.0,261.28785053275453,255.84175024304454,258.3116249118786,0.2583116249118786,-10.892200579419978,1.25,41.8613760272969
22610623020,26,1300.0,1350.0,50.0,255.84175024304454,256.4917367413101,255.81673890850084,0.2558167389085008,1.2999729965310962,1.3,42.51136252556245
22610623020,27,1350.0,1400.0,50.0,256.4917367413101,257.65871814491334,257.734865058303,0.257734865058303,2.3339628072064897,1.35,43.67834392916569
22610623020,28,1400.0,1450.0,50.0,257.65871814491334,250.50085927385845,253.84377948814017,0.2538437794881402,-14.315717742109769,1.4,43.67834392916569
22610623020,29,1450.0,1500.0,50.0,250.50085927385845,248.3109081253312,249.24290174504088,0.24924290174504088,-4.379902297054514,1.45,43.67834392916569
22610623020,30,1500.0,1550.0,50.0,248.3109081253312,246.85718547040898,247.58721205602424,0.24758721205602424,-2.9074453098444337,1.5,43.67834392916569
22610623020,31,1550.0,1600.0,50.0,246.85718547040898,242.8353006489192,245.10939277666498,0.24510939277666496,-8.043769642979555,1.55,43.67834392916569
22610623020,32,1600.0,1650.0,50.0,242.8353006489192,243.51225491965687,242.404575196048,0.242404575196048,1.3539085414753345,1.6,44.35529819990336
22610623020,33,1650.0,1700.0,50.0,243.51225491965687,244.88654624950792,244.9755402853029,0.2449755402853029,2.7485826597020946,1.65,45.729589529754406
22610623020,34,1700.0,1750.0,50.0,244.88654624950792,236.46355998808707,240.79869358623725,0.24079869358623726,-16.84597252284169,1.7,45.729589529754406
22610623020,35,1750.0,1800.0,50.0,236.46355998808707,229.21984843428064,232.92032606658552,0.23292032606658553,-14.48742310761287,1.75,45.729589529754406
22610623020,36,1800.0,1850.0,50.0,229.21984843428064,226.6949830885008,227.20862298766872,0.22720862298766872,-5.04973069155966,1.8,45.729589529754406
22610623020,37,1850.0,1900.0,50.0,226.6949830885008,233.41610567816224,229.44686229744272,0.2294468622974427,13.442245179322867,1.85,52.45071211941584
22610623020,38,1900.0,1950.0,50.0,233.41610567816224,230.7667765258625,233.61103962026792,0.2336110396202679,-5.298658304599485,1.9,52.45071211941584
22610623020,39,1950.0,2000.0,50.0,230.7667765258625,222.3843515226807,226.10869234265533,0.22610869234265532,-16.764850006363588,1.95,52.45071211941584
22610623020,40,2000.0,2050.0,50.0,222.3843515226807,221.3988512830162,221.5409736004801,0.2215409736004801,-1.9710004793290068,2.0,52.45071211941584
22610623020,41,2050.0,2100.0,50.0,221.3988512830162,220.1350932329392,221.14359485056931,0.2211435948505693,-2.5275161001540027,2.05,52.45071211941584
22610623020,42,2100.0,2150.0,50.0,220.1350932329392,220.1226409221212,219.7192931066388,0.2197192931066388,-0.02490462163598295,2.1,52.45071211941584
22610623020,43,2150.0,2200.0,50.0,220.1226409221212,220.27907480037774,220.5800850184976,0.2205800850184976,0.3128677565130715,2.15,52.607145997672376
22610623020,44,2200.0,2250.0,50.0,220.27907480037774,216.273059775504,218.1211833350951,0.21812118333509511,-8.012030049747466,2.2,52.607145997672376
22610623020,45,2250.0,2300.0,50.0,216.273059775504,214.78502563706593,215.414684379544,0.215414684379544,-2.9760682768761626,2.25,52.607145997672376
22610623020,46,2300.0,2350.0,50.0,214.78502563706593,212.44757462162607,214.0395831674663,0.2140395831674663,-4.674902030879707,2.3,52.607145997672376
22610623020,47,2350.0,2400.0,50.0,212.44757462162607,208.47995592578977,210.06298825062163,0.21006298825062164,-7.935237391672615,2.35,52.607145997672376
22610623020,48,2400.0,2450.0,50.0,208.47995592578977,205.40112711919727,207.44480191416918,0.20744480191416917,-6.157657613184995,2.4,52.607145997672376
22610623020,49,2450.0,2500.0,50.0,205.40112711919727,200.3105174037102,202.62410322978715,0.20262410322978716,-10.181219430974124,2.45,52.607145997672376
22610623020,50,2500.0,2550.0,50.0,200.3105174037102,202.30261736834657,200.6990213732406,0.2006990213732406,3.9841999292727337,2.5,54.59924596230874
22610623020,51,2550.0,2600.0,50.0,202.30261736834657,204.14223284385682,203.8355698411107,0.2038355698411107,3.679230951020486,2.55,56.438861437818986
22610623020,52,2600.0,2650.0,50.0,204.14223284385682,201.70253495416924,202.46185118617177,0.20246185118617177,-4.879395779375159,2.6,56.438861437818986
22610623020,53,2650.0,2700.0,50.0,201.70253495416924,204.78033705460388,203.09449221893456,0.20309449221893455,6.155604200869277,2.65,59.516663538253624
22610623020,54,2700.0,2750.0,50.0,204.78033705460388,205.52951302524752,205.724177616375,0.205724177616375,1.4983519412872965,2.7,60.26583950889727
22610623020,55,2750.0,2800.0,50.0,205.52951302524752,203.47646589010577,204.3038131826545,0.2043038131826545,-4.106094270283506,2.75,60.26583950889727
22610623020,56,2800.0,2850.0,50.0,203.47646589010577,209.2959782350561,205.78574880717113,0.20578574880717113,11.63902468990068,2.8,66.08535185384761
22610623020,57,2850.0,2900.0,50.0,209.2959782350561,212.04948093419398,210.976870362077,0.210976870362077,5.507005398275737,2.85,68.83885455298548
22610623020,58,2900.0,2950.0,50.0,212.04948093419398,212.0887772983098,212.4017748375293,0.2124017748375293,0.07859272823162655,2.9,68.8781509171013
22610623020,59,2950.0,3000.0,50.0,212.0887772983098,210.47823297804143,211.20634288232375,0.21120634288232376,-3.2210886405367205,2.95,68.8781509171013
22610623020,60,3000.0,3050.0,50.0,210.47823297804143,210.971646404146,210.49711333698053,0.21049711333698054,0.9868268522091057,3.0,69.37156434320585
22610623020,61,3050.0,3100.0,50.0,210.971646404146,214.62600789564135,213.20039411019116,0.21320039411019115,7.30872298299073,3.05,73.02592583470121
22610623020,62,3100.0,3150.0,50.0,214.62600789564135,214.17605297746348,213.90988441045099,0.21390988441045097,-0.8999098363557323,3.1,73.02592583470121
22610623020,63,3150.0,3200.0,50.0,214.17605297746348,219.5860852718021,216.59053464766555,0.21659053464766556,10.820064588677212,3.15,78.43595812903982
22610623020,64,3200.0,3250.0,50.0,219.5860852718021,224.17256883323822,222.19185310333964,0.22219185310333964,9.172967122872251,3.2,83.02244169047594
22610623020,65,3250.0,3300.0,50.0,224.17256883323822,225.35979478794533,224.95891832363486,0.22495891832363485,2.3744519094142333,3.25,84.20966764518306
22610623020,66,3300.0,3350.0,50.0,225.35979478794533,226.73290052607095,225.92215174611565,0.22592215174611566,2.746211476251233,3.3,85.58277338330868
22610623020,67,3350.0,3400.0,50.0,226.73290052607095,230.35564511295198,228.61544694371602,0.22861544694371602,7.245489173762053,3.35,89.2055179701897
22610623020,68,3400.0,3450.0,50.0,230.35564511295198,233.76360164521367,231.94979873855712,0.23194979873855712,6.815913064523386,3.4,92.6134745024514
22610623020,69,3450.0,3500.0,50.0,233.76360164521367,237.06358551031525,235.5774392549397,0.23557743925493968,6.599967730203161,3.45,95.91345836755298
22610623020,70,3500.0,3550.0,50.0,237.06358551031525,239.36554290582927,238.0727740586569,0.2380727740586569,4.603914791028046,3.5,98.215415763067
22610623020,71,3550.0,3600.0,50.0,239.36554290582927,242.3846393044908,240.99925332755268,0.24099925332755268,6.038192797323063,3.55,101.23451216172853
22610623020,72,3600.0,3650.0,50.0,242.3846393044908,245.31513365506356,243.7032442392202,0.24370324423922018,5.860988701145516,3.6,104.16500651230129
22610623020,73,3650.0,3700.0,50.0,245.31513365506356,248.66226657792882,246.9528590359322,0.2469528590359322,6.694265845730513,3.65,107.51213943516655
22610623020,74,3700.0,3750.0,50.0,248.66226657792882,251.20104326416532,250.1372073289788,0.2501372073289788,5.077553372473005,3.7,110.05091612140305
22610623020,75,3750.0,3800.0,50.0,251.20104326416532,251.85978072409884,251.6328151921324,0.2516328151921324,1.3174749198670384,3.75,110.70965358133657
22610623020,76,3800.0,3850.0,50.0,251.85978072409884,254.00879209826925,252.6945554166805,0.2526945554166805,4.298022748340827,3.8,112.85866495550698
22610623020,77,3850.0,3900.0,50.0,254.00879209826925,252.31201017811705,253.61589834284518,0.2536158983428452,-3.3935638403044095,3.85,112.85866495550698
22610623020,78,3900.0,3950.0,50.0,252.31201017811705,251.91277152465267,251.897019183806,0.251897019183806,-0.7984773069287598,3.9,112.85866495550698
22610623020,79,3950.0,4000.0,50.0,251.91277152465267,251.89501737963965,251.86990089436162,0.2518699008943616,-0.035508290026029954,3.95,112.85866495550698
22610623020,80,4000.0,4050.0,50.0,251.89501737963965,251.92498222477244,251.80467447343324,0.25180467447343324,0.059929690265562385,4.0,112.88862980063976
22610623020,81,4050.0,4100.0,50.0,251.92498222477244,253.2940888107229,252.58977798588447,0.25258977798588444,2.738213171900952,4.05,114.25773638659024
22610623020,82,4100.0,4150.0,50.0,253.2940888107229,259.1777929592016,255.1350215003989,0.2551350215003989,11.767408296957399,4.1,120.14144053506894
22610623020,83,4150.0,4200.0,50.0,259.1777929592016,275.75887283959844,268.54335994156304,0.26854335994156303,33.16215976079366,4.15,136.72252041546577
22610623020,84,4200.0,4250.0,50.0,275.75887283959844,271.8338675826843,274.42812993096095,0.27442812993096094,-7.850010513828238,4.2,136.72252041546577
22610623020,85,4250.0,4300.0,50.0,271.8338675826843,262.1118340577244,267.241073999739,0.267241073999739,-19.444067049919795,4.25,136.72252041546577
22610623020,86,4300.0,4350.0,50.0,262.1118340577244,257.42257723330516,259.15725677900326,0.25915725677900325,-9.37851364883852,4.3,136.72252041546577
22610623020,87,4350.0,4400.0,50.0,257.42257723330516,257.73768493829067,257.1881264086673,0.2571881264086673,0.6302154099710151,4.35,137.03762812045127
22610623020,88,4400.0,4450.0,50.0,257.73768493829067,260.3238331603621,259.3293260305309,0.25932932603053094,5.17229644414283,4.4,139.6237763425227
22610623020,89,4450.0,4500.0,50.0,260.3238331603621,261.43698577189934,260.67386011814403,0.26067386011814403,2.226305223074519,4.45,140.73692895405995
22610623020,90,4500.0,4550.0,50.0,261.43698577189934,262.51089340476454,262.08248860608467,0.2620824886060847,2.147815265730401,4.5,141.81083658692515
22610623020,91,4550.0,4600.0,50.0,262.51089340476454,263.8708676665107,263.19289864792535,0.26319289864792533,2.7199485234923486,4.55,143.17081084867132
22610623020,92,4600.0,4650.0,50.0,263.8708676665107,265.3179894573711,264.30623557712704,0.264306235577127,2.8942435817207297,4.6,144.6179326395317
22610623020,93,4650.0,4700.0,50.0,265.3179894573711,269.91494997209185,267.76158300566607,0.26776158300566605,9.193921029441526,4.65,149.21489315425245
22610623020,94,4700.0,4750.0,50.0,269.91494997209185,273.04602282563076,271.7089796903642,0.27170897969036417,6.262145707077821,4.7,152.34596600779136
22610623020,95,4750.0,4800.0,50.0,273.04602282563076,275.4572865950918,273.9683736076069,0.2739683736076069,4.8225275389220315,4.75,154.75722977725238
22610623020,96,4800.0,4850.0,50.0,275.4572865950918,275.7151271599216,275.7858594814232,0.2757858594814232,0.515681129659697,4.8,155.01507034208223
22610623020,97,4850.0,4900.0,50.0,275.7151271599216,275.55202858239363,275.7769828786873,0.2757769828786873,-0.32619715505597924,4.85,155.01507034208223
22610623020,98,4900.0,4950.0,50.0,275.55202858239363,274.7459747770205,275.1691221218144,0.2751691221218144,-1.6121076107463068,4.9,155.01507034208223
22610623020,99,4950.0,5000.0,50.0,274.7459747770205,281.0120248836558,276.94489156680845,0.27694489156680846,12.53210021327061,4.95,161.28112044871753
22610623020,100,5000.0,5050.0,50.0,281.0120248836558,289.92864111795126,285.8796366759013,0.28587963667590127,17.83323246859095,5.0,170.197736683013
22610623020,101,5050.0,5100.0,50.0,289.92864111795126,292.99207247890865,291.80994236221886,0.29180994236221885,6.12686272191479,5.05,173.2611680439704
22610623020,102,5100.0,5150.0,50.0,292.99207247890865,290.68929002155477,292.409016353459,0.292409016353459,-4.60556491470777,5.1,173.2611680439704
22610623020,103,5150.0,5200.0,50.0,290.68929002155477,284.50490301895877,287.4251581921246,0.2874251581921246,-12.368774005191995,5.15,173.2611680439704
22610623020,104,5200.0,5250.0,50.0,284.50490301895877,282.57638022476897,283.20608704928446,0.28320608704928446,-3.8570455883796058,5.2,173.2611680439704
22610623020,105,5250.0,5300.0,50.0,282.57638022476897,283.9913732236822,283.0249111736623,0.2830249111736623,2.8299859978264976,5.25,174.67616104288365
22610623020,106,5300.0,5350.0,50.0,283.9913732236822,286.57970312718646,285.4676219131209,0.2854676219131209,5.176659807008491,5.3,177.2644909463879
22610623020,107,5350.0,5352.71,2.7100000000000364,286.57970312718646,286.6828996948224,286.57970312718646,0.28657970312718645,3.807991425681198,5.35,177.36768751402386
22664327478,0,0.0,50.0,50.0,479.0490067659616,471.4974014747013,475.37581020406856,0.47537581020406855,-15.10321058252066,0.0,0.0
22664327478,1,50.0,100.0,50.0,471.4974014747013,469.22949093970766,470.16554383879765,0.47016554383879766,-4.535821069987264,0.05,0.0
22664327478,2,100.0,150.0,50.0,469.22949093970766,466.8895114493761,468.20000771868126,0.46820000771868125,-4.679958980663173,0.1,0.0
22664327478,3,150.0,200.0,50.0,466.8895114493761,468.12754434897613,467.2998417991344,0.4672998417991344,2.4760657992001143,0.15,1.2380328996000571
22664327478,4,200.0,250.0,50.0,468.12754434897613,467.0269742309547,467.8061675812807,0.4678061675812807,-2.2011402360428747,0.2,1.2380328996000571
22664327478,5,250.0,300.0,50.0,467.0269742309547,456.25857708684146,462.0187997494856,0.4620187997494856,-21.536794288226474,0.25,1.2380328996000571
22664327478,6,300.0,350.0,50.0,456.25857708684146,447.327881204606,451.478694151826,0.451478694151826,-17.86139176447091,0.3,1.2380328996000571
22664327478,7,350.0,400.0,50.0,447.327881204606,444.2412687605274,445.74906744324727,0.44574906744324727,-6.173224888157165,0.35,1.2380328996000571
22664327478,8,400.0,450.0,50.0,444.2412687605274,444.53605911117256,443.9338023896831,0.4439338023896831,0.5895807012902878,0.4,1.532823250245201
22664327478,9,450.0,500.0,50.0,444.53605911117256,443.9646396915129,444.7109435551308,0.4447109435551308,-1.1428388393193245,0.45,1.532823250245201
22664327478,10,500.0,550.0,50.0,443.9646396915129,442.1267416423934,442.95906550151136,0.4429590655015114,-3.6757960982389477,0.5,1.532823250245201
22664327478,11,550.0,600.0,50.0,442.1267416423934,443.5221279778301,442.4101504718362,0.4424101504718362,2.7907726708733662,0.55,2.928209585681884
22664327478,12,600.0,650.0,50.0,443.5221279778301,440.9435224054088,442.86271165236894,0.44286271165236896,-5.157211144842563,0.6,2.928209585681884
22664327478,13,650.0,700.0,50.0,440.9435224054088,436.7591847336216,438.5073538646511,0.4385073538646511,-8.36867534357441,0.65,2.928209585681884
22664327478,14,700.0,750.0,50.0,436.7591847336216,438.25187988434857,437.17919254363727,0.4371791925436373,2.98539030145389,0.7,4.420904736408829
22664327478,15,750.0,800.0,50.0,438.25187988434857,439.072762862306,439.5722665177622,0.4395722665177622,1.6417659559148206,0.75,5.2417877143662395
22664327478,16,800.0,850.0,50.0,439.072762862306,435.20606972560563,436.3004529636585,0.4363004529636585,-7.733386273400697,0.8,5.2417877143662395
22664327478,17,850.0,900.0,50.0,435.20606972560563,440.6827919849301,437.7470763491054,0.43774707634910537,10.953444518648894,0.85,10.718509973690686
22664327478,18,900.0,950.0,50.0,440.6827919849301,441.1803460044084,440.72157616254884,0.44072157616254887,0.9951080389566869,0.9,11.21606399316903
22664327478,19,950.0,1000.0,50.0,441.1803460044084,448.23910859282375,445.31196420865473,0.4453119642086547,14.117525176830668,0.95,18.274826581584364
22664327478,20,1000.0,1050.0,50.0,448.23910859282375,455.8705517158796,451.5020665073705,0.4515020665073705,15.262886246111748,1.0,25.906269704640238
22664327478,21,1050.0,1100.0,50.0,455.8705517158796,464.17896510559194,460.2010355341957,0.46020103553419567,16.616826779424628,1.05,34.21468309435255
22664327478,22,1100.0,1150.0,50.0,464.17896510559194,467.1800360889183,465.86508974737717,0.46586508974737717,6.002141966652744,1.1,37.21575407767892
22664327478,23,1150.0,1200.0,50.0,467.1800360889183,468.97547306266915,468.45804054599813,0.46845804054599816,3.5908739475016773,1.15,39.01119105142976
22664327478,24,1200.0,1250.0,50.0,468.97547306266915,464.7538150607494,466.90884439000934,0.46690884439000935,-8.443316003839527,1.2,39.01119105142976
22664327478,25,1250.0,1300.0,50.0,464.7538150607494,462.60572022813756,463.68075383014303,0.463680753830143,-4.296189665223665,1.25,39.01119105142976
22664327478,26,1300.0,1350.0,50.0,462.60572022813756,459.6301273574398,461.13376787135184,0.46113376787135185,-5.951185741395534,1.3,39.01119105142976
22664327478,27,1350.0,1400.0,50.0,459.6301273574398,456.73704509168203,458.1521288701379,0.4581521288701379,-5.78616453151551,1.35,39.01119105142976
22664327478,28,1400.0,1450.0,50.0,456.73704509168203,455.9432475299096,456.11271832942276,0.45611271832942274,-1.5875951235448156,1.4,39.01119105142976
22664327478,29,1450.0,1500.0,50.0,455.9432475299096,456.93709055269426,456.4095483150937,0.45640954831509367,1.9876860455692622,1.45,40.00503407421439
22664327478,30,1500.0,1550.0,50.0,456.93709055269426,458.452453279954,457.62127036198103,0.457621270361981,3.0307254545194837,1.5,41.520396801474135
22664327478,31,1550.0,1600.0,50.0,458.452453279954,459.1970280687183,458.973357702273,0.458973357702273,1.4891495775285648,1.55,42.26497159023842
22664327478,32,1600.0,1650.0,50.0,459.1970280687183,458.63434239599985,459.005127951428,0.459005127951428,-1.1253713454368608,1.6,42.26497159023842
22664327478,33,1650.0,1700.0,50.0,458.63434239599985,456.9884629883835,457.9716172304388,0.45797161723043883,-3.291758815232697,1.65,42.26497159023842
22664327478,34,1700.0,1750.0,50.0,456.9884629883835,452.50489055809373,454.75995397877955,0.45475995397877955,-8.967144860579538,1.7,42.26497159023842
22664327478,35,1750.0,1800.0,50.0,452.50489055809373,447.20981982685026,450.0399787338818,0.4500399787338818,-10.59014146248694,1.75,42.26497159023842
22664327478,36,1800.0,1850.0,50.0,447.20981982685026,442.12573584085305,444.41079479560767,0.4444107947956077,-10.168167971994421,1.8,42.26497159023842
22664327478,37,1850.0,1900.0,50.0,442.12573584085305,441.78231228774393,441.6234003286053,0.4416234003286053,-0.686847106218238,1.85,42.26497159023842
22664327478,38,1900.0,1950.0,50.0,441.78231228774393,441.40637371337107,441.9505774712831,0.44195057747128313,-0.7518771487457343,1.9,42.26497159023842
22664327478,39,1950.0,2000.0,50.0,441.40637371337107,438.5150501936424,440.0250681303858,0.44002506813038583,-5.782647039457288,1.95,42.26497159023842
22664327478,40,2000.0,2050.0,50.0,438.5150501936424,436.6625984326257,437.08998222188393,0.43708998222188394,-3.704903522033419,2.0,42.26497159023842
22664327478,41,2050.0,2100.0,50.0,436.6625984326257,437.13057332972846,437.0953545685373,0.43709535456853726,0.9359497942054986,2.05,42.73294648734117
22664327478,42,2100.0,2150.0,50.0,437.13057332972846,437.2086517619372,437.3380892137204,0.4373380892137204,0.15615686441742582,2.1,42.81102491954988
22664327478,43,2150.0,2200.0,50.0,437.2086517619372,436.0216401751886,436.10508819961416,0.43610508819961413,-2.3740231734971076,2.15,42.81102491954988
22664327478,44,2200.0,2250.0,50.0,436.0216401751886,437.15406419782096,437.1999158470638,0.4371999158470638,2.264848045264671,2.2,43.943448942182215
22664327478,45,2250.0,2300.0,50.0,437.15406419782096,432.22397097875,434.5880976760288,0.4345880976760288,-9.860186438141909,2.25,43.943448942182215
22664327478,46,2300.0,2350.0,50.0,432.22397097875,431.10658899676383,431.46920866004507,0.43146920866004507,-2.234763963972341,2.3,43.943448942182215
22664327478,47,2350.0,2400.0,50.0,431.10658899676383,431.7097187552895,431.34105100375604,0.431341051003756,1.2062595170513077,2.35,44.54657870070787
22664327478,48,2400.0,2450.0,50.0,431.7097187552895,432.2049036763018,432.1090996762761,0.43210909967627614,0.9903698420246201,2.4,45.04176362172018
22664327478,49,2450.0,2500.0,50.0,432.2049036763018,433.07562140866014,432.49341786633477,0.4324934178663348,1.7414354647166874,2.45,45.91248135407852
22664327478,50,2500.0,2550.0,50.0,433.07562140866014,431.7863653202142,432.7438711020857,0.4327438711020857,-2.578512176891877,2.5,45.91248135407852
22664327478,51,2550.0,2600.0,50.0,431.7863653202142,432.6139822827132,431.60882875694216,0.4316088287569422,1.655233924998015,2.55,46.74009831657753
22664327478,52,2600.0,2650.0,50.0,432.6139822827132,439.34956640169776,435.6784686841261,0.4356784686841261,13.471168237969096,2.6,53.47568243556208
22664327478,53,2650.0,2700.0,50.0,439.34956640169776,451.37602249884804,445.6619540905901,0.44566195409059006,24.052912194300575,2.65,65.50213853271237
22664327478,54,2700.0,2750.0,50.0,451.37602249884804,452.4384149174683,452.7333751435774,0.4527333751435774,2.1247848372405542,2.7,66.56453095133264
22664327478,55,2750.0,2800.0,50.0,452.4384149174683,450.2374626250729,450.51908592731365,0.45051908592731366,-4.401904584790827,2.75,66.56453095133264
22664327478,56,2800.0,2850.0,50.0,450.2374626250729,453.0691028208839,451.7878686716588,0.4517878686716588,5.663280391622038,2.8,69.39617114714366
22664327478,57,2850.0,2900.0,50.0,453.0691028208839,453.73530922243646,453.81565116174374,0.45381565116174377,1.3324128031050577,2.85,70.06237754869619
22664327478,58,2900.0,2950.0,50.0,453.73530922243646,452.3000633675921,452.54853120927015,0.45254853120927013,-2.8704917096887357,2.9,70.06237754869619
22664327478,59,2950.0,3000.0,50.0,452.3000633675921,460.0262306103752,456.026144595085,0.456026144595085,15.452334485566212,2.95,77.7885447914793
22664327478,60,3000.0,3050.0,50.0,460.0262306103752,458.4560137469034,459.90003253211904,0.45990003253211903,-3.14043372694357,3.0,77.7885447914793
22664327478,61,3050.0,3100.0,50.0,458.4560137469034,456.0420007024951,457.08083279521884,0.4570808327952188,-4.828026088816614,3.05,77.7885447914793
22664327478,62,3100.0,3150.0,50.0,456.0420007024951,456.70036607525174,456.1977202527482,0.4561977202527482,1.3167307455132686,3.1,78.44691016423593
22664327478,63,3150.0,3200.0,50.0,456.70036607525174,460.0944037541973,458.312228197656,0.458312228197656,6.788075357891103,3.15,81.84094784318148
22664327478,64,3200.0,3250.0,50.0,460.0944037541973,458.7622044164109,459.9402004931651,0.4599402004931651,-2.6643986755727838,3.2,81.84094784318148
22664327478,65,3250.0,3300.0,50.0,458.7622044164109,457.68877963309825,457.79012091658484,0.45779012091658483,-2.146849566625292,3.25,81.84094784318148
22664327478,66,3300.0,3350.0,50.0,457.68877963309825,458.1630315583425,457.90848293352195,0.45790848293352193,0.9485038504884642,3.3,82.31519976842571
22664327478,67,3350.0,3400.0,50.0,458.1630315583425,459.33260253323806,459.06740789450765,0.4590674078945077,2.3391419497911556,3.35,83.48477074332129
22664327478,68,3400.0,3450.0,50.0,459.33260253323806,458.77204216174675,458.75121969259476,0.45875121969259475,-1.1211207429826118,3.4,83.48477074332129
22664327478,69,3450.0,3500.0,50.0,458.77204216174675,460.9138713259531,459.70023733225025,0.45970023733225024,4.283658328412685,3.45,85.62659990752763
22664327478,70,3500.0,3550.0,50.0,460.9138713259531,463.47455333849155,462.11652148827335,0.46211652148827337,5.1213640250769,3.5,88.18728192006608
22664327478,71,3550.0,3600.0,50.0,463.47455333849155,471.3383615087361,467.4883476012529,0.4674883476012529,15.727616340489135,3.55,96.05109009031065
22664327478,72,3600.0,3650.0,50.0,471.3383615087361,476.4406345622859,473.882061372369,0.473882061372369,10.204546107099532,3.6,101.15336314386042
22664327478,73,3650.0,3700.0,50.0,476.4406345622859,479.29388161560576,477.8314669537476,0.4778314669537476,5.706494106639752,3.65,104.0066101971803
22664327478,74,3700.0,3750.0,50.0,479.29388161560576,481.7552086525728,480.9279201123438,0.4809279201123438,4.922654073934041,3.7,106.46793723414731
22664327478,75,3750.0,3800.0,50.0,481.7552086525728,478.79268715811156,480.5152625333132,0.4805152625333132,-5.925042988922428,3.75,106.46793723414731
22664327478,76,3800.0,3850.0,50.0,478.79268715811156,471.2023627943183,474.91557223764903,0.474915572237649,-15.180648727586572,3.8,106.46793723414731
22664327478,77,3850.0,3900.0,50.0,471.2023627943183,479.39786911127396,474.39742710065394,0.47439742710065397,16.391012633911373,3.85,114.663443551103
22664327478,78,3900.0,3950.0,50.0,479.39786911127396,486.41776911833483,483.35625925891895,0.48335625925891895,14.039800014121738,3.9,121.68334355816387
22664327478,79,3950.0,4000.0,50.0,486.41776911833483,496.6053436146585,491.24231902575497,0.491242319025755,20.375148992647382,3.95,131.87091805448756
22664327478,80,4000.0,4050.0,50.0,496.6053436146585,498.92621911131073,498.13428737397885,0.49813428737397886,4.641750993304413,4.0,134.19179355113977
22664327478,81,4050.0,4100.0,50.0,498.92621911131073,496.5425222808208,498.06011842195585,0.49806011842195586,-4.767393660979906,4.05,134.19179355113977
22664327478,82,4100.0,4150.0,50.0,496.5425222808208,493.75051621074954,495.2479779079834,0.4952479779079834,-5.584012140142477,4.1,134.19179355113977
22664327478,83,4150.0,4200.0,50.0,493.75051621074954,485.32700115932903,489.6960843985202,0.4896960843985202,-16.847030102841018,4.15,134.19179355113977
22664327478,84,4200.0,4250.0,50.0,485.32700115932903,479.34201791314297,482.06081520589464,0.48206081520589467,-11.969966492372123,4.2,134.19179355113977
22664327478,85,4250.0,4300.0,50.0,479.34201791314297,474.6699367010953,477.32895044703287,0.4773289504470329,-9.344162424095316,4.25,134.19179355113977
22664327478,86,4300.0,4350.0,50.0,474.6699367010953,464.5782331479453,469.8142241493481,0.4698142241493481,-20.183407106300024,4.3,134.19179355113977
22664327478,87,4350.0,4400.0,50.0,464.5782331479453,453.3928085369108,458.9090999302986,0.4589090999302986,-22.370849222068955,4.35,134.19179355113977
22664327478,88,4400.0,4450.0,50.0,453.3928085369108,438.93512278676565,446.70929135414764,0.44670929135414766,-28.915371500290348,4.4,134.19179355113977
22664327478,89,4450.0,4500.0,50.0,438.93512278676565,422.8530753097968,430.8700588150659,0.43087005881506585,-32.164094953937706,4.45,134.19179355113977
22664327478,90,4500.0,4550.0,50.0,422.8530753097968,411.1942922524835,416.3385990362353,0.41633859903623527,-23.31756611462663,4.5,134.19179355113977
22664327478,91,4550.0,4600.0,50.0,411.1942922524835,404.6475198251925,407.2607005442873,0.4072607005442873,-13.093544854581978,4.55,134.19179355113977
22664327478,92,4600.0,4650.0,50.0,404.6475198251925,412.2678026249553,408.2168676425067,0.4082168676425067,15.240565599525667,4.6,141.8120763509026
22664327478,93,4650.0,4700.0,50.0,412.2678026249553,417.05564052313747,414.68242611443594,0.41468242611443595,9.575675796364294,4.65,146.59991424908475
22664327478,94,4700.0,4750.0,50.0,417.05564052313747,428.3974579052493,422.3688607065983,0.4223688607065983,22.68363476422371,4.7,157.9417316311966
22664327478,95,4750.0,4800.0,50.0,428.3974579052493,441.3758793294031,434.85904150560003,0.4348590415056,25.956842848307588,4.75,170.9201530553504
22664327478,96,4800.0,4850.0,50.0,441.3758793294031,457.1006274398046,449.18314962727646,0.44918314962727646,31.449496220802985,4.8,186.6449011657519
22664327478,97,4850.0,4900.0,50.0,457.1006274398046,471.33336535182417,464.18935591388407,0.46418935591388405,28.465475824039117,4.85,200.87763907777145
22664327478,98,4900.0,4950.0,50.0,471.33336535182417,481.02591680510204,476.7443119880567,0.4767443119880567,19.385102906555744,4.9,210.57019053104932
22664327478,99,4950.0,5000.0,50.0,481.02591680510204,484.2172493864763,483.23908322990457,0.48323908322990455,6.382665162748481,4.95,213.76152311242356
22664327478,100,5000.0,5050.0,50.0,484.2172493864763,479.8489587233527,481.71384500835387,0.48171384500835385,-8.73658132624712,5.0,213.76152311242356
22664327478,101,5050.0,5100.0,50.0,479.8489587233527,475.04444108465015,478.17433983330193,0.47817433983330193,-9.609035277405155,5.05,213.76152311242356
22664327478,102,5100.0,5150.0,50.0,475.04444108465015,458.8287349252423,467.2923271598806,0.46729232715988056,-32.43141231881566,5.1,213.76152311242356
22664327478,103,5150.0,5200.0,50.0,458.8287349252423,444.22326523976943,451.44232276437384,0.45144232276437385,-29.210939370945766,5.15,213.76152311242356
22664327478,104,5200.0,5250.0,50.0,444.22326523976943,428.4084314674166,436.2668957126662,0.4362668957126662,-31.629667544705626,5.2,213.76152311242356
22664327478,105,5250.0,5300.0,50.0,428.4084314674166,415.82086262072187,422.0978002140839,0.42209780021408394,-25.1751376933895,5.25,213.76152311242356
22664327478,106,5300.0,5350.0,50.0,415.82086262072187,406.11688726015706,410.53903793100426,0.41053903793100427,-19.407950721129623,5.3,213.76152311242356
22664327478,107,5350.0,5400.0,50.0,406.11688726015706,406.3730158909542,405.3057744636451,0.4053057744636451,0.5122572615943,5.35,214.0176517432207
22664327478,108,5400.0,5450.0,50.0,406.3730158909542,406.1776973303513,406.8321845690304,0.4068321845690304,-0.3906371212058275,5.4,214.0176517432207
22664327478,109,5450.0,5500.0,50.0,406.1776973303513,408.9803767970232,407.14023745509394,0.4071402374550939,5.605358933343837,5.45,216.82033120989263
22664327478,110,5500.0,5550.0,50.0,408.9803767970232,410.5766157151055,410.2471543054353,0.4102471543054353,3.192477836164585,5.5,218.41657012797492
22664327478,111,5550.0,5600.0,50.0,410.5766157151055,408.88323555212503,409.6441072301957,0.4096441072301957,-3.3867603259609496,5.55,218.41657012797492
22664327478,112,5600.0,5650.0,50.0,408.88323555212503,410.05853492496044,409.24215094601396,0.40924215094601396,2.3505987456708226,5.6,219.59186950081033
22664327478,113,5650.0,5700.0,50.0,410.05853492496044,408.75953487073565,409.94483302457974,0.40994483302457974,-2.5980001084495825,5.65,219.59186950081033
22664327478,114,5700.0,5750.0,50.0,408.75953487073565,412.02907178878934,409.35960520412544,0.40935960520412545,6.539073836107377,5.7,222.86140641886402
22664327478,115,5750.0,5800.0,50.0,412.02907178878934,418.59724336550164,415.6625820387548,0.4156625820387548,13.136343153424605,5.75,229.42957799557632
22664327478,116,5800.0,5850.0,50.0,418.59724336550164,421.4622089055789,420.4007899917622,0.4204007899917622,5.729931080154529,5.8,232.2945435356536
22664327478,117,5850.0,5900.0,50.0,421.4622089055789,418.1760216733599,419.7775138491748,0.4197775138491748,-6.572374464437985,5.85,232.2945435356536
22664327478,118,5900.0,5950.0,50.0,418.1760216733599,416.22417161828105,417.24104333980586,0.41724104333980583,-3.903700110157729,5.9,232.2945435356536
22664327478,119,5950.0,6000.0,50.0,416.22417161828105,416.86250431774823,416.3911107558845,0.4163911107558845,1.2766653989343695,5.95,232.93287623512077
22664327478,120,6000.0,6050.0,50.0,416.86250431774823,416.604251107846,416.74602882069036,0.41674602882069034,-0.5165064198045002,6.0,232.93287623512077
22664327478,121,6050.0,6100.0,50.0,416.604251107846,418.29029048300015,417.40859444869693,0.41740859444869693,3.372078750308333,6.05,234.61891561027494
22664327478,122,6100.0,6150.0,50.0,418.29029048300015,420.8694764715684,419.36688640860854,0.41936688640860853,5.1583719771365395,6.1,237.1981015988432
22664327478,123,6150.0,6200.0,50.0,420.8694764715684,425.46391759757114,423.3637240183987,0.4233637240183987,9.188882252005442,6.15,241.79254272484593
22664327478,124,6200.0,6250.0,50.0,425.46391759757114,423.01402225682295,424.5121816204475,0.4245121816204475,-4.89979068149637,6.2,241.79254272484593
22664327478,125,6250.0,6300.0,50.0,423.01402225682295,420.2138181314748,421.5968180391851,0.4215968180391851,-5.600408250696319,6.25,241.79254272484593
22664327478,126,6300.0,6350.0,50.0,420.2138181314748,418.3614601384388,419.41717383257,0.41941717383257,-3.7047159860719603,6.3,241.79254272484593
22664327478,127,6350.0,6400.0,50.0,418.3614601384388,410.52570775541227,414.585829414456,0.414585829414456,-15.67150476605309,6.35,241.79254272484593
22664327478,128,6400.0,6450.0,50.0,410.52570775541227,409.1794788266158,409.24835094920286,0.40924835094920287,-2.692457857592899,6.4,241.79254272484593
22664327478,129,6450.0,6500.0,50.0,409.1794788266158,411.7544691307007,410.65858192865704,0.41065858192865706,5.1499806081698125,6.45,244.36753302893084
22664327478,130,6500.0,6550.0,50.0,411.7544691307007,409.93316330273257,411.0463829480384,0.4110463829480384,-3.642611655936321,6.5,244.36753302893084
22664327478,131,6550.0,6600.0,50.0,409.93316330273257,406.63566981371685,408.4712360285996,0.4084712360285996,-6.594986978031443,6.55,244.36753302893084
22664327478,132,6600.0,6650.0,50.0,406.63566981371685,399.7969058804009,403.19502393481775,0.40319502393481776,-13.677527866631863,6.6,244.36753302893084
22664327478,133,6650.0,6700.0,50.0,399.7969058804009,397.0126375772258,398.28677766290485,0.3982867776629049,-5.5685366063502215,6.65,244.36753302893084
22664327478,134,6700.0,6750.0,50.0,397.0126375772258,394.41881526877654,395.6099452512536,0.3956099452512536,-5.187644616898524,6.7,244.36753302893084
22664327478,135,6750.0,6800.0,50.0,394.41881526877654,394.16795723231195,394.0743680226569,0.39407436802265694,-0.5017160729291845,6.75,244.36753302893084
22664327478,136,6800.0,6850.0,50.0,394.16795723231195,395.2279374258955,394.82964147935246,0.39482964147935246,2.1199603871671115,6.8,245.4275132225144
22664327478,137,6850.0,6900.0,50.0,395.2279374258955,399.3198356621142,396.1998328951816,0.3961998328951816,8.183796472437393,6.85,249.5194114587331
22664327478,138,6900.0,6950.0,50.0,399.3198356621142,406.0095566436018,403.78843884806435,0.40378843884806437,13.379441962975193,6.9,256.2091324402207
22664327478,139,6950.0,7000.0,50.0,406.0095566436018,411.7053711603221,407.9868805657961,0.40798688056579613,11.391629033440609,6.95,261.904946956941
22664327478,140,7000.0,7050.0,50.0,411.7053711603221,422.87316803749,417.4086262059215,0.4174086262059215,22.335593754335832,7.0,273.0727438341089
22664327478,141,7050.0,7100.0,50.0,422.87316803749,432.5870221898466,427.7394812133007,0.4277394812133007,19.427708304713178,7.05,282.7865979864655
22664327478,142,7100.0,7150.0,50.0,432.5870221898466,438.2370065976771,435.51408693873435,0.43551408693873433,11.299968815661032,7.1,288.436582394296
22664327478,143,7150.0,7200.0,50.0,438.2370065976771,445.2108225446835,442.04257918045795,0.442042579180458,13.947631894012716,7.15,295.41039834130237
22664327478,144,7200.0,7250.0,50.0,445.2108225446835,449.4066138152395,447.1204451488705,0.4471204451488705,8.39158254111203,7.2,299.6061896118584
22664327478,145,7250.0,7300.0,50.0,449.4066138152395,454.4754501757229,452.0871888414111,0.4520871888414111,10.137672720966862,7.25,304.6750259723418
22664327478,146,7300.0,7350.0,50.0,454.4754501757229,458.26985101556386,456.50143432716783,0.45650143432716783,7.588801679681865,7.3,308.46942681218275
22664327478,147,7350.0,7400.0,50.0,458.26985101556386,457.3501662910621,458.22944143117843,0.45822944143117844,-1.8393694490034704,7.35,308.46942681218275
22664327478,148,7400.0,7450.0,50.0,457.3501662910621,452.99955108286224,455.1903326451281,0.4551903326451281,-8.701230416399767,7.4,308.46942681218275
22664327478,149,7450.0,7500.0,50.0,452.99955108286224,444.77060371462477,449.5193213283739,0.4495193213283739,-16.45789473647494,7.45,308.46942681218275
22664327478,150,7500.0,7550.0,50.0,444.77060371462477,429.9393570583212,437.57550070001383,0.43757550070001383,-29.662493312607126,7.5,308.46942681218275
22664327478,151,7550.0,7600.0,50.0,429.9393570583212,415.8169689075806,422.38323979796337,0.4223832397979634,-28.244776301481238,7.55,308.46942681218275
22664327478,152,7600.0,7650.0,50.0,415.8169689075806,404.6608705772631,410.28802040006366,0.4102880204000637,-22.31219666063498,7.6,308.46942681218275
22664327478,153,7650.0,7700.0,50.0,404.6608705772631,399.5051355044624,401.4085441715117,0.4014085441715117,-10.311470145601447,7.65,308.46942681218275
22664327478,154,7700.0,7750.0,50.0,399.5051355044624,398.32392765063724,399.00077028180243,0.3990007702818024,-2.362415707650257,7.7,308.46942681218275
22664327478,155,7750.0,7800.0,50.0,398.32392765063724,400.61361731345994,399.26637964206367,0.3992663796420637,4.579379325645391,7.75,310.75911647500544
22664327478,156,7800.0,7850.0,50.0,400.61361731345994,400.4174288359397,400.4627774565277,0.4004627774565277,-0.39237695504050407,7.8,310.75911647500544
22664327478,157,7850.0,7900.0,50.0,400.4174288359397,404.6323950970121,402.3934559314232,0.4023934559314232,8.429932522144782,7.85,314.97408273607783
22664327478,158,7900.0,7950.0,50.0,404.6323950970121,406.66281025679007,405.43094216717697,0.40543094216717696,4.060830319555976,7.9,317.0044978958558
22664327478,159,7950.0,8000.0,50.0,406.66281025679007,415.67264019335363,410.7425538461209,0.4107425538461209,18.019659873127125,7.95,326.0143278324194
22664327478,160,8000.0,8050.0,50.0,415.67264019335363,426.0112623091867,421.2439666608644,0.4212439666608644,20.677244231666123,8.0,336.35294994825244
22664327478,161,8050.0,8100.0,50.0,426.0112623091867,437.7222684102182,431.6982621159227,0.4316982621159227,23.422012202063,8.05,348.06395604928395
22664327478,162,8100.0,8150.0,50.0,437.7222684102182,441.0615641349126,439.8752745936118,0.43987527459361175,6.6785914493888185,8.1,351.40325177397835
22664327478,163,8150.0,8200.0,50.0,441.0615641349126,443.49022035125154,442.5406035318026,0.44254060353180263,4.8573124326778725,8.15,353.8319079903173
22664327478,164,8200.0,8250.0,50.0,443.49022035125154,442.01264074899166,442.78886446049484,0.4427888644604948,-2.9551592045197594,8.2,353.8319079903173
22664327478,165,8250.0,8300.0,50.0,442.01264074899166,442.0039678638941,441.8751521383333,0.4418751521383333,-0.017345770195106525,8.25,353.8319079903173
22664327478,166,8300.0,8350.0,50.0,442.0039678638941,441.2501896086251,441.71573480180433,0.4417157348018043,-1.507556510538052,8.3,353.8319079903173
22664327478,167,8350.0,8400.0,50.0,441.2501896086251,440.14914197582414,440.8931627773358,0.4408931627773358,-2.2020952656018835,8.35,353.8319079903173
22664327478,168,8400.0,8450.0,50.0,440.14914197582414,436.8777536370445,438.3916925801265,0.4383916925801265,-6.542776677559232,8.4,353.8319079903173
22664327478,169,8450.0,8500.0,50.0,436.8777536370445,433.0483809476956,435.290225959729,0.435290225959729,-7.6587453786978585,8.45,353.8319079903173
22664327478,170,8500.0,8550.0,50.0,433.0483809476956,423.682310006696,428.22697478485543,0.42822697478485544,-18.732141881999155,8.5,353.8319079903173
22664327478,171,8550.0,8600.0,50.0,423.682310006696,417.89511896796495,421.037701666194,0.421037701666194,-11.574382077462133,8.55,353.8319079903173
22664327478,172,8600.0,8650.0,50.0,417.89511896796495,411.6397306839164,414.53909670094964,0.4145390967009496,-12.510776568097072,8.6,353.8319079903173
22664327478,173,8650.0,8700.0,50.0,411.6397306839164,408.6685997238135,409.99436375874785,0.40999436375874787,-5.942261920205851,8.65,353.8319079903173
22664327478,174,8700.0,8750.0,50.0,408.6685997238135,407.07399335934235,407.6220112275931,0.40762201122759306,-3.189212728942266,8.7,353.8319079903173
22664327478,175,8750.0,8800.0,50.0,407.07399335934235,408.76198587572685,407.91601807805984,0.4079160180780598,3.3759850327689946,8.75,355.5199005067018
22664327478,176,8800.0,8850.0,50.0,408.76198587572685,406.91524484451963,408.00621837637556,0.4080062183763756,-3.693482062414432,8.8,355.5199005067018
22664327478,177,8850.0,8900.0,50.0,406.91524484451963,408.1355917893401,407.41650457902216,0.4074165045790222,2.4406938896408974,8.85,356.74024745152224
22664327478,178,8900.0,8950.0,50.0,408.1355917893401,403.77617454904095,406.4583644842828,0.4064583644842828,-8.718834480598275,8.9,356.74024745152224
22664327478,179,8950.0,9000.0,50.0,403.77617454904095,398.0599833495099,400.7863504484797,0.4007863504484797,-11.432382399062135,8.95,356.74024745152224
22664327478,180,9000.0,9050.0,50.0,398.0599833495099,391.79548608393867,394.89832085986603,0.39489832085986604,-12.528994531142416,9.0,356.74024745152224
22664327478,181,9050.0,9100.0,50.0,391.79548608393867,389.08591646052935,390.25018605215337,0.3902501860521534,-5.419139246818645,9.05,356.74024745152224
22664327478,182,9100.0,9150.0,50.0,389.08591646052935,388.71530739387345,388.6873870002632,0.3886873870002632,-0.7412181333118042,9.1,356.74024745152224
22664327478,183,9150.0,9200.0,50.0,388.71530739387345,387.60132744206095,388.24257656206714,0.3882425765620671,-2.227959903624992,9.15,356.74024745152224
22664327478,184,9200.0,9250.0,50.0,387.60132744206095,390.344209098503,388.85499558607586,0.38885499558607584,5.485763312884046,9.2,359.48312910796426
22664327478,185,9250.0,9300.0,50.0,390.344209098503,391.1983583508258,390.94348232531,0.39094348232531,1.7082985046456542,9.25,360.3372783602871
22664327478,186,9300.0,9350.0,50.0,391.1983583508258,388.7602983441419,390.07913626295135,0.3900791362629514,-4.876120013367768,9.3,360.3372783602871
22664327478,187,9350.0,9400.0,50.0,388.7602983441419,388.22786023154026,388.42275991238427,0.3884227599123843,-1.0648762252033066,9.35,360.3372783602871
22664327478,188,9400.0,9450.0,50.0,388.22786023154026,390.26254775209003,388.6077677115888,0.3886077677115888,4.0693750410995335,9.4,362.37196588083685
22664327478,189,9450.0,9500.0,50.0,390.26254775209003,397.97762075585956,394.13306388934353,0.39413306388934355,15.430146007539065,9.45,370.0870388846064
22664327478,190,9500.0,9550.0,50.0,397.97762075585956,406.27378450198904,402.24832377030293,0.40224832377030295,16.59232749225896,9.5,378.38320263073587
22664327478,191,9550.0,9600.0,50.0,406.27378450198904,411.59854208493533,408.2820974865744,0.4082820974865744,10.64951516589258,9.55,383.70796021368216
22664327478,192,9600.0,9650.0,50.0,411.59854208493533,425.63447904691685,419.44328411933725,0.41944328411933723,28.07187392396304,9.6,397.7438971756637
22664327478,193,9650.0,9700.0,50.0,425.63447904691685,425.93255890373547,425.9585995014579,0.4259585995014579,0.5961597136372347,9.65,398.0419770324823
22664327478,194,9700.0,9750.0,50.0,425.93255890373547,422.46486865398145,424.4312579073403,0.4244312579073403,-6.935380499508028,9.7,398.0419770324823
22664327478,195,9750.0,9800.0,50.0,422.46486865398145,421.54626547485975,421.9732822955396,0.4219732822955396,-1.8372063582434066,9.75,398.0419770324823
22664327478,196,9800.0,9850.0,50.0,421.54626547485975,418.0352162277403,420.0432634540725,0.42004326345407245,-7.0220984942388895,9.8,398.0419770324823
22664327478,197,9850.0,9900.0,50.0,418.0352162277403,412.1942148914551,415.15811015270566,0.41515811015270565,-11.682002672570434,9.85,398.0419770324823
22664327478,198,9900.0,9950.0,50.0,412.1942148914551,403.69980280915564,408.0673807706018,0.4080673807706018,-16.988824164598896,9.9,398.0419770324823
22664327478,199,9950.0,10000.0,50.0,403.69980280915564,403.3194180190015,402.8211698546574,0.4028211698546574,-0.7607695803083061,9.95,398.0419770324823
22664327478,200,10000.0,10050.0,50.0,403.3194180190015,407.41542680380905,404.96276323870546,0.40496276323870545,8.192017569615132,10.0,402.13798581728986
22664327478,201,10050.0,10100.0,50.0,407.41542680380905,414.11616492698977,410.8589234759799,0.4108589234759799,13.401476246361426,10.05,408.8387239404706
22664327478,202,10100.0,10150.0,50.0,414.11616492698977,425.288272108134,419.5335479581775,0.4195335479581775,22.344214362288426,10.1,420.0108311216148
22664327478,203,10150.0,10200.0,50.0,425.288272108134,434.9985415154741,430.0721980309409,0.43007219803094093,19.420538814680185,10.15,429.7211005289549
22664327478,204,10200.0,10250.0,50.0,434.9985415154741,442.98948122521597,439.25452222687915,0.43925452222687916,15.98187941948379,10.2,437.7120402386968
22664327478,205,10250.0,10300.0,50.0,442.98948122521597,448.49651595204466,446.0146329618003,0.44601463296180033,11.014069453657385,10.25,443.21907496552546
22664327478,206,10300.0,10350.0,50.0,448.49651595204466,449.70134353520143,449.38067415083816,0.44938067415083816,2.4096551663135415,10.3,444.42390254868224
22664327478,207,10350.0,10400.0,50.0,449.70134353520143,448.397658319465,448.72067830206373,0.44872067830206375,-2.607370431472873,10.35,444.42390254868224
22664327478,208,10400.0,10450.0,50.0,448.397658319465,452.8132701144115,450.7945622197041,0.4507945622197041,8.831223589893057,10.4,448.83951434362876
22664327478,209,10450.0,10500.0,50.0,452.8132701144115,446.0306078154481,450.3666916397897,0.45036669163978965,-13.56532459792686,10.45,448.83951434362876
22664327478,210,10500.0,10550.0,50.0,446.0306078154481,438.92995520274934,441.5546765953057,0.4415546765953057,-14.201305225397505,10.5,448.83951434362876
22664327478,211,10550.0,10600.0,50.0,438.92995520274934,430.8800814363074,435.9605319936897,0.4359605319936897,-16.09974753288384,10.55,448.83951434362876
22664327478,212,10600.0,10650.0,50.0,430.8800814363074,420.15997699328165,425.11220207039514,0.42511220207039513,-21.44020888605155,10.6,448.83951434362876
22664327478,213,10650.0,10700.0,50.0,420.15997699328165,408.3651232806401,414.29807916400847,0.41429807916400846,-23.58970742528311,10.65,448.83951434362876
22664327478,214,10700.0,10750.0,50.0,408.3651232806401,399.37826667585114,403.95941416588204,0.40395941416588205,-17.97371320957791,10.7,448.83951434362876
22664327478,215,10750.0,10800.0,50.0,399.37826667585114,389.99226523293635,394.3084516281404,0.3943084516281404,-18.77200288582958,10.75,448.83951434362876
22664327478,216,10800.0,10850.0,50.0,389.99226523293635,385.2836317838197,387.54682834889286,0.38754682834889287,-9.417266898233265,10.8,448.83951434362876
22664327478,217,10850.0,10900.0,50.0,385.2836317838197,384.65788490679074,384.5830523043903,0.3845830523043903,-1.2514937540579467,10.85,448.83951434362876
22664327478,218,10900.0,10950.0,50.0,384.65788490679074,384.9069615419442,384.6283819309331,0.38462838193093307,0.49815327030694334,10.9,449.08859097878224
22664327478,219,10950.0,11000.0,50.0,384.9069615419442,387.51950773559577,386.3926138238235,0.3863926138238235,5.225092387303107,10.95,451.7011371724338
22664327478,220,11000.0,11050.0,50.0,387.51950773559577,389.2539166406049,387.99670105978413,0.3879967010597841,3.4688178100183222,11.0,453.43554607744295
22664327478,221,11050.0,11100.0,50.0,389.2539166406049,393.1134876466728,391.3607062010421,0.3913607062010421,7.719142012135762,11.05,457.29511708351083
22664327478,222,11100.0,11150.0,50.0,393.1134876466728,398.22514629159025,395.7948711447766,0.3957948711447766,10.223317289834881,11.1,462.4067757284283
22664327478,223,11150.0,11200.0,50.0,398.22514629159025,400.4424411395685,399.1345581845098,0.39913455818450977,4.434589695956447,11.15,464.6240705764065
22664327478,224,11200.0,11250.0,50.0,400.4424411395685,404.13843998557746,402.49708743563036,0.40249708743563034,7.391997692017981,11.2,468.3200694224155
22664327478,225,11250.0,11300.0,50.0,404.13843998557746,405.89996795003646,404.9421997389589,0.4049421997389589,3.5230559289179837,11.25,470.0815973868745
22664327478,226,11300.0,11350.0,50.0,405.89996795003646,401.1683591767219,404.4031100753626,0.40440311007536256,-9.463217546629153,11.3,470.0815973868745
22664327478,227,11350.0,11400.0,50.0,401.1683591767219,401.3856393523271,400.07679904683437,0.40007679904683435,0.4345603512103935,11.35,470.2988775624797
22664327478,228,11400.0,11450.0,50.0,401.3856393523271,407.4957756921641,404.78958546889663,0.40478958546889665,12.220272679674054,11.4,476.4090139023167
22664327478,229,11450.0,11500.0,50.0,407.4957756921641,407.23919685416445,407.63445848321754,0.40763445848321755,-0.5131576759993095,11.45,476.4090139023167
22664327478,230,11500.0,11550.0,50.0,407.23919685416445,408.6448432549854,407.63675345442635,0.40763675345442635,2.811292801641912,11.5,477.81466030313766
22664327478,231,11550.0,11600.0,50.0,408.6448432549854,410.75707924434334,410.0970293934211,0.41009702939342113,4.224471978715883,11.55,479.9268962924956
22664327478,232,11600.0,11650.0,50.0,410.75707924434334,404.82480245854725,408.0923347944776,0.4080923347944776,-11.864553571592182,11.6,479.9268962924956
22664327478,233,11650.0,11700.0,50.0,404.82480245854725,400.0638682540011,402.1836187977242,0.4021836187977242,-9.521868409092349,11.65,479.9268962924956
22664327478,234,11700.0,11750.0,50.0,400.0638682540011,399.52125210360083,399.2368584302901,0.3992368584302901,-1.0852323008004987,11.7,479.9268962924956
22664327478,235,11750.0,11800.0,50.0,399.52125210360083,406.1343986100369,403.1300584514715,0.4031300584514715,13.226293012872134,11.75,486.54004279893167
22664327478,236,11800.0,11850.0,50.0,406.1343986100369,407.2273117622458,406.67764110169577,0.4066776411016958,2.1858263044177875,11.8,487.63295595114056
22664327478,237,11850.0,11900.0,50.0,407.2273117622458,408.7626109965729,408.00097768877623,0.40800097768877625,3.070598468654225,11.85,489.1682551854677
22664327478,238,11900.0,11950.0,50.0,408.7626109965729,406.61966224323345,407.84713831216936,0.40784713831216934,-4.285897506678907,11.9,489.1682551854677
22664327478,239,11950.0,12000.0,50.0,406.61966224323345,407.4353452484594,407.00066021430666,0.40700066021430664,1.6313660104518704,11.95,489.9839381906936
22664327478,240,12000.0,12050.0,50.0,407.4353452484594,404.28798702206166,405.93859515979125,0.40593859515979125,-6.2947164527954556,12.0,489.9839381906936
22664327478,241,12050.0,12100.0,50.0,404.28798702206166,403.7646664611286,403.8741470252844,0.4038741470252844,-1.0466411218660596,12.05,489.9839381906936
22664327478,242,12100.0,12150.0,50.0,403.7646664611286,403.1749683731826,403.50670267812046,0.40350670267812044,-1.179396175892066,12.1,489.9839381906936
22664327478,243,12150.0,12200.0,50.0,403.1749683731826,403.288171205649,403.302528349956,0.403302528349956,0.22640566493282677,12.15,490.09714102316
22664327478,244,12200.0,12250.0,50.0,403.288171205649,402.8387177309838,402.61719028438955,0.4026171902843895,-0.8989069493304669,12.2,490.09714102316
22664327478,245,12250.0,12300.0,50.0,402.8387177309838,404.7671392325583,404.10294839514205,0.40410294839514205,3.856843003149038,12.25,492.02556252473454
22664327478,246,12300.0,12350.0,50.0,404.7671392325583,405.8330829213133,405.0528873210899,0.4050528873210899,2.1318873775099973,12.3,493.09150621348954
22664327478,247,12350.0,12400.0,50.0,405.8330829213133,407.6922101538575,407.1873328133874,0.4071873328133874,3.718254465088421,12.35,494.95063344603375
22664327478,248,12400.0,12450.0,50.0,407.6922101538575,406.19394905171987,406.9107289884582,0.40691072898845815,-2.9965222042752657,12.4,494.95063344603375
22664327478,249,12450.0,12500.0,50.0,406.19394905171987,406.0774921327205,405.80764883849366,0.4058076488384937,-0.23291383799869436,12.45,494.95063344603375
22664327478,250,12500.0,12550.0,50.0,406.0774921327205,410.2669954425486,408.2438978909045,0.40824389789090454,8.379006619656138,12.5,499.1401367558618
22664327478,251,12550.0,12600.0,50.0,410.2669954425486,410.48541005120603,410.3618379516806,0.41036183795168063,0.4368292173148802,12.55,499.35855136451926
22664327478,252,12600.0,12650.0,50.0,410.48541005120603,418.58909558454917,413.90390434271336,0.41390390434271335,16.207371066686278,12.6,507.4622368978624
22664327478,253,12650.0,12700.0,50.0,418.58909558454917,424.53870364815594,422.0341362318497,0.4220341362318497,11.899216127213549,12.65,513.4118449614691
22664327478,254,12700.0,12750.0,50.0,424.53870364815594,432.87613519220804,428.095437915721,0.42809543791572097,16.67486308810419,12.7,521.7492765055213
22664327478,255,12750.0,12800.0,50.0,432.87613519220804,445.640505746912,439.66373980322396,0.439663739803224,25.528741109407974,12.75,534.5136470602253
22664327478,256,12800.0,12850.0,50.0,445.640505746912,454.9942573774612,450.2920554040499,0.45029205540404993,18.707503261098395,12.8,543.8673986907745
22664327478,257,12850.0,12900.0,50.0,454.9942573774612,459.39272713077406,457.5047956054934,0.45750479560549345,8.796939506625677,12.85,548.2658684440873
22664327478,258,12900.0,12950.0,50.0,459.39272713077406,465.6738044050767,462.5321946384813,0.46253219463848133,12.562154548605236,12.9,554.5469457183899
22664327478,259,12950.0,13000.0,50.0,465.6738044050767,467.874843135245,466.8928948636599,0.46689289486365987,4.4020774603366135,12.95,556.7479844485582
22664327478,260,13000.0,13050.0,50.0,467.874843135245,468.54099089784734,468.38738957967524,0.46838738957967524,1.3322955252046995,13.0,557.4141322111606
22664327478,261,13050.0,13100.0,50.0,468.54099089784734,469.05798827319387,468.65441787489067,0.46865441787489065,1.0339947506930685,13.05,557.931129586507
22664327478,262,13100.0,13150.0,50.0,469.05798827319387,473.5547662964076,470.7879658097802,0.47078796580978016,8.993556046427443,13.1,562.4279076097207
22664327478,263,13150.0,13200.0,50.0,473.5547662964076,475.95618766256746,475.3572983226779,0.47535729832267787,4.802842732319732,13.15,564.8293289758806
22664327478,264,13200.0,13250.0,50.0,475.95618766256746,478.4677597390137,477.13120741897984,0.47713120741897985,5.023144152892428,13.2,567.3409010523268
22664327478,265,13250.0,13300.0,50.0,478.4677597390137,477.4989509999506,478.22693818547486,0.47822693818547485,-1.9376174781261852,13.25,567.3409010523268
22664327478,266,13300.0,13350.0,50.0,477.4989509999506,477.4331904855729,477.1767771695766,0.4771767771695766,-0.13152102875540095,13.3,567.3409010523268
22664327478,267,13350.0,13400.0,50.0,477.4331904855729,481.18119831026996,479.3664968080118,0.4793664968080118,7.496015649394167,13.35,571.0889088770239
22664327478,268,13400.0,13450.0,50.0,481.18119831026996,484.5277380132685,482.5585540448151,0.48255855404481507,6.693079405997082,13.4,574.4354485800225
22664327478,269,13450.0,13500.0,50.0,484.5277380132685,489.8033111336514,487.2558493443117,0.4872558493443117,10.551146240765775,13.45,579.7110217004054
22664327478,270,13500.0,13550.0,50.0,489.8033111336514,495.23399430994823,492.345010491574,0.492345010491574,10.861366352593677,13.5,585.1417048767022
22664327478,271,13550.0,13600.0,50.0,495.23399430994823,499.14495836187297,497.74060837863317,0.49774060837863315,7.821928103849473,13.55,589.0526689286269
22664327478,272,13600.0,13650.0,50.0,499.14495836187297,495.0959032117602,497.34083695418553,0.4973408369541855,-8.098110300225585,13.6,589.0526689286269
22664327478,273,13650.0,13700.0,50.0,495.0959032117602,491.26678602491074,493.11909927946795,0.49311909927946795,-7.6582343736988605,13.65,589.0526689286269
22664327478,274,13700.0,13750.0,50.0,491.26678602491074,488.13966073753727,489.85044548259935,0.4898504454825994,-6.254250574746948,13.7,589.0526689286269
22664327478,275,13750.0,13800.0,50.0,488.13966073753727,481.1679915920058,484.71349040318165,0.4847134904031817,-13.9433382910629,13.75,589.0526689286269
22664327478,276,13800.0,13850.0,50.0,481.1679915920058,476.6750305104455,478.68943986888104,0.478689439868881,-8.985922163120676,13.8,589.0526689286269
22664327478,277,13850.0,13900.0,50.0,476.6750305104455,475.3135197101095,475.3848095171093,0.4753848095171093,-2.7230216006719274,13.85,589.0526689286269
22664327478,278,13900.0,13950.0,50.0,475.3135197101095,483.1420577573907,479.23940659328747,0.47923940659328745,15.657076094562399,13.9,596.8812069759081
22664327478,279,13950.0,14000.0,50.0,483.1420577573907,487.5122615703791,485.42278935530595,0.485422789355306,8.740407625976786,13.95,601.2514107888965
22664327478,280,14000.0,14050.0,50.0,487.5122615703791,491.47306145073327,489.63466588028115,0.48963466588028115,7.921599760708318,14.0,605.2122106692507
22664327478,281,14050.0,14100.0,50.0,491.47306145073327,485.0889356458406,488.93430604263335,0.4889343060426333,-12.768251609785352,14.05,605.2122106692507
22664327478,282,14100.0,14150.0,50.0,485.0889356458406,477.42517434832433,481.3630363262168,0.4813630363262168,-15.32752259503252,14.1,605.2122106692507
22664327478,283,14150.0,14200.0,50.0,477.42517434832433,470.61138300342435,473.8536350480785,0.4738536350480785,-13.627582689799965,14.15,605.2122106692507
22664327478,284,14200.0,14250.0,50.0,470.61138300342435,461.1588378097812,466.04925546930116,0.46604925546930115,-18.90509038728635,14.2,605.2122106692507
22664327478,285,14250.0,14300.0,50.0,461.1588378097812,452.97353727483033,456.8927331308135,0.4568927331308135,-16.37060106990168,14.25,605.2122106692507
22664327478,286,14300.0,14350.0,50.0,452.97353727483033,455.72494596235794,452.95872614797776,0.4529587261479778,5.502817375055201,14.3,607.9636193567783
22664327478,287,14350.0,14400.0,50.0,455.72494596235794,461.1636128749531,459.6471410312325,0.4596471410312325,10.877333825190362,14.35,613.4022862693735
22664327478,288,14400.0,14450.0,50.0,461.1636128749531,467.43969375863816,463.0889025442516,0.4630889025442516,12.55216176737008,14.4,619.6783671530585
22664327478,289,14450.0,14500.0,50.0,467.43969375863816,473.02600919710846,471.0854425031537,0.47108544250315365,11.172630876940616,14.45,625.2646825915288
22664327478,290,14500.0,14550.0,50.0,473.02600919710846,473.72565560420514,473.52050347968657,0.47352050347968655,1.399292814193359,14.5,625.9643289986254
22664327478,291,14550.0,14600.0,50.0,473.72565560420514,469.36995202374567,471.9459852421515,0.4719459852421515,-8.711407160918952,14.55,625.9643289986254
22664327478,292,14600.0,14650.0,50.0,469.36995202374567,464.12230321664146,466.575545159151,0.46657554515915095,-10.495297614208425,14.6,625.9643289986254
22664327478,293,14650.0,14700.0,50.0,464.12230321664146,457.888067306544,461.23691616824334,0.46123691616824336,-12.468471820194964,14.65,625.9643289986254
22664327478,294,14700.0,14750.0,50.0,457.888067306544,451.2017306000198,454.598409251058,0.454598409251058,-13.372673413048346,14.7,625.9643289986254
22664327478,295,14750.0,14800.0,50.0,451.2017306000198,443.16294099130135,447.11740343051196,0.447117403430512,-16.07757921743689,14.75,625.9643289986254
22664327478,296,14800.0,14850.0,50.0,443.16294099130135,438.63927730074784,440.68084524972966,0.44068084524972967,-9.047327381107038,14.8,625.9643289986254
22664327478,297,14850.0,14900.0,50.0,438.63927730074784,432.99444920656845,435.8679054983267,0.4358679054983267,-11.289656188358776,14.85,625.9643289986254
22664327478,298,14900.0,14950.0,50.0,432.99444920656845,428.5677649428352,430.5734983096852,0.43057349830968517,-8.8533685274665,14.9,625.9643289986254
22664327478,299,14950.0,15000.0,50.0,428.5677649428352,427.61752636800566,427.9855556163814,0.4279855556163814,-1.900477149659082,14.95,625.9643289986254
22664327478,300,15000.0,15050.0,50.0,427.61752636800566,428.5044492816718,427.91358795405273,0.4279135879540527,1.7738458273322522,15.0,626.8512519122916
22664327478,301,15050.0,15100.0,50.0,428.5044492816718,430.56080425487545,429.62189009957797,0.42962189009957796,4.112709946407335,15.05,628.9076068854952
22664327478,302,15100.0,15150.0,50.0,430.56080425487545,432.6412711533677,431.31910100739964,0.4313191010073996,4.160933796984523,15.1,630.9880737839874
22664327478,303,15150.0,15200.0,50.0,432.6412711533677,437.34709767361403,435.0337062338356,0.4350337062338356,9.411653040492638,15.15,635.6939003042337
22664327478,304,15200.0,15250.0,50.0,437.34709767361403,436.53512888332745,437.5835834534853,0.4375835834534853,-1.6239375805731697,15.2,635.6939003042337
22664327478,305,15250.0,15300.0,50.0,436.53512888332745,434.48054950656353,435.0537517235662,0.4350537517235662,-4.109158753527822,15.25,635.6939003042337
22664327478,306,15300.0,15350.0,50.0,434.48054950656353,434.88938256202925,434.7543602331086,0.43475436023310865,0.8176661109314409,15.3,636.1027333596994
22664327478,307,15350.0,15400.0,50.0,434.88938256202925,438.0229244449889,436.1889630927617,0.4361889630927617,6.267083765919324,15.35,639.2362752426591
22664327478,308,15400.0,15450.0,50.0,438.0229244449889,439.6354462463834,439.11089453925365,0.43911089453925367,3.2250436027890146,15.4,640.8487970440535
22664327478,309,15450.0,15500.0,50.0,439.6354462463834,438.2112227145941,439.2312773045003,0.4392312773045003,-2.8484470635786465,15.45,640.8487970440535
22664327478,310,15500.0,15510.42,10.420000000000073,438.2112227145941,437.7019632973365,437.965553811605,0.437965553811605,-4.887326461205571,15.5,640.8487970440535
22882313372,0,0.0,50.0,50.0,279.59999999999997,281.3362831822342,280.42719233257543,0.2804271923325754,3.4725663644684346,0.0,1.7362831822342173
22882313372,1,50.0,100.0,50.0,281.3362831822342,281.1077699840267,281.3099679666265,0.2813099679666265,-0.4570263964150172,0.05,1.7362831822342173
22882313372,2,100.0,150.0,50.0,281.1077699840267,281.2135021097047,281.1230600577924,0.28112306005779236,0.21146425135600566,0.1,1.8420153079122201
22882313372,3,150.0,200.0,50.0,281.2135021097047,280.76671921182265,281.05182494647795,0.28105182494647796,-0.8935657957640615,0.15,1.8420153079122201
22882313372,4,200.0,250.0,50.0,280.76671921182265,279.4704178422088,280.1190491365614,0.2801190491365614,-2.5926027392276865,0.2,1.8420153079122201
22882313372,5,250.0,300.0,50.0,279.4704178422088,279.1742372881356,279.29821176595755,0.27929821176595754,-0.592361108146406,0.25,1.8420153079122201
22882313372,6,300.0,350.0,50.0,279.1742372881356,278.88,279.0157062146893,0.2790157062146893,-0.58847457627121,0.3,1.8420153079122201
22882313372,7,350.0,400.0,50.0,278.88,277.6686460829493,278.3564486943164,0.27835644869431636,-2.422707834101402,0.35,1.8420153079122201
22882313372,8,400.0,450.0,50.0,277.6686460829493,276.32,276.9388640552996,0.27693886405529955,-2.6972921658986024,0.4,1.8420153079122201
22882313372,9,450.0,500.0,50.0,276.32,274.88,275.6666666666667,0.27566666666666667,-2.8799999999999955,0.45,1.8420153079122201
22882313372,10,500.0,550.0,50.0,274.88,275.2613078656088,274.873394129363,0.274873394129363,0.7626157312175792,0.5,2.2233231735210097
22882313372,11,550.0,600.0,50.0,275.2613078656088,274.857362128108,275.37391684617575,0.27537391684617574,-0.8078914750016111,0.55,2.2233231735210097
22882313372,12,600.0,650.0,50.0,274.857362128108,272.30426718732633,273.5185645464836,0.2735185645464836,-5.106189881563296,0.6,2.2233231735210097
22882313372,13,650.0,700.0,50.0,272.30426718732633,269.91564024390243,271.093006780972,0.27109300678097203,-4.777253886847802,0.65,2.2233231735210097
22882313372,14,700.0,750.0,50.0,269.91564024390243,269.4164528301887,269.52673914710846,0.26952673914710845,-0.9983748274274831,0.7,2.2233231735210097
22882313372,15,750.0,800.0,50.0,269.4164528301887,269.6,269.46940880503143,0.26946940880503145,0.3670943396226676,0.75,2.4068703433323435
22882313372,16,800.0,850.0,50.0,269.6,269.83825327510914,269.7463755458515,0.2697463755458515,0.4765065502182324,0.8,2.6451236184414597
22882313372,17,850.0,900.0,50.0,269.83825327510914,268.82107685627443,269.45787715030264,0.2694578771503026,-2.0343528376694167,0.85,2.6451236184414597
22882313372,18,900.0,950.0,50.0,268.82107685627443,266.0211730787974,267.5128477165562,0.2675128477165562,-5.5998075549540545,0.9,2.6451236184414597
22882313372,19,950.0,1000.0,50.0,266.0211730787974,262.6952444580237,264.35610610641237,0.26435610610641236,-6.651857241547418,0.95,2.6451236184414597
22882313372,20,1000.0,1050.0,50.0,262.6952444580237,259.5999421631001,261.09508211688603,0.26109508211688603,-6.190604589847226,1.0,2.6451236184414597
22882313372,21,1050.0,1100.0,50.0,259.5999421631001,257.0600068996258,258.3640684465801,0.2583640684465801,-5.079870526948525,1.05,2.6451236184414597
22882313372,22,1100.0,1150.0,50.0,257.0600068996258,254.0396883116883,255.53029491529693,0.25553029491529694,-6.04063717587502,1.1,2.6451236184414597
22882313372,23,1150.0,1200.0,50.0,254.0396883116883,252.296062992126,253.0327855381714,0.2530327855381714,-3.4872506391246247,1.15,2.6451236184414597
22882313372,24,1200.0,1250.0,50.0,252.296062992126,252.28701421800952,252.2571795350226,0.2522571795350226,-0.018097548232958616,1.2,2.6451236184414597
22882313372,25,1250.0,1300.0,50.0,252.28701421800952,249.5873263642261,251.27487928035126,0.25127487928035125,-5.399375707566833,1.25,2.6451236184414597
22882313372,26,1300.0,1350.0,50.0,249.5873263642261,246.64000000000001,247.86495893221607,0.24786495893221608,-5.894652728452172,1.3,2.6451236184414597
22882313372,27,1350.0,1400.0,50.0,246.64000000000001,244.6047257383966,245.65490857946554,0.24565490857946554,-4.07054852320681,1.35,2.6451236184414597
22882313372,28,1400.0,1450.0,50.0,244.6047257383966,242.79374485596705,243.57898039624249,0.24357898039624248,-3.6219617648591225,1.4,2.6451236184414597
22882313372,29,1450.0,1500.0,50.0,242.79374485596705,243.6383856502242,243.13764589369302,0.24313764589369302,1.6892815885142909,1.45,3.489764412698605
22882313372,30,1500.0,1550.0,50.0,243.6383856502242,241.619000073524,243.004612848853,0.243004612848853,-4.038771153400376,1.5,3.489764412698605
22882313372,31,1550.0,1600.0,50.0,241.619000073524,235.72395697187102,238.730008836421,0.238730008836421,-11.790086203305975,1.55,3.489764412698605
22882313372,32,1600.0,1650.0,50.0,235.72395697187102,231.2162434513554,233.2825067523021,0.2332825067523021,-9.015427041031217,1.6,3.489764412698605
22882313372,33,1650.0,1700.0,50.0,231.2162434513554,230.22849315068493,230.57880895947537,0.23057880895947536,-1.9755006013409684,1.65,3.489764412698605
22882313372,34,1700.0,1750.0,50.0,230.22849315068493,228.2424117251218,229.3475906028136,0.2293475906028136,-3.9721628511262566,1.7,3.489764412698605
22882313372,35,1750.0,1800.0,50.0,228.2424117251218,224.5026986985343,226.5725475100305,0.22657254751003048,-7.479426053175018,1.75,3.489764412698605
22882313372,36,1800.0,1850.0,50.0,224.5026986985343,220.32867399525404,222.4134139400769,0.2224134139400769,-8.348049406560506,1.8,3.489764412698605
22882313372,37,1850.0,1900.0,50.0,220.32867399525404,217.35999999999999,218.45064332489324,0.21845064332489322,-5.937347990508101,1.85,3.489764412698605
22882313372,38,1900.0,1950.0,50.0,217.35999999999999,216.78732323897302,217.22853807329383,0.21722853807329384,-1.145353522053938,1.9,3.489764412698605
22882313372,39,1950.0,2000.0,50.0,216.78732323897302,215.86169101939672,216.22689832754648,0.2162268983275465,-1.851264439152601,1.95,3.489764412698605
22882313372,40,2000.0,2050.0,50.0,215.86169101939672,215.9851643192488,215.88368740369526,0.21588368740369526,0.24694659970418797,2.0,3.613237712550699
22882313372,41,2050.0,2100.0,50.0,215.9851643192488,212.99206110045725,214.95833275272386,0.21495833275272386,-5.986206437583121,2.05,3.613237712550699
22882313372,42,2100.0,2150.0,50.0,212.99206110045725,208.90421052631578,210.70755505064088,0.21070755505064087,-8.17570114828294,2.1,3.613237712550699
22882313372,43,2150.0,2200.0,50.0,208.90421052631578,207.5504247104247,208.05398428503693,0.20805398428503694,-2.707571631782173,2.15,3.613237712550699
22882313372,44,2200.0,2250.0,50.0,207.5504247104247,207.04000000000002,207.281879021879,0.207281879021879,-1.0208494208493448,2.2,3.613237712550699
22882313372,45,2250.0,2300.0,50.0,207.04000000000002,207.12723184773526,207.20999067717602,0.20720999067717602,0.1744636954704788,2.25,3.7004695602859385
22882313372,46,2300.0,2350.0,50.0,207.12723184773526,202.93924546920704,205.09116491674948,0.20509116491674947,-8.375972757056445,2.3,3.7004695602859385
22882313372,47,2350.0,2400.0,50.0,202.93924546920704,201.28000000000003,201.96532172301679,0.2019653217230168,-3.3184909384140155,2.35,3.7004695602859385
22882313372,48,2400.0,2450.0,50.0,201.28000000000003,200.66009162613165,201.02800413001853,0.20102800413001853,-1.2398167477367679,2.4,3.7004695602859385
22882313372,49,2450.0,2500.0,50.0,200.66009162613165,198.83697047496793,199.70421415422183,0.19970421415422182,-3.646242302327437,2.45,3.7004695602859385
22882313372,50,2500.0,2550.0,50.0,198.83697047496793,198.64000000000001,198.60484381685924,0.19860484381685925,-0.39394094993582485,2.5,3.7004695602859385
22882313372,51,2550.0,2600.0,50.0,198.64000000000001,199.27274103143793,199.17759715053535,0.19917759715053535,1.265482062875833,2.55,4.333210591723855
22882313372,52,2600.0,2650.0,50.0,199.27274103143793,197.1321052631579,198.10988072300788,0.19810988072300786,-4.281271536560041,2.6,4.333210591723855
22882313372,53,2650.0,2700.0,50.0,197.1321052631579,196.42307692307693,196.7745479082321,0.1967745479082321,-1.4180566801619534,2.65,4.333210591723855
22882313372,54,2700.0,2750.0,50.0,196.42307692307693,195.62271356783918,196.00770648112356,0.19600770648112356,-1.6007267104754987,2.7,4.333210591723855
22882313372,55,2750.0,2800.0,50.0,195.62271356783918,194.74465431353755,195.1815637308611,0.1951815637308611,-1.7561185086032651,2.75,4.333210591723855
22882313372,56,2800.0,2850.0,50.0,194.74465431353755,196.22139694408378,195.20141602338833,0.19520141602338834,2.953485261092453,2.8,5.809953222270082
22882313372,57,2850.0,2900.0,50.0,196.22139694408378,199.56170213526312,197.92541847513473,0.19792541847513473,6.6806103823586795,2.85,9.150258413449421
22882313372,58,2900.0,2950.0,50.0,199.56170213526312,202.12851063829788,200.8497632322126,0.2008497632322126,5.133617006069528,2.9,11.717066916484185
22882313372,59,2950.0,3000.0,50.0,202.12851063829788,204.97840490797543,203.6184753948571,0.20361847539485708,5.699788539355097,2.95,14.566961186161734
22882313372,60,3000.0,3050.0,50.0,204.97840490797543,206.55027777777778,205.80319586457622,0.20580319586457624,3.1437457396046966,3.0,16.138834055964082
22882313372,61,3050.0,3100.0,50.0,206.55027777777778,207.91601204755207,207.23630804330415,0.20723630804330415,2.7314685395485867,3.05,17.504568325738376
22882313372,62,3100.0,3150.0,50.0,207.91601204755207,209.03353535353534,208.4969009739449,0.20849690097394488,2.2350466119665384,3.1,18.622091631721645
22882313372,63,3150.0,3200.0,50.0,209.03353535353534,211.17354636246301,209.982419531494,0.209982419531494,4.2800220178553445,3.15,20.762102640649317
22882313372,64,3200.0,3250.0,50.0,211.17354636246301,214.55840646635002,212.81005980193675,0.21281005980193674,6.769720207774014,3.2,24.146962744536324
22882313372,65,3250.0,3300.0,50.0,214.55840646635002,217.60491306580815,216.1067138481167,0.2161067138481167,6.093013198916253,3.25,27.19346934399445
22882313372,66,3300.0,3350.0,50.0,217.60491306580815,221.73292697821253,219.72731471608782,0.2197273147160878,8.256027824808768,3.3,31.321483256398835
22882313372,67,3350.0,3400.0,50.0,221.73292697821253,225.55973746091394,223.58475270725435,0.22358475270725436,7.6536209654028085,3.35,35.14829373910024
22882313372,68,3400.0,3450.0,50.0,225.55973746091394,228.64621684766263,227.09589167522088,0.22709589167522087,6.172958773497385,3.4,38.23477312584893
22882313372,69,3450.0,3500.0,50.0,228.64621684766263,232.46111733964602,230.49369106011784,0.23049369106011783,7.629800983966788,3.45,42.049673617832326
22882313372,70,3500.0,3550.0,50.0,232.46111733964602,236.13185782794557,234.3856345882775,0.2343856345882775,7.341480976599087,3.5,45.72041410613187
22882313372,71,3550.0,3600.0,50.0,236.13185782794557,239.2333541130234,237.6923151052082,0.2376923151052082,6.202992570155686,3.55,48.82191039120971
22882313372,72,3600.0,3650.0,50.0,239.2333541130234,242.48308925494263,240.82890807720034,0.24082890807720034,6.499470283838434,3.6,52.07164553312893
22882313372,73,3650.0,3700.0,50.0,242.48308925494263,245.292944795208,243.96100654969257,0.24396100654969258,5.619711080530749,3.65,54.881501073394304
22882313372,74,3700.0,3750.0,50.0,245.292944795208,246.95220609282356,246.1935453465109,0.2461935453465109,3.3185225952311157,3.7,56.54076237100986
22882313372,75,3750.0,3800.0,50.0,246.95220609282356,248.49317733990148,247.71622920303,0.24771622920303,3.0819424941558395,3.75,58.08173361808778
22882313372,76,3800.0,3850.0,50.0,248.49317733990148,249.28000000000003,248.94736863711,0.24894736863711,1.5736453201971017,3.8,58.86855627818633
22882313372,77,3850.0,3900.0,50.0,249.28000000000003,249.8669918593292,249.548877455769,0.249548877455769,1.1739837186583486,3.85,59.45554813751551
22882313372,78,3900.0,3950.0,50.0,249.8669918593292,250.77029239766085,250.27659393572392,0.25027659393572393,1.8066010766632985,3.9,60.358848675847156
22882313372,79,3950.0,4000.0,50.0,250.77029239766085,251.85873417721513,251.36160189503292,0.2513616018950329,2.1768835591085463,3.95,61.44729045540143
22882313372,80,4000.0,4050.0,50.0,251.85873417721513,252.38131004366815,252.12938182890204,0.25212938182890204,1.0451517329060493,4.0,61.969866321854454
22882313372,81,4050.0,4100.0,50.0,252.38131004366815,253.3476,252.84547336244546,0.25284547336244545,1.932579912663698,4.05,62.9361562781863
22882313372,82,4100.0,4150.0,50.0,253.3476,254.68,253.98299999999998,0.25398299999999996,2.664800000000014,4.1,64.26855627818631
22882313372,83,4150.0,4200.0,50.0,254.68,255.83144480519482,255.26283820346325,0.25526283820346324,2.3028896103896273,4.15,65.42000108338112
22882313372,84,4200.0,4250.0,50.0,255.83144480519482,256.84416666666664,256.35207882395383,0.25635207882395383,2.025443722943635,4.2,66.43272294485294
22882313372,85,4250.0,4300.0,50.0,256.84416666666664,257.32000000000005,257.14736111111114,0.25714736111111114,0.9516666666668243,4.25,66.90855627818635
22882313372,86,4300.0,4350.0,50.0,257.32000000000005,257.12,257.24,0.25724,-0.40000000000009095,4.3,66.90855627818635
22882313372,87,4350.0,4400.0,50.0,257.12,257.0,257.04,0.25704000000000005,-0.2400000000000091,4.35,66.90855627818635
22882313372,88,4400.0,4450.0,50.0,257.0,257.0,257.0,0.257,0.0,4.4,66.90855627818635
22882313372,89,4450.0,4500.0,50.0,257.0,257.26819277108433,257.0854618473896,0.25708546184738956,0.5363855421686594,4.45,67.17674904927068
22882313372,90,4500.0,4550.0,50.0,257.26819277108433,259.02250904333107,258.0440749807512,0.2580440749807512,3.50863254449348,4.5,68.93106532151742
22882313372,91,4550.0,4600.0,50.0,259.02250904333107,261.8560470588235,260.36657413660146,0.26036657413660147,5.667076030984845,4.55,71.76460333700985
22882313372,92,4600.0,4650.0,50.0,261.8560470588235,264.8796999166435,263.40183731573944,0.26340183731573946,6.04730571564005,4.6,74.78825619482987
22882313372,93,4650.0,4700.0,50.0,264.8796999166435,267.97776263602384,266.42155463214436,0.26642155463214434,6.196125438760646,4.65,77.8863189142102
22882313372,94,4700.0,4750.0,50.0,267.97776263602384,271.19846874992356,269.56031613659394,0.2695603161365939,6.4414122277994466,4.7,81.10702502810992
22882313372,95,4750.0,4800.0,50.0,271.19846874992356,274.05281906507594,272.7241780923161,0.2727241780923161,5.708700630304747,4.75,83.96137534326229
22882313372,96,4800.0,4850.0,50.0,274.05281906507594,275.7444311377245,274.9663124786111,0.2749663124786111,3.383224145297163,4.8,85.65298741591087
22882313372,97,4850.0,4900.0,50.0,275.7444311377245,276.08000000000004,275.9762874251497,0.2759762874251497,0.6711377245510448,4.85,85.9885562781864
22882313372,98,4900.0,4950.0,50.0,276.08000000000004,275.88,275.99333333333334,0.2759933333333333,-0.40000000000009095,4.9,85.9885562781864
22882313372,99,4950.0,5000.0,50.0,275.88,276.2318490566038,275.878641509434,0.275878641509434,0.7036981132075653,4.95,86.34040533479018
22882313372,100,5000.0,5050.0,50.0,276.2318490566038,278.55555555555554,277.37691125087355,0.27737691125087355,4.64741299790353,5.0,88.66411183374194
22882313372,101,5050.0,5100.0,50.0,278.55555555555554,280.6650810810811,279.6352392392393,0.2796352392392393,4.21905105105111,5.05,90.7736373592675
22882313372,102,5100.0,5150.0,50.0,280.6650810810811,281.55678832116786,281.3123506280003,0.28131235062800025,1.7834144801735192,5.1,91.66534459935426
22882313372,103,5150.0,5200.0,50.0,281.55678832116786,281.1191550663945,281.17926646536705,0.28117926646536706,-0.8752665095466909,5.15,91.66534459935426
22882313372,104,5200.0,5250.0,50.0,281.1191550663945,283.17430513176146,282.15783274794427,0.28215783274794426,4.11030013073389,5.2,93.7204946647212
22882313372,105,5250.0,5300.0,50.0,283.17430513176146,284.4762999390367,283.84356938857246,0.28384356938857247,2.603989614550528,5.25,95.02248947199647
22882313372,106,5300.0,5350.0,50.0,284.4762999390367,285.2692359608895,284.87181719404015,0.28487181719404014,1.5858720437055354,5.3,95.81542549384923
22882313372,107,5350.0,5400.0,50.0,285.2692359608895,286.05622641509433,285.6980504940511,0.28569805049405106,1.5739809084096805,5.35,96.60241594805407
22882313372,108,5400.0,5450.0,50.0,286.05622641509433,286.83832188796896,286.42156840669605,0.2864215684066961,1.5641909457492602,5.4,97.3845114209287
22882313372,109,5450.0,5500.0,50.0,286.83832188796896,287.72,287.29423775800245,0.28729423775800245,1.7633562240621359,5.45,98.26618953295977
22882313372,110,5500.0,5550.0,50.0,287.72,288.370625,288.09510416666666,0.28809510416666667,1.3012499999999818,5.5,98.91681453295976
22882313372,111,5550.0,5600.0,50.0,288.370625,288.58532663316583,288.4457385887772,0.2884457385887772,0.42940326633163295,5.55,99.13151616612558
22882313372,112,5600.0,5650.0,50.0,288.58532663316583,289.08000000000004,288.86844221105525,0.28886844221105523,0.9893467336684125,5.6,99.62618953295978
22882313372,113,5650.0,5669.58,19.579999999999927,289.08000000000004,289.1340333333334,289.115,0.289115,0.2759618658495234,5.65,99.68022286629312
22910890927,0,0.0,50.0,50.0,774.2303176974028,777.3844422325037,775.6615228971905,0.7756615228971905,6.308249070201782,0.0,3.154124535100891
22910890927,1,50.0,100.0,50.0,777.3844422325037,778.7132129664213,778.2411085084595,0.7782411085084595,2.6575414678352445,0.05,4.482895269018513
22910890927,2,100.0,150.0,50.0,778.7132129664213,778.9403194198783,778.849572480185,0.7788495724801849,0.45421290691388094,0.1,4.710001722475454
22910890927,3,150.0,200.0,50.0,778.9403194198783,778.0267986204829,778.4398476216162,0.7784398476216162,-1.8270415987908564,0.15,4.710001722475454
22910890927,4,200.0,250.0,50.0,778.0267986204829,777.9627971144577,778.158032048761,0.778158032048761,-0.12800301205038522,0.2,4.710001722475454
22910890927,5,250.0,300.0,50.0,777.9627971144577,775.9358050661433,776.7710706354559,0.7767710706354559,-4.05398409662871,0.25,4.710001722475454
22910890927,6,300.0,350.0,50.0,775.9358050661433,777.5072551592509,776.7305705349764,0.7767305705349764,3.142900186215229,0.3,6.281451815583068
22910890927,7,350.0,400.0,50.0,777.5072551592509,779.0785182096191,778.1409470157804,0.7781409470157804,3.1425261007364043,0.35,7.85271486595127
22910890927,8,400.0,450.0,50.0,779.0785182096191,782.442142554693,780.9172377123386,0.7809172377123387,6.72724869014769,0.4,11.216339211025115
22910890927,9,450.0,500.0,50.0,782.442142554693,782.9046666666666,782.6517508251177,0.7826517508251177,0.9250482239472149,0.45,11.678863322998723
22910890927,10,500.0,550.0,50.0,782.9046666666666,784.2653389569534,783.5139743984014,0.7835139743984014,2.7213445805737138,0.5,13.03953561328558
22910890927,11,550.0,600.0,50.0,784.2653389569534,785.68,785.0888090029965,0.7850888090029965,2.8293220860930433,0.55,14.454196656332101
22910890927,12,600.0,650.0,50.0,785.68,783.9367581540957,785.0900084982774,0.7850900084982774,-3.4864836918084166,0.6,14.454196656332101
22910890927,13,650.0,700.0,50.0,783.9367581540957,781.5458131508132,782.3758539224227,0.7823758539224227,-4.781890006565163,0.65,14.454196656332101
22910890927,14,700.0,750.0,50.0,781.5458131508132,782.8399999999999,782.2500422175422,0.7822500422175421,2.588373698373516,0.7,15.74838350551886
22910890927,15,750.0,800.0,50.0,782.8399999999999,784.4430214569508,783.5470194183459,0.7835470194183459,3.2060429139016833,0.75,17.3514049624697
22910890927,16,800.0,850.0,50.0,784.4430214569508,787.3476266628353,785.7793934825064,0.7857793934825064,5.809210411769072,0.8,20.256010168354237
22910890927,17,850.0,900.0,50.0,787.3476266628353,790.0520665429883,788.7928639102751,0.788792863910275,5.408879760306036,0.85,22.960450048507255
22910890927,18,900.0,950.0,50.0,790.0520665429883,791.76,790.9701045183134,0.7909701045183134,3.415866914023354,0.9,24.668383505518932
22910890927,19,950.0,1000.0,50.0,791.76,791.1491948308604,791.6463809332655,0.7916463809332656,-1.2216103382791061,0.95,24.668383505518932
22910890927,20,1000.0,1050.0,50.0,791.1491948308604,790.94449516441,790.8317449098453,0.7908317449098453,-0.4093993329008754,1.0,24.668383505518932
22910890927,21,1050.0,1100.0,50.0,790.94449516441,791.9937317360875,791.7197320156325,0.7917197320156325,2.0984731433550223,1.05,25.717620077196443
22910890927,22,1100.0,1150.0,50.0,791.9937317360875,788.6895400854194,790.5039414849401,0.7905039414849401,-6.608383301336289,1.1,25.717620077196443
22910890927,23,1150.0,1200.0,50.0,788.6895400854194,785.4237244453858,786.9141242880991,0.786914124288099,-6.531631280067131,1.15,25.717620077196443
22910890927,24,1200.0,1250.0,50.0,785.4237244453858,782.8850017425831,784.2160852055086,0.7842160852055087,-5.077445405605431,1.2,25.717620077196443
22910890927,25,1250.0,1300.0,50.0,782.8850017425831,781.0461599546228,781.8407762872636,0.7818407762872636,-3.6776835759205824,1.25,25.717620077196443
22910890927,26,1300.0,1350.0,50.0,781.0461599546228,779.3734239455704,780.1954285105304,0.7801954285105304,-3.3454720181048287,1.3,25.717620077196443
22910890927,27,1350.0,1400.0,50.0,779.3734239455704,777.1644450922441,778.3988118437618,0.7783988118437618,-4.417957706652487,1.35,25.717620077196443
22910890927,28,1400.0,1450.0,50.0,777.1644450922441,774.6320000000001,775.7160248516702,0.7757160248516702,-5.064890184488149,1.4,25.717620077196443
22910890927,29,1450.0,1500.0,50.0,774.6320000000001,777.4390371154611,775.6223504951168,0.7756223504951169,5.614074230922142,1.45,28.524657192657514
22910890927,30,1500.0,1550.0,50.0,777.4390371154611,783.8802373962658,780.7134108402946,0.7807134108402947,12.882400561609302,1.5,34.965857473462165
22910890927,31,1550.0,1600.0,50.0,783.8802373962658,786.3154545454546,785.3947556005578,0.7853947556005578,4.870434298377631,1.55,37.40107462265098
22910890927,32,1600.0,1650.0,50.0,786.3154545454546,785.9408383233533,786.1498248956632,0.7861498248956632,-0.749232444202562,1.6,37.40107462265098
22910890927,33,1650.0,1700.0,50.0,785.9408383233533,788.6194534503153,786.9601989547791,0.7869601989547791,5.3572302539239445,1.65,40.07968974961295
22910890927,34,1700.0,1750.0,50.0,788.6194534503153,792.7136549530285,790.6770618466295,0.7906770618466294,8.18840300542638,1.7,44.17389125232614
22910890927,35,1750.0,1800.0,50.0,792.7136549530285,798.0857982030368,795.296987317005,0.795296987317005,10.744286500016642,1.75,49.546034502334464
22910890927,36,1800.0,1850.0,50.0,798.0857982030368,803.6032089405921,801.2441891149688,0.8012441891149688,11.034821475110675,1.8,55.0634452398898
22910890927,37,1850.0,1900.0,50.0,803.6032089405921,799.9709243493633,802.1076590956895,0.8021076590956896,-7.2645691824577625,1.85,55.0634452398898
22910890927,38,1900.0,1950.0,50.0,799.9709243493633,796.6599585921325,798.1849351617149,0.7981849351617148,-6.621931514461494,1.9,55.0634452398898
22910890927,39,1950.0,2000.0,50.0,796.6599585921325,793.675850458931,795.3042247682475,0.7953042247682476,-5.968216266403033,1.95,55.0634452398898
22910890927,40,2000.0,2050.0,50.0,793.675850458931,789.0781322223742,791.4476931926206,0.7914476931926205,-9.19543647311366,2.0,55.0634452398898
22910890927,41,2050.0,2100.0,50.0,789.0781322223742,783.0031359785617,786.0504184690229,0.7860504184690229,-12.149992487625013,2.05,55.0634452398898
22910890927,42,2100.0,2150.0,50.0,783.0031359785617,778.467812260005,780.6639086271052,0.7806639086271052,-9.070647437113394,2.1,55.0634452398898
22910890927,43,2150.0,2200.0,50.0,778.467812260005,772.679379403865,775.6631843759639,0.7756631843759638,-11.576865712279869,2.15,55.0634452398898
22910890927,44,2200.0,2250.0,50.0,772.679379403865,769.5406448575102,770.8415051162746,0.7708415051162746,-6.27746909270968,2.2,55.0634452398898
22910890927,45,2250.0,2300.0,50.0,769.5406448575102,767.0204396251364,768.3815788735268,0.7683815788735268,-5.040410464747538,2.25,55.0634452398898
22910890927,46,2300.0,2350.0,50.0,767.0204396251364,763.6638331549414,765.2666377350341,0.7652666377350341,-6.713212940390122,2.3,55.0634452398898
22910890927,47,2350.0,2400.0,50.0,763.6638331549414,762.08,762.7659360167796,0.7627659360167797,-3.167666309882634,2.35,55.0634452398898
22910890927,48,2400.0,2450.0,50.0,762.08,761.6392493577741,761.8996508033265,0.7618996508033264,-0.8815012844518151,2.4,55.0634452398898
22910890927,49,2450.0,2500.0,50.0,761.6392493577741,757.3289855725735,759.7604866046063,0.7597604866046063,-8.620527570401237,2.45,55.0634452398898
22910890927,50,2500.0,2550.0,50.0,757.3289855725735,751.8834748739919,754.5814122646849,0.7545814122646849,-10.891021397163286,2.5,55.0634452398898
22910890927,51,2550.0,2600.0,50.0,751.8834748739919,748.4051999999999,749.9511601317221,0.749951160131722,-6.9565497479839,2.55,55.0634452398898
22910890927,52,2600.0,2650.0,50.0,748.4051999999999,747.2516859730009,747.6848694849233,0.7476848694849233,-2.3070280539980104,2.6,55.0634452398898
22910890927,53,2650.0,2700.0,50.0,747.2516859730009,748.1092424242424,747.5620518416132,0.7475620518416132,1.7151129024830425,2.65,55.92100169113132
22910890927,54,2700.0,2750.0,50.0,748.1092424242424,749.8971936278139,748.9696582565962,0.7489696582565962,3.5759024071428485,2.7,57.70895289470275
22910890927,55,2750.0,2800.0,50.0,749.8971936278139,751.3280608365019,750.6777829995926,0.7506777829995926,2.8617344173760557,2.75,59.139820103390775
22910890927,56,2800.0,2850.0,50.0,751.3280608365019,751.0658795042426,751.36454770419,0.75136454770419,-0.5243626645185486,2.8,59.139820103390775
22910890927,57,2850.0,2900.0,50.0,751.0658795042426,749.2159364555395,750.1213351612055,0.7501213351612055,-3.6998860974063064,2.85,59.139820103390775
22910890927,58,2900.0,2950.0,50.0,749.2159364555395,748.7243995187176,749.0512183228306,0.7490512183228305,-0.9830738736436615,2.9,59.139820103390775
22910890927,59,2950.0,3000.0,50.0,748.7243995187176,747.4344525547446,747.9156941798132,0.7479156941798132,-2.5798939279461592,2.95,59.139820103390775
22910890927,60,3000.0,3050.0,50.0,747.4344525547446,748.5421176280566,747.7870637709888,0.7477870637709888,2.215330146624183,3.0,60.24748517670287
22910890927,61,3050.0,3100.0,50.0,748.5421176280566,750.8062174286965,749.8506541648595,0.7498506541648595,4.528199601279766,3.05,62.51158497734275
22910890927,62,3100.0,3150.0,50.0,750.8062174286965,750.9692759426092,750.9202001995228,0.7509202001995228,0.32611702782537577,3.1,62.67464349125544
22910890927,63,3150.0,3200.0,50.0,750.9692759426092,749.2745615674214,750.35068939562,0.75035068939562,-3.3894287503756004,3.15,62.67464349125544
22910890927,64,3200.0,3250.0,50.0,749.2745615674214,745.4870566693177,747.4889615604264,0.7474889615604264,-7.575009796207496,3.2,62.67464349125544
22910890927,65,3250.0,3300.0,50.0,745.4870566693177,742.433866864114,743.4063298321879,0.7434063298321879,-6.10637961040743,3.25,62.67464349125544
22910890927,66,3300.0,3350.0,50.0,742.433866864114,748.9416687849872,745.4268011990057,0.7454268011990057,13.015603841746497,3.3,69.18244541212869
22910890927,67,3350.0,3400.0,50.0,748.9416687849872,755.2938277833279,752.224188013361,0.752224188013361,12.704317996681311,3.35,75.53460441046934
22910890927,68,3400.0,3450.0,50.0,755.2938277833279,760.0933233699501,757.896070377923,0.7578960703779231,9.598991173244485,3.4,80.33409999709158
22910890927,69,3450.0,3500.0,50.0,760.0933233699501,763.5010413439023,761.695998170593,0.7616959981705931,6.8154359479044615,3.45,83.74181797104382
22910890927,70,3500.0,3550.0,50.0,763.5010413439023,768.3632743149408,765.846000188223,0.765846000188223,9.724465942076904,3.5,88.60405094208227
22910890927,71,3550.0,3600.0,50.0,768.3632743149408,773.7220178119717,771.1043583678887,0.7711043583678887,10.717486994061801,3.55,93.96279443911317
22910890927,72,3600.0,3650.0,50.0,773.7220178119717,777.6107558426753,775.8787377833851,0.7758787377833851,7.777476061407242,3.6,97.85153246981679
22910890927,73,3650.0,3700.0,50.0,777.6107558426753,776.6111107160846,777.4357317964458,0.7774357317964458,-1.9992902531814707,3.65,97.85153246981679
22910890927,74,3700.0,3750.0,50.0,776.6111107160846,775.6372051218777,775.7305829665471,0.7757305829665471,-1.9478111884136524,3.7,97.85153246981679
22910890927,75,3750.0,3800.0,50.0,775.6372051218777,777.9517714285714,777.0153225374703,0.7770153225374703,4.629132613387355,3.75,100.16609877651047
22910890927,76,3800.0,3850.0,50.0,777.9517714285714,778.2167443609022,777.9508441102757,0.7779508441102757,0.5299458646616131,3.8,100.43107170884127
22910890927,77,3850.0,3900.0,50.0,778.2167443609022,777.329022224984,778.0576001781313,0.7780576001781313,-1.7754442718364771,3.85,100.43107170884127
22910890927,78,3900.0,3950.0,50.0,777.329022224984,774.0168479969633,775.7193006390667,0.7757193006390667,-6.624348456041389,3.9,100.43107170884127
22910890927,79,3950.0,4000.0,50.0,774.0168479969633,771.5257857142858,772.5182482268043,0.7725182482268043,-4.9821245653549795,3.95,100.43107170884127
22910890927,80,4000.0,4050.0,50.0,771.5257857142858,772.2427303754266,771.8414907768569,0.7718414907768568,1.4338893222816296,4.0,101.14801636998209
22910890927,81,4050.0,4100.0,50.0,772.2427303754266,775.177094017094,773.5417055122856,0.7735417055122856,5.868727283334692,4.05,104.08238001164943
22910890927,82,4100.0,4150.0,50.0,775.177094017094,776.0403846153847,775.7779202279203,0.7757779202279202,1.726581196581492,4.1,104.94567060994018
22910890927,83,4150.0,4200.0,50.0,776.0403846153847,776.729827586207,776.381651193634,0.776381651193634,1.378885941644512,4.15,105.63511358076244
22910890927,84,4200.0,4250.0,50.0,776.729827586207,778.0481251676944,777.3235210804613,0.7773235210804613,2.6365951629747997,4.2,106.95341116224984
22910890927,85,4250.0,4300.0,50.0,778.0481251676944,779.6235675675676,778.8701699461955,0.7788701699461955,3.1508847997465637,4.25,108.52885356212312
22910890927,86,4300.0,4350.0,50.0,779.6235675675676,781.8489174445658,780.7379674879656,0.7807379674879656,4.450699753996332,4.3,110.75420343912128
22910890927,87,4350.0,4400.0,50.0,781.8489174445658,785.8217697454031,783.4724329479981,0.7834724329479981,7.945704601674606,4.35,114.72705573995859
22910890927,88,4400.0,4450.0,50.0,785.8217697454031,789.3444835371031,787.9096622272713,0.7879096622272713,7.045427583399942,4.4,118.24976953165856
22910890927,89,4450.0,4500.0,50.0,789.3444835371031,789.6629268292683,789.6338533945337,0.7896338533945337,0.6368865843303411,4.45,118.56821282382373
22910890927,90,4500.0,4550.0,50.0,789.6629268292683,789.52,789.5771544715448,0.7895771544715448,-0.28585365853655276,4.5,118.56821282382373
22910890927,91,4550.0,4600.0,50.0,789.52,789.3382740948282,789.2793599367366,0.7892793599367366,-0.36345181034357665,4.55,118.56821282382373
22910890927,92,4600.0,4650.0,50.0,789.3382740948282,794.8497710807198,791.6197515956043,0.7916197515956043,11.022993971783308,4.6,124.07970980971538
22910890927,93,4650.0,4700.0,50.0,794.8497710807198,800.540055170013,798.3843843905794,0.7983843843905793,11.380568178586373,4.65,129.76999389900857
22910890927,94,4700.0,4750.0,50.0,800.540055170013,800.5932046332048,800.3487228267592,0.8003487228267592,0.10629892638348792,4.7,129.8231433622003
22910890927,95,4750.0,4800.0,50.0,800.5932046332048,795.6059663284786,798.8410392289597,0.7988410392289598,-9.974476609452267,4.75,129.8231433622003
22910890927,96,4800.0,4850.0,50.0,795.6059663284786,789.6120307659529,792.142317437124,0.792142317437124,-11.98787112505147,4.8,129.8231433622003
22910890927,97,4850.0,4900.0,50.0,789.6120307659529,789.76,789.543726657434,0.789543726657434,0.2959384680941639,4.85,129.9711125962474
22910890927,98,4900.0,4950.0,50.0,789.76,790.0819123505976,789.8946082337317,0.7898946082337317,0.6438247011951717,4.9,130.29302494684498
22910890927,99,4950.0,5000.0,50.0,790.0819123505976,789.8148883898191,790.0839687418829,0.7900839687418829,-0.5340479215569758,4.95,130.29302494684498
22910890927,100,5000.0,5050.0,50.0,789.8148883898191,785.9465390222142,788.2003110689096,0.7882003110689096,-7.736698735209757,5.0,130.29302494684498
22910890927,101,5050.0,5100.0,50.0,785.9465390222142,781.9920364309603,783.6909101708857,0.7836909101708857,-7.909005182507826,5.05,130.29302494684498
22910890927,102,5100.0,5150.0,50.0,781.9920364309603,779.6826044277361,780.7739057420354,0.7807739057420353,-4.618864006448348,5.1,130.29302494684498
22910890927,103,5150.0,5200.0,50.0,779.6826044277361,782.1008827586207,780.5064990320631,0.780506499032063,4.836556661769237,5.15,132.7113032777296
22910890927,104,5200.0,5250.0,50.0,782.1008827586207,785.9950812949413,784.0747733152116,0.7840747733152116,7.788397072641146,5.2,136.60550181405017
22910890927,105,5250.0,5300.0,50.0,785.9950812949413,790.8064419748601,788.4458383635401,0.7884458383635401,9.62272135983767,5.25,141.416862493969
22910890927,106,5300.0,5350.0,50.0,790.8064419748601,795.6629023188658,793.035710630298,0.793035710630298,9.712920688011309,5.3,146.27332283797466
22910890927,107,5350.0,5400.0,50.0,795.6629023188658,800.0597285067873,798.2532040923801,0.7982532040923801,8.793652375843067,5.35,150.6701490258962
22910890927,108,5400.0,5450.0,50.0,800.0597285067873,801.8942233842808,800.7574496490957,0.8007574496490958,3.668989754987024,5.4,152.5046439033897
22910890927,109,5450.0,5500.0,50.0,801.8942233842808,807.6802371379515,804.6206077893477,0.8046206077893476,11.572027507341318,5.45,158.29065765706036
22910890927,110,5500.0,5550.0,50.0,807.6802371379515,814.6226042396726,811.0624316485296,0.8110624316485295,13.884734203442122,5.5,165.23302475878143
22910890927,111,5550.0,5600.0,50.0,814.6226042396726,819.6342531518745,817.5488238495694,0.8175488238495694,10.023297824403926,5.55,170.2446736709834
22910890927,112,5600.0,5650.0,50.0,819.6342531518745,821.8683460115193,820.6491468122014,0.8206491468122014,4.468185719289522,5.6,172.47876653062815
22910890927,113,5650.0,5700.0,50.0,821.8683460115193,825.1906192616163,823.5727332324024,0.8235727332324023,6.64454650019411,5.65,175.8010397807252
22910890927,114,5700.0,5750.0,50.0,825.1906192616163,823.566625748276,824.6109186150547,0.8246109186150548,-3.2479870266806756,5.7,175.8010397807252
22910890927,115,5750.0,5800.0,50.0,823.566625748276,822.6725809092868,823.2136254651126,0.8232136254651126,-1.7880896779784052,5.75,175.8010397807252
22910890927,116,5800.0,5850.0,50.0,822.6725809092868,817.9005761894554,820.5215291502401,0.8205215291502401,-9.544009439662887,5.8,175.8010397807252
22910890927,117,5850.0,5900.0,50.0,817.9005761894554,811.4317812685616,814.7010419366346,0.8147010419366346,-12.937589841787485,5.85,175.8010397807252
22910890927,118,5900.0,5950.0,50.0,811.4317812685616,806.5797409828131,808.826489951593,0.808826489951593,-9.704080571497116,5.9,175.8010397807252
22910890927,119,5950.0,6000.0,50.0,806.5797409828131,802.4251640979393,804.5318467186106,0.8045318467186106,-8.309153769747581,5.95,175.8010397807252
22910890927,120,6000.0,6050.0,50.0,802.4251640979393,804.0604666317657,802.640559167715,0.8026405591677149,3.270605067652923,6.0,177.43634231455167
22910890927,121,6050.0,6100.0,50.0,804.0604666317657,808.3502281001731,806.199165669063,0.8061991656690629,8.579522936814783,6.05,181.72610378295906
22910890927,122,6100.0,6150.0,50.0,808.3502281001731,814.660926598546,811.3819012882176,0.8113819012882176,12.621396996745716,6.1,188.03680228133192
22910890927,123,6150.0,6200.0,50.0,814.660926598546,820.3755417248212,817.6435531936278,0.8176435531936278,11.429230252550497,6.15,193.75141740760716
22910890927,124,6200.0,6250.0,50.0,820.3755417248212,823.0711864406779,822.0361703464546,0.8220361703464546,5.391289431713403,6.2,196.44706212346387
22910890927,125,6250.0,6300.0,50.0,823.0711864406779,825.0467590172499,823.7536024995953,0.8237536024995953,3.951145153143898,6.25,198.42263470003581
22910890927,126,6300.0,6350.0,50.0,825.0467590172499,828.9552596661899,827.1452322013457,0.8271452322013457,7.817001297880097,6.3,202.33113534897586
22910890927,127,6350.0,6400.0,50.0,828.9552596661899,831.8650312461137,830.4634985492811,0.8304634985492811,5.819543159847626,6.35,205.24090692889968
22910890927,128,6400.0,6450.0,50.0,831.8650312461137,832.4614159292036,832.2329587672269,0.8322329587672269,1.1927693661796184,6.4,205.83729161198949
22910890927,129,6450.0,6500.0,50.0,832.4614159292036,834.2495201986006,833.2776639578084,0.8332776639578083,3.5762085387941625,6.45,207.62539588138657
22910890927,130,6500.0,6550.0,50.0,834.2495201986006,835.36,834.8687588956592,0.8348687588956591,2.2209596027987573,6.5,208.73587568278595
22910890927,131,6550.0,6600.0,50.0,835.36,836.1275229357798,835.7958409785933,0.8357958409785934,1.5350458715595323,6.55,209.5033986185657
22910890927,132,6600.0,6650.0,50.0,836.1275229357798,836.2781034482759,836.2301014974165,0.8362301014974165,0.3011610249923251,6.6,209.65397913106187
22910890927,133,6650.0,6700.0,50.0,836.2781034482759,835.4700421940928,835.9696979727437,0.8359696979727437,-1.6161225083662885,6.65,209.65397913106187
22910890927,134,6700.0,6750.0,50.0,835.4700421940928,833.7490163934426,834.6163669272095,0.8346163669272094,-3.4420516013003635,6.7,209.65397913106187
22910890927,135,6750.0,6800.0,50.0,833.7490163934426,832.0906944444445,832.8846914845172,0.8328846914845173,-3.3166438979963004,6.75,209.65397913106187
22910890927,136,6800.0,6850.0,50.0,832.0906944444445,831.0337055837565,831.5642981528482,0.8315642981528482,-2.1139777213759317,6.8,209.65397913106187
22910890927,137,6850.0,6900.0,50.0,831.0337055837565,829.5922330097088,830.2816154945543,0.8302816154945544,-2.8829451480953594,6.85,209.65397913106187
22910890927,138,6900.0,6950.0,50.0,829.5922330097088,829.0657119995994,829.3537714329781,0.8293537714329781,-1.0530420202187543,6.9,209.65397913106187
22910890927,139,6950.0,7000.0,50.0,829.0657119995994,827.8255445544555,828.432494253058,0.8284324942530581,-2.4803348902878497,6.95,209.65397913106187
22910890927,140,7000.0,7050.0,50.0,827.8255445544555,826.4388983794266,827.0554412947645,0.8270554412947645,-2.7732923500577726,7.0,209.65397913106187
22910890927,141,7050.0,7100.0,50.0,826.4388983794266,827.7948816326531,827.1228337264082,0.8271228337264082,2.7119665064528817,7.05,211.00996238428831
22910890927,142,7100.0,7150.0,50.0,827.7948816326531,828.7154182149109,828.0961465274485,0.8280961465274485,1.841073164515592,7.1,211.9304989665461
22910890927,143,7150.0,7200.0,50.0,828.7154182149109,832.4531160880931,830.3038617532903,0.8303038617532903,7.475395746364484,7.15,215.66819683972835
22910890927,144,7200.0,7250.0,50.0,832.4531160880931,840.479425311042,836.4326122082181,0.8364326122082181,16.05261844589768,7.2,223.6945060626772
22910890927,145,7250.0,7300.0,50.0,840.479425311042,844.5468478434616,842.9371293728544,0.8429371293728545,8.134845064839283,7.25,227.76192859509683
22910890927,146,7300.0,7350.0,50.0,844.5468478434616,846.6138449947775,845.4751807428023,0.8454751807428023,4.133994302631891,7.3,229.82892574641278
22910890927,147,7350.0,7400.0,50.0,846.6138449947775,848.0903100836988,847.4146928375499,0.8474146928375499,2.952930177842518,7.35,231.30539083533404
22910890927,148,7400.0,7450.0,50.0,848.0903100836988,848.709574468085,848.4765191777686,0.8484765191777687,1.238528768772312,7.4,231.9246552197202
22910890927,149,7450.0,7500.0,50.0,848.709574468085,850.4535408938888,849.490777258819,0.8494907772588189,3.4879328516076384,7.45,233.668621645524
22910890927,150,7500.0,7550.0,50.0,850.4535408938888,852.5534137566137,851.2728786037366,0.8512728786037366,4.1997457254499295,7.5,235.76849450824898
22910890927,151,7550.0,7600.0,50.0,852.5534137566137,857.9515151515152,855.4544904922237,0.8554544904922238,10.79620278980292,7.55,241.16659590315044
22910890927,152,7600.0,7650.0,50.0,857.9515151515152,859.1446530612244,858.5426947021233,0.8585426947021233,2.3862758194184153,7.6,242.35973381285964
22910890927,153,7650.0,7700.0,50.0,859.1446530612244,863.0817840888164,860.8408974001012,0.8608408974001012,7.87426205518409,7.65,246.2968648404517
22910890927,154,7700.0,7750.0,50.0,863.0817840888164,869.369512358194,866.1372821596266,0.8661372821596266,12.575456538755134,7.7,252.58459310982926
22910890927,155,7750.0,7800.0,50.0,869.369512358194,875.5260303416987,872.5333546654743,0.8725333546654743,12.313035967009455,7.75,258.741111093334
22910890927,156,7800.0,7850.0,50.0,875.5260303416987,879.106733680567,877.6960469318869,0.877696046931887,7.161406677736522,7.8,262.32181443220225
22910890927,157,7850.0,7900.0,50.0,879.106733680567,881.1379078801695,879.86054852897,0.87986054852897,4.062348399204893,7.85,264.3529886318047
22910890927,158,7900.0,7950.0,50.0,881.1379078801695,884.8638974527537,883.1039016344403,0.8831039016344403,7.45197914516848,7.9,268.07897820438893
22910890927,159,7950.0,8000.0,50.0,884.8638974527537,887.8446222222223,886.4115638845724,0.8864115638845724,5.961449538937131,7.95,271.0597029738575
22910890927,160,8000.0,8050.0,50.0,887.8446222222223,891.2525363030214,889.2082040285105,0.8892082040285105,6.815828161598347,8.0,274.46761705465667
22910890927,161,8050.0,8100.0,50.0,891.2525363030214,896.727619047619,894.4647851845638,0.8944647851845637,10.950165489195115,8.05,279.9426997992542
22910890927,162,8100.0,8150.0,50.0,896.727619047619,896.5200000000001,896.6279365079364,0.8966279365079364,-0.41523809523778255,8.1,279.9426997992542
22910890927,163,8150.0,8200.0,50.0,896.5200000000001,896.5600000000001,896.5066666666667,0.8965066666666667,0.07999999999992724,8.15,279.9826997992542
22910890927,164,8200.0,8250.0,50.0,896.5600000000001,898.1559596524246,897.0770319975817,0.8970770319975817,3.1919193048490797,8.2,281.57865945167873
22910890927,165,8250.0,8300.0,50.0,898.1559596524246,907.8845710307605,902.5557068996624,0.9025557068996624,19.457222756671854,8.25,291.30727083001466
22910890927,166,8300.0,8350.0,50.0,907.8845710307605,920.2884209014437,913.8967077063303,0.9138967077063302,24.807699741366378,8.3,303.71112070069785
22910890927,167,8350.0,8400.0,50.0,920.2884209014437,934.3132886993969,927.2752142690248,0.9272752142690248,28.04973559590644,8.35,317.73598849865107
22910890927,168,8400.0,8450.0,50.0,934.3132886993969,944.9941438549789,940.3927104654184,0.9403927104654184,21.36171031116396,8.4,328.41684365423305
22910890927,169,8450.0,8500.0,50.0,944.9941438549789,947.7393220112226,946.3547853388901,0.9463547853388901,5.490356312487393,8.45,331.16202181047674
22910890927,170,8500.0,8550.0,50.0,947.7393220112226,951.3891213663273,949.6816558907235,0.9496816558907235,7.299598710209466,8.5,334.8118211655815
22910890927,171,8550.0,8600.0,50.0,951.3891213663273,952.9818103129267,952.2733480894332,0.9522733480894332,3.18537789319862,8.55,336.4045101121808
22910890927,172,8600.0,8650.0,50.0,952.9818103129267,952.3013765051321,952.8684031950887,0.9528684031950887,-1.3608676155890862,8.6,336.4045101121808
22910890927,173,8650.0,8700.0,50.0,952.3013765051321,950.6271681643133,951.3017504396698,0.9513017504396698,-3.348416681637673,8.65,336.4045101121808
22910890927,174,8700.0,8750.0,50.0,950.6271681643133,951.334765866148,950.8650296985548,0.9508650296985548,1.415195403669486,8.7,337.11210781401553
22910890927,175,8750.0,8800.0,50.0,951.334765866148,954.151235437204,952.7124466910876,0.9527124466910876,5.632939142112036,8.75,339.92857738507155
22910890927,176,8800.0,8850.0,50.0,954.151235437204,954.9743124564372,954.673340248165,0.954673340248165,1.6461540384664204,8.8,340.75165440430476
22910890927,177,8850.0,8900.0,50.0,954.9743124564372,955.910367832493,955.4088006942469,0.9554088006942469,1.872110752111439,8.85,341.6877097803605
22910890927,178,8900.0,8950.0,50.0,955.910367832493,956.1600000000001,956.0889324673311,0.9560889324673311,0.4992643350142316,8.9,341.9373419478676
22910890927,179,8950.0,9000.0,50.0,956.1600000000001,956.5654181363903,956.3408434989223,0.9563408434989222,0.8108362727805343,8.95,342.34276008425786
22910890927,180,9000.0,9050.0,50.0,956.5654181363903,957.6,957.051241304135,0.957051241304135,2.0691637272193475,9.0,343.37734194786754
22910890927,181,9050.0,9100.0,50.0,957.6,958.3168925096892,958.0349568931424,0.9580349568931424,1.4337850193783197,9.05,344.0942344575567
22910890927,182,9100.0,9150.0,50.0,958.3168925096892,957.2,957.8686022832134,0.9578686022832134,-2.2337850193782742,9.1,344.0942344575567
22910890927,183,9150.0,9200.0,50.0,957.2,954.5532483916859,955.9823573426353,0.9559823573426353,-5.293503216628324,9.15,344.0942344575567
22910890927,184,9200.0,9250.0,50.0,954.5532483916859,950.7287670143814,952.6777182530919,0.9526777182530919,-7.648962754608874,9.2,344.0942344575567
22910890927,185,9250.0,9300.0,50.0,950.7287670143814,947.1700509347827,948.8871894103455,0.9488871894103456,-7.117432159197506,9.25,344.0942344575567
22910890927,186,9300.0,9350.0,50.0,947.1700509347827,944.9599999999998,945.9114680014437,0.9459114680014438,-4.4201018695657694,9.3,344.0942344575567
22910890927,187,9350.0,9400.0,50.0,944.9599999999998,944.4132033008252,944.7303865966492,0.9447303865966492,-1.093593398349185,9.35,344.0942344575567
22910890927,188,9400.0,9450.0,50.0,944.4132033008252,942.2682568845512,943.5069908755363,0.9435069908755364,-4.289892832548048,9.4,344.0942344575567
22910890927,189,9450.0,9500.0,50.0,942.2682568845512,935.9144637123132,939.4013357678059,0.9394013357678059,-12.707586344475885,9.45,344.0942344575567
22910890927,190,9500.0,9550.0,50.0,935.9144637123132,932.6648381099715,933.2210207012404,0.9332210207012404,-6.49925120468356,9.5,344.0942344575567
22910890927,191,9550.0,9600.0,50.0,932.6648381099715,941.2904829280003,936.927587973296,0.936927587973296,17.251289636057663,9.55,352.7198792755855
22910890927,192,9600.0,9650.0,50.0,941.2904829280003,947.3934307124833,944.6084732817475,0.9446084732817475,12.20589556896607,9.6,358.82282706006856
22910890927,193,9650.0,9700.0,50.0,947.3934307124833,951.6505301552324,949.4980959649671,0.949498095964967,8.514198885498217,9.65,363.07992650281767
22910890927,194,9700.0,9750.0,50.0,951.6505301552324,958.3628703379103,954.8096490941098,0.9548096490941098,13.424680365355698,9.7,369.7922666854955
22910890927,195,9750.0,9800.0,50.0,958.3628703379103,967.2427962482716,962.6550205148204,0.9626550205148204,17.759851820722588,9.75,378.6721925958568
22910890927,196,9800.0,9850.0,50.0,967.2427962482716,963.5554075952698,967.8716261753071,0.9678716261753071,-7.37477730600358,9.8,378.6721925958568
22910890927,197,9850.0,9900.0,50.0,963.5554075952698,951.156631781547,955.8138976826791,0.9558138976826791,-24.7975516274455,9.85,378.6721925958568
22910890927,198,9900.0,9950.0,50.0,951.156631781547,946.8125862437507,949.1068400723589,0.9491068400723589,-8.688091075592638,9.9,378.6721925958568
22910890927,199,9950.0,10000.0,50.0,946.8125862437507,942.2469468402276,944.1529964127939,0.9441529964127938,-9.131278807046328,9.95,378.6721925958568
22910890927,200,10000.0,10050.0,50.0,942.2469468402276,941.8799999999999,942.088523737043,0.942088523737043,-0.7338936804553668,10.0,378.6721925958568
22910890927,201,10050.0,10100.0,50.0,941.8799999999999,940.996577540107,941.4188591800357,0.9414188591800358,-1.7668449197858536,10.05,378.6721925958568
22910890927,202,10100.0,10150.0,50.0,940.996577540107,941.8660596449154,941.2528059707934,0.9412528059707934,1.7389642096168245,10.1,379.5416747006652
22910890927,203,10150.0,10200.0,50.0,941.8660596449154,942.9172338149959,942.6389294051493,0.9426389294051493,2.102348340161143,10.15,380.5928488707458
22910890927,204,10200.0,10250.0,50.0,942.9172338149959,941.0591801373587,942.1453022723084,0.9421453022723084,-3.7161073552745165,10.2,380.5928488707458
22910890927,205,10250.0,10300.0,50.0,941.0591801373587,933.4589439685918,937.694987298241,0.937694987298241,-15.20047233753371,10.25,380.5928488707458
22910890927,206,10300.0,10350.0,50.0,933.4589439685918,922.2670097525406,927.9439774289746,0.9279439774289746,-22.383868432102418,10.3,380.5928488707458
22910890927,207,10350.0,10400.0,50.0,922.2670097525406,910.2174936200408,916.0851115434057,0.9160851115434057,-24.09903226499955,10.35,380.5928488707458
22910890927,208,10400.0,10450.0,50.0,910.2174936200408,904.3788678795511,907.0237291008633,0.9070237291008633,-11.677251480979521,10.4,380.5928488707458
22910890927,209,10450.0,10500.0,50.0,904.3788678795511,899.0838224493848,901.7961657407477,0.9017961657407477,-10.590090860332566,10.45,380.5928488707458
22910890927,210,10500.0,10550.0,50.0,899.0838224493848,896.5795419847329,897.4882725209105,0.8974882725209106,-5.008560929303712,10.5,380.5928488707458
22910890927,211,10550.0,10600.0,50.0,896.5795419847329,895.8619310344827,896.2142225146969,0.8962142225146968,-1.4352219005004372,10.55,380.5928488707458
22910890927,212,10600.0,10650.0,50.0,895.8619310344827,894.7853164556961,895.3794043358067,0.8953794043358068,-2.1532291575731506,10.6,380.5928488707458
22910890927,213,10650.0,10700.0,50.0,894.7853164556961,893.8630303030302,894.2560695563228,0.8942560695563229,-1.8445723053318943,10.65,380.5928488707458
22910890927,214,10700.0,10750.0,50.0,893.8630303030302,893.4800000000001,893.6771717171717,0.8936771717171718,-0.7660606060601367,10.7,380.5928488707458
22910890927,215,10750.0,10800.0,50.0,893.4800000000001,892.8799999999999,893.1466666666666,0.8931466666666666,-1.2000000000005002,10.75,380.5928488707458
22910890927,216,10800.0,10850.0,50.0,892.8799999999999,892.1600000000001,892.54,0.89254,-1.4399999999995998,10.8,380.5928488707458
22910890927,217,10850.0,10900.0,50.0,892.1600000000001,891.106,891.6819999999999,0.8916819999999999,-2.1080000000001746,10.85,380.5928488707458
22910890927,218,10900.0,10950.0,50.0,891.106,890.4006753853093,890.6871571919959,0.8906871571919959,-1.4106492293813062,10.9,380.5928488707458
22910890927,219,10950.0,11000.0,50.0,890.4006753853093,889.3715068493151,889.9927693348659,0.8899927693348659,-2.0583370719884897,10.95,380.5928488707458
22910890927,220,11000.0,11050.0,50.0,889.3715068493151,888.04,888.6162557077627,0.8886162557077627,-2.663013698630266,11.0,380.5928488707458
22910890927,221,11050.0,11100.0,50.0,888.04,887.2884289092168,887.6925299943474,0.8876925299943474,-1.503142181566318,11.05,380.5928488707458
22910890927,222,11100.0,11150.0,50.0,887.2884289092168,883.0355101850998,885.4885174906268,0.8854885174906268,-8.505837448233933,11.1,380.5928488707458
22910890927,223,11150.0,11200.0,50.0,883.0355101850998,880.4555836160762,881.4428986050401,0.8814428986050401,-5.1598531380473105,11.15,380.5928488707458
22910890927,224,11200.0,11250.0,50.0,880.4555836160762,879.4669306930693,879.9180188646028,0.8799180188646027,-1.977305846013678,11.2,380.5928488707458
22910890927,225,11250.0,11300.0,50.0,879.4669306930693,877.0177236787349,878.5217723994621,0.878521772399462,-4.898414028668867,11.25,380.5928488707458
22910890927,226,11300.0,11350.0,50.0,877.0177236787349,873.6667274842064,875.1208043292686,0.8751208043292686,-6.701992389057068,11.3,380.5928488707458
22910890927,227,11350.0,11400.0,50.0,873.6667274842064,871.8891782412982,872.8100774100621,0.8728100774100621,-3.5550984858164156,11.35,380.5928488707458
22910890927,228,11400.0,11450.0,50.0,871.8891782412982,870.041596377725,870.9596257709964,0.8709596257709964,-3.695163727146337,11.4,380.5928488707458
22910890927,229,11450.0,11500.0,50.0,870.041596377725,868.0829139072848,869.0498625770907,0.8690498625770907,-3.9173649408803612,11.45,380.5928488707458
22910890927,230,11500.0,11550.0,50.0,868.0829139072848,866.0796999825573,867.0884128562842,0.8670884128562842,-4.006427849455122,11.5,380.5928488707458
22910890927,231,11550.0,11600.0,50.0,866.0796999825573,864.3848201585045,865.2047565883655,0.8652047565883655,-3.38975964810561,11.55,380.5928488707458
22910890927,232,11600.0,11650.0,50.0,864.3848201585045,862.8147967479674,863.6617008462708,0.8636617008462708,-3.1400468210740655,11.6,380.5928488707458
22910890927,233,11650.0,11700.0,50.0,862.8147967479674,860.6993744855966,861.6975934290207,0.8616975934290206,-4.230844524741542,11.65,380.5928488707458
22910890927,234,11700.0,11750.0,50.0,860.6993744855966,858.9431201958787,859.8629255347895,0.8598629255347895,-3.5125085794359165,11.7,380.5928488707458
22910890927,235,11750.0,11800.0,50.0,858.9431201958787,857.7055707762556,858.215431559073,0.858215431559073,-2.4750988392461295,11.75,380.5928488707458
22910890927,236,11800.0,11850.0,50.0,857.7055707762556,854.1821763629277,856.3025205116032,0.8563025205116033,-7.046788826655757,11.8,380.5928488707458
22910890927,237,11850.0,11900.0,50.0,854.1821763629277,852.0214946426388,852.846968897173,0.852846968897173,-4.321363440577898,11.85,380.5928488707458
22910890927,238,11900.0,11950.0,50.0,852.0214946426388,846.5936607782738,849.7285266310654,0.8497285266310654,-10.85566772872994,11.9,380.5928488707458
22910890927,239,11950.0,12000.0,50.0,846.5936607782738,841.2237288135593,843.4294702728021,0.843429470272802,-10.73986392942902,11.95,380.5928488707458
22910890927,240,12000.0,12050.0,50.0,841.2237288135593,839.7610289132601,840.5998909936856,0.8405998909936856,-2.9253998005983703,12.0,380.5928488707458
22910890927,241,12050.0,12100.0,50.0,839.7610289132601,835.2505647634822,837.4277485120605,0.8374277485120605,-9.020928299555862,12.05,380.5928488707458
22910890927,242,12100.0,12150.0,50.0,835.2505647634822,833.8230252100841,834.5204299816595,0.8345204299816595,-2.855079106796211,12.1,380.5928488707458
22910890927,243,12150.0,12200.0,50.0,833.8230252100841,831.4841128142243,832.9374177516501,0.8329374177516501,-4.677824791719559,12.15,380.5928488707458
22910890927,244,12200.0,12250.0,50.0,831.4841128142243,827.1200000000001,828.9771992642551,0.8289771992642551,-8.7282256284484,12.2,380.5928488707458
22910890927,245,12250.0,12300.0,50.0,827.1200000000001,826.245989220038,826.7062190868738,0.8267062190868738,-1.7480215599241546,12.25,380.5928488707458
22910890927,246,12300.0,12350.0,50.0,826.245989220038,825.7241726618704,825.927132243476,0.8259271322434759,-1.043633116335286,12.3,380.5928488707458
22910890927,247,12350.0,12400.0,50.0,825.7241726618704,825.11929614866,825.4637477929901,0.8254637477929901,-1.2097530264206853,12.35,380.5928488707458
22910890927,248,12400.0,12450.0,50.0,825.11929614866,824.6594009840097,824.8714812934526,0.8248714812934526,-0.9197903293006675,12.4,380.5928488707458
22910890927,249,12450.0,12500.0,50.0,824.6594009840097,824.04,824.3469452644525,0.8243469452644525,-1.2388019680195157,12.45,380.5928488707458
22910890927,250,12500.0,12550.0,50.0,824.04,823.3360617760618,823.6907078507079,0.8236907078507079,-1.4078764478763333,12.5,380.5928488707458
22910890927,251,12550.0,12600.0,50.0,823.3360617760618,822.8815973939796,823.1589993376723,0.8231589993376723,-0.9089287641643296,12.55,380.5928488707458
22910890927,252,12600.0,12650.0,50.0,822.8815973939796,821.54390625,822.162587398328,0.822162587398328,-2.675382287959337,12.6,380.5928488707458
22910890927,253,12650.0,12700.0,50.0,821.54390625,820.1439093545944,821.0544209552464,0.8210544209552464,-2.799993790811186,12.65,380.5928488707458
22910890927,254,12700.0,12750.0,50.0,820.1439093545944,816.6612961200497,818.3299001772447,0.8183299001772447,-6.96522646908943,12.7,380.5928488707458
22910890927,255,12750.0,12800.0,50.0,816.6612961200497,814.5730395522586,815.5895959891167,0.8155895959891166,-4.176513135582127,12.75,380.5928488707458
22910890927,256,12800.0,12850.0,50.0,814.5730395522586,812.2338171801935,813.4759159081456,0.8134759159081456,-4.678444744130275,12.8,380.5928488707458
22910890927,257,12850.0,12900.0,50.0,812.2338171801935,806.7166783295495,809.7670171902172,0.8097670171902172,-11.03427770128792,12.85,380.5928488707458
22910890927,258,12900.0,12950.0,50.0,806.7166783295495,798.8703539796105,802.7341976993401,0.8027341976993402,-15.692648699877964,12.9,380.5928488707458
22910890927,259,12950.0,13000.0,50.0,798.8703539796105,793.1607926165884,795.9520963828721,0.7959520963828721,-11.41912272604418,12.95,380.5928488707458
22910890927,260,13000.0,13050.0,50.0,793.1607926165884,787.2823676629728,790.146825087745,0.790146825087745,-11.756849907231299,13.0,380.5928488707458
22910890927,261,13050.0,13100.0,50.0,787.2823676629728,784.3874922600619,785.5953023692538,0.7855953023692538,-5.789750805821768,13.05,380.5928488707458
22910890927,262,13100.0,13150.0,50.0,784.3874922600619,782.9201438838863,783.8653542245447,0.7838653542245447,-2.934696752351101,13.1,380.5928488707458
22910890927,263,13150.0,13200.0,50.0,782.9201438838863,779.2293896778986,780.9676891511723,0.7809676891511723,-7.381508411975574,13.15,380.5928488707458
22910890927,264,13200.0,13250.0,50.0,779.2293896778986,775.5222155077989,777.4579222419266,0.7774579222419266,-7.41434834019924,13.2,380.5928488707458
22910890927,265,13250.0,13283.67,33.67000000000007,775.5222155077989,773.8870431608503,774.6475427761783,0.7746475427761783,-4.8564667269040385,13.25,380.5928488707458
22943992812,0,0.0,50.0,50.0,284.1742489270386,283.43999999999994,283.8197639484979,0.2838197639484979,-1.4684978540773272,0.0,0.0
22943992812,1,50.0,100.0,50.0,283.43999999999994,283.23093525179854,283.2984892086331,0.2832984892086331,-0.4181294964027984,0.05,0.0
22943992812,2,100.0,150.0,50.0,283.23093525179854,282.64,283.0124460431654,0.28301244604316544,-1.1818705035971107,0.1,0.0
22943992812,3,150.0,200.0,50.0,282.64,282.0400000000001,282.3,0.2823,-1.199999999999818,0.15,0.0
22943992812,4,200.0,250.0,50.0,282.0400000000001,281.71999999999997,281.86,0.28186,-0.6400000000002137,0.2,0.0
22943992812,5,250.0,300.0,50.0,281.71999999999997,281.25903083700445,281.5298384728341,0.28152983847283414,-0.9219383259910501,0.25,0.0
22943992812,6,300.0,350.0,50.0,281.25903083700445,280.04,280.675859030837,0.28067585903083697,-2.43806167400885,0.3,0.0
22943992812,7,350.0,400.0,50.0,280.04,278.67652892561983,279.39275482093666,0.2793927548209367,-2.726942148760372,0.35,0.0
22943992812,8,400.0,450.0,50.0,278.67652892561983,277.22032086310776,277.8005442228468,0.2778005442228468,-2.9124161250241514,0.4,0.0
22943992812,9,450.0,500.0,50.0,277.22032086310776,278.1281040599133,277.70484492442125,0.27770484492442127,1.8155663936111068,0.45,0.9077831968055534
22943992812,10,500.0,550.0,50.0,278.1281040599133,276.7086612440829,277.5570180054223,0.2775570180054223,-2.838885631660787,0.5,0.9077831968055534
22943992812,11,550.0,600.0,50.0,276.7086612440829,274.7113108614232,275.72744188314175,0.27572744188314174,-3.9947007653194078,0.55,0.9077831968055534
22943992812,12,600.0,650.0,50.0,274.7113108614232,272.8174182646844,273.6347124839513,0.2736347124839513,-3.787785193477589,0.6,0.9077831968055534
22943992812,13,650.0,700.0,50.0,272.8174182646844,272.88412698412696,272.8070913701749,0.2728070913701749,0.13341743888508972,0.65,0.9744919162480983
22943992812,14,700.0,750.0,50.0,272.88412698412696,273.11826771653546,273.0017747781527,0.2730017747781527,0.4682814648169824,0.7,1.2086326486565895
22943992812,15,750.0,800.0,50.0,273.11826771653546,272.6226356589147,272.9594349834178,0.2729594349834178,-0.9912641152415063,0.75,1.2086326486565895
22943992812,16,800.0,850.0,50.0,272.6226356589147,270.5638050683048,271.71640619810375,0.2717164061981038,-4.117661181219773,0.8,1.2086326486565895
22943992812,17,850.0,900.0,50.0,270.5638050683048,267.5268762173333,269.0798511178794,0.2690798511178794,-6.073857701942984,0.85,1.2086326486565895
22943992812,18,900.0,950.0,50.0,267.5268762173333,264.2625252525253,265.87067602509313,0.2658706760250931,-6.528701929616091,0.9,1.2086326486565895
22943992812,19,950.0,1000.0,50.0,264.2625252525253,261.31272790400146,262.7626649592096,0.2627626649592096,-5.8995946970476325,0.95,1.2086326486565895
22943992812,20,1000.0,1050.0,50.0,261.31272790400146,258.2521331974176,259.79558945350794,0.25979558945350795,-6.121189413167713,1.0,1.2086326486565895
22943992812,21,1050.0,1100.0,50.0,258.2521331974176,255.82936244979925,256.9697348832981,0.2569697348832981,-4.845541495236716,1.05,1.2086326486565895
22943992812,22,1100.0,1150.0,50.0,255.82936244979925,254.75534246575344,255.2244928687352,0.2552244928687352,-2.1480399680916094,1.1,1.2086326486565895
22943992812,23,1150.0,1200.0,50.0,254.75534246575344,254.74840985174555,254.6753775858266,0.2546753775858266,-0.013865228015788489,1.15,1.2086326486565895
22943992812,24,1200.0,1250.0,50.0,254.74840985174555,255.16088154269974,254.9382933449534,0.2549382933449534,0.8249433819083833,1.2,1.6211043396107812
22943992812,25,1250.0,1300.0,50.0,255.16088154269974,255.6347922437673,255.42306148872254,0.2554230614887225,0.947821402135105,1.25,2.0950150406783337
22943992812,26,1300.0,1350.0,50.0,255.6347922437673,255.83244147157188,255.74404842858772,0.2557440484285877,0.3952984556091792,1.3,2.2926642684829233
22943992812,27,1350.0,1400.0,50.0,255.83244147157188,255.51829333333336,255.72667175027868,0.2557266717502787,-0.6282962764770446,1.35,2.2926642684829233
22943992812,28,1400.0,1450.0,50.0,255.51829333333336,254.82377464788732,255.1831091079812,0.2551831091079812,-1.3890373708920833,1.4,2.2926642684829233
22943992812,29,1450.0,1500.0,50.0,254.82377464788732,253.71854407726602,254.2820869895959,0.2542820869895959,-2.210461141242604,1.45,2.2926642684829233
22943992812,30,1500.0,1550.0,50.0,253.71854407726602,253.12396782841824,253.35957581792476,0.2533595758179248,-1.1891524976955452,1.5,2.2926642684829233
22943992812,31,1550.0,1600.0,50.0,253.12396782841824,252.83999999999997,253.00732797140304,0.253007327971403,-0.5679356568365392,1.55,2.2926642684829233
22943992812,32,1600.0,1650.0,50.0,252.83999999999997,252.17301492537314,252.52433830845771,0.2525243383084577,-1.3339701492536733,1.6,2.2926642684829233
22943992812,33,1650.0,1700.0,50.0,252.17301492537314,251.67999999999998,251.90867661691541,0.2519086766169154,-0.9860298507463199,1.65,2.2926642684829233
22943992812,34,1700.0,1750.0,50.0,251.67999999999998,251.23878787878795,251.41313131313134,0.25141313131313137,-0.8824242424240651,1.7,2.2926642684829233
22943992812,35,1750.0,1800.0,50.0,251.23878787878795,251.4694797687861,251.3186430781807,0.2513186430781807,0.46138377999631075,1.75,2.5233561584810786
22943992812,36,1800.0,1850.0,50.0,251.4694797687861,252.18031347962383,251.83659774947,0.25183659774947,1.4216674216754654,1.8,3.2341898693188114
22943992812,37,1850.0,1900.0,50.0,252.18031347962383,252.87358356264903,252.4793068889414,0.25247930688894143,1.3865401660503949,1.85,3.927459952344009
22943992812,38,1900.0,1950.0,50.0,252.87358356264903,253.71999999999997,253.34115232679017,0.25334115232679016,1.6928328747018782,1.9,4.773876389694948
22943992812,39,1950.0,2000.0,50.0,253.71999999999997,254.23746825277317,253.95459519148721,0.2539545951914872,1.0349365055463977,1.95,5.291344642468147
22943992812,40,2000.0,2050.0,50.0,254.23746825277317,255.289756097561,254.75766980925343,0.2547576698092534,2.104575689575654,2.0,6.343632487255974
22943992812,41,2050.0,2100.0,50.0,255.289756097561,256.2338461538462,255.77649781113192,0.25577649781113193,1.8881801125703532,2.05,7.28772254354115
22943992812,42,2100.0,2150.0,50.0,256.2338461538462,257.15999999999997,256.69897435897434,0.2566989743589743,1.8523076923075905,2.1,8.213876389694946
22943992812,43,2150.0,2200.0,50.0,257.15999999999997,257.71999999999997,257.4733333333333,0.2574733333333333,1.1200000000000045,2.15,8.773876389694948
22943992812,44,2200.0,2250.0,50.0,257.71999999999997,257.7336363636363,257.7713636363636,0.2577713636363636,0.02727272727270247,2.2,8.787512753331299
22943992812,45,2250.0,2300.0,50.0,257.7336363636363,257.48,257.60227272727275,0.25760227272727276,-0.507272727272607,2.25,8.787512753331299
22943992812,46,2300.0,2350.0,50.0,257.48,257.35469026548674,257.4057817109144,0.25740578171091444,-0.2506194690265602,2.3,8.787512753331299
22943992812,47,2350.0,2400.0,50.0,257.35469026548674,257.52,257.38224188790565,0.25738224188790565,0.3306194690264874,2.35,8.952822487844543
22943992812,48,2400.0,2450.0,50.0,257.52,257.54605597964377,257.6130279898219,0.2576130279898219,0.05211195928757206,2.4,8.978878467488329
22943992812,49,2450.0,2500.0,50.0,257.54605597964377,257.6419901332093,257.5334661749627,0.2575334661749627,0.191868307131017,2.45,9.074812621053837
22943992812,50,2500.0,2550.0,50.0,257.6419901332093,257.9567407407407,257.79216923201903,0.25779216923201903,0.6295012150628736,2.5,9.389563228585274
22943992812,51,2550.0,2600.0,50.0,257.9567407407407,258.25703504043133,258.13464097700574,0.2581346409770057,0.6005885993812399,2.55,9.689857528275894
22943992812,52,2600.0,2650.0,50.0,258.25703504043133,258.04,258.1885175202156,0.2581885175202156,-0.4340700808626252,2.6,9.689857528275894
22943992812,53,2650.0,2700.0,50.0,258.04,257.37943444730075,257.7396229648671,0.25773962296486713,-1.3211311053985355,2.65,9.689857528275894
22943992812,54,2700.0,2750.0,50.0,257.37943444730075,256.62757683725647,257.006913944658,0.25700691394465797,-1.5037152200885657,2.7,9.689857528275894
22943992812,55,2750.0,2800.0,50.0,256.62757683725647,255.51832747271465,256.06990011551824,0.2560699001155182,-2.218498729083649,2.75,9.689857528275894
22943992812,56,2800.0,2850.0,50.0,255.51832747271465,254.8958209558985,255.1473095646751,0.25514730956467513,-1.24501303363229,2.8,9.689857528275894
22943992812,57,2850.0,2900.0,50.0,254.8958209558985,254.41184290030213,254.69394887370365,0.25469394887370367,-0.9679561111927342,2.85,9.689857528275894
22943992812,58,2900.0,2950.0,50.0,254.41184290030213,253.8,254.10197381671705,0.25410197381671706,-1.223685800604244,2.9,9.689857528275894
22943992812,59,2950.0,3000.0,50.0,253.8,253.23418707107794,253.52222726627403,0.25352222726627405,-1.131625857844142,2.95,9.689857528275894
22943992812,60,3000.0,3050.0,50.0,253.23418707107794,252.90068686449467,253.00426526236768,0.2530042652623677,-0.6670004131665337,3.0,9.689857528275894
22943992812,61,3050.0,3100.0,50.0,252.90068686449467,253.35999999999999,253.09504807359755,0.25309504807359756,0.9186262710106234,3.05,10.149170663781206
22943992812,62,3100.0,3150.0,50.0,253.35999999999999,253.87552795031056,253.62368530020703,0.253623685300207,1.0310559006211406,3.1,10.664698614091776
22943992812,63,3150.0,3200.0,50.0,253.87552795031056,254.65838727644035,254.23544488071457,0.2542354448807146,1.5657186522595907,3.15,11.447557940221571
22943992812,64,3200.0,3250.0,50.0,254.65838727644035,255.41591294558583,255.09204508846895,0.25509204508846894,1.5150513382909594,3.2,12.205083609367051
22943992812,65,3250.0,3300.0,50.0,255.41591294558583,255.98570015360983,255.66618070632555,0.2556661807063256,1.1395744160479921,3.25,12.774870817391047
22943992812,66,3300.0,3350.0,50.0,255.98570015360983,256.98411764705884,256.4768978404265,0.2564768978404265,1.9968349868980226,3.3,13.773288310840059
22943992812,67,3350.0,3400.0,50.0,256.98411764705884,257.9984946236559,257.49180792747205,0.25749180792747206,2.0287539531941547,3.35,14.787665287437136
22943992812,68,3400.0,3450.0,50.0,257.9984946236559,258.8220818676047,258.44667111399957,0.25844667111399955,1.647174487897587,3.4,15.61125253138593
22943992812,69,3450.0,3500.0,50.0,258.8220818676047,259.14773161903736,259.0003896840832,0.2590003896840832,0.6512995028652995,3.45,15.93690228281858
22943992812,70,3500.0,3550.0,50.0,259.14773161903736,258.88,259.0748315416059,0.2590748315416059,-0.5354632380747262,3.5,15.93690228281858
22943992812,71,3550.0,3600.0,50.0,258.88,258.5862459858703,258.70242988653393,0.2587024298865339,-0.5875080282594354,3.55,15.93690228281858
22943992812,72,3600.0,3650.0,50.0,258.5862459858703,258.4274383394383,258.4941734456937,0.2584941734456937,-0.317615292863934,3.6,15.93690228281858
22943992812,73,3650.0,3700.0,50.0,258.4274383394383,258.8,258.59708099308097,0.258597080993081,0.7451233211234012,3.65,16.30946394338028
22943992812,74,3700.0,3750.0,50.0,258.8,258.8228116710875,258.8247391688771,0.2588247391688771,0.045623342174963,3.7,16.33227561446776
22943992812,75,3750.0,3800.0,50.0,258.8228116710875,257.21835581032013,258.3212570807076,0.2583212570807076,-3.2089117215347187,3.75,16.33227561446776
22943992812,76,3800.0,3850.0,50.0,257.21835581032013,253.73237234943394,255.29510045361633,0.2552951004536163,-6.971966921772378,3.8,16.33227561446776
22943992812,77,3850.0,3900.0,50.0,253.73237234943394,251.8038177230798,252.7928197893153,0.2527928197893153,-3.8571092527083124,3.85,16.33227561446776
22943992812,78,3900.0,3950.0,50.0,251.8038177230798,248.5415966268005,250.28065955266445,0.25028065955266443,-6.524442192558581,3.9,16.33227561446776
22943992812,79,3950.0,4000.0,50.0,248.5415966268005,243.36717883690113,245.98415752934758,0.24598415752934757,-10.348835579798731,3.95,16.33227561446776
22943992812,80,4000.0,4050.0,50.0,243.36717883690113,240.6147700772304,241.76728935261994,0.24176728935261993,-5.504817519341486,4.0,16.33227561446776
22943992812,81,4050.0,4100.0,50.0,240.6147700772304,240.83999999999997,240.68821350103846,0.24068821350103847,0.4504598455391715,4.05,16.557505537237347
22943992812,82,4100.0,4150.0,50.0,240.83999999999997,240.18433420365537,240.5640557006092,0.2405640557006092,-1.3113315926892142,4.1,16.557505537237347
22943992812,83,4150.0,4200.0,50.0,240.18433420365537,238.1267268792482,239.2796293026678,0.23927962930266777,-4.115214648814344,4.15,16.557505537237347
22943992812,84,4200.0,4250.0,50.0,238.1267268792482,235.12381170654515,236.52727290776394,0.23652727290776393,-6.005830345406082,4.2,16.557505537237347
22943992812,85,4250.0,4300.0,50.0,235.12381170654515,236.36530762587455,235.4812096062899,0.2354812096062899,2.4829918386587906,4.25,17.799001456566742
22943992812,86,4300.0,4350.0,50.0,236.36530762587455,239.1384160461699,237.75750565424676,0.23775750565424675,5.546216840590716,4.3,20.5721098768621
22943992812,87,4350.0,4400.0,50.0,239.1384160461699,240.76830957040352,240.02176117392764,0.24002176117392765,3.259787048467217,4.35,22.20200340109571
22943992812,88,4400.0,4450.0,50.0,240.76830957040352,242.88387894247353,241.66487018183253,0.24166487018183253,4.231138744140026,4.4,24.317572773165722
22943992812,89,4450.0,4500.0,50.0,242.88387894247353,248.78740500982826,245.52919493582428,0.24552919493582429,11.807052134709465,4.45,30.221098840520455
22943992812,90,4500.0,4550.0,50.0,248.78740500982826,253.13859813780263,251.3823451454933,0.2513823451454933,8.702386255948738,4.5,34.572291968494824
22943992812,91,4550.0,4600.0,50.0,253.13859813780263,255.78075827867542,254.41546193706463,0.25441546193706466,5.284320281745579,4.55,37.21445210936761
22943992812,92,4600.0,4650.0,50.0,255.78075827867542,258.03999999999996,257.06090652162317,0.25706090652162317,4.518483442649085,4.6,39.473693830692156
22943992812,93,4650.0,4700.0,50.0,258.03999999999996,258.43999999999994,258.26000000000005,0.25826000000000005,0.7999999999999545,4.65,39.87369383069213
22943992812,94,4700.0,4750.0,50.0,258.43999999999994,258.75999999999993,258.59999999999997,0.25859999999999994,0.6399999999999864,4.7,40.193693830692126
22943992812,95,4750.0,4800.0,50.0,258.75999999999993,258.9030188679245,258.8610062893081,0.2588610062893081,0.28603773584916325,4.75,40.33671269861671
22943992812,96,4800.0,4850.0,50.0,258.9030188679245,258.52,258.74201257861637,0.25874201257861634,-0.7660377358490678,4.8,40.33671269861671
22943992812,97,4850.0,4900.0,50.0,258.52,257.7050292397661,258.10584795321637,0.2581058479532164,-1.6299415204678098,4.85,40.33671269861671
22943992812,98,4900.0,4950.0,50.0,257.7050292397661,256.6449005083844,257.2076066838783,0.25720760668387826,-2.120257462763334,4.9,40.33671269861671
22943992812,99,4950.0,5000.0,50.0,256.6449005083844,255.76,256.1831417777225,0.2561831417777225,-1.769801016768838,4.95,40.33671269861671
22943992812,100,5000.0,5050.0,50.0,255.76,255.37313609467455,255.5377120315582,0.2555377120315582,-0.7737278106508825,5.0,40.33671269861671
22943992812,101,5050.0,5100.0,50.0,255.37313609467455,254.77376212832547,255.09716219561506,0.25509716219561507,-1.1987479326981543,5.05,40.33671269861671
22943992812,102,5100.0,5150.0,50.0,254.77376212832547,254.02380952380955,254.39853193233478,0.2543985319323348,-1.4999052090318514,5.1,40.33671269861671
22943992812,103,5150.0,5200.0,50.0,254.02380952380955,253.51999999999998,253.77063492063488,0.2537706349206349,-1.00761904761913,5.15,40.33671269861671
22943992812,104,5200.0,5250.0,50.0,253.51999999999998,253.32000000000002,253.34,0.25334,-0.3999999999999204,5.2,40.33671269861671
22943992812,105,5250.0,5300.0,50.0,253.32000000000002,253.90456790123454,253.62047325102878,0.25362047325102877,1.169135802469043,5.25,40.92128059985123
22943992812,106,5300.0,5350.0,50.0,253.90456790123454,254.47707006369427,254.16880802600193,0.25416880802600195,1.145004324919455,5.3,41.49378276231096
22943992812,107,5350.0,5400.0,50.0,254.47707006369427,255.24000000000007,254.8723566878981,0.2548723566878981,1.5258598726115906,5.35,42.25671269861675
22943992812,108,5400.0,5450.0,50.0,255.24000000000007,255.71999999999997,255.48000000000002,0.25548000000000004,0.959999999999809,5.4,42.73671269861666
22943992812,109,5450.0,5500.0,50.0,255.71999999999997,256.53647058823526,256.0882352941176,0.2560882352941176,1.632941176470581,5.45,43.55318328685195
22943992812,110,5500.0,5550.0,50.0,256.53647058823526,257.45281255297266,257.01463705029306,0.25701463705029304,1.832683929474797,5.5,44.469525251589346
22943992812,111,5550.0,5600.0,50.0,257.45281255297266,258.38765531062126,257.9110200152341,0.2579110200152341,1.869685515297192,5.55,45.40436800923794
22943992812,112,5600.0,5650.0,50.0,258.38765531062126,258.88,258.6763794255177,0.25867637942551774,0.98468937875748,5.6,45.89671269861668
22943992812,113,5650.0,5700.0,50.0,258.88,258.953725490196,258.9512418300653,0.25895124183006535,0.14745098039202276,5.65,45.97043818881269
22943992812,114,5700.0,5750.0,50.0,258.953725490196,258.6,258.79581699346403,0.25879581699346405,-0.7074509803919682,5.7,45.97043818881269
22943992812,115,5750.0,5800.0,50.0,258.6,258.48,258.5266666666667,0.2585266666666667,-0.2400000000000091,5.75,45.97043818881269
22943992812,116,5800.0,5850.0,50.0,258.48,258.3276636734694,258.35077061224496,0.258350770612245,-0.30467265306128866,5.8,45.97043818881269
22943992812,117,5850.0,5900.0,50.0,258.3276636734694,259.215226079047,258.70220530753966,0.2587022053075397,1.7751248111552513,5.85,46.85800059439032
22943992812,118,5900.0,5950.0,50.0,259.215226079047,261.5402269298878,260.2914197027391,0.2602914197027391,4.650001701681617,5.9,49.18300144523113
22943992812,119,5950.0,6000.0,50.0,261.5402269298878,264.57226535626535,263.0671240082836,0.2630671240082836,6.064076852755079,5.95,52.21503987160867
22943992812,120,6000.0,6050.0,50.0,264.57226535626535,267.2,265.8638624078624,0.2658638624078624,5.255469287469282,6.0,54.84277451534331
22943992812,121,6050.0,6100.0,50.0,267.2,270.33070063694265,268.74713375796176,0.2687471337579618,6.261401273885326,6.05,57.97347515228597
22943992812,122,6100.0,6150.0,50.0,270.33070063694265,273.2877222222222,271.86535391601797,0.27186535391601796,5.914043170559125,6.1,60.930496737565534
22943992812,123,6150.0,6200.0,50.0,273.2877222222222,275.6,274.4926018518518,0.2744926018518518,4.624555555555617,6.15,63.24277451534334
22943992812,124,6200.0,6250.0,50.0,275.6,276.52,276.17333333333335,0.2761733333333333,1.8399999999999181,6.2,64.1627745153433
22943992812,125,6250.0,6300.0,50.0,276.52,276.4,276.46000000000004,0.27646000000000004,-0.2400000000000091,6.25,64.1627745153433
22943992812,126,6300.0,6350.0,50.0,276.4,276.2,276.3333333333333,0.2763333333333333,-0.39999999999997726,6.3,64.1627745153433
22943992812,127,6350.0,6400.0,50.0,276.2,277.54950773075313,276.6970511231712,0.2766970511231712,2.699015461506292,6.35,65.51228224609645
22943992812,128,6400.0,6450.0,50.0,277.54950773075313,279.24459202026384,278.41569753532116,0.27841569753532114,3.390168579021406,6.4,67.20736653560715
22943992812,129,6450.0,6500.0,50.0,279.24459202026384,281.15999999999997,280.24135109252455,0.28024135109252457,3.830815959472261,6.45,69.12277451534328
22943992812,130,6500.0,6550.0,50.0,281.15999999999997,280.890332877337,281.19763033895725,0.2811976303389572,-0.5393342453259038,6.5,69.12277451534328
22943992812,131,6550.0,6600.0,50.0,280.890332877337,281.743155897544,281.08337714573713,0.2810833771457371,1.705646040413967,6.55,69.97559753555026
22943992812,132,6600.0,6650.0,50.0,281.743155897544,283.3743358821863,282.6289733132207,0.2826289733132207,3.262359969284603,6.6,71.60677752019257
22943992812,133,6650.0,6700.0,50.0,283.3743358821863,284.45,283.94617719248555,0.28394617719248555,2.151328235627375,6.65,72.68244163800625
22943992812,134,6700.0,6706.22,6.220000000000255,284.45,284.5433,284.45,0.28445,1.499999999999927,6.7,72.77574163800625
22980101796,0,0.0,50.0,50.0,77.62197475356139,78.12891343950166,77.81597203149572,0.07781597203149572,1.0138773718805396,0.0,0.5069386859402698
22980101796,1,50.0,100.0,50.0,78.12891343950166,79.0004813796022,78.56021747014447,0.07856021747014447,1.7431358802010948,0.05,1.3785066260408172
22980101796,2,100.0,150.0,50.0,79.0004813796022,80.54825688073394,79.75303449199627,0.07975303449199628,3.095551002263477,0.1,2.9262821271725556
22980101796,3,150.0,200.0,50.0,80.54825688073394,81.1486974026612,80.92506410426775,0.08092506410426775,1.2008810438545083,0.15,3.52672264909981
22980101796,4,200.0,250.0,50.0,81.1486974026612,81.06337254901965,81.16555258843364,0.08116555258843364,-0.17064970728310414,0.2,3.52672264909981
22980101796,5,250.0,300.0,50.0,81.06337254901965,80.08522522522523,80.6248609786257,0.0806248609786257,-1.9562946475888339,0.25,3.52672264909981
22980101796,6,300.0,350.0,50.0,80.08522522522523,78.92452554744524,79.43305056881698,0.07943305056881698,-2.3213993555599757,0.3,3.52672264909981
22980101796,7,350.0,400.0,50.0,78.92452554744524,79.0,78.94075425790753,0.07894075425790753,0.15094890510951586,0.35,3.6021971016545677
22980101796,8,400.0,450.0,50.0,79.0,78.59999999999998,78.83999999999999,0.07884,-0.8000000000000398,0.4,3.6021971016545677
22980101796,9,450.0,500.0,50.0,78.59999999999998,78.04,78.31333333333335,0.07831333333333335,-1.1199999999999477,0.45,3.6021971016545677
22980101796,10,500.0,550.0,50.0,78.04,77.52000000000001,77.79333333333334,0.07779333333333334,-1.039999999999992,0.5,3.6021971016545677
22980101796,11,550.0,600.0,50.0,77.52000000000001,76.83409836065573,77.16371584699453,0.07716371584699454,-1.3718032786885601,0.55,3.6021971016545677
22980101796,12,600.0,650.0,50.0,76.83409836065573,75.58578285714287,76.33420346604215,0.07633420346604215,-2.4966310070257123,0.6,3.6021971016545677
22980101796,13,650.0,700.0,50.0,75.58578285714287,73.31637165639334,74.437361051386,0.074437361051386,-4.538822401499061,0.65,3.6021971016545677
22980101796,14,700.0,750.0,50.0,73.31637165639334,70.87623208076418,72.10363709528391,0.07210363709528392,-4.880279151258321,0.7,3.6021971016545677
22980101796,15,750.0,800.0,50.0,70.87623208076418,68.96571561338291,69.87184196860765,0.06987184196860766,-3.821032934762542,0.75,3.6021971016545677
22980101796,16,800.0,850.0,50.0,68.96571561338291,67.91999999999999,68.37410780669144,0.06837410780669144,-2.091431226765849,0.8,3.6021971016545677
22980101796,17,850.0,900.0,50.0,67.91999999999999,67.93376297143251,67.88974770311081,0.06788974770311082,0.027525942865054276,0.85,3.615960073087095
22980101796,18,900.0,950.0,50.0,67.93376297143251,67.61215017064846,67.84139865853784,0.06784139865853785,-0.6432256015681048,0.9,3.615960073087095
22980101796,19,950.0,1000.0,50.0,67.61215017064846,66.63868924244636,67.13414633572837,0.06713414633572837,-1.9469218564042023,0.95,3.615960073087095
22980101796,20,1000.0,1050.0,50.0,66.63868924244636,66.24000000000004,66.35264302048365,0.06635264302048366,-0.7973784848926471,1.0,3.615960073087095
22980101796,21,1050.0,1100.0,50.0,66.24000000000004,66.87647509578542,66.52607918263091,0.06652607918263091,1.2729501915707715,1.05,4.252435168872481
22980101796,22,1100.0,1150.0,50.0,66.87647509578542,67.43999999999998,67.19706257982119,0.06719706257982119,1.1270498084291205,1.1,4.815960073087041
22980101796,23,1150.0,1200.0,50.0,67.43999999999998,67.25860787915903,67.32571000884536,0.06732571000884537,-0.3627842416819078,1.15,4.815960073087041
22980101796,24,1200.0,1250.0,50.0,67.25860787915903,68.55442987860798,67.78090822594152,0.06778090822594152,2.5916439988978937,1.2,6.111782072535988
22980101796,25,1250.0,1300.0,50.0,68.55442987860798,70.94393766809048,69.76081729759385,0.06976081729759384,4.779015578965016,1.25,8.501289862018496
22980101796,26,1300.0,1350.0,50.0,70.94393766809048,73.60944433823678,72.24134450713798,0.07224134450713798,5.3310133402926,1.3,11.166796532164796
22980101796,27,1350.0,1400.0,50.0,73.60944433823678,76.73525879460881,75.16145764438569,0.0751614576443857,6.251628912744053,1.35,14.292610988536822
22980101796,28,1400.0,1450.0,50.0,76.73525879460881,79.1393034825871,77.96109261609223,0.07796109261609223,4.80808937595657,1.4,16.696655676515107
22980101796,29,1450.0,1500.0,50.0,79.1393034825871,82.04609113161364,80.55474494408021,0.08055474494408021,5.813575298053081,1.45,19.603443325541647
22980101796,30,1500.0,1550.0,50.0,82.04609113161364,85.0821356213356,83.55379022588592,0.08355379022588592,6.072088979443919,1.5,22.639487815263607
22980101796,31,1550.0,1600.0,50.0,85.0821356213356,88.45001885274402,86.74972563497077,0.08674972563497077,6.735766462816855,1.55,26.007371046672034
22980101796,32,1600.0,1650.0,50.0,88.45001885274402,91.53736263736265,90.0418343442477,0.0900418343442477,6.17468756923725,1.6,29.09471483129066
22980101796,33,1650.0,1700.0,50.0,91.53736263736265,94.21716312056739,92.8893019510041,0.0928893019510041,5.359600966409488,1.65,31.774515314495403
22980101796,34,1700.0,1750.0,50.0,94.21716312056739,96.39274839908187,95.3570920241803,0.0953570920241803,4.351170557028951,1.7,33.95010059300988
22980101796,35,1750.0,1800.0,50.0,96.39274839908187,98.58950586072169,97.43746503495798,0.09743746503495798,4.393514923279639,1.75,36.1468580546497
22980101796,36,1800.0,1850.0,50.0,98.58950586072169,101.34689170481406,99.9542629504781,0.0999542629504781,5.514771688184737,1.8,38.90424389874207
22980101796,37,1850.0,1900.0,50.0,101.34689170481406,103.85962186230067,102.64909490796903,0.10264909490796903,5.02546031497323,1.85,41.41697405622868
22980101796,38,1900.0,1950.0,50.0,103.85962186230067,105.52693457943926,104.74865773026039,0.10474865773026039,3.3346254342771715,1.9,43.08428677336727
22980101796,39,1950.0,2000.0,50.0,105.52693457943926,106.90075285917472,106.23793099616996,0.10623793099616996,2.7476365594709193,1.95,44.45810505310273
22980101796,40,2000.0,2050.0,50.0,106.90075285917472,107.52000000000001,107.2516442929113,0.1072516442929113,1.2384942816505884,2.0,45.07735219392802
22980101796,41,2050.0,2100.0,50.0,107.52000000000001,107.56000000000002,107.57333333333337,0.10757333333333337,0.0800000000000125,2.05,45.11735219392803
22980101796,42,2100.0,2150.0,50.0,107.56000000000002,106.94605128205129,107.31736752136753,0.10731736752136753,-1.2278974358974608,2.1,45.11735219392803
22980101796,43,2150.0,2200.0,50.0,106.94605128205129,106.36000000000001,106.54201709401711,0.10654201709401712,-1.1721025641025449,2.15,45.11735219392803
22980101796,44,2200.0,2250.0,50.0,106.36000000000001,107.94920699782912,107.02046737326013,0.10702046737326013,3.178413995658218,2.2,46.70655919175714
22980101796,45,2250.0,2300.0,50.0,107.94920699782912,110.76360337676496,109.37959147421145,0.10937959147421145,5.628792757871679,2.25,49.520955570692976
22980101796,46,2300.0,2350.0,50.0,110.76360337676496,111.67203703703703,111.36744288514723,0.11136744288514723,1.8168673205441337,2.3,50.42938923096504
22980101796,47,2350.0,2400.0,50.0,111.67203703703703,111.75999999999999,111.67734567901233,0.11167734567901233,0.17592592592592382,2.35,50.517352193928005
22980101796,48,2400.0,2450.0,50.0,111.75999999999999,112.04,111.92,0.11192,0.5600000000000307,2.4,50.79735219392802
22980101796,49,2450.0,2500.0,50.0,112.04,112.92,112.40666666666668,0.11240666666666668,1.759999999999991,2.45,51.677352193928016
22980101796,50,2500.0,2550.0,50.0,112.92,113.55999999999997,113.28666666666668,0.11328666666666667,1.2799999999999443,2.5,52.31735219392799
22980101796,51,2550.0,2600.0,50.0,113.55999999999997,113.96849420849423,113.72808236808237,0.11372808236808236,0.8169884169885222,2.55,52.72584640242225
22980101796,52,2600.0,2650.0,50.0,113.96849420849423,115.61183570527832,114.71398537070668,0.11471398537070668,3.286682993568178,2.6,54.36918789920634
22980101796,53,2650.0,2700.0,50.0,115.61183570527832,117.83567830467257,116.72442394905562,0.11672442394905562,4.447685198788491,2.65,56.593030498600584
22980101796,54,2700.0,2750.0,50.0,117.83567830467257,119.2,118.62951653060044,0.11862951653060044,2.7286433906548666,2.7,57.95735219392802
22980101796,55,2750.0,2800.0,50.0,119.2,120.01655172413791,119.58712643678159,0.11958712643678159,1.6331034482758184,2.75,58.773903918065926
22980101796,56,2800.0,2850.0,50.0,120.01655172413791,120.92,120.47609195402298,0.12047609195402298,1.8068965517241793,2.8,59.677352193928016
22980101796,57,2850.0,2900.0,50.0,120.92,121.68410256410257,121.34940170940173,0.12134940170940173,1.528205128205144,2.85,60.44145475803059
22980101796,58,2900.0,2950.0,50.0,121.68410256410257,121.56000000000002,121.64136752136754,0.12164136752136755,-0.24820512820511453,2.9,60.44145475803059
22980101796,59,2950.0,3000.0,50.0,121.56000000000002,121.64000000000001,121.57333333333334,0.12157333333333334,0.1599999999999966,2.95,60.521454758030586
22980101796,60,3000.0,3050.0,50.0,121.64000000000001,122.04778280542988,121.82518853695323,0.12182518853695323,0.8155656108597213,3.0,60.92923756346045
22980101796,61,3050.0,3100.0,50.0,122.04778280542988,122.73364485981308,122.39820174511216,0.12239820174511216,1.371724108766415,3.05,61.615099617843654
22980101796,62,3100.0,3150.0,50.0,122.73364485981308,123.08000000000001,122.91137071651092,0.12291137071651091,0.6927102803738592,3.1,61.961454758030584
22980101796,63,3150.0,3200.0,50.0,123.08000000000001,123.23716440422325,123.15824032176977,0.12315824032176977,0.3143288084464757,3.15,62.11861916225382
22980101796,64,3200.0,3250.0,50.0,123.23716440422325,123.56649746192895,123.43658905707281,0.1234365890570728,0.6586661154113926,3.2,62.44795221995952
22980101796,65,3250.0,3300.0,50.0,123.56649746192895,122.04246987951808,122.939244133896,0.122939244133896,-3.048055164821733,3.25,62.44795221995952
22980101796,66,3300.0,3350.0,50.0,122.04246987951808,119.5703298245614,120.81553425632357,0.12081553425632358,-4.944280109913365,3.3,62.44795221995952
22980101796,67,3350.0,3400.0,50.0,119.5703298245614,117.96,118.68685380116959,0.11868685380116958,-3.2206596491228083,3.35,62.44795221995952
22980101796,68,3400.0,3450.0,50.0,117.96,116.81946428571428,117.37639880952379,0.11737639880952379,-2.281071428571437,3.4,62.44795221995952
22980101796,69,3450.0,3500.0,50.0,116.81946428571428,115.87971557003652,116.38188765215413,0.11638188765215414,-1.879497431355503,3.45,62.44795221995952
22980101796,70,3500.0,3550.0,50.0,115.87971557003652,114.19923091080871,115.00906101985152,0.11500906101985152,-3.3609693184556306,3.5,62.44795221995952
22980101796,71,3550.0,3600.0,50.0,114.19923091080871,114.20856750704324,114.08727364405628,0.11408727364405628,0.01867319246906618,3.55,62.45728881619405
22980101796,72,3600.0,3650.0,50.0,114.20856750704324,114.35999999999999,114.34569048135036,0.11434569048135036,0.3028649859134873,3.6,62.608721309150795
22980101796,73,3650.0,3700.0,50.0,114.35999999999999,113.56176795580109,114.02725598526702,0.11402725598526701,-1.596464088397795,3.65,62.608721309150795
22980101796,74,3700.0,3750.0,50.0,113.56176795580109,112.4472904988288,112.88764990801691,0.1128876499080169,-2.2289549139445626,3.7,62.608721309150795
22980101796,75,3750.0,3800.0,50.0,112.4472904988288,112.71365699720839,112.6075542686729,0.1126075542686729,0.5327329967591652,3.75,62.87508780753038
22980101796,76,3800.0,3850.0,50.0,112.71365699720839,112.778018018018,112.74926429889045,0.11274926429889046,0.12872204161922696,3.8,62.93944882833999
22980101796,77,3850.0,3900.0,50.0,112.778018018018,112.38919321112567,112.64050256797685,0.11264050256797685,-0.7776496137846607,3.85,62.93944882833999
22980101796,78,3900.0,3950.0,50.0,112.38919321112567,111.92,112.15103298549116,0.11215103298549116,-0.938386422251341,3.9,62.93944882833999
22980101796,79,3950.0,4000.0,50.0,111.92,110.33421464871995,111.19883013433366,0.11119883013433367,-3.1715707025601034,3.95,62.93944882833999
22980101796,80,4000.0,4050.0,50.0,110.33421464871995,107.99299794442918,109.16471593878299,0.10916471593878299,-4.682433408581545,4.0,62.93944882833999
22980101796,81,4050.0,4100.0,50.0,107.99299794442918,105.85219520521298,106.94010298645759,0.10694010298645759,-4.281605478432397,4.05,62.93944882833999
22980101796,82,4100.0,4150.0,50.0,105.85219520521298,104.89207575757572,105.22508702161615,0.10522508702161615,-1.9202388952745082,4.1,62.93944882833999
22980101796,83,4150.0,4200.0,50.0,104.89207575757572,105.20000000000002,105.02941414141414,0.10502941414141413,0.6158484848485841,4.15,63.24737307076428
22980101796,84,4200.0,4250.0,50.0,105.20000000000002,105.2803404255319,105.29356028368795,0.10529356028368796,0.1606808510637734,4.2,63.32771349629617
22980101796,85,4250.0,4300.0,50.0,105.2803404255319,105.46145888103084,105.31427992585058,0.10531427992585059,0.3622369109978649,4.25,63.5088319517951
22980101796,86,4300.0,4350.0,50.0,105.46145888103084,106.3733997313032,105.88269532631217,0.10588269532631217,1.8238817005447174,4.3,64.42077280206746
22980101796,87,4350.0,4400.0,50.0,106.3733997313032,107.57082043887381,106.96927253953704,0.10696927253953704,2.3948414151412294,4.35,65.61819350963808
22980101796,88,4400.0,4450.0,50.0,107.57082043887381,107.93255378702426,107.9030823542701,0.1079030823542701,0.7234666963009033,4.4,65.97992685778853
22980101796,89,4450.0,4500.0,50.0,107.93255378702426,107.60417038482467,107.72130390095799,0.107721303900958,-0.656766804399183,4.45,65.97992685778853
22980101796,90,4500.0,4550.0,50.0,107.60417038482467,105.67238326943024,106.77318711184596,0.10677318711184595,-3.8635742307888563,4.5,65.97992685778853
22980101796,91,4550.0,4600.0,50.0,105.67238326943024,103.1881305754171,104.5226178793706,0.1045226178793706,-4.968505388026273,4.55,65.97992685778853
22980101796,92,4600.0,4650.0,50.0,103.1881305754171,99.93780882290147,101.44009514708542,0.10144009514708542,-6.500643505031263,4.6,65.97992685778853
22980101796,93,4650.0,4700.0,50.0,99.93780882290147,98.86889795918367,99.28578817395038,0.09928578817395038,-2.1378217274356075,4.65,65.97992685778853
22980101796,94,4700.0,4750.0,50.0,98.86889795918367,98.58564404366398,98.6234051574118,0.09862340515741179,-0.5665078310393881,4.7,65.97992685778853
22980101796,95,4750.0,4800.0,50.0,98.58564404366398,99.66606965174131,99.11935534477588,0.09911935534477588,2.1608512161546685,4.75,67.06035246586586
22980101796,96,4800.0,4850.0,50.0,99.66606965174131,101.07308518663025,100.3327693383777,0.1003327693383777,2.814031069777883,4.8,68.4673680007548
22980101796,97,4850.0,4900.0,50.0,101.07308518663025,102.68601472842136,101.99390267840964,0.10199390267840965,3.2258590835822076,4.85,70.0802975425459
22980101796,98,4900.0,4950.0,50.0,102.68601472842136,100.96448215262906,102.02560964465071,0.10202560964465071,-3.443065151584591,4.9,70.0802975425459
22980101796,99,4950.0,5000.0,50.0,100.96448215262906,97.78834565883555,99.36038072070708,0.09936038072070709,-6.352272987587014,4.95,70.0802975425459
22980101796,100,5000.0,5050.0,50.0,97.78834565883555,95.15435720800936,96.45659591797228,0.09645659591797227,-5.267976901652389,5.0,70.0802975425459
22980101796,101,5050.0,5100.0,50.0,95.15435720800936,93.49542229657796,94.2321933740938,0.0942321933740938,-3.3178698228628036,5.05,70.0802975425459
22980101796,102,5100.0,5150.0,50.0,93.49542229657796,92.8816326530612,93.12131759364735,0.09312131759364735,-1.2275792870335067,5.1,70.0802975425459
22980101796,103,5150.0,5200.0,50.0,92.8816326530612,93.37935920653054,93.03715070169822,0.09303715070169823,0.995453106938669,5.15,70.57802409601524
22980101796,104,5200.0,5250.0,50.0,93.37935920653054,95.1559888557214,94.26463132677702,0.09426463132677702,3.5532592983817324,5.2,72.35465374520611
22980101796,105,5250.0,5300.0,50.0,95.1559888557214,95.47488,95.41879814262023,0.09541879814262023,0.6377822885571902,5.25,72.6735448894847
22980101796,106,5300.0,5350.0,50.0,95.47488,94.17966850828729,94.93319808471455,0.09493319808471455,-2.5904229834254124,5.3,72.6735448894847
22980101796,107,5350.0,5400.0,50.0,94.17966850828729,93.17456410256412,93.58548444066678,0.09358548444066678,-2.010208811446347,5.35,72.6735448894847
22980101796,108,5400.0,5450.0,50.0,93.17456410256412,93.18947368421057,93.17354026090872,0.09317354026090872,0.02981916329289902,5.4,72.68845447113115
22980101796,109,5450.0,5500.0,50.0,93.18947368421057,92.56244131455401,92.86262416604895,0.09286262416604894,-1.2540647393131223,5.45,72.68845447113115
22980101796,110,5500.0,5550.0,50.0,92.56244131455401,92.5082926829268,92.60008244589488,0.09260008244589489,-0.10829726325442834,5.5,72.68845447113115
22980101796,111,5550.0,5600.0,50.0,92.5082926829268,92.0,92.18943089430893,0.09218943089430892,-1.0165853658535866,5.55,72.68845447113115
22980101796,112,5600.0,5650.0,50.0,92.0,91.8699441340782,91.95329608938546,0.09195329608938546,-0.26011173184360814,5.6,72.68845447113115
22980101796,113,5650.0,5700.0,50.0,91.8699441340782,91.75314285714282,91.78426709231177,0.09178426709231177,-0.23360255387075313,5.65,72.68845447113115
22980101796,114,5700.0,5750.0,50.0,91.75314285714282,91.6,91.69885714285714,0.09169885714285714,-0.3062857142856501,5.7,72.68845447113115
22980101796,115,5750.0,5800.0,50.0,91.6,91.59859478581961,91.6019214795815,0.0916019214795815,-0.0028104283607603975,5.75,72.68845447113115
22980101796,116,5800.0,5850.0,50.0,91.59859478581961,91.68247619047617,91.59041933798413,0.09159041933798413,0.1677628093131034,5.8,72.7723358757877
22980101796,117,5850.0,5900.0,50.0,91.68247619047617,91.93567809870173,91.84003095798586,0.09184003095798586,0.506403816451126,5.85,73.02553778401327
22980101796,118,5900.0,5950.0,50.0,91.93567809870173,92.47103163288497,92.16553932660321,0.09216553932660321,1.070707068366488,5.9,73.56089131819651
22980101796,119,5950.0,6000.0,50.0,92.47103163288497,93.13968503937008,92.79643128551781,0.09279643128551782,1.337306812970212,5.95,74.22954472468162
22980101796,120,6000.0,6050.0,50.0,93.13968503937008,93.90047264054968,93.52515151121194,0.09352515151121195,1.5215752023592017,6.0,74.99033232586122
22980101796,121,6050.0,6100.0,50.0,93.90047264054968,94.3848559670782,94.15834846696993,0.09415834846696992,0.9687666530570311,6.05,75.47471565238973
22980101796,122,6100.0,6150.0,50.0,94.3848559670782,94.7715789473684,94.57600462060502,0.09457600462060502,0.7734459605804034,6.1,75.86143863267993
22980101796,123,6150.0,6200.0,50.0,94.7715789473684,95.16000000000004,94.9838596491228,0.0949838596491228,0.7768421052632846,6.15,76.24985968531158
22980101796,124,6200.0,6250.0,50.0,95.16000000000004,94.92,95.10000000000002,0.09510000000000002,-0.48000000000007503,6.2,76.24985968531158
22980101796,125,6250.0,6300.0,50.0,94.92,94.0351527240069,94.50571035444779,0.09450571035444778,-1.7696945519861913,6.25,76.24985968531158
22980101796,126,6300.0,6350.0,50.0,94.0351527240069,92.88350877192981,93.47002716488073,0.09347002716488073,-2.303287904154189,6.3,76.24985968531158
22980101796,127,6350.0,6400.0,50.0,92.88350877192981,91.79802469135802,92.32226554039418,0.09232226554039419,-2.170968161143577,6.35,76.24985968531158
22980101796,128,6400.0,6450.0,50.0,91.79802469135802,91.72674418604652,91.61980715857976,0.09161980715857976,-0.1425610106230124,6.4,76.24985968531158
22980101796,129,6450.0,6500.0,50.0,91.72674418604652,93.15448363442711,92.422169115207,0.092422169115207,2.855478896761184,6.45,77.67759913369217
22980101796,130,6500.0,6550.0,50.0,93.15448363442711,94.51999999999998,93.86460134092555,0.09386460134092554,2.7310327311457456,6.5,79.04311549926504
22980101796,131,6550.0,6600.0,50.0,94.51999999999998,94.83999999999999,94.76666666666665,0.09476666666666665,0.6400000000000148,6.55,79.36311549926505
22980101796,132,6600.0,6650.0,50.0,94.83999999999999,94.75999999999999,94.74666666666667,0.09474666666666667,-0.1599999999999966,6.6,79.36311549926505
22980101796,133,6650.0,6700.0,50.0,94.75999999999999,95.12000000000003,94.95333333333333,0.09495333333333333,0.7200000000000841,6.65,79.72311549926509
22980101796,134,6700.0,6750.0,50.0,95.12000000000003,95.0223140495868,95.12743801652897,0.09512743801652897,-0.1953719008264727,6.7,79.72311549926509
22980101796,135,6750.0,6800.0,50.0,95.0223140495868,94.16000000000001,94.63487603305786,0.09463487603305787,-1.7246280991735716,6.75,79.72311549926509
22980101796,136,6800.0,6850.0,50.0,94.16000000000001,92.61604906988437,93.40919470420647,0.09340919470420647,-3.087901860231284,6.8,79.72311549926509
22980101796,137,6850.0,6900.0,50.0,92.61604906988437,91.38566929133859,91.96874412945743,0.09196874412945744,-2.4607595570915635,6.85,79.72311549926509
22980101796,138,6900.0,6950.0,50.0,91.38566929133859,90.47999999999999,90.91044619422571,0.09091044619422571,-1.8113385826771946,6.9,79.72311549926509
22980101796,139,6950.0,7000.0,50.0,90.47999999999999,90.11635135135134,90.27817567567566,0.09027817567567566,-0.727297297297298,6.95,79.72311549926509
22980101796,140,7000.0,7050.0,50.0,90.11635135135134,89.57769585253455,89.85663957736539,0.08985663957736538,-1.0773109976335888,7.0,79.72311549926509
22980101796,141,7050.0,7100.0,50.0,89.57769585253455,89.32296296296296,89.43355293849915,0.08943355293849915,-0.50946577914317,7.05,79.72311549926509
22980101796,142,7100.0,7150.0,50.0,89.32296296296296,88.8,89.08197530864197,0.08908197530864197,-1.0459259259259284,7.1,79.72311549926509
22980101796,143,7150.0,7200.0,50.0,88.8,88.32000000000002,88.55333333333334,0.08855333333333335,-0.9599999999999511,7.15,79.72311549926509
22980101796,144,7200.0,7250.0,50.0,88.32000000000002,87.9561969484105,88.10889371712354,0.08810889371712353,-0.7276061031790562,7.2,79.72311549926509
22980101796,145,7250.0,7300.0,50.0,87.9561969484105,87.89773561850862,87.9355146421576,0.0879355146421576,-0.11692265980374827,7.25,79.72311549926509
22980101796,146,7300.0,7350.0,50.0,87.89773561850862,87.67999999999999,87.79619087430461,0.08779619087430461,-0.43547123701725354,7.3,79.72311549926509
22980101796,147,7350.0,7400.0,50.0,87.67999999999999,87.32000000000001,87.5,0.0875,-0.7199999999999704,7.35,79.72311549926509
22980101796,148,7400.0,7450.0,50.0,87.32000000000001,86.91999999999999,87.12,0.08712,-0.8000000000000398,7.4,79.72311549926509
22980101796,149,7450.0,7500.0,50.0,86.91999999999999,86.59502814723169,86.75774203526134,0.08675774203526135,-0.6499437055366002,7.45,79.72311549926509
22980101796,150,7500.0,7550.0,50.0,86.59502814723169,86.28439024390246,86.42761131522236,0.08642761131522236,-0.6212758066584456,7.5,79.72311549926509
22980101796,151,7550.0,7600.0,50.0,86.28439024390246,85.94261904761905,86.13291424699963,0.08613291424699963,-0.6835423925668351,7.55,79.72311549926509
22980101796,152,7600.0,7650.0,50.0,85.94261904761905,85.47999999999999,85.70376984126983,0.08570376984126983,-0.9252380952381145,7.6,79.72311549926509
22980101796,153,7650.0,7700.0,50.0,85.47999999999999,85.12091928874528,85.30095520187483,0.08530095520187483,-0.7181614225094108,7.65,79.72311549926509
22980101796,154,7700.0,7750.0,50.0,85.12091928874528,84.71999999999998,84.91996408687044,0.08491996408687044,-0.8018385774905994,7.7,79.72311549926509
22980101796,155,7750.0,7800.0,50.0,84.71999999999998,84.64000000000001,84.66666666666667,0.08466666666666667,-0.15999999999993975,7.75,79.72311549926509
22980101796,156,7800.0,7850.0,50.0,84.64000000000001,84.32000000000001,84.49333333333333,0.08449333333333332,-0.6400000000000148,7.8,79.72311549926509
22980101796,157,7850.0,7900.0,50.0,84.32000000000001,84.08713925179354,84.20703477599363,0.08420703477599363,-0.46572149641292526,7.85,79.72311549926509
22980101796,158,7900.0,7950.0,50.0,84.08713925179354,83.73315068493149,83.91106337990949,0.08391106337990949,-0.7079771337241141,7.9,79.72311549926509
22980101796,159,7950.0,8000.0,50.0,83.73315068493149,83.44615384615386,83.58526870389885,0.08358526870389885,-0.5739936775552508,7.95,79.72311549926509
22980101796,160,8000.0,8050.0,50.0,83.44615384615386,83.26760563380284,83.34608161791262,0.08334608161791261,-0.3570964247020356,8.0,79.72311549926509
22980101796,161,8050.0,8100.0,50.0,83.26760563380284,82.81579487179486,83.06986589623212,0.08306986589623212,-0.9036215240159606,8.05,79.72311549926509
22980101796,162,8100.0,8150.0,50.0,82.81579487179486,82.36000000000001,82.58386324786325,0.08258386324786325,-0.9115897435897011,8.1,79.72311549926509
22980101796,163,8150.0,8200.0,50.0,82.36000000000001,81.70751879699249,82.03791979949877,0.08203791979949876,-1.3049624060150506,8.15,79.72311549926509
22980101796,164,8200.0,8250.0,50.0,81.70751879699249,81.32495238095237,81.46623391812865,0.08146623391812866,-0.7651328320802406,8.2,79.72311549926509
22980101796,165,8250.0,8300.0,50.0,81.32495238095237,81.27140845070423,81.33355220210149,0.08133355220210149,-0.10708786049627861,8.25,79.72311549926509
22980101796,166,8300.0,8350.0,50.0,81.27140845070423,80.83999999999999,81.06617370892018,0.08106617370892018,-0.862816901408479,8.3,79.72311549926509
22980101796,167,8350.0,8400.0,50.0,80.83999999999999,80.53594306049823,80.67198102016607,0.08067198102016607,-0.6081138790035254,8.35,79.72311549926509
22980101796,168,8400.0,8450.0,50.0,80.53594306049823,80.24000000000004,80.38396204033216,0.08038396204033217,-0.5918861209963779,8.4,79.72311549926509
22980101796,169,8450.0,8500.0,50.0,80.24000000000004,80.00429752066115,80.13619834710747,0.08013619834710747,-0.4714049586777662,8.45,79.72311549926509
22980101796,170,8500.0,8550.0,50.0,80.00429752066115,79.49408909494053,79.7521002486058,0.0797521002486058,-1.0204168514412402,8.5,79.72311549926509
22980101796,171,8550.0,8600.0,50.0,79.49408909494053,79.13413857963504,79.29825435611947,0.07929825435611947,-0.7199010306109983,8.55,79.72311549926509
22980101796,172,8600.0,8650.0,50.0,79.13413857963504,79.0,79.05263891007068,0.07905263891007068,-0.26827715927007034,8.6,79.72311549926509
22980101796,173,8650.0,8700.0,50.0,79.0,79.04,79.01333333333334,0.07901333333333334,0.0800000000000125,8.65,79.7631154992651
22980101796,174,8700.0,8750.0,50.0,79.04,79.37596566523605,79.20663805436338,0.07920663805436338,0.6719313304720913,8.7,80.09908116450114
22980101796,175,8750.0,8800.0,50.0,79.37596566523605,79.86418947449233,79.58185560084105,0.07958185560084105,0.9764476185125659,8.75,80.58730497375743
22980101796,176,8800.0,8850.0,50.0,79.86418947449233,80.52000000000001,80.19166148452395,0.08019166148452395,1.3116210510153508,8.8,81.2431154992651
22980101796,177,8850.0,8900.0,50.0,80.52000000000001,81.12,80.82,0.08081999999999999,1.1999999999999886,8.85,81.8431154992651
22980101796,178,8900.0,8950.0,50.0,81.12,81.8,81.44000000000001,0.08144000000000001,1.3599999999999852,8.9,82.52311549926509
22980101796,179,8950.0,9000.0,50.0,81.8,82.83814875431896,82.31295387040069,0.08231295387040069,2.0762975086379356,8.95,83.56126425358406
22980101796,180,9000.0,9050.0,50.0,82.83814875431896,83.99594576138918,83.40325491058239,0.0834032549105824,2.31559401414043,9.0,84.71906126065427
22980101796,181,9050.0,9100.0,50.0,83.99594576138918,85.49517432289375,84.73221399565388,0.08473221399565388,2.998457123009132,9.05,86.21828982215884
22980101796,182,9100.0,9150.0,50.0,85.49517432289375,86.50280542986425,86.06178120525304,0.08606178120525304,2.015262213941014,9.1,87.22592092912934
22980101796,183,9150.0,9200.0,50.0,86.50280542986425,86.15018518518517,86.48362954583541,0.08648362954583541,-0.7052404893581752,9.15,87.22592092912934
22980101796,184,9200.0,9250.0,50.0,86.15018518518517,84.8,85.4484259259259,0.0854484259259259,-2.7003703703703366,9.2,87.22592092912934
22980101796,185,9250.0,9300.0,50.0,84.8,83.590572726463,84.186131053116,0.084186131053116,-2.4188545470740053,9.25,87.22592092912934
22980101796,186,9300.0,9350.0,50.0,83.590572726463,82.29757511056886,82.92707634706295,0.08292707634706295,-2.5859952317882744,9.3,87.22592092912934
22980101796,187,9350.0,9400.0,50.0,82.29757511056886,81.24000000000001,81.75494043685292,0.08175494043685291,-2.1151502211376965,9.35,87.22592092912934
22980101796,188,9400.0,9450.0,50.0,81.24000000000001,80.61284671532847,80.87737226277373,0.08087737226277374,-1.254306569343072,9.4,87.22592092912934
22980101796,189,9450.0,9500.0,50.0,80.61284671532847,80.69741989103332,80.62164307384943,0.08062164307384943,0.1691463514096938,9.45,87.31049410483419
22980101796,190,9500.0,9550.0,50.0,80.69741989103332,81.4647780172254,81.05036949762861,0.0810503694976286,1.5347162523841575,9.5,88.07785223102627
22980101796,191,9550.0,9600.0,50.0,81.4647780172254,82.44037067658815,81.95821800898544,0.08195821800898544,1.9511853187254928,9.55,89.05344489038902
22980101796,192,9600.0,9650.0,50.0,82.44037067658815,83.04,82.76114579027147,0.08276114579027147,1.199258646823722,9.6,89.65307421380088
22980101796,193,9650.0,9700.0,50.0,83.04,83.12000000000003,83.13333333333337,0.08313333333333336,0.16000000000005343,9.65,89.7330742138009
22980101796,194,9700.0,9750.0,50.0,83.12000000000003,82.56000000000002,82.88000000000001,0.08288000000000001,-1.120000000000033,9.7,89.7330742138009
22980101796,195,9750.0,9800.0,50.0,82.56000000000002,81.29689203245266,81.96021635115457,0.08196021635115457,-2.5262159350947115,9.75,89.7330742138009
22980101796,196,9800.0,9850.0,50.0,81.29689203245266,79.3553525855445,80.38765672733633,0.08038765672733633,-3.8830788938163323,9.8,89.7330742138009
22980101796,197,9850.0,9900.0,50.0,79.3553525855445,77.31509084804942,78.29879746667562,0.07829879746667562,-4.0805234749901445,9.85,89.7330742138009
22980101796,198,9900.0,9950.0,50.0,77.31509084804942,75.71587199837197,76.45283389388236,0.07645283389388235,-3.198437699354912,9.9,89.7330742138009
22980101796,199,9950.0,10000.0,50.0,75.71587199837197,74.96,75.317036358703,0.075317036358703,-1.5117439967439452,9.95,89.7330742138009
22980101796,200,10000.0,10050.0,50.0,74.96,75.0344483985765,74.91055753262157,0.07491055753262156,0.1488967971530144,10.0,89.80752261237741
22980101796,201,10050.0,10100.0,50.0,75.0344483985765,76.08744147248166,75.54438761694475,0.07554438761694475,2.105986147810313,10.05,90.86051568628257
22980101796,202,10100.0,10150.0,50.0,76.08744147248166,77.16000000000001,76.6136113881585,0.0766136113881585,2.1451170550367067,10.1,91.93307421380092
22980101796,203,10150.0,10200.0,50.0,77.16000000000001,78.37849462365593,77.78974910394267,0.07778974910394267,2.4369892473118284,10.15,93.15156883745684
22980101796,204,10200.0,10250.0,50.0,78.37849462365593,78.79999999999998,78.63541218637992,0.07863541218637993,0.8430107526881159,10.2,93.5730742138009
22980101796,205,10250.0,10300.0,50.0,78.79999999999998,78.96,78.81999999999998,0.07881999999999997,0.3200000000000216,10.25,93.7330742138009
22980101796,206,10300.0,10350.0,50.0,78.96,80.9863491073517,79.86803019672047,0.07986803019672047,4.052698214703412,10.3,95.75942332115261
22980101796,207,10350.0,10400.0,50.0,80.9863491073517,83.66935641059334,82.33115862284434,0.08233115862284435,5.366014606483276,10.35,98.44243062439425
22980101796,208,10400.0,10450.0,50.0,83.66935641059334,86.41149341995668,85.0554048931717,0.0850554048931717,5.484274018726694,10.4,101.1845676337576
22980101796,209,10450.0,10500.0,50.0,86.41149341995668,88.64000000000001,87.5126052251652,0.0875126052251652,4.45701316008666,10.45,103.41307421380093
22980101796,210,10500.0,10550.0,50.0,88.64000000000001,91.3567298789412,89.9981645474095,0.0899981645474095,5.4334597578823605,10.5,106.1298040927421
22980101796,211,10550.0,10600.0,50.0,91.3567298789412,94.15912555883916,92.73404208129807,0.09273404208129807,5.604791359795939,10.55,108.93219977264008
22980101796,212,10600.0,10650.0,50.0,94.15912555883916,97.22175285108321,95.65303210527594,0.09565303210527594,6.12525458448809,10.6,111.99482706488412
22980101796,213,10650.0,10700.0,50.0,97.22175285108321,100.2799127851505,98.78487929842532,0.09878487929842532,6.116319868134582,10.65,115.05298699895141
22980101796,214,10700.0,10750.0,50.0,100.2799127851505,102.90547076473925,101.63324576860764,0.10163324576860763,5.251115959177497,10.7,117.67854497854016
22980101796,215,10750.0,10800.0,50.0,102.90547076473925,104.99036004645761,103.99989439468612,0.10399989439468613,4.169778563436722,10.75,119.76343426025852
22980101796,216,10800.0,10850.0,50.0,104.99036004645761,106.29212765957445,105.67151212922464,0.10567151212922464,2.6035352262336744,10.8,121.06520187337536
22980101796,217,10850.0,10900.0,50.0,106.29212765957445,107.55999999999999,106.95070921985814,0.10695070921985814,2.5357446808510815,10.85,122.3330742138009
22980101796,218,10900.0,10950.0,50.0,107.55999999999999,107.96,107.8,0.10779999999999999,0.8000000000000114,10.9,122.7330742138009
22980101796,219,10950.0,11000.0,50.0,107.96,107.96,108.00666666666667,0.10800666666666668,0.0,10.95,122.7330742138009
22980101796,220,11000.0,11050.0,50.0,107.96,107.5647619047619,107.78238095238093,0.10778238095238094,-0.7904761904761983,11.0,122.7330742138009
22980101796,221,11050.0,11100.0,50.0,107.5647619047619,107.19215094339624,107.27845642407907,0.10727845642407907,-0.7452219227313037,11.05,122.7330742138009
22980101796,222,11100.0,11150.0,50.0,107.19215094339624,108.69386934673369,107.82505369615374,0.10782505369615375,3.003436806674898,11.1,124.23479261713835
22980101796,223,11150.0,11200.0,50.0,108.69386934673369,111.70234636871506,110.23684642954062,0.11023684642954062,6.016954043962727,11.15,127.24326963911972
22980101796,224,11200.0,11250.0,50.0,111.70234636871506,112.32000000000001,112.15039106145252,0.11215039106145253,1.2353072625699042,11.2,127.86092327040467
22980101796,225,11250.0,11300.0,50.0,112.32000000000001,112.32000000000001,112.30000000000001,0.11230000000000001,0.0,11.25,127.86092327040467
22980101796,226,11300.0,11350.0,50.0,112.32000000000001,112.52000000000001,112.41333333333334,0.11241333333333334,0.4000000000000057,11.3,128.06092327040466
22980101796,227,11350.0,11400.0,50.0,112.52000000000001,113.16,112.78666666666668,0.11278666666666667,1.2799999999999727,11.35,128.70092327040464
22980101796,228,11400.0,11450.0,50.0,113.16,113.39999999999998,113.34666666666664,0.11334666666666664,0.47999999999996135,11.4,128.94092327040462
22980101796,229,11450.0,11500.0,50.0,113.39999999999998,113.59678714859437,113.45279785809903,0.11345279785809903,0.3935742971887919,11.45,129.137710418999
22980101796,230,11500.0,11550.0,50.0,113.59678714859437,114.91918367346936,114.16358112722999,0.11416358112722999,2.6447930497499783,11.5,130.460106943874
22980101796,231,11550.0,11600.0,50.0,114.91918367346936,117.13521692043628,116.0224775351618,0.1160224775351618,4.4320664939338315,11.55,132.6761401908409
22980101796,232,11600.0,11650.0,50.0,117.13521692043628,118.28423529411764,117.80182141808757,0.11780182141808757,2.2980367473627155,11.6,133.82515856452227
22980101796,233,11650.0,11700.0,50.0,118.28423529411764,118.92,118.60807843137253,0.11860807843137253,1.2715294117647318,11.65,134.46092327040463
22980101796,234,11700.0,11750.0,50.0,118.92,119.70294573643409,119.30806201550388,0.11930806201550388,1.5658914728681737,11.7,135.24386900683874
22980101796,235,11750.0,11800.0,50.0,119.70294573643409,120.12000000000003,119.9815503875969,0.11998155038759689,0.8341085271318889,11.75,135.66092327040468
22980101796,236,11800.0,11850.0,50.0,120.12000000000003,119.63999999999999,119.89333333333333,0.11989333333333332,-0.9600000000000932,11.8,135.66092327040468
22980101796,237,11850.0,11900.0,50.0,119.63999999999999,119.64000000000001,119.60000000000001,0.11960000000000001,5.684341886080802e-14,11.85,135.6609232704047
22980101796,238,11900.0,11950.0,50.0,119.64000000000001,119.89448165869217,119.74814460393407,0.11974814460393407,0.508963317384314,11.9,135.91540492909687
22980101796,239,11950.0,12000.0,50.0,119.89448165869217,120.36360360360361,120.13162234004339,0.12013162234004339,0.9382438898228713,11.95,136.38452687400832
22980101796,240,12000.0,12050.0,50.0,120.36360360360361,120.64000000000001,120.51165165165168,0.12051165165165167,0.5527927927928147,12.0,136.66092327040474
22980101796,241,12050.0,12100.0,50.0,120.64000000000001,120.83999999999996,120.73999999999997,0.12073999999999997,0.399999999999892,12.05,136.86092327040467
22980101796,242,12100.0,12150.0,50.0,120.83999999999996,121.02453315351548,120.9845664070801,0.1209845664070801,0.3690663070310336,12.1,137.0454564239202
22980101796,243,12150.0,12200.0,50.0,121.02453315351548,119.32113335793215,120.28475665315408,0.12028475665315408,-3.4067995911666458,12.15,137.0454564239202
22980101796,244,12200.0,12250.0,50.0,119.32113335793215,116.78227275801069,118.0332546466886,0.11803325464668861,-5.077721199842927,12.2,137.0454564239202
22980101796,245,12250.0,12300.0,50.0,116.78227275801069,115.41651063829786,116.03086510863477,0.11603086510863476,-2.731524239425653,12.25,137.0454564239202
22980101796,246,12300.0,12350.0,50.0,115.41651063829786,114.3258058451307,114.89225356702076,0.11489225356702076,-2.1814095863343255,12.3,137.0454564239202
22980101796,247,12350.0,12400.0,50.0,114.3258058451307,113.3037554585153,113.82581118981363,0.11382581118981364,-2.0441007732308094,12.35,137.0454564239202
22980101796,248,12400.0,12450.0,50.0,113.3037554585153,111.72656488549619,112.48021356267434,0.11248021356267433,-3.1543811460382187,12.4,137.0454564239202
22980101796,249,12450.0,12500.0,50.0,111.72656488549619,111.9014492753623,111.71242984105912,0.11171242984105911,0.34976877973221576,12.45,137.22034081378632
22980101796,250,12500.0,12550.0,50.0,111.9014492753623,112.20000000000005,112.09120772946864,0.11209120772946864,0.5971014492754989,12.5,137.51889153842407
22980101796,251,12550.0,12600.0,50.0,112.20000000000005,111.46501476127455,111.93908785503413,0.11193908785503413,-1.4699704774509996,12.55,137.51889153842407
22980101796,252,12600.0,12650.0,50.0,111.46501476127455,110.77830508474571,111.01507944861332,0.11101507944861332,-1.3734193530576704,12.6,137.51889153842407
22980101796,253,12650.0,12700.0,50.0,110.77830508474571,110.83999999999996,110.8158192090395,0.1108158192090395,0.12338983050850061,12.65,137.58058645367834
22980101796,254,12700.0,12750.0,50.0,110.83999999999996,110.7004081632653,110.75034013605439,0.11075034013605439,-0.27918367346933337,12.7,137.58058645367834
22980101796,255,12750.0,12800.0,50.0,110.7004081632653,110.67999999999998,110.73673469387752,0.11073673469387753,-0.040816326530631386,12.75,137.58058645367834
22980101796,256,12800.0,12850.0,50.0,110.67999999999998,109.85067151718575,110.30596111512294,0.11030596111512295,-1.6586569656284667,12.8,137.58058645367834
22980101796,257,12850.0,12900.0,50.0,109.85067151718575,108.12637450199205,109.06896007005749,0.10906896007005748,-3.4485940303873974,12.85,137.58058645367834
22980101796,258,12900.0,12950.0,50.0,108.12637450199205,105.94232675408007,107.02429655123139,0.10702429655123138,-4.368095495823951,12.9,137.58058645367834
22980101796,259,12950.0,13000.0,50.0,105.94232675408007,103.78953655459786,104.86681919643318,0.10486681919643319,-4.305580398964423,12.95,137.58058645367834
22980101796,260,13000.0,13050.0,50.0,103.78953655459786,102.64000000000001,103.08287239501072,0.10308287239501072,-2.299073109195689,13.0,137.58058645367834
22980101796,261,13050.0,13100.0,50.0,102.64000000000001,102.84593401229226,102.70558758052469,0.1027055875805247,0.4118680245844928,13.05,137.78652046597057
22980101796,262,13100.0,13150.0,50.0,102.84593401229226,102.80796380090496,102.87232229903755,0.10287232229903755,-0.07594042277460744,13.1,137.78652046597057
22980101796,263,13150.0,13200.0,50.0,102.80796380090496,103.16569169960476,102.90455183350322,0.10290455183350322,0.7154557973996134,13.15,138.14424836467037
22980101796,264,13200.0,13250.0,50.0,103.16569169960476,104.24384,103.66699446640318,0.10366699446640318,2.1562966007904834,13.2,139.22239666506562
22980101796,265,13250.0,13300.0,50.0,104.24384,105.32000000000001,104.83397333333335,0.10483397333333334,2.152320000000003,13.25,140.29855666506563
22980101796,266,13300.0,13350.0,50.0,105.32000000000001,105.57089837707777,105.5056428261599,0.1055056428261599,0.5017967541555208,13.3,140.5494550421434
22980101796,267,13350.0,13400.0,50.0,105.57089837707777,105.98210970464136,105.75929211913164,0.10575929211913164,0.822422655127184,13.35,140.96066636970698
22980101796,268,13400.0,13450.0,50.0,105.98210970464136,104.34643194442879,105.35862334631497,0.10535862334631498,-3.2713555204251463,13.4,140.96066636970698
22980101796,269,13450.0,13500.0,50.0,104.34643194442879,101.54201578319024,102.97244758326167,0.10297244758326167,-5.608832322477099,13.45,140.96066636970698
22980101796,270,13500.0,13550.0,50.0,101.54201578319024,98.38496258253858,99.9002061095739,0.0999002061095739,-6.31410640130332,13.5,140.96066636970698
22980101796,271,13550.0,13600.0,50.0,98.38496258253858,97.20275862068965,97.70491905111277,0.09770491905111277,-2.364407923697854,13.55,140.96066636970698
22980101796,272,13600.0,13650.0,50.0,97.20275862068965,97.17918739245148,97.05239213352979,0.0970523921335298,-0.04714245647633675,13.6,140.96066636970698
22980101796,273,13650.0,13700.0,50.0,97.17918739245148,98.0338279816042,97.59886836705941,0.09759886836705942,1.7092811783054458,13.65,141.8153069588597
22980101796,274,13700.0,13750.0,50.0,98.0338279816042,99.76592451977402,98.81428160377364,0.09881428160377363,3.464193076339626,13.7,143.5474034970295
22980101796,275,13750.0,13800.0,50.0,99.76592451977402,101.51545098039216,100.75992742660907,0.10075992742660907,3.4990529212362844,13.75,145.29692995764765
22980101796,276,13800.0,13850.0,50.0,101.51545098039216,100.1454635011642,101.02006454532074,0.10102006454532074,-2.7399749584559174,13.8,145.29692995764765
22980101796,277,13850.0,13900.0,50.0,100.1454635011642,97.48010628711026,98.84805212719753,0.09884805212719754,-5.330714428107882,13.85,145.29692995764765
22980101796,278,13900.0,13950.0,50.0,97.48010628711026,95.32985033086251,96.36909766756462,0.09636909766756462,-4.3005119124954945,13.9,145.29692995764765
22980101796,279,13950.0,14000.0,50.0,95.32985033086251,94.05204051444869,94.64549558569543,0.09464549558569543,-2.555619632827643,13.95,145.29692995764765
22980101796,280,14000.0,14050.0,50.0,94.05204051444869,93.63431192660552,93.7322073247049,0.0937322073247049,-0.8354571756863436,14.0,145.29692995764765
22980101796,281,14050.0,14100.0,50.0,93.63431192660552,95.14991304347825,94.25709799228827,0.09425709799228826,3.0312022337454607,14.05,146.8125310745204
22980101796,282,14100.0,14150.0,50.0,95.14991304347825,96.15021276595745,95.83841073080481,0.0958384107308048,2.0005994449583966,14.1,147.8128307969996
22980101796,283,14150.0,14200.0,50.0,96.15021276595745,95.59409142857145,95.95065876393112,0.09595065876393112,-1.1122426747720056,14.15,147.8128307969996
22980101796,284,14200.0,14250.0,50.0,95.59409142857145,93.9778846153846,94.77055827838826,0.09477055827838826,-3.232413626373699,14.2,147.8128307969996
22980101796,285,14250.0,14300.0,50.0,93.9778846153846,93.2585883792049,93.49175570061944,0.09349175570061943,-1.438592472359403,14.25,147.8128307969996
22980101796,286,14300.0,14350.0,50.0,93.2585883792049,93.16,93.29269806320082,0.09329269806320081,-0.1971767584097961,14.3,147.8128307969996
22980101796,287,14350.0,14400.0,50.0,93.16,92.78590163934422,92.91530054644807,0.09291530054644806,-0.7481967213115581,14.35,147.8128307969996
22980101796,288,14400.0,14450.0,50.0,92.78590163934422,92.44000000000001,92.63726775956285,0.09263726775956285,-0.6918032786884112,14.4,147.8128307969996
22980101796,289,14450.0,14500.0,50.0,92.44000000000001,92.24000000000004,92.31333333333335,0.09231333333333334,-0.39999999999994884,14.45,147.8128307969996
22980101796,290,14500.0,14550.0,50.0,92.24000000000004,92.12000000000003,92.18666666666668,0.09218666666666668,-0.2400000000000091,14.5,147.8128307969996
22980101796,291,14550.0,14600.0,50.0,92.12000000000003,92.08000000000001,92.11333333333336,0.09211333333333335,-0.08000000000004093,14.55,147.8128307969996
22980101796,292,14600.0,14650.0,50.0,92.08000000000001,91.92413793103444,91.98873563218389,0.09198873563218389,-0.31172413793115084,14.6,147.8128307969996
22980101796,293,14650.0,14700.0,50.0,91.92413793103444,92.04,91.96206896551722,0.09196206896551722,0.23172413793113833,14.65,147.92869286596516
22980101796,294,14700.0,14750.0,50.0,92.04,92.31161491371074,92.20266226828782,0.09220266226828783,0.5432298274214702,14.7,148.20030777967588
22980101796,295,14750.0,14800.0,50.0,92.31161491371074,92.28,92.22895264542292,0.09222895264542293,-0.06322982742148042,14.75,148.20030777967588
22980101796,296,14800.0,14850.0,50.0,92.28,92.72,92.52000000000002,0.09252000000000002,0.8799999999999955,14.8,148.64030777967588
22980101796,297,14850.0,14900.0,50.0,92.72,93.3632,93.04106666666667,0.09304106666666667,1.2864000000000146,14.85,149.2835077796759
22980101796,298,14900.0,14950.0,50.0,93.3632,93.96066718995291,93.64153940345369,0.0936415394034537,1.194934379905817,14.9,149.8809749696288
22980101796,299,14950.0,15000.0,50.0,93.96066718995291,94.45914529914532,94.23721553578697,0.09423721553578697,0.9969562183848097,14.95,150.3794530788212
22980101796,300,15000.0,15050.0,50.0,94.45914529914532,94.93971291866028,94.69980970296758,0.09469980970296758,0.9611352390299146,15.0,150.86002069833614
22980101796,301,15050.0,15100.0,50.0,94.93971291866028,95.10708131915354,95.05118662582885,0.09505118662582884,0.33473680098651926,15.05,151.02738909882942
22980101796,302,15100.0,15150.0,50.0,95.10708131915354,94.52000000000001,94.85898879220827,0.09485898879220826,-1.1741626383070525,15.1,151.02738909882942
22980101796,303,15150.0,15200.0,50.0,94.52000000000001,93.60833333333335,94.08694444444446,0.09408694444444446,-1.8233333333333235,15.15,151.02738909882942
22980101796,304,15200.0,15250.0,50.0,93.60833333333335,92.23911504424777,92.93457472959686,0.09293457472959686,-2.738436578171161,15.2,151.02738909882942
22980101796,305,15250.0,15300.0,50.0,92.23911504424777,91.16000000000001,91.66592920353982,0.09166592920353982,-2.1582300884955146,15.25,151.02738909882942
22980101796,306,15300.0,15350.0,50.0,91.16000000000001,91.83821532091096,91.36027467218774,0.09136027467218774,1.3564306418219019,15.3,151.70560441974038
22980101796,307,15350.0,15400.0,50.0,91.83821532091096,93.31999999999998,92.5846073153899,0.09258460731538991,2.9635693581780345,15.35,153.18738909882939
22980101796,308,15400.0,15450.0,50.0,93.31999999999998,94.49069597069595,93.93511599511599,0.09393511599511599,2.3413919413919473,15.4,154.35808506952537
22980101796,309,15450.0,15500.0,50.0,94.49069597069595,94.36000000000001,94.51557997557997,0.09451557997557997,-0.26139194139187794,15.45,154.35808506952537
22980101796,310,15500.0,15550.0,50.0,94.36000000000001,94.75642857142853,94.48428571428569,0.09448428571428569,0.7928571428570308,15.5,154.7545136409539
22980101796,311,15550.0,15600.0,50.0,94.75642857142853,95.08000000000001,94.95214285714286,0.09495214285714286,0.6471428571429669,15.55,155.07808506952537
22980101796,312,15600.0,15650.0,50.0,95.08000000000001,94.93520317861658,95.04831557401724,0.09504831557401724,-0.2895936427668744,15.6,155.07808506952537
22980101796,313,15650.0,15700.0,50.0,94.93520317861658,93.86869161627604,94.47147824228453,0.09447147824228454,-2.133023124681074,15.65,155.07808506952537
22980101796,314,15700.0,15750.0,50.0,93.86869161627604,92.56228327228328,93.1692373237272,0.0931692373237272,-2.6128166879855144,15.7,155.07808506952537
22980101796,315,15750.0,15800.0,50.0,92.56228327228328,91.58813299663296,92.06540899224233,0.09206540899224233,-1.9483005513006333,15.75,155.07808506952537
22980101796,316,15800.0,15850.0,50.0,91.58813299663296,91.04,91.2998709315376,0.0912998709315376,-1.0962659932659164,15.8,155.07808506952537
22980101796,317,15850.0,15900.0,50.0,91.04,91.02753846153848,90.96502564102565,0.09096502564102565,-0.024923076923045073,15.85,155.07808506952537
22980101796,318,15900.0,15950.0,50.0,91.02753846153848,90.68612903225804,90.92762034739452,0.09092762034739452,-0.6828188585608927,15.9,155.07808506952537
22980101796,319,15950.0,16000.0,50.0,90.68612903225804,90.17322884521681,90.4437352187649,0.0904437352187649,-1.0258003740824506,15.95,155.07808506952537
22980101796,320,16000.0,16050.0,50.0,90.17322884521681,89.65659388646287,89.89328077957207,0.08989328077957207,-1.03326991750788,16.0,155.07808506952537
22980101796,321,16050.0,16100.0,50.0,89.65659388646287,89.28000000000002,89.46049490538574,0.08946049490538574,-0.7531877729257133,16.05,155.07808506952537
22980101796,322,16100.0,16150.0,50.0,89.28000000000002,89.12000000000003,89.17333333333335,0.08917333333333334,-0.31999999999996476,16.1,155.07808506952537
22980101796,323,16150.0,16200.0,50.0,89.12000000000003,89.00825396825398,89.08804232804233,0.08908804232804234,-0.2234920634921025,16.15,155.07808506952537
22980101796,324,16200.0,16250.0,50.0,89.00825396825398,88.66653658536583,88.84239050200027,0.08884239050200027,-0.6834347657762976,16.2,155.07808506952537
22980101796,325,16250.0,16300.0,50.0,88.66653658536583,88.32000000000001,88.47769105691059,0.08847769105691058,-0.6930731707316511,16.25,155.07808506952537
22980101796,326,16300.0,16350.0,50.0,88.32000000000001,88.0,88.19333333333334,0.08819333333333335,-0.6400000000000148,16.3,155.07808506952537
22980101796,327,16350.0,16400.0,50.0,88.0,87.67502590673571,87.81250431778926,0.08781250431778927,-0.6499481865285759,16.35,155.07808506952537
22980101796,328,16400.0,16450.0,50.0,87.67502590673571,87.36000000000001,87.53585492227977,0.08753585492227976,-0.6300518134713968,16.4,155.07808506952537
22980101796,329,16450.0,16500.0,50.0,87.36000000000001,87.20000000000005,87.24666666666671,0.08724666666666671,-0.31999999999993634,16.45,155.07808506952537
22980101796,330,16500.0,16550.0,50.0,87.20000000000005,86.6,86.92666666666669,0.0869266666666667,-1.2000000000001023,16.5,155.07808506952537
22980101796,331,16550.0,16600.0,50.0,86.6,86.38184738955822,86.48487282463185,0.08648487282463185,-0.43630522088355406,16.55,155.07808506952537
22980101796,332,16600.0,16650.0,50.0,86.38184738955822,86.04244897959184,86.19112422479031,0.08619112422479032,-0.6787968199327565,16.6,155.07808506952537
22980101796,333,16650.0,16700.0,50.0,86.04244897959184,85.87306666666665,85.96714376417232,0.08596714376417232,-0.3387646258503878,16.65,155.07808506952537
22980101796,334,16700.0,16750.0,50.0,85.87306666666665,85.78189473684208,85.8185029239766,0.0858185029239766,-0.18234385964913713,16.7,155.07808506952537
22980101796,335,16750.0,16800.0,50.0,85.78189473684208,85.50929258976316,85.65170825459366,0.08565170825459366,-0.545204294157827,16.75,155.07808506952537
22980101796,336,16800.0,16850.0,50.0,85.50929258976316,85.16000000000001,85.36853170359053,0.08536853170359053,-0.6985851795263045,16.8,155.07808506952537
22980101796,337,16850.0,16900.0,50.0,85.16000000000001,84.74008583690984,84.93673819742487,0.08493673819742488,-0.8398283261803385,16.85,155.07808506952537
22980101796,338,16900.0,16950.0,50.0,84.74008583690984,84.31231962616825,84.52702084820771,0.0845270208482077,-0.8555324214831899,16.9,155.07808506952537
22980101796,339,16950.0,17000.0,50.0,84.31231962616825,83.79999999999998,84.04864641744548,0.08404864641744549,-1.0246392523365273,16.95,155.07808506952537
22980101796,340,17000.0,17050.0,50.0,83.79999999999998,83.3405423280423,83.58307098765428,0.08358307098765429,-0.9189153439153586,17.0,155.07808506952537
22980101796,341,17050.0,17100.0,50.0,83.3405423280423,82.67965665236048,83.01069022450817,0.08301069022450816,-1.321771351363651,17.05,155.07808506952537
22980101796,342,17100.0,17150.0,50.0,82.67965665236048,82.20000000000005,82.40643776824034,0.08240643776824033,-0.9593133047208653,17.1,155.07808506952537
22980101796,343,17150.0,17200.0,50.0,82.20000000000005,82.01418675442203,82.14691238173593,0.08214691238173594,-0.37162649115603585,17.15,155.07808506952537
22980101796,344,17200.0,17250.0,50.0,82.01418675442203,81.53663551401868,81.76113730103503,0.08176113730103504,-0.955102480806687,17.2,155.07808506952537
22980101796,345,17250.0,17300.0,50.0,81.53663551401868,81.32769230769233,81.4507213036185,0.0814507213036185,-0.417886412652706,17.25,155.07808506952537
22980101796,346,17300.0,17350.0,50.0,81.32769230769233,80.91999999999999,81.0997435897436,0.0810997435897436,-0.8153846153846871,17.3,155.07808506952537
22980101796,347,17350.0,17400.0,50.0,80.91999999999999,80.57191489361703,80.77730496453898,0.08077730496453898,-0.6961702127659066,17.35,155.07808506952537
22980101796,348,17400.0,17450.0,50.0,80.57191489361703,80.04,80.26794326241136,0.08026794326241136,-1.0638297872340559,17.4,155.07808506952537
22980101796,349,17450.0,17500.0,50.0,80.04,79.84114285714284,79.94019047619047,0.07994019047619047,-0.3977142857143292,17.45,155.07808506952537
22980101796,350,17500.0,17550.0,50.0,79.84114285714284,79.89898305084743,79.84411622276028,0.07984411622276028,0.11568038740918496,17.5,155.13592526322998
22980101796,351,17550.0,17600.0,50.0,79.89898305084743,80.12000000000003,80.00248587570621,0.08000248587570621,0.4420338983051977,17.55,155.3569422123826
22980101796,352,17600.0,17650.0,50.0,80.12000000000003,80.23504950495052,80.18584158415847,0.08018584158415847,0.2300990099009823,17.6,155.47199171733308
22980101796,353,17650.0,17700.0,50.0,80.23504950495052,80.84471910112356,80.49156747135386,0.08049156747135386,1.2193391923460695,17.65,156.08166131350612
22980101796,354,17700.0,17750.0,50.0,80.84471910112356,81.44000000000001,81.16902621722845,0.08116902621722845,1.1905617977529062,17.7,156.67694221238258
22980101796,355,17750.0,17800.0,50.0,81.44000000000001,82.2779047619048,81.84009523809524,0.08184009523809524,1.675809523809562,17.75,157.51484697428737
22980101796,356,17800.0,17850.0,50.0,82.2779047619048,83.55307033218784,82.9097817269405,0.0829097817269405,2.550331140566101,17.8,158.7900125445704
22980101796,357,17850.0,17900.0,50.0,83.55307033218784,84.11269661880502,83.91034994316836,0.08391034994316836,1.1192525732343483,17.85,159.34963883118758
22980101796,358,17900.0,17950.0,50.0,84.11269661880502,83.12833682314535,83.62378222823662,0.08362378222823662,-1.968719591319342,17.9,159.34963883118758
22980101796,359,17950.0,18000.0,50.0,83.12833682314535,82.69999999999999,82.9246660662689,0.0829246660662689,-0.8566736462907159,17.95,159.34963883118758
22980101796,360,18000.0,18005.96,5.959999999999127,82.69999999999999,82.64039999999999,82.69999999999999,0.08269999999999998,-1.0000000000002003,18.0,159.34963883118758
23059351180,0,0.0,50.0,50.0,76.97227714909668,75.71967670011148,76.4757504975998,0.0764757504975998,-2.5052008979704112,0.0,0.0
23059351180,1,50.0,100.0,50.0,75.71967670011148,72.8846435446151,74.30101869869873,0.07430101869869872,-5.670066310992752,0.05,0.0
23059351180,2,100.0,150.0,50.0,72.8846435446151,72.94427855103096,72.71167511981106,0.07271167511981107,0.1192700128317199,0.1,0.05963500641585995
23059351180,3,150.0,200.0,50.0,72.94427855103096,73.16000000000001,73.15392987505528,0.07315392987505528,0.43144289793809776,0.15,0.2753564553849088
23059351180,4,200.0,250.0,50.0,73.16000000000001,72.12020996716647,72.69732424312134,0.07269732424312135,-2.0795800656670735,0.2,0.2753564553849088
23059351180,5,250.0,300.0,50.0,72.12020996716647,71.36000000000001,71.66288572404515,0.07166288572404515,-1.5204199343329208,0.25,0.2753564553849088
23059351180,6,300.0,350.0,50.0,71.36000000000001,71.08149036326496,71.23951357432574,0.07123951357432574,-0.5570192734701038,0.3,0.2753564553849088
23059351180,7,350.0,400.0,50.0,71.08149036326496,71.19372385312866,71.09382105981932,0.07109382105981932,0.2244669797273957,0.35,0.3875899452486067
23059351180,8,400.0,450.0,50.0,71.19372385312866,72.08432432432431,71.57070841107739,0.07157070841107739,1.7812009423913082,0.4,1.2781904164442608
23059351180,9,450.0,500.0,50.0,72.08432432432431,74.05623722397476,72.96209318214112,0.07296209318214111,3.943825799300896,0.45,3.250103316094709
23059351180,10,500.0,550.0,50.0,74.05623722397476,76.59121019108282,75.34898136323149,0.07534898136323148,5.069945934216122,0.5,5.78507628320277
23059351180,11,550.0,600.0,50.0,76.59121019108282,77.64000000000001,77.25853503184715,0.07725853503184714,2.097579617834384,0.55,6.833866092119962
23059351180,12,600.0,650.0,50.0,77.64000000000001,77.64000000000001,77.64666666666669,0.07764666666666668,0.0,0.6,6.833866092119962
23059351180,13,650.0,700.0,50.0,77.64000000000001,77.60728395061729,77.6448559670782,0.0776448559670782,-0.06543209876545575,0.65,6.833866092119962
23059351180,14,700.0,750.0,50.0,77.60728395061729,77.90796460176989,77.6810710513857,0.0776810710513857,0.6013613023052073,0.7,7.1345467432725655
23059351180,15,750.0,800.0,50.0,77.90796460176989,78.37688498402555,78.27422568727792,0.07827422568727792,0.9378407645113214,0.75,7.603467125528226
23059351180,16,800.0,850.0,50.0,78.37688498402555,77.99543973941368,78.11788745390653,0.07811788745390653,-0.7628904892237358,0.8,7.603467125528226
23059351180,17,850.0,900.0,50.0,77.99543973941368,78.54234034830158,78.18669096543344,0.07818669096543344,1.0938012177757912,0.85,8.150367734416122
23059351180,18,900.0,950.0,50.0,78.54234034830158,78.7352109861034,78.77586106738244,0.07877586106738244,0.38574127560363536,0.9,8.34323837221794
23059351180,19,950.0,1000.0,50.0,78.7352109861034,78.87857923497265,78.73001511357774,0.07873001511357773,0.2867364977385023,0.95,8.48660662108719
23059351180,20,1000.0,1050.0,50.0,78.87857923497265,79.28000000000002,79.05976320582879,0.07905976320582879,0.8028415300547351,1.0,8.888027386114558
23059351180,21,1050.0,1100.0,50.0,79.28000000000002,79.73391812865495,79.52844054580896,0.07952844054580896,0.9078362573098673,1.05,9.341945514769492
23059351180,22,1100.0,1150.0,50.0,79.73391812865495,80.34661658268438,79.97730106734744,0.07997730106734743,1.2253969080588547,1.1,9.95464396879892
23059351180,23,1150.0,1200.0,50.0,80.34661658268438,80.99027773952164,80.73334303773822,0.08073334303773823,1.2873223136745366,1.15,10.598305125636188
23059351180,24,1200.0,1250.0,50.0,80.99027773952164,81.66262801852461,81.28636975788761,0.08128636975788761,1.3447005580059397,1.2,11.270655404639157
23059351180,25,1250.0,1300.0,50.0,81.66262801852461,82.61631901840488,82.15614556980579,0.08215614556980579,1.9073819997605312,1.25,12.224346404519423
23059351180,26,1300.0,1350.0,50.0,82.61631901840488,83.26362904198115,82.92908931557317,0.08292908931557316,1.2946200471525344,1.3,12.87165642809569
23059351180,27,1350.0,1400.0,50.0,83.26362904198115,84.16259949535988,83.73202800722514,0.08373202800722514,1.797940906757475,1.35,13.770626881474428
23059351180,28,1400.0,1450.0,50.0,84.16259949535988,85.124959169412,84.62523092473681,0.08462523092473681,1.9247193481042189,1.4,14.732986555526537
23059351180,29,1450.0,1500.0,50.0,85.124959169412,85.71468562431721,85.37859352104124,0.08537859352104124,1.1794529098104363,1.45,15.322713010431755
23059351180,30,1500.0,1550.0,50.0,85.71468562431721,86.4009677005073,86.155360362563,0.08615536036256301,1.3725641523801642,1.5,16.008995086621837
23059351180,31,1550.0,1600.0,50.0,86.4009677005073,87.42286875223525,86.77271738785305,0.08677271738785305,2.043802103455903,1.55,17.03089613834979
23059351180,32,1600.0,1650.0,50.0,87.42286875223525,88.38509071573294,88.00560065031515,0.08800560065031514,1.9244439269953943,1.6,17.993118101847486
23059351180,33,1650.0,1700.0,50.0,88.38509071573294,89.01607142857144,88.7057088870597,0.0887057088870597,1.2619614256769864,1.65,18.62409881468598
23059351180,34,1700.0,1750.0,50.0,89.01607142857144,88.79597827503093,88.91917926085164,0.08891917926085163,-0.4401863070810066,1.7,18.62409881468598
23059351180,35,1750.0,1800.0,50.0,88.79597827503093,90.49567002417405,89.58636796778815,0.08958636796778816,3.3993834982862268,1.75,20.323790563829093
23059351180,36,1800.0,1850.0,50.0,90.49567002417405,91.27098591549296,90.91629640926406,0.09091629640926406,1.5506317826378222,1.8,21.099106455148004
23059351180,37,1850.0,1900.0,50.0,91.27098591549296,91.05019861487077,91.11082279219785,0.09111082279219786,-0.4415746012443833,1.85,21.099106455148004
23059351180,38,1900.0,1950.0,50.0,91.05019861487077,90.91868713083944,91.1390707970055,0.0911390707970055,-0.2630229680626428,1.9,21.099106455148004
23059351180,39,1950.0,2000.0,50.0,90.91868713083944,91.0625701754386,90.8818023657153,0.0908818023657153,0.2877660891982998,1.95,21.242989499747154
23059351180,40,2000.0,2050.0,50.0,91.0625701754386,91.7163550278839,91.38945799583558,0.09138945799583559,1.307569704890625,2.0,21.896774352192466
23059351180,41,2050.0,2100.0,50.0,91.7163550278839,92.8364176496287,92.35119029387262,0.09235119029387262,2.2401252434895866,2.05,23.01683697393726
23059351180,42,2100.0,2150.0,50.0,92.8364176496287,94.21293547964926,93.3855642855628,0.0933855642855628,2.753035660041121,2.1,24.39335480395782
23059351180,43,2150.0,2200.0,50.0,94.21293547964926,95.1184976330558,94.70433672965355,0.09470433672965355,1.8111243068130705,2.15,25.298916957364355
23059351180,44,2200.0,2250.0,50.0,95.1184976330558,95.53028915972001,95.45430325312867,0.09545430325312868,0.8235830533284343,2.2,25.710708484028572
23059351180,45,2250.0,2300.0,50.0,95.53028915972001,94.80928159659975,95.13766227859672,0.09513766227859673,-1.442015126240534,2.25,25.710708484028572
23059351180,46,2300.0,2350.0,50.0,94.80928159659975,94.70376237623762,94.7563166140621,0.0947563166140621,-0.21103844072425204,2.3,25.710708484028572
23059351180,47,2350.0,2400.0,50.0,94.70376237623762,94.27325557398804,94.60073590284361,0.09460073590284361,-0.8610136044991634,2.35,25.710708484028572
23059351180,48,2400.0,2450.0,50.0,94.27325557398804,92.07658252940398,93.1550303513125,0.0931550303513125,-4.393346089168119,2.4,25.710708484028572
23059351180,49,2450.0,2500.0,50.0,92.07658252940398,92.4879263904802,92.15906583389035,0.09215906583389036,0.8226877221524376,2.45,26.12205234510479
23059351180,50,2500.0,2550.0,50.0,92.4879263904802,93.82598806348503,93.07423316980949,0.09307423316980949,2.6761233460096605,2.5,27.46011401810962
23059351180,51,2550.0,2600.0,50.0,93.82598806348503,94.65915182913452,94.21868196946723,0.09421868196946723,1.6663275312989754,2.55,28.29327778375911
23059351180,52,2600.0,2650.0,50.0,94.65915182913452,94.5846955767306,94.69419192500135,0.09469419192500135,-0.14891250480783924,2.6,28.29327778375911
23059351180,53,2650.0,2700.0,50.0,94.5846955767306,94.72925050207523,94.70297498031182,0.09470297498031183,0.28910985068927175,2.65,28.437832709103745
23059351180,54,2700.0,2750.0,50.0,94.72925050207523,94.2416489224228,94.48198674217925,0.09448198674217924,-0.9752031593048684,2.7,28.437832709103745
23059351180,55,2750.0,2800.0,50.0,94.2416489224228,94.70481045313672,94.50468964157533,0.09450468964157532,0.926323061427837,2.75,28.900994239817663
23059351180,56,2800.0,2850.0,50.0,94.70481045313672,94.62172892896577,94.57762488060884,0.09457762488060883,-0.16616304834190032,2.8,28.900994239817663
23059351180,57,2850.0,2900.0,50.0,94.62172892896577,95.17411065215957,94.91384576912522,0.09491384576912522,1.104763446387608,2.85,29.453375963011467
23059351180,58,2900.0,2950.0,50.0,95.17411065215957,94.76709214997913,94.9779395604678,0.09497793956046781,-0.8140370043608698,2.9,29.453375963011467
23059351180,59,2950.0,3000.0,50.0,94.76709214997913,94.3839296187683,94.78515432058725,0.09478515432058725,-0.7663250624216573,2.95,29.453375963011467
23059351180,60,3000.0,3050.0,50.0,94.3839296187683,93.75100322365594,93.88931854946874,0.09388931854946873,-1.2658527902247272,3.0,29.453375963011467
23059351180,61,3050.0,3100.0,50.0,93.75100322365594,92.29715507583776,93.11366350879989,0.09311366350879989,-2.907696295636356,3.05,29.453375963011467
23059351180,62,3100.0,3150.0,50.0,92.29715507583776,91.96186687311949,91.9893450165461,0.0919893450165461,-0.6705764054365488,3.1,29.453375963011467
23059351180,63,3150.0,3200.0,50.0,91.96186687311949,92.78329399862268,92.39944748226799,0.09239944748226799,1.6428542510063835,3.15,30.27480308851466
23059351180,64,3200.0,3250.0,50.0,92.78329399862268,93.5273248485209,93.09041276085223,0.09309041276085223,1.4880616997964466,3.2,31.018833938412882
23059351180,65,3250.0,3300.0,50.0,93.5273248485209,93.07592644891523,93.49580956522799,0.09349580956522799,-0.9027967992113588,3.25,31.018833938412882
23059351180,66,3300.0,3350.0,50.0,93.07592644891523,92.95570637016,92.8470912384761,0.09284709123847609,-0.24044015751044867,3.3,31.018833938412882
23059351180,67,3350.0,3400.0,50.0,92.95570637016,93.4694600330789,93.21747941051375,0.09321747941051374,1.027507325837803,3.35,31.532587601331784
23059351180,68,3400.0,3450.0,50.0,93.4694600330789,94.67724556716055,94.04487480817926,0.09404487480817926,2.4155710681633025,3.4,32.740373135413435
23059351180,69,3450.0,3500.0,50.0,94.67724556716055,94.93367706113182,94.82083515972153,0.09482083515972152,0.5128629879425262,3.45,32.9968046293847
23059351180,70,3500.0,3550.0,50.0,94.93367706113182,94.5716791310134,95.00699954433468,0.09500699954433467,-0.7239958602368404,3.5,32.9968046293847
23059351180,71,3550.0,3600.0,50.0,94.5716791310134,93.07887444441792,93.70022089270635,0.09370022089270635,-2.985609373190954,3.55,32.9968046293847
23059351180,72,3600.0,3650.0,50.0,93.07887444441792,91.72835000537466,92.48802428578746,0.09248802428578747,-2.7010488780865103,3.6,32.9968046293847
23059351180,73,3650.0,3700.0,50.0,91.72835000537466,90.69073120133706,91.09942109771559,0.09109942109771559,-2.075237608075213,3.65,32.9968046293847
23059351180,74,3700.0,3750.0,50.0,90.69073120133706,90.3637689969605,90.5031734993118,0.09050317349931179,-0.6539244087531131,3.7,32.9968046293847
23059351180,75,3750.0,3800.0,50.0,90.3637689969605,91.630431525707,90.83717229895312,0.09083717229895312,2.5333250574929878,3.75,34.26346715813119
23059351180,76,3800.0,3850.0,50.0,91.630431525707,91.31646379831233,91.69860320709294,0.09169860320709294,-0.6279354547893377,3.8,34.26346715813119
23059351180,77,3850.0,3900.0,50.0,91.31646379831233,90.43999999999998,90.83904281696009,0.09083904281696009,-1.7529275966246871,3.85,34.26346715813119
23059351180,78,3900.0,3950.0,50.0,90.43999999999998,90.03999999999999,90.25333333333333,0.09025333333333332,-0.799999999999983,3.9,34.26346715813119
23059351180,79,3950.0,4000.0,50.0,90.03999999999999,89.71915863066535,89.85111660237862,0.08985111660237863,-0.6416827386692887,3.95,34.26346715813119
23059351180,80,4000.0,4050.0,50.0,89.71915863066535,88.38166708228884,89.12052742885406,0.08912052742885405,-2.67498309675301,4.0,34.26346715813119
23059351180,81,4050.0,4100.0,50.0,88.38166708228884,87.228057758796,87.8411307021269,0.0878411307021269,-2.307218646985689,4.05,34.26346715813119
23059351180,82,4100.0,4150.0,50.0,87.228057758796,85.83999999999999,86.44277540505728,0.08644277540505728,-2.776115517592018,4.1,34.26346715813119
23059351180,83,4150.0,4200.0,50.0,85.83999999999999,85.4758371237006,85.65566295343433,0.08565566295343433,-0.7283257525987779,4.15,34.26346715813119
23059351180,84,4200.0,4250.0,50.0,85.4758371237006,84.3706772130086,84.93883416871047,0.08493883416871047,-2.2103198213839903,4.2,34.26346715813119
23059351180,85,4250.0,4300.0,50.0,84.3706772130086,84.03086739921564,84.2121303945571,0.08421213039455709,-0.6796196275859359,4.25,34.26346715813119
23059351180,86,4300.0,4350.0,50.0,84.03086739921564,83.4,83.6374208858896,0.0836374208858896,-1.261734798431263,4.3,34.26346715813119
23059351180,87,4350.0,4400.0,50.0,83.4,82.48614543926021,83.1194843771893,0.0831194843771893,-1.827709121479586,4.35,34.26346715813119
23059351180,88,4400.0,4450.0,50.0,82.48614543926021,81.05393351800555,81.63750179821254,0.08163750179821254,-2.864423842509325,4.4,34.26346715813119
23059351180,89,4450.0,4500.0,50.0,81.05393351800555,81.82578321741951,81.25011468341364,0.08125011468341364,1.5436993988279255,4.45,35.035316857545155
23059351180,90,4500.0,4550.0,50.0,81.82578321741951,81.99482350623606,82.10927083106084,0.08210927083106084,0.33808057763309307,4.5,35.2043571463617
23059351180,91,4550.0,4600.0,50.0,81.99482350623606,81.32045798707296,81.6627304268714,0.0816627304268714,-1.348731038326207,4.55,35.2043571463617
23059351180,92,4600.0,4650.0,50.0,81.32045798707296,80.63347692307691,80.98544667945167,0.08098544667945166,-1.3739621279920868,4.6,35.2043571463617
23059351180,93,4650.0,4700.0,50.0,80.63347692307691,79.73591160220992,80.17136092931008,0.08017136092931008,-1.7951306417339765,4.65,35.2043571463617
23059351180,94,4700.0,4750.0,50.0,79.73591160220992,79.6526638940046,79.6616927302259,0.0796616927302259,-0.16649541641064047,4.7,35.2043571463617
23059351180,95,4750.0,4800.0,50.0,79.6526638940046,80.11840028216481,79.81362762196194,0.07981362762196194,0.9314727763204189,4.75,35.67009353452191
23059351180,96,4800.0,4850.0,50.0,80.11840028216481,81.54326647564469,80.80975502145712,0.08080975502145712,2.8497323869597437,4.8,37.09495972800178
23059351180,97,4850.0,4900.0,50.0,81.54326647564469,82.51451082307248,82.10881112149858,0.08210881112149858,1.942488694855598,4.85,38.06620407542958
23059351180,98,4900.0,4950.0,50.0,82.51451082307248,82.61740634005764,82.55247850419097,0.08255247850419098,0.20579103397031417,4.9,38.16909959241474
23059351180,99,4950.0,5000.0,50.0,82.61740634005764,82.92198830409356,82.79549943542814,0.08279549943542815,0.6091639280718368,4.95,38.47368155645066
23059351180,100,5000.0,5012.56,12.5600000000004,82.92198830409356,82.89416413255358,82.91223684210524,0.08291223684210525,-0.22153002818451403,5.0,38.47368155645066
23064485029,0,0.0,50.0,50.0,77.24272300469485,75.98921492195277,76.71705183929195,0.07671705183929195,-2.507016165484174,0.0,0.0
23064485029,1,50.0,100.0,50.0,75.98921492195277,74.47692307692307,75.11962943876222,0.07511962943876221,-3.024583690059387,0.05,0.0
23064485029,2,100.0,150.0,50.0,74.47692307692307,74.16000000000001,74.3394871794872,0.0743394871794872,-0.6338461538461218,0.1,0.0
23064485029,3,150.0,200.0,50.0,74.16000000000001,74.28000000000002,74.19333333333334,0.07419333333333335,0.2400000000000091,0.15,0.12000000000000455
23064485029,4,200.0,250.0,50.0,74.28000000000002,74.2997461264276,74.2399719938896,0.0742399719938896,0.039492252855183096,0.2,0.1397461264275961
23064485029,5,250.0,300.0,50.0,74.2997461264276,75.16,74.66644079920466,0.07466644079920466,1.7205077471447794,0.25,0.9999999999999858
23064485029,6,300.0,350.0,50.0,75.16,76.44707901139711,75.8198655397618,0.0758198655397618,2.5741580227942222,0.3,2.287079011397097
23064485029,7,350.0,400.0,50.0,76.44707901139711,77.3852225913621,77.09394658348467,0.07709394658348466,1.8762871599299729,0.35,3.2252225913620833
23064485029,8,400.0,450.0,50.0,77.3852225913621,76.84288659793813,77.05993277848181,0.0770599327784818,-1.0846719868479227,0.4,3.2252225913620833
23064485029,9,450.0,500.0,50.0,76.84288659793813,77.48568527918783,77.0376192718963,0.0770376192718963,1.2855973624994022,0.45,3.8680212726117844
23064485029,10,500.0,550.0,50.0,77.48568527918783,78.38033149171272,77.92295313683148,0.07792295313683148,1.78929242504978,0.5,4.762667485136674
23064485029,11,550.0,600.0,50.0,78.38033149171272,79.29294367264461,78.93790003800466,0.07893790003800466,1.825224361863775,0.55,5.675279666068562
23064485029,12,600.0,650.0,50.0,79.29294367264461,79.51167512690354,79.37387715026568,0.07937387715026568,0.4374629085178583,0.6,5.894011120327491
23064485029,13,650.0,700.0,50.0,79.51167512690354,80.29455511895917,79.86683823742406,0.07986683823742406,1.5657599841112528,0.65,6.676891112383117
23064485029,14,700.0,750.0,50.0,80.29455511895917,82.85676413192077,81.45888379984784,0.08145888379984784,5.124418025923205,0.7,9.23910012534472
23064485029,15,750.0,800.0,50.0,82.85676413192077,81.27529912807549,82.53653253260767,0.08253653253260766,-3.162930007690562,0.75,9.23910012534472
23064485029,16,800.0,850.0,50.0,81.27529912807549,77.6841480810564,79.30913919987887,0.07930913919987886,-7.182302094038164,0.8,9.23910012534472
23064485029,17,850.0,900.0,50.0,77.6841480810564,76.65414766863685,77.01520541202724,0.07701520541202725,-2.0600008248391077,0.85,9.23910012534472
23064485029,18,900.0,950.0,50.0,76.65414766863685,77.04,76.87804421928261,0.07687804421928261,0.7717046627263073,0.9,9.624952456707874
23064485029,19,950.0,1000.0,50.0,77.04,77.1843988723675,77.11032705028283,0.07711032705028284,0.2887977447349783,0.95,9.769351329075363
23064485029,20,1000.0,1050.0,50.0,77.1843988723675,77.29821596244133,77.22377448249155,0.07722377448249156,0.22763418014767467,1.0,9.8831684191492
23064485029,21,1050.0,1100.0,50.0,77.29821596244133,78.607,77.84767996870109,0.07784767996870108,2.617568075117333,1.05,11.191952456707867
23064485029,22,1100.0,1150.0,50.0,78.607,81.02710578533693,79.79065599364343,0.07979065599364342,4.840211570673858,1.1,13.612058242044796
23064485029,23,1150.0,1200.0,50.0,81.02710578533693,84.34550552749474,82.59089139156698,0.08259089139156699,6.636799484315617,1.15,16.930457984202604
23064485029,24,1200.0,1250.0,50.0,84.34550552749474,86.13196270396271,85.45361831767563,0.08545361831767563,3.5729143529359533,1.2,18.71691516067058
23064485029,25,1250.0,1300.0,50.0,86.13196270396271,86.3089538924074,86.27129078595874,0.08627129078595874,0.35398237688937684,1.25,18.89390634911527
23064485029,26,1300.0,1350.0,50.0,86.3089538924074,86.04000000000003,86.12157142035703,0.08612157142035703,-0.5379077848147347,1.3,18.89390634911527
23064485029,27,1350.0,1400.0,50.0,86.04000000000003,86.12,86.15333333333336,0.08615333333333336,0.15999999999993975,1.35,18.97390634911524
23064485029,28,1400.0,1450.0,50.0,86.12,85.38117647058826,85.75764705882352,0.08575764705882352,-1.477647058823493,1.4,18.97390634911524
23064485029,29,1450.0,1500.0,50.0,85.38117647058826,85.06836363636364,85.19383244206776,0.08519383244206775,-0.6256256684492314,1.45,18.97390634911524
23064485029,30,1500.0,1550.0,50.0,85.06836363636364,85.08000000000001,85.04472727272729,0.08504472727272729,0.023272727272740212,1.5,18.98554271275161
23064485029,31,1550.0,1600.0,50.0,85.08000000000001,85.17565217391305,85.22521739130435,0.08522521739130436,0.19130434782607608,1.55,19.081194886664647
23064485029,32,1600.0,1650.0,50.0,85.17565217391305,84.28000000000002,84.61043478260872,0.08461043478260873,-1.7913043478260704,1.6,19.081194886664647
23064485029,33,1650.0,1700.0,50.0,84.28000000000002,85.3385456885457,84.72062205062205,0.08472062205062206,2.1170913770913558,1.65,20.139740575210325
23064485029,34,1700.0,1750.0,50.0,85.3385456885457,87.82488785825926,86.46726479081048,0.08646726479081047,4.972684339427133,1.7,22.62608274492389
23064485029,35,1750.0,1800.0,50.0,87.82488785825926,92.27625271629779,90.03310968323963,0.09003310968323963,8.902729716077062,1.75,27.077447602962422
23064485029,36,1800.0,1850.0,50.0,92.27625271629779,95.82096370740643,94.13028176911776,0.09413028176911775,7.089421982217289,1.8,30.622158594071067
23064485029,37,1850.0,1900.0,50.0,95.82096370740643,96.91715736040607,96.5688979034536,0.0965688979034536,2.1923873059992616,1.85,31.718352247070698
23064485029,38,1900.0,1950.0,50.0,96.91715736040607,95.71624337905746,96.47024827342455,0.09647024827342454,-2.4018279626972117,1.9,31.718352247070698
23064485029,39,1950.0,2000.0,50.0,95.71624337905746,93.28091239316241,94.32506997149837,0.09432506997149837,-4.870661971790099,1.95,31.718352247070698
23064485029,40,2000.0,2050.0,50.0,93.28091239316241,93.70558854764028,93.4553789168343,0.09345537891683431,0.84935230895573,2.0,32.14302840154856
23064485029,41,2050.0,2100.0,50.0,93.70558854764028,94.04,93.8963449584413,0.0938963449584413,0.6688229047194625,2.05,32.477439853908294
23064485029,42,2100.0,2150.0,50.0,94.04,94.31952315702934,94.20456015346672,0.09420456015346672,0.5590463140586621,2.1,32.756963010937625
23064485029,43,2150.0,2200.0,50.0,94.31952315702934,93.78677042801556,94.0683482175704,0.0940683482175704,-1.065505458027559,2.15,32.756963010937625
23064485029,44,2200.0,2250.0,50.0,93.78677042801556,93.09800947867299,93.43872486645644,0.09343872486645644,-1.3775218986851314,2.2,32.756963010937625
23064485029,45,2250.0,2300.0,50.0,93.09800947867299,94.9585019656528,93.88426372925214,0.09388426372925214,3.7209849739596166,2.25,34.61745549791743
23064485029,46,2300.0,2350.0,50.0,94.9585019656528,95.97284974093262,95.51785797626921,0.09551785797626922,2.0286955505596325,2.3,35.63180327319725
23064485029,47,2350.0,2400.0,50.0,95.97284974093262,97.662997002997,96.74541298080158,0.09674541298080158,3.3802945241287716,2.35,37.321950535261635
23064485029,48,2400.0,2450.0,50.0,97.662997002997,98.91999999999999,98.37281718281717,0.09837281718281718,2.51400599400597,2.4,38.57895353226462
23064485029,49,2450.0,2500.0,50.0,98.91999999999999,99.88446601941749,99.3622330097087,0.0993622330097087,1.9289320388350006,2.45,39.54341955168212
23064485029,50,2500.0,2550.0,50.0,99.88446601941749,100.26721461187215,100.27797121366613,0.10027797121366613,0.7654971849093215,2.5,39.92616814413678
23064485029,51,2550.0,2600.0,50.0,100.26721461187215,99.9728638437079,100.02974456833147,0.10002974456833147,-0.5887015363285002,2.55,39.92616814413678
23064485029,52,2600.0,2650.0,50.0,99.9728638437079,96.81428683746657,98.67895643402896,0.09867895643402896,-6.317154012482661,2.6,39.92616814413678
23064485029,53,2650.0,2700.0,50.0,96.81428683746657,94.08,95.16325942006215,0.09516325942006215,-5.46857367493314,2.65,39.92616814413678
23064485029,54,2700.0,2750.0,50.0,94.08,96.02797161122963,94.76437818027843,0.09476437818027843,3.895943222459266,2.7,41.874139755366414
23064485029,55,2750.0,2800.0,50.0,96.02797161122963,98.8432696731913,97.67033921622333,0.09767033921622333,5.63059612392334,2.75,44.689437817328084
23064485029,56,2800.0,2850.0,50.0,98.8432696731913,99.18885572139303,98.95280912838354,0.09895280912838353,0.6911720964034487,2.8,45.03502386552981
23064485029,57,2850.0,2900.0,50.0,99.18885572139303,100.63405128205127,99.88060466896286,0.09988060466896286,2.8903911213164974,2.85,46.48021942618806
23064485029,58,2900.0,2950.0,50.0,100.63405128205127,103.29948717948719,101.90567521367522,0.10190567521367522,5.330871794871825,2.9,49.14565532362397
23064485029,59,2950.0,3000.0,50.0,103.29948717948719,105.5683833091437,104.5851032010966,0.1045851032010966,4.537792259313022,2.95,51.41455145328048
23064485029,60,3000.0,3050.0,50.0,105.5683833091437,105.23714285714289,105.42739488216188,0.10542739488216188,-0.662480904001626,3.0,51.41455145328048
23064485029,61,3050.0,3100.0,50.0,105.23714285714289,106.59151316881692,105.65508520294645,0.10565508520294645,2.7087406233480635,3.05,52.76892176495451
23064485029,62,3100.0,3150.0,50.0,106.59151316881692,111.97204530438887,109.34152799059017,0.10934152799059016,10.76106427114391,3.1,58.14945390052647
23064485029,63,3150.0,3200.0,50.0,111.97204530438887,114.11999999999998,113.15313575585968,0.11315313575585968,4.29590939122221,3.15,60.29740859613757
23064485029,64,3200.0,3250.0,50.0,114.11999999999998,114.90490909090909,114.58742424242422,0.11458742424242421,1.5698181818182206,3.2,61.08231768704668
23064485029,65,3250.0,3300.0,50.0,114.90490909090909,116.82604158576837,115.64425614895727,0.11564425614895726,3.842264989718558,3.25,63.00345018190596
23064485029,66,3300.0,3350.0,50.0,116.82604158576837,122.28065802868623,119.29068817712947,0.11929068817712947,10.909232885835737,3.3,68.45806662482383
23064485029,67,3350.0,3400.0,50.0,122.28065802868623,130.8274580940512,126.590542556551,0.126590542556551,17.093600130729925,3.35,77.00486669018879
23064485029,68,3400.0,3450.0,50.0,130.8274580940512,133.77723849372384,132.7385685055942,0.1327385685055942,5.899560799345295,3.4,79.95464708986144
23064485029,69,3450.0,3500.0,50.0,133.77723849372384,134.40752565249358,134.01375625049562,0.1340137562504956,1.260574317539465,3.45,80.58493424863117
23064485029,70,3500.0,3550.0,50.0,134.40752565249358,139.62824404184357,136.6355609881214,0.1366355609881214,10.441436778699995,3.5,85.80565263798117
23064485029,71,3550.0,3600.0,50.0,139.62824404184357,146.3103838277851,143.03602352276232,0.14303602352276232,13.36427957188306,3.55,92.4877924239227
23064485029,72,3600.0,3650.0,50.0,146.3103838277851,153.20842731351473,149.8004101617478,0.1498004101617478,13.79608697145926,3.6,99.38583590965233
23064485029,73,3650.0,3700.0,50.0,153.20842731351473,156.5381081081081,155.19969161102844,0.15519969161102845,6.659361589186744,3.65,102.7155167042457
23064485029,74,3700.0,3750.0,50.0,156.5381081081081,158.33344072641665,157.3406630703345,0.1573406630703345,3.590665236617099,3.7,104.51084932255425
23064485029,75,3750.0,3800.0,50.0,158.33344072641665,161.30424168178538,159.76099034103132,0.1597609903410313,5.941601910737461,3.75,107.48165027792298
23064485029,76,3800.0,3850.0,50.0,161.30424168178538,165.88920679637127,163.44884687350168,0.16344884687350167,9.169930229171769,3.8,112.06661539250887
23064485029,77,3850.0,3900.0,50.0,165.88920679637127,171.94621303126698,168.91749705426307,0.16891749705426307,12.114012469791419,3.85,118.12362162740457
23064485029,78,3900.0,3950.0,50.0,171.94621303126698,175.777756664314,174.06196532138873,0.17406196532138873,7.663087266094067,3.9,121.95516526045161
23064485029,79,3950.0,4000.0,50.0,175.777756664314,179.30968280409996,177.37697206978953,0.17737697206978953,7.063852279571904,3.95,125.48709140023756
23064485029,80,4000.0,4050.0,50.0,179.30968280409996,184.31393751991155,181.89703652932312,0.18189703652932313,10.008509431623168,4.0,130.49134611604916
23064485029,81,4050.0,4100.0,50.0,184.31393751991155,188.19334212936604,186.24187910171807,0.18624187910171808,7.758809218908993,4.05,134.37075072550365
23064485029,82,4100.0,4150.0,50.0,188.19334212936604,192.7627947994969,190.4300216862308,0.1904300216862308,9.138905340261715,4.1,138.9402033956345
23064485029,83,4150.0,4200.0,50.0,192.7627947994969,196.2688172383267,194.79074378587754,0.19479074378587755,7.012044877659605,4.15,142.44622583446431
23064485029,84,4200.0,4250.0,50.0,196.2688172383267,195.0113725490196,195.69436675415227,0.19569436675415228,-2.514889378614214,4.2,142.44622583446431
23064485029,85,4250.0,4300.0,50.0,195.0113725490196,195.5208219178082,195.16911003670873,0.19516911003670873,1.0188987375772172,4.25,142.95567520325292
23064485029,86,4300.0,4350.0,50.0,195.5208219178082,196.2601923076923,196.02363935721812,0.19602363935721812,1.4787407797682022,4.3,143.69504559313702
23064485029,87,4350.0,4400.0,50.0,196.2601923076923,194.88018099547511,195.61694758672698,0.19561694758672699,-2.7600226244343844,4.35,143.69504559313702
23064485029,88,4400.0,4450.0,50.0,194.88018099547511,196.5851137574619,195.3921343017848,0.19539213430178481,3.409865523973565,4.4,145.3999783551238
23064485029,89,4450.0,4500.0,50.0,196.5851137574619,198.44,197.77303978750217,0.19777303978750216,3.7097724850762006,4.45,147.2548645976619
23064485029,90,4500.0,4550.0,50.0,198.44,198.7672794379273,198.42715374683522,0.19842715374683523,0.6545588758546046,4.5,147.5821440355892
23064485029,91,4550.0,4600.0,50.0,198.7672794379273,201.16000000000003,200.0201256910921,0.2000201256910921,4.78544112414545,4.55,149.97486459766193
23064485029,92,4600.0,4650.0,50.0,201.16000000000003,204.02721012658228,202.4506717299578,0.20245067172995782,5.734420253164501,4.6,152.84207472424418
23064485029,93,4650.0,4700.0,50.0,204.02721012658228,208.07605781910397,205.96399159470843,0.20596399159470843,8.09769538504338,4.65,156.89092241676587
23064485029,94,4700.0,4750.0,50.0,208.07605781910397,210.86625856846803,209.6612599162004,0.2096612599162004,5.580401498728122,4.7,159.68112316612994
23064485029,95,4750.0,4800.0,50.0,210.86625856846803,214.36024584844435,212.58895607598535,0.21258895607598535,6.987974559952647,4.75,163.17511044610626
23064485029,96,4800.0,4850.0,50.0,214.36024584844435,217.1090073133981,215.72644052974985,0.21572644052974985,5.497522929907518,4.8,165.92387191106002
23064485029,97,4850.0,4900.0,50.0,217.1090073133981,219.14980392156863,218.2522964307021,0.2182522964307021,4.081593216341048,4.85,167.96466851923054
23064485029,98,4900.0,4950.0,50.0,219.14980392156863,219.80467008397858,219.51044701633882,0.21951044701633882,1.3097323248198904,4.9,168.6195346816405
23064485029,99,4950.0,5000.0,50.0,219.80467008397858,219.5258873114463,219.74329050620943,0.21974329050620944,-0.5575655450645627,4.95,168.6195346816405
23064485029,100,5000.0,5050.0,50.0,219.5258873114463,218.32,218.9817871931381,0.2189817871931381,-2.411774622892608,5.0,168.6195346816405
23064485029,101,5050.0,5100.0,50.0,218.32,216.35098624208587,217.4277114488998,0.2174277114488998,-3.938027515828253,5.05,168.6195346816405
23064485029,102,5100.0,5150.0,50.0,216.35098624208587,213.51619551257835,214.90089207806932,0.2149008920780693,-5.669581459015035,5.1,168.6195346816405
23064485029,103,5150.0,5200.0,50.0,213.51619551257835,210.72829270140997,212.16909436233547,0.21216909436233547,-5.575805622336759,5.15,168.6195346816405
23064485029,104,5200.0,5250.0,50.0,210.72829270140997,207.7933143144823,209.21560450210555,0.20921560450210555,-5.8699567738553355,5.2,168.6195346816405
23064485029,105,5250.0,5300.0,50.0,207.7933143144823,205.73660112147854,206.7151084660113,0.2067151084660113,-4.113426386007518,5.25,168.6195346816405
23064485029,106,5300.0,5350.0,50.0,205.73660112147854,203.47447154471544,204.61903865520983,0.20461903865520983,-4.524259153526202,5.3,168.6195346816405
23064485029,107,5350.0,5400.0,50.0,203.47447154471544,201.14857142857142,202.37812620983348,0.20237812620983348,-4.651800232288053,5.35,168.6195346816405
23064485029,108,5400.0,5450.0,50.0,201.14857142857142,198.22171572613433,199.68873912908796,0.19968873912908797,-5.853711404874161,5.4,168.6195346816405
23064485029,109,5450.0,5500.0,50.0,198.22171572613433,194.92354879212337,196.64361302219413,0.19664361302219413,-6.5963338680219294,5.45,168.6195346816405
23064485029,110,5500.0,5550.0,50.0,194.92354879212337,191.3018759493671,193.09569482628845,0.19309569482628844,-7.2433456855125655,5.5,168.6195346816405
23064485029,111,5550.0,5600.0,50.0,191.3018759493671,191.64158745887818,190.90556315062693,0.19090556315062693,0.679423019022181,5.55,168.95924619115158
23064485029,112,5600.0,5650.0,50.0,191.64158745887818,191.09284613409227,191.9001344267922,0.19190013442679218,-1.0974826495718162,5.6,168.95924619115158
23064485029,113,5650.0,5700.0,50.0,191.09284613409227,186.77207701457033,188.93755378098328,0.1889375537809833,-8.641538239043882,5.65,168.95924619115158
23064485029,114,5700.0,5750.0,50.0,186.77207701457033,184.6624535388518,185.6392625298881,0.1856392625298881,-4.219246951437071,5.7,168.95924619115158
23064485029,115,5750.0,5800.0,50.0,184.6624535388518,180.970916334224,182.8440725598449,0.18284407255984492,-7.383074409255585,5.75,168.95924619115158
23064485029,116,5800.0,5850.0,50.0,180.970916334224,179.14050877108943,179.86585476148653,0.17986585476148653,-3.660815126269142,5.8,168.95924619115158
23064485029,117,5850.0,5900.0,50.0,179.14050877108943,179.59833333333333,179.38878756388434,0.17938878756388432,0.9156491244877998,5.85,169.41707075339548
23064485029,118,5900.0,5950.0,50.0,179.59833333333333,179.42854271356785,179.55180625348967,0.17955180625348968,-0.33958123953095765,5.9,169.41707075339548
23064485029,119,5950.0,6000.0,50.0,179.42854271356785,178.09485714285717,178.85027614261784,0.17885027614261784,-2.66737114142137,5.95,169.41707075339548
23064485029,120,6000.0,6050.0,50.0,178.09485714285717,176.95999999999998,177.42076190476192,0.17742076190476191,-2.2697142857143717,6.0,169.41707075339548
23064485029,121,6050.0,6100.0,50.0,176.95999999999998,176.24,176.6,0.1766,-1.4399999999999409,6.05,169.41707075339548
23064485029,122,6100.0,6150.0,50.0,176.24,175.84,176.05999999999997,0.17605999999999997,-0.8000000000000114,6.1,169.41707075339548
23064485029,123,6150.0,6200.0,50.0,175.84,174.38068292682928,175.23034146341465,0.17523034146341465,-2.9186341463414465,6.15,169.41707075339548
23064485029,124,6200.0,6250.0,50.0,174.38068292682928,173.48,173.75034146341463,0.17375034146341461,-1.8013658536585808,6.2,169.41707075339548
23064485029,125,6250.0,6300.0,50.0,173.48,173.55787439613522,173.48595813204506,0.17348595813204506,0.15574879227045813,6.25,169.4949451495307
23064485029,126,6300.0,6350.0,50.0,173.55787439613522,174.0201354299476,173.76478739786737,0.17376478739786735,0.9245220676247641,6.3,169.9572061833431
23064485029,127,6350.0,6400.0,50.0,174.0201354299476,174.72,174.34726429617035,0.17434726429617034,1.399729140104796,6.35,170.6570707533955
23064485029,128,6400.0,6450.0,50.0,174.72,175.22084745762714,175.00361581920905,0.17500361581920904,1.0016949152542907,6.4,171.15791821102263
23064485029,129,6450.0,6500.0,50.0,175.22084745762714,176.15272461412798,175.62438201882352,0.17562438201882352,1.8637543130016638,6.45,172.08979536752346
23064485029,130,6500.0,6550.0,50.0,176.15272461412798,177.44,176.87224090038924,0.17687224090038925,2.5745507717440432,6.5,173.3770707533955
23064485029,131,6550.0,6600.0,50.0,177.44,177.6415136713137,177.74247231398854,0.17774247231398854,0.4030273426274107,6.55,173.5785844247092
23064485029,132,6600.0,6650.0,50.0,177.6415136713137,176.04000000000002,176.71237469065852,0.1767123746906585,-3.203027342627365,6.6,173.5785844247092
23064485029,133,6650.0,6700.0,50.0,176.04000000000002,176.5389807614858,176.03990458192632,0.1760399045819263,0.9979615229715364,6.65,174.07756518619496
23064485029,134,6700.0,6750.0,50.0,176.5389807614858,178.53596234988638,177.80079640026702,0.17780079640026702,3.9939631768011736,6.7,176.07454677459555
23064485029,135,6750.0,6800.0,50.0,178.53596234988638,177.1505988258317,177.7460925314402,0.17774609253144022,-2.770727048109336,6.75,176.07454677459555
23064485029,136,6800.0,6850.0,50.0,177.1505988258317,176.53119382835098,177.06452470129452,0.17706452470129452,-1.238809994961457,6.8,176.07454677459555
23064485029,137,6850.0,6900.0,50.0,176.53119382835098,175.22981627296588,175.72359777809834,0.17572359777809834,-2.602755110770204,6.85,176.07454677459555
23064485029,138,6900.0,6950.0,50.0,175.22981627296588,177.0249365561379,175.91374787530935,0.17591374787530936,3.5902405663440504,6.9,177.86966705776757
23064485029,139,6950.0,7000.0,50.0,177.0249365561379,178.66493716872134,177.95875985029798,0.177958759850298,3.2800012251668704,6.95,179.509667670351
23064485029,140,7000.0,7050.0,50.0,178.66493716872134,179.8511515151515,179.11938588313,0.17911938588313,2.3724286928603533,7.0,180.69588201678118
23064485029,141,7050.0,7100.0,50.0,179.8511515151515,184.2560265266648,181.94395824506464,0.18194395824506462,8.809750023026595,7.05,185.10075702829448
23064485029,142,7100.0,7150.0,50.0,184.2560265266648,186.32000000000002,185.59950262503455,0.18559950262503455,4.12794694667042,7.1,187.1647305016297
23064485029,143,7150.0,7200.0,50.0,186.32000000000002,186.20203045685284,186.2813536379019,0.1862813536379019,-0.23593908629436555,7.15,187.1647305016297
23064485029,144,7200.0,7250.0,50.0,186.20203045685284,186.23792352411365,186.17872043367842,0.18617872043367842,0.07178613452163063,7.2,187.2006235688905
23064485029,145,7250.0,7300.0,50.0,186.23792352411365,187.208194861093,186.75110746470986,0.18675110746470985,1.9405426739587028,7.25,188.17089490586986
23064485029,146,7300.0,7350.0,50.0,187.208194861093,187.16,187.19696730576933,0.18719696730576935,-0.09638972218601793,7.3,188.17089490586986
23064485029,147,7350.0,7400.0,50.0,187.16,187.4432535885168,187.23496012759173,0.18723496012759172,0.5665071770335999,7.35,188.45414849438666
23064485029,148,7400.0,7450.0,50.0,187.4432535885168,190.51494278910582,188.76353323886698,0.188763533238867,6.14337840117804,7.4,191.52583769497568
23064485029,149,7450.0,7500.0,50.0,190.51494278910582,194.8624430688316,192.62422441457375,0.19262422441457375,8.695000559451557,7.45,195.87333797470146
23064485029,150,7500.0,7550.0,50.0,194.8624430688316,198.73511452156725,196.96098720043707,0.1969609872004371,7.745342905471318,7.5,199.74600942743712
23064485029,151,7550.0,7600.0,50.0,198.73511452156725,202.45909498509536,200.50203361145205,0.20050203361145205,7.447960927056215,7.55,203.46998989096522
23064485029,152,7600.0,7650.0,50.0,202.45909498509536,205.3526100839931,203.96469423088766,0.20396469423088767,5.787030197795502,7.6,206.36350498986297
23064485029,153,7650.0,7700.0,50.0,205.3526100839931,207.78283018830388,206.6933996179899,0.2066933996179899,4.860440208621526,7.65,208.79372509417374
23064485029,154,7700.0,7750.0,50.0,207.78283018830388,209.04906333715059,208.4107688663776,0.2084107688663776,2.532466297693418,7.7,210.05995824302045
23064485029,155,7750.0,7800.0,50.0,209.04906333715059,212.4229384281372,210.66920136294172,0.21066920136294173,6.747750181973231,7.75,213.43383333400706
23064485029,156,7800.0,7850.0,50.0,212.4229384281372,213.94468736462233,213.29111472560794,0.21329111472560794,3.0434978729702493,7.8,214.9555822704922
23064485029,157,7850.0,7900.0,50.0,213.94468736462233,212.77718582541056,213.55222863361908,0.21355222863361908,-2.33500307842354,7.85,214.9555822704922
23064485029,158,7900.0,7950.0,50.0,212.77718582541056,209.49266891748348,211.19124704516062,0.21119124704516062,-6.569033815854141,7.9,214.9555822704922
23064485029,159,7950.0,8000.0,50.0,209.49266891748348,207.11999999999998,208.3317733560451,0.20833177335604508,-4.745337834967017,7.95,214.9555822704922
23064485029,160,8000.0,8050.0,50.0,207.11999999999998,204.1909637044083,205.5354539196019,0.2055354539196019,-5.858072591183372,8.0,214.9555822704922
23064485029,161,8050.0,8100.0,50.0,204.1909637044083,203.16000000000003,203.6488431181397,0.2036488431181397,-2.06192740881653,8.05,214.9555822704922
23064485029,162,8100.0,8150.0,50.0,203.16000000000003,203.23933333333332,203.03300000000002,0.20303300000000002,0.15866666666659057,8.1,215.03491560382548
23064485029,163,8150.0,8200.0,50.0,203.23933333333332,203.76,203.61966666666663,0.20361966666666664,1.0413333333333412,8.15,215.55558227049215
23064485029,164,8200.0,8250.0,50.0,203.76,204.34450886008995,204.00615498545358,0.20400615498545357,1.1690177201799088,8.2,216.1400911305821
23064485029,165,8250.0,8300.0,50.0,204.34450886008995,203.10552036199095,203.77536744929702,0.20377536744929703,-2.477976996197981,8.25,216.1400911305821
23064485029,166,8300.0,8350.0,50.0,203.10552036199095,202.52253715998017,202.7015580834894,0.2027015580834894,-1.1659664040215603,8.3,216.1400911305821
23064485029,167,8350.0,8400.0,50.0,202.52253715998017,205.12535240040856,203.8024480701541,0.2038024480701541,5.205630480856769,8.35,218.7429063710105
23064485029,168,8400.0,8450.0,50.0,205.12535240040856,204.93236630036625,205.19305441873982,0.2051930544187398,-0.3859722000846091,8.4,218.7429063710105
23064485029,169,8450.0,8500.0,50.0,204.93236630036625,203.27382978723404,204.22297867144675,0.20422297867144676,-3.3170730262644383,8.45,218.7429063710105
23064485029,170,8500.0,8550.0,50.0,203.27382978723404,201.08,202.15588652482268,0.20215588652482266,-4.387659574468046,8.5,218.7429063710105
23064485029,171,8550.0,8600.0,50.0,201.08,197.56624640829813,199.46481964835417,0.19946481964835416,-7.02750718340377,8.55,218.7429063710105
23064485029,172,8600.0,8650.0,50.0,197.56624640829813,191.11116732026144,194.6799113259341,0.19467991132593412,-12.910158176073367,8.6,218.7429063710105
23064485029,173,8650.0,8700.0,50.0,191.11116732026144,177.48297249457775,184.50498517763216,0.18450498517763217,-27.256389651367385,8.65,218.7429063710105
23064485029,174,8700.0,8750.0,50.0,177.48297249457775,165.19625630383513,170.9381644012374,0.1709381644012374,-24.573432381485244,8.7,218.7429063710105
23064485029,175,8750.0,8800.0,50.0,165.19625630383513,157.8080906127237,161.61613574827004,0.16161613574827005,-14.77633138222285,8.75,218.7429063710105
23064485029,176,8800.0,8850.0,50.0,157.8080906127237,145.6547973431875,152.2839517418509,0.1522839517418509,-24.306586539072388,8.8,218.7429063710105
23064485029,177,8850.0,8900.0,50.0,145.6547973431875,134.91077368473586,139.5383535613645,0.1395383535613645,-21.4880473169033,8.85,218.7429063710105
23064485029,178,8900.0,8950.0,50.0,134.91077368473586,131.0365251723486,132.81034045204987,0.13281034045204987,-7.748497024774508,8.9,218.7429063710105
23064485029,179,8950.0,9000.0,50.0,131.0365251723486,125.14361301682452,128.26854259378044,0.12826854259378043,-11.785824311048172,8.95,218.7429063710105
23064485029,180,9000.0,9050.0,50.0,125.14361301682452,119.80930137452279,122.47146197050574,0.12247146197050575,-10.668623284603454,9.0,218.7429063710105
23064485029,181,9050.0,9100.0,50.0,119.80930137452279,115.86999032628353,117.65756287913338,0.11765756287913338,-7.878622096478523,9.05,218.7429063710105
23064485029,182,9100.0,9150.0,50.0,115.86999032628353,112.14864201416852,114.01589357377021,0.11401589357377022,-7.442696624230024,9.1,218.7429063710105
23064485029,183,9150.0,9200.0,50.0,112.14864201416852,109.66971409505948,110.91243745477378,0.11091243745477378,-4.95785583821808,9.15,218.7429063710105
23064485029,184,9200.0,9250.0,50.0,109.66971409505948,107.88364239297917,108.5599220144012,0.10855992201440119,-3.572143404160613,9.2,218.7429063710105
23064485029,185,9250.0,9300.0,50.0,107.88364239297917,110.11940803382663,108.86410554881299,0.10886410554881298,4.471531281694922,9.25,220.97867201185795
23064485029,186,9300.0,9350.0,50.0,110.11940803382663,111.07999999999997,110.63788583509512,0.11063788583509512,1.921183932346679,9.3,221.9392639780313
23064485029,187,9350.0,9400.0,50.0,111.07999999999997,111.55505376344085,111.46254480286736,0.11146254480286735,0.9501075268817658,9.35,222.4143177414722
23064485029,188,9400.0,9450.0,50.0,111.55505376344085,111.92,111.61250896057346,0.11161250896057347,0.7298924731182979,9.4,222.77926397803134
23064485029,189,9450.0,9500.0,50.0,111.92,114.19889017924766,112.96607254060423,0.11296607254060423,4.557780358495307,9.45,225.05815415727898
23064485029,190,9500.0,9550.0,50.0,114.19889017924766,116.97074209034649,115.63534830711892,0.11563534830711891,5.543703822197671,9.5,227.83000606837783
23064485029,191,9550.0,9600.0,50.0,116.97074209034649,119.34514861741971,118.1083829083168,0.1181083829083168,4.748813054146439,9.55,230.20441259545106
23064485029,192,9600.0,9650.0,50.0,119.34514861741971,119.83219883040935,119.80574321284523,0.11980574321284523,0.9741004259792874,9.6,230.6914628084407
23064485029,193,9650.0,9700.0,50.0,119.83219883040935,122.20587629268066,120.66627064011004,0.12066627064011004,4.747354924542606,9.65,233.065140270712
23064485029,194,9700.0,9750.0,50.0,122.20587629268066,124.901939582157,123.83855863449844,0.12383855863449844,5.392126578952684,9.7,235.76120356018833
23064485029,195,9750.0,9800.0,50.0,124.901939582157,126.75999999999999,125.6944193487672,0.1256944193487672,3.7161208356859845,9.75,237.6192639780313
23064485029,196,9800.0,9850.0,50.0,126.75999999999999,128.0423458098133,127.64029127225358,0.12764029127225357,2.5646916196266147,9.8,238.90160978784462
23064485029,197,9850.0,9900.0,50.0,128.0423458098133,126.05317341329332,127.05612416941045,0.12705612416941045,-3.978344793039952,9.85,238.90160978784462
23064485029,198,9900.0,9950.0,50.0,126.05317341329332,126.30399105954977,126.05711453126963,0.12605711453126964,0.5016352925129013,9.9,239.15242743410107
23064485029,199,9950.0,10000.0,50.0,126.30399105954977,125.00774020826182,125.86255534797193,0.12586255534797194,-2.592501702575902,9.95,239.15242743410107
23064485029,200,10000.0,10050.0,50.0,125.00774020826182,122.26296577946766,123.630303319569,0.123630303319569,-5.489548857588318,10.0,239.15242743410107
23064485029,201,10050.0,10100.0,50.0,122.26296577946766,120.35999999999999,121.27716096324461,0.12127716096324462,-3.805931558935356,10.05,239.15242743410107
23064485029,202,10100.0,10150.0,50.0,120.35999999999999,118.17921603016427,119.33687035338407,0.11933687035338407,-4.361567939671431,10.1,239.15242743410107
23064485029,203,10150.0,10200.0,50.0,118.17921603016427,115.46554178474771,116.80511805230874,0.11680511805230874,-5.427348490833111,10.15,239.15242743410107
23064485029,204,10200.0,10250.0,50.0,115.46554178474771,112.49233364954827,114.01893454947071,0.11401893454947071,-5.946416270398885,10.2,239.15242743410107
23064485029,205,10250.0,10300.0,50.0,112.49233364954827,109.82850249010373,111.12946305066278,0.11112946305066278,-5.327662318889082,10.25,239.15242743410107
23064485029,206,10300.0,10350.0,50.0,109.82850249010373,108.16571428571429,108.89711271064245,0.10889711271064245,-3.325576408778886,10.3,239.15242743410107
23064485029,207,10350.0,10400.0,50.0,108.16571428571429,108.31717993557295,108.09730852672409,0.1080973085267241,0.30293129971732924,10.35,239.30389308395974
23064485029,208,10400.0,10450.0,50.0,108.31717993557295,109.44000000000001,108.8636809326584,0.1088636809326584,2.24564012885412,10.4,240.4267131483868
23064485029,209,10450.0,10500.0,50.0,109.44000000000001,110.84,110.14666666666669,0.11014666666666668,2.799999999999983,10.45,241.82671314838677
23064485029,210,10500.0,10550.0,50.0,110.84,112.15577919499276,111.47879422572943,0.11147879422572943,2.631558389985514,10.5,243.14249234337953
23064485029,211,10550.0,10600.0,50.0,112.15577919499276,114.05670659455737,113.04717027609307,0.11304717027609307,3.8018547991292166,10.55,245.04341974294414
23064485029,212,10600.0,10650.0,50.0,114.05670659455737,116.44903315881326,115.23414897824536,0.11523414897824535,4.784653128511792,10.6,247.43574630720002
23064485029,213,10650.0,10700.0,50.0,116.44903315881326,117.29796813394769,117.06854906377909,0.11706854906377909,1.6978699502688528,10.65,248.28468128233445
23064485029,214,10700.0,10750.0,50.0,117.29796813394769,116.91999999999999,117.10415787179745,0.11710415787179745,-0.7559362678954074,10.7,248.28468128233445
23064485029,215,10750.0,10800.0,50.0,116.91999999999999,116.4640414507772,116.72134715025904,0.11672134715025903,-0.9119170984455707,10.75,248.28468128233445
23064485029,216,10800.0,10850.0,50.0,116.4640414507772,115.83999999999999,116.13602763385148,0.11613602763385149,-1.248082901554426,10.8,248.28468128233445
23064485029,217,10850.0,10900.0,50.0,115.83999999999999,115.42925373134328,115.63104477611938,0.11563104477611938,-0.8214925373134179,10.85,248.28468128233445
23064485029,218,10900.0,10950.0,50.0,115.42925373134328,115.32768472906405,115.31282307673456,0.11531282307673456,-0.2031380045584683,10.9,248.28468128233445
23064485029,219,10950.0,11000.0,50.0,115.32768472906405,115.77131754140616,115.5513148467354,0.11555131484673539,0.8872656246842325,10.95,248.72831409467656
23064485029,220,11000.0,11050.0,50.0,115.77131754140616,115.74280161943315,115.81062795809454,0.11581062795809455,-0.0570318439460209,11.0,248.72831409467656
23064485029,221,11050.0,11100.0,50.0,115.74280161943315,114.97972093023255,115.4050609170511,0.1154050609170511,-1.5261613784012127,11.05,248.72831409467656
23064485029,222,11100.0,11150.0,50.0,114.97972093023255,114.1689908256881,114.54807211435885,0.11454807211435884,-1.6214602090888945,11.1,248.72831409467656
23064485029,223,11150.0,11200.0,50.0,114.1689908256881,113.24000000000001,113.74082568807341,0.11374082568807341,-1.8579816513761784,11.15,248.72831409467656
23064485029,224,11200.0,11250.0,50.0,113.24000000000001,111.84388869930976,112.61751736896116,0.11261751736896115,-2.7922226013805016,11.2,248.72831409467656
23064485029,225,11250.0,11300.0,50.0,111.84388869930976,109.43999999999998,110.61303799701527,0.11061303799701527,-4.80777739861955,11.25,248.72831409467656
23064485029,226,11300.0,11350.0,50.0,109.43999999999998,108.2621011673152,108.78070038910505,0.10878070038910505,-2.355797665369579,11.3,248.72831409467656
23064485029,227,11350.0,11400.0,50.0,108.2621011673152,108.09208871773987,108.17031821936739,0.10817031821936739,-0.3400248991506487,11.35,248.72831409467656
23064485029,228,11400.0,11450.0,50.0,108.09208871773987,107.75727659574468,107.9080223404124,0.1079080223404124,-0.6696242439903699,11.4,248.72831409467656
23064485029,229,11450.0,11500.0,50.0,107.75727659574468,107.10902654867255,107.43844323102992,0.10743844323102993,-1.2965000941442781,11.45,248.72831409467656
23064485029,230,11500.0,11550.0,50.0,107.10902654867255,106.92258602417618,106.93720758555133,0.10693720758555134,-0.3728810489927241,11.5,248.72831409467656
23064485029,231,11550.0,11600.0,50.0,106.92258602417618,108.32306305919715,107.58995100178761,0.10758995100178761,2.8009540700419393,11.55,250.12879112969753
23064485029,232,11600.0,11650.0,50.0,108.32306305919715,107.80873563218388,108.22211237241179,0.10822211237241179,-1.0286548540265414,11.6,250.12879112969753
23064485029,233,11650.0,11700.0,50.0,107.80873563218388,106.92,107.37478927203063,0.10737478927203062,-1.7774712643677617,11.65,250.12879112969753
23064485029,234,11700.0,11750.0,50.0,106.92,105.88228165007112,106.33411759127547,0.10633411759127548,-2.075436699857761,11.7,250.12879112969753
23064485029,235,11750.0,11800.0,50.0,105.88228165007112,104.65950735709308,105.41254174135747,0.10541254174135747,-2.4455485859560895,11.75,250.12879112969753
23064485029,236,11800.0,11850.0,50.0,104.65950735709308,102.12495201359113,103.40247642856947,0.10340247642856946,-5.069110687003899,11.8,250.12879112969753
23064485029,237,11850.0,11900.0,50.0,102.12495201359113,99.76957723781948,100.87919575852474,0.10087919575852475,-4.7107495515433015,11.85,250.12879112969753
23064485029,238,11900.0,11950.0,50.0,99.76957723781948,99.0293293856403,99.33757272453727,0.09933757272453726,-1.4804957043583613,11.9,250.12879112969753
23064485029,239,11950.0,12000.0,50.0,99.0293293856403,96.82570601947941,98.0286079496542,0.0980286079496542,-4.407246732321767,11.95,250.12879112969753
23064485029,240,12000.0,12050.0,50.0,96.82570601947941,95.79999999999995,96.17017480310915,0.09617017480310915,-2.051412038958915,12.0,250.12879112969753
23064485029,241,12050.0,12100.0,50.0,95.79999999999995,94.54785376397983,95.297138560822,0.095297138560822,-2.504292472040248,12.05,250.12879112969753
23064485029,242,12100.0,12150.0,50.0,94.54785376397983,90.90357316435339,92.97476798375224,0.09297476798375225,-7.288561199252882,12.1,250.12879112969753
23064485029,243,12150.0,12200.0,50.0,90.90357316435339,86.73012447677048,88.68376719320038,0.08868376719320038,-8.34689737516581,12.15,250.12879112969753
23064485029,244,12200.0,12250.0,50.0,86.73012447677048,81.21531827555259,84.0782686174897,0.0840782686174897,-11.029612402435786,12.2,250.12879112969753
23064485029,245,12250.0,12300.0,50.0,81.21531827555259,77.3637798678964,79.04776534119975,0.07904776534119975,-7.703076815312386,12.25,250.12879112969753
23064485029,246,12300.0,12350.0,50.0,77.3637798678964,75.91836951057898,76.65255698712492,0.07665255698712492,-2.8908207146348275,12.3,250.12879112969753
23064485029,247,12350.0,12400.0,50.0,75.91836951057898,73.23798632017875,74.64204042404539,0.07464204042404539,-5.36076638080047,12.35,250.12879112969753
23064485029,248,12400.0,12450.0,50.0,73.23798632017875,71.56393944524338,72.33709722512673,0.07233709722512673,-3.348093749870742,12.4,250.12879112969753
23064485029,249,12450.0,12500.0,50.0,71.56393944524338,70.40627904205886,70.90427508641515,0.07090427508641516,-2.3153208063690442,12.45,250.12879112969753
23064485029,250,12500.0,12550.0,50.0,70.40627904205886,67.53449176751774,69.25130041726295,0.06925130041726295,-5.74357454908224,12.5,250.12879112969753
23064485029,251,12550.0,12600.0,50.0,67.53449176751774,66.66457959339574,66.68411473131849,0.0666841147313185,-1.7398243482439852,12.55,250.12879112969753
23064485029,252,12600.0,12650.0,50.0,66.66457959339574,70.25874377200637,68.13957728033076,0.06813957728033075,7.188328357221252,12.6,253.72295530830814
23064485029,253,12650.0,12700.0,50.0,70.25874377200637,75.14308340861184,72.92185223886747,0.07292185223886748,9.76867927321095,12.65,258.60729494491363
23064485029,254,12700.0,12750.0,50.0,75.14308340861184,77.74815570672715,76.51444940156125,0.07651444940156125,5.210144596230606,12.7,261.21236724302895
23064485029,255,12750.0,12800.0,50.0,77.74815570672715,79.01382687522218,78.4175190330375,0.0784175190330375,2.5313423369900647,12.75,262.478038411524
23064485029,256,12800.0,12850.0,50.0,79.01382687522218,80.25269422286684,79.65422682854218,0.07965422682854217,2.477734695289314,12.8,263.71690575916864
23064485029,257,12850.0,12900.0,50.0,80.25269422286684,81.23999999999998,80.78208186286359,0.08078208186286359,1.9746115542662892,12.85,264.7042115363018
23064485029,258,12900.0,12950.0,50.0,81.23999999999998,80.95672727272726,81.20557575757574,0.08120557575757574,-0.5665454545454338,12.9,264.7042115363018
23064485029,259,12950.0,13000.0,50.0,80.95672727272726,79.5178431372549,80.25745870469399,0.08025745870469399,-2.8777682709447276,12.95,264.7042115363018
23064485029,260,13000.0,13050.0,50.0,79.5178431372549,77.82132110091742,78.74308946453198,0.07874308946453197,-3.393044072674968,13.0,264.7042115363018
23064485029,261,13050.0,13100.0,50.0,77.82132110091742,76.24000000000001,76.9231009174312,0.0769231009174312,-3.1626422018348137,13.05,264.7042115363018
23064485029,262,13100.0,13150.0,50.0,76.24000000000001,75.11999999999998,75.69333333333333,0.07569333333333333,-2.240000000000066,13.1,264.7042115363018
23064485029,263,13150.0,13200.0,50.0,75.11999999999998,74.96,74.94666666666664,0.07494666666666665,-0.31999999999996476,13.15,264.7042115363018
23064485029,264,13200.0,13250.0,50.0,74.96,76.03618953475674,75.36618787901081,0.07536618787901081,2.1523790695135006,13.2,265.7804010710585
23064485029,265,13250.0,13300.0,50.0,76.03618953475674,77.72704078532198,76.96223039634816,0.07696223039634816,3.3817025011304622,13.25,267.47125232162375
23064485029,266,13300.0,13350.0,50.0,77.72704078532198,78.24000000000001,78.0414787113864,0.0780414787113864,1.025918429356068,13.3,267.9842115363018
23064485029,267,13350.0,13400.0,50.0,78.24000000000001,78.1632075471698,78.26773584905659,0.0782677358490566,-0.15358490566040928,13.35,267.9842115363018
23064485029,268,13400.0,13450.0,50.0,78.1632075471698,78.20000000000002,78.16213836477988,0.07816213836477988,0.07358490566042519,13.4,268.02100398913205
23064485029,269,13450.0,13500.0,50.0,78.20000000000002,78.29022266247473,78.20818352785797,0.07820818352785797,0.18044532494943155,13.45,268.1112266516068
23064485029,270,13500.0,13550.0,50.0,78.29022266247473,78.25058118183229,78.29250276742728,0.07829250276742727,-0.0792829612848891,13.5,268.1112266516068
23064485029,271,13550.0,13600.0,50.0,78.25058118183229,77.45980641585791,77.93399964693823,0.07793399964693823,-1.5815495319487525,13.55,268.1112266516068
23064485029,272,13600.0,13650.0,50.0,77.45980641585791,76.6,76.9859243179415,0.07698592431794149,-1.7196128317158355,13.6,268.1112266516068
23064485029,273,13650.0,13700.0,50.0,76.6,76.20817822827578,76.33507816844404,0.07633507816844404,-0.7836435434484201,13.65,268.1112266516068
23064485029,274,13700.0,13750.0,50.0,76.20817822827578,76.53693023255816,76.37387525363023,0.07637387525363024,0.6575040085647572,13.7,268.43997865588915
23064485029,275,13750.0,13800.0,50.0,76.53693023255816,76.4454385964912,76.51796790425678,0.07651796790425677,-0.1829832721339244,13.75,268.43997865588915
23064485029,276,13800.0,13850.0,50.0,76.4454385964912,75.82437768240342,76.1717516251286,0.07617175162512861,-1.2421218281755557,13.8,268.43997865588915
23064485029,277,13850.0,13900.0,50.0,75.82437768240342,75.2324579089314,75.55304265522713,0.07555304265522714,-1.183839546944057,13.85,268.43997865588915
23064485029,278,13900.0,13950.0,50.0,75.2324579089314,75.10756972111554,75.1786418095695,0.0751786418095695,-0.2497763756317113,13.9,268.43997865588915
23064485029,279,13950.0,14000.0,50.0,75.10756972111554,74.39999999999998,74.67792828685258,0.07467792828685257,-1.4151394422311228,13.95,268.43997865588915
23064485029,280,14000.0,14007.43,7.430000000000291,74.39999999999998,74.39999999999998,74.39999999999998,0.07439999999999998,0.0,14.0,268.43997865588915
23095730671,0,0.0,50.0,50.0,283.9480122324159,286.1571252691682,285.0916286152935,0.28509162861529347,4.41822607350457,0.0,2.209113036752285
23095730671,1,50.0,100.0,50.0,286.1571252691682,285.37341353159854,285.82300760844487,0.28582300760844487,-1.5674234751393215,0.05,2.209113036752285
23095730671,2,100.0,150.0,50.0,285.37341353159854,284.88,285.0923955885998,0.2850923955885998,-0.9868270631970972,0.1,2.209113036752285
23095730671,3,150.0,200.0,50.0,284.88,284.56,284.74666666666667,0.28474666666666665,-0.6399999999999864,0.15,2.209113036752285
23095730671,4,200.0,250.0,50.0,284.56,283.5678228782288,284.07463714637146,0.28407463714637143,-1.9843542435423842,0.2,2.209113036752285
23095730671,5,250.0,300.0,50.0,283.5678228782288,283.12,283.319852398524,0.28331985239852403,-0.8956457564576112,0.25,2.209113036752285
23095730671,6,300.0,350.0,50.0,283.12,282.6943682402341,282.90547906858376,0.28290547906858377,-0.8512635195318126,0.3,2.209113036752285
23095730671,7,350.0,400.0,50.0,282.6943682402341,281.6218888568961,282.238144378484,0.282238144378484,-2.144958766676041,0.35,2.209113036752285
23095730671,8,400.0,450.0,50.0,281.6218888568961,280.36061776061774,280.959609197038,0.280959609197038,-2.5225421925566707,0.4,2.209113036752285
23095730671,9,450.0,500.0,50.0,280.36061776061774,278.7337345596584,279.573368327085,0.279573368327085,-3.2537664019187105,0.45,2.209113036752285
23095730671,10,500.0,550.0,50.0,278.7337345596584,279.3014028768981,278.8068633340522,0.2788068633340522,1.1353366344794722,0.5,2.776781353992021
23095730671,11,550.0,600.0,50.0,279.3014028768981,278.61378507001393,279.22840941656017,0.2792284094165602,-1.3752356137683819,0.55,2.776781353992021
23095730671,12,600.0,650.0,50.0,278.61378507001393,276.57723731801264,277.5500643141002,0.27755006431410023,-4.073095504002595,0.6,2.776781353992021
23095730671,13,650.0,700.0,50.0,276.57723731801264,274.5097638514279,275.5570627675177,0.27555706276751774,-4.134946933169431,0.65,2.776781353992021
23095730671,14,700.0,750.0,50.0,274.5097638514279,274.1089350816785,274.17221907269584,0.27417221907269584,-0.8016575394988195,0.7,2.776781353992021
23095730671,15,750.0,800.0,50.0,274.1089350816785,274.24000000000007,274.16384707265394,0.27416384707265395,0.26212983664311196,0.75,2.907846272313577
23095730671,16,800.0,850.0,50.0,274.24000000000007,274.3801639344262,274.3401092896175,0.2743401092896175,0.28032786885228234,0.8,3.0480102067397183
23095730671,17,850.0,900.0,50.0,274.3801639344262,272.85607017543856,273.7663119547503,0.27376631195475026,-3.0481875179752933,0.85,3.0480102067397183
23095730671,18,900.0,950.0,50.0,272.85607017543856,270.02784262304465,271.50317726939534,0.2715031772693953,-5.656455104787824,0.9,3.0480102067397183
23095730671,19,950.0,1000.0,50.0,270.02784262304465,266.7849925302214,268.3954241578029,0.2683954241578029,-6.485700185646465,0.95,3.0480102067397183
23095730671,20,1000.0,1050.0,50.0,266.7849925302214,263.7086160872085,265.2180635177806,0.2652180635177806,-6.152752886025837,1.0,3.0480102067397183
23095730671,21,1050.0,1100.0,50.0,263.7086160872085,260.70536374950575,262.2370794494217,0.2622370794494217,-6.006504675405495,1.05,3.0480102067397183
23095730671,22,1100.0,1150.0,50.0,260.70536374950575,257.9277301982322,259.25785242471994,0.25925785242471994,-5.555267102547077,1.1,3.0480102067397183
23095730671,23,1150.0,1200.0,50.0,257.9277301982322,256.2393305439331,256.9793163252446,0.2569793163252446,-3.3767993085982653,1.15,3.0480102067397183
23095730671,24,1200.0,1250.0,50.0,256.2393305439331,256.1621928166352,256.17423733103436,0.25617423733103434,-0.1542754545957905,1.2,3.0480102067397183
23095730671,25,1250.0,1300.0,50.0,256.1621928166352,253.01953584115205,254.89126106141626,0.25489126106141624,-6.28531395096627,1.25,3.0480102067397183
23095730671,26,1300.0,1350.0,50.0,253.01953584115205,250.15255839592774,251.38424560945717,0.25138424560945716,-5.733954890448615,1.3,3.0480102067397183
23095730671,27,1350.0,1400.0,50.0,250.15255839592774,248.0988384626061,249.1687379540117,0.2491687379540117,-4.10743986664329,1.35,3.0480102067397183
23095730671,28,1400.0,1450.0,50.0,248.0988384626061,246.47034224826274,247.08956634537174,0.24708956634537174,-3.256992428686715,1.4,3.0480102067397183
23095730671,29,1450.0,1500.0,50.0,246.47034224826274,247.18671641791042,246.8193391951771,0.2468193391951771,1.4327483392953582,1.45,3.7643843763873974
23095730671,30,1500.0,1550.0,50.0,247.18671641791042,244.6683530986317,246.3175035253674,0.2463175035253674,-5.036726638557411,1.5,3.7643843763873974
23095730671,31,1550.0,1600.0,50.0,244.6683530986317,238.6455268906756,241.6611824964991,0.2416611824964991,-12.04565241591223,1.55,3.7643843763873974
23095730671,32,1600.0,1650.0,50.0,238.6455268906756,234.23382483775214,236.26814041818102,0.23626814041818103,-8.823404105846919,1.6,3.7643843763873974
23095730671,33,1650.0,1700.0,50.0,234.23382483775214,233.08685906315736,233.5635754386681,0.2335635754386681,-2.2939315491895513,1.65,3.7643843763873974
23095730671,34,1700.0,1750.0,50.0,233.08685906315736,231.10878471823148,232.2249709602644,0.2322249709602644,-3.956148689851773,1.7,3.7643843763873974
23095730671,35,1750.0,1800.0,50.0,231.10878471823148,226.94907658897827,229.11762505439913,0.22911762505439912,-8.319416258506408,1.75,3.7643843763873974
23095730671,36,1800.0,1850.0,50.0,226.94907658897827,223.05927082864997,225.05117308851797,0.22505117308851796,-7.779611520656601,1.8,3.7643843763873974
23095730671,37,1850.0,1900.0,50.0,223.05927082864997,220.09963804247462,221.21850315455086,0.22121850315455086,-5.919265572350696,1.85,3.7643843763873974
23095730671,38,1900.0,1950.0,50.0,220.09963804247462,219.46123513359402,219.87213431290766,0.21987213431290767,-1.2768058177612147,1.9,3.7643843763873974
23095730671,39,1950.0,2000.0,50.0,219.46123513359402,218.41835967790038,218.88632225485267,0.21888632225485266,-2.085750911387265,1.95,3.7643843763873974
23095730671,40,2000.0,2050.0,50.0,218.41835967790038,218.2858571428572,218.32225126752164,0.21832225126752164,-0.2650050700863744,2.0,3.7643843763873974
23095730671,41,2050.0,2100.0,50.0,218.2858571428572,214.71649114509682,216.9258922668856,0.2169258922668856,-7.138731995520743,2.05,3.7643843763873974
23095730671,42,2100.0,2150.0,50.0,214.71649114509682,211.11957807562385,212.64909495536065,0.21264909495536066,-7.193826138945951,2.1,3.7643843763873974
23095730671,43,2150.0,2200.0,50.0,211.11957807562385,209.57878004306212,210.237331159724,0.21023733115972398,-3.081596065123449,2.15,3.7643843763873974
23095730671,44,2200.0,2250.0,50.0,209.57878004306212,209.34414285714288,209.40886421514594,0.20940886421514593,-0.4692743718384804,2.2,3.7643843763873974
23095730671,45,2250.0,2300.0,50.0,209.34414285714288,208.82542820197813,209.41477223057396,0.20941477223057395,-1.0374293103295145,2.25,3.7643843763873974
23095730671,46,2300.0,2350.0,50.0,208.82542820197813,204.44615154536388,206.47056232377557,0.20647056232377556,-8.758553313228504,2.3,3.7643843763873974
23095730671,47,2350.0,2400.0,50.0,204.44615154536388,203.43714285714287,203.79779281204006,0.20379779281204005,-2.0180173764420033,2.35,3.7643843763873974
23095730671,48,2400.0,2450.0,50.0,203.43714285714287,202.72237154150199,203.15317146621496,0.20315317146621495,-1.4295426312817767,2.4,3.7643843763873974
23095730671,49,2450.0,2500.0,50.0,202.72237154150199,201.39526016205718,202.0551235174557,0.20205512351745572,-2.6542227588896026,2.45,3.7643843763873974
23095730671,50,2500.0,2550.0,50.0,201.39526016205718,201.38436665526694,201.17225057656637,0.20117225057656637,-0.021787013580478742,2.5,3.7643843763873974
23095730671,51,2550.0,2600.0,50.0,201.38436665526694,201.19761940849185,201.67788904635708,0.20167788904635708,-0.37349449355019715,2.55,3.7643843763873974
23095730671,52,2600.0,2650.0,50.0,201.19761940849185,199.19558448089668,199.9957393675456,0.1999957393675456,-4.004069855190323,2.6,3.7643843763873974
23095730671,53,2650.0,2700.0,50.0,199.19558448089668,198.543579277865,198.85972529134335,0.19885972529134335,-1.3040104060633553,2.65,3.7643843763873974
23095730671,54,2700.0,2750.0,50.0,198.543579277865,197.6581669877054,198.15001067042996,0.19815001067042998,-1.7708245803191858,2.7,3.7643843763873974
23095730671,55,2750.0,2800.0,50.0,197.6581669877054,196.83999999999997,197.1720861969196,0.1971720861969196,-1.6363339754108779,2.75,3.7643843763873974
23095730671,56,2800.0,2850.0,50.0,196.83999999999997,198.78239961371,197.5825538910681,0.1975825538910681,3.8847992274200465,2.8,5.706783990097421
23095730671,57,2850.0,2900.0,50.0,198.78239961371,201.99685153252952,200.38089291848368,0.20038089291848368,6.428903837639041,2.85,8.921235908916941
23095730671,58,2900.0,2950.0,50.0,201.99685153252952,204.64347730175317,203.38765831710487,0.20338765831710487,5.293251538447294,2.9,11.567861678140588
23095730671,59,2950.0,3000.0,50.0,204.64347730175317,207.1140192270344,205.87905162456636,0.20587905162456635,4.94108385056245,2.95,14.038403603421813
23095730671,60,3000.0,3050.0,50.0,207.1140192270344,208.75402515797674,207.9982031373839,0.2079982031373839,3.2800118618847023,3.0,15.678409534364164
23095730671,61,3050.0,3100.0,50.0,208.75402515797674,210.25523213274633,209.49969300818165,0.20949969300818166,3.002413949539175,3.05,17.17961650913375
23095730671,62,3100.0,3150.0,50.0,210.25523213274633,211.87288132835653,211.02079901689584,0.21102079901689583,3.2352983912203968,3.1,18.79726570474395
23095730671,63,3150.0,3200.0,50.0,211.87288132835653,214.18883493358993,212.99798794427443,0.21299798794427444,4.631907210466807,3.15,21.113219309977353
23095730671,64,3200.0,3250.0,50.0,214.18883493358993,217.10506978076342,215.60072518754393,0.21560072518754392,5.832469694346969,3.2,24.029454157150838
23095730671,65,3250.0,3300.0,50.0,217.10506978076342,220.70014042167878,218.89372185301306,0.21889372185301306,7.1901412818307335,3.25,27.624524798066204
23095730671,66,3300.0,3350.0,50.0,220.70014042167878,224.11264812716104,222.38523386553425,0.22238523386553424,6.825015410964511,3.3,31.03703250354846
23095730671,67,3350.0,3400.0,50.0,224.11264812716104,227.8550885453156,225.9957845599516,0.2259957845599516,7.484880836309117,3.35,34.77947292170302
23095730671,68,3400.0,3450.0,50.0,227.8550885453156,231.2830485578558,229.5515032578503,0.2295515032578503,6.855920025080422,3.4,38.20743293424323
23095730671,69,3450.0,3500.0,50.0,231.2830485578558,235.03864333092127,233.18715513450752,0.23318715513450752,7.511189546130936,3.45,41.9630277073087
23095730671,70,3500.0,3550.0,50.0,235.03864333092127,238.34126212852766,236.71988943077227,0.23671988943077227,6.60523759521277,3.5,45.26564650491508
23095730671,71,3550.0,3600.0,50.0,238.34126212852766,241.7243251876037,240.04497422240578,0.24004497422240578,6.766126118152101,3.55,48.64870956399113
23095730671,72,3600.0,3650.0,50.0,241.7243251876037,244.93698737649842,243.29336941946187,0.24329336941946186,6.425324377789423,3.6,51.861371752885844
23095730671,73,3650.0,3700.0,50.0,244.93698737649842,247.52802840721014,246.31145592938833,0.24631145592938833,5.1820820614234435,3.65,54.452412783597566
23095730671,74,3700.0,3750.0,50.0,247.52802840721014,249.22898734177215,248.4416352673594,0.2484416352673594,3.40191786912402,3.7,56.153371718159576
23095730671,75,3750.0,3800.0,50.0,249.22898734177215,250.63999999999996,249.96966244725738,0.24996966244725738,2.8220253164556084,3.75,57.56438437638738
23095730671,76,3800.0,3850.0,50.0,250.63999999999996,251.04000000000002,250.85333333333327,0.25085333333333326,0.8000000000001251,3.8,57.96438437638744
23095730671,77,3850.0,3900.0,50.0,251.04000000000002,251.52246493866377,251.27531783312494,0.25127531783312496,0.9649298773275063,3.85,58.446849315051196
23095730671,78,3900.0,3950.0,50.0,251.52246493866377,252.273417721519,251.87609225321816,0.25187609225321816,1.5019055657104445,3.9,59.19780209790642
23095730671,79,3950.0,4000.0,50.0,252.273417721519,253.2434867619225,252.7441917937521,0.25274419179375207,1.940138080807003,3.95,60.16787113830992
23095730671,80,4000.0,4050.0,50.0,253.2434867619225,253.70345083487942,253.52528887781708,0.25352528887781706,0.9199281459138433,4.0,60.62783521126684
23095730671,81,4050.0,4100.0,50.0,253.70345083487942,254.58215056082832,254.08472285541401,0.254084722855414,1.757399451897811,4.05,61.50653493721575
23095730671,82,4100.0,4150.0,50.0,254.58215056082832,255.76641791044776,255.1780387965264,0.2551780387965264,2.3685346992388645,4.1,62.69080228683518
23095730671,83,4150.0,4200.0,50.0,255.76641791044776,256.76000000000005,256.28106965174123,0.25628106965174124,1.9871641791045818,4.15,63.68438437638747
23095730671,84,4200.0,4250.0,50.0,256.76000000000005,257.15999999999997,256.9866666666667,0.2569866666666667,0.7999999999998408,4.2,64.08438437638739
23095730671,85,4250.0,4300.0,50.0,257.15999999999997,257.3399432245302,257.3005349818661,0.2573005349818661,0.3598864490604683,4.25,64.26432760091762
23095730671,86,4300.0,4350.0,50.0,257.3399432245302,257.0664261168385,257.16988361494356,0.2571698836149436,-0.5470342153834054,4.3,64.26432760091762
23095730671,87,4350.0,4400.0,50.0,257.0664261168385,256.6603436426117,256.9195704467354,0.2569195704467354,-0.812164948453642,4.35,64.26432760091762
23095730671,88,4400.0,4450.0,50.0,256.6603436426117,256.5045245901639,256.51156547048987,0.25651156547048987,-0.31163810489556454,4.4,64.26432760091762
23095730671,89,4450.0,4500.0,50.0,256.5045245901639,257.29276373223644,256.8356080784335,0.2568356080784335,1.5764782841450824,4.45,65.05256674299017
23095730671,90,4500.0,4550.0,50.0,257.29276373223644,259.79537775119024,258.41447399893923,0.25841447399893924,5.005228037907614,4.5,67.55518076194397
23095730671,91,4550.0,4600.0,50.0,259.79537775119024,262.7085839864311,261.2862655795805,0.2612862655795805,5.826412470481728,4.55,70.46838699718484
23095730671,92,4600.0,4650.0,50.0,262.7085839864311,265.64929243700635,264.1646512951722,0.2641646512951722,5.881416901150487,4.6,73.40909544776008
23095730671,93,4650.0,4700.0,50.0,265.64929243700635,268.956919298945,267.31871843141334,0.26731871843141336,6.615253723877345,4.65,76.71672230969875
23095730671,94,4700.0,4750.0,50.0,268.956919298945,271.9018789869836,270.42151155071036,0.27042151155071037,5.8899193760771595,4.7,79.66168199773733
23095730671,95,4750.0,4800.0,50.0,271.9018789869836,274.7434294380707,273.39173950670136,0.27339173950670137,5.6831009021741465,4.75,82.5032324488244
23095730671,96,4800.0,4850.0,50.0,274.7434294380707,275.74168224299063,275.3691347048508,0.2753691347048508,1.9965056098399145,4.8,83.50148525374436
23095730671,97,4850.0,4900.0,50.0,275.74168224299063,275.58168440995837,275.66444737723856,0.27566444737723855,-0.31999566606452845,4.85,83.50148525374436
23095730671,98,4900.0,4950.0,50.0,275.58168440995837,275.48,275.56141148754847,0.2755614114875485,-0.20336881991670452,4.9,83.50148525374436
23095730671,99,4950.0,5000.0,50.0,275.48,276.8058852182998,275.9388815370019,0.2759388815370019,2.651770436599577,4.95,84.82737047204415
23095730671,100,5000.0,5050.0,50.0,276.8058852182998,278.87466551425257,277.88417289491355,0.2778841728949136,4.137560591905526,5.0,86.89615076799691
23095730671,101,5050.0,5100.0,50.0,278.87466551425257,280.99895232468117,279.9658663616232,0.27996586636162324,4.248573620857201,5.05,89.02043757842551
23095730671,102,5100.0,5150.0,50.0,280.99895232468117,280.0546254289394,280.71256515822597,0.28071256515822596,-1.8886537914835344,5.1,89.02043757842551
23095730671,103,5150.0,5200.0,50.0,280.0546254289394,280.78867647058826,280.15176018146695,0.280151760181467,1.4681020832977083,5.15,89.75448862007437
23095730671,104,5200.0,5250.0,50.0,280.78867647058826,282.477591342371,281.75946455334116,0.28175946455334117,3.377829743565485,5.2,91.44340349185711
23095730671,105,5250.0,5300.0,50.0,282.477591342371,283.55050901781067,282.98930774075325,0.28298930774075326,2.145835350879338,5.25,92.51632116729678
23095730671,106,5300.0,5350.0,50.0,283.55050901781067,284.35361119592875,284.0186480431367,0.2840186480431367,1.6062043562361623,5.3,93.31942334541486
23095730671,107,5350.0,5400.0,50.0,284.35361119592875,284.65485714285717,284.4754690900279,0.2844754690900279,0.6024918938568362,5.35,93.62066929234328
23095730671,108,5400.0,5450.0,50.0,284.65485714285717,285.2912068965517,284.9240426929392,0.28492404269293925,1.2726995073891203,5.4,94.25701904603784
23095730671,109,5450.0,5500.0,50.0,285.2912068965517,286.32,285.87706896551725,0.28587706896551723,2.0575862068965307,5.45,95.2858121494861
23095730671,110,5500.0,5550.0,50.0,286.32,286.857570093458,286.55545171339566,0.28655545171339564,1.0751401869159736,5.5,95.82338224294409
23095730671,111,5550.0,5600.0,50.0,286.857570093458,287.34584615384614,287.08170812365205,0.287081708123652,0.9765521207763186,5.55,96.31165830333225
23095730671,112,5600.0,5650.0,50.0,287.34584615384614,287.1077572720892,287.464290211933,0.28746429021193304,-0.4761777635138742,5.6,96.31165830333225
23095730671,113,5650.0,5700.0,50.0,287.1077572720892,284.83541850220263,285.8874327215139,0.2858874327215139,-4.544677539773147,5.65,96.31165830333225
23095730671,114,5700.0,5750.0,50.0,284.83541850220263,284.0852922309337,284.43827886383593,0.28443827886383594,-1.5002525425378508,5.7,96.31165830333225
23095730671,115,5750.0,5800.0,50.0,284.0852922309337,284.24000000000007,284.0913892848658,0.28409138928486577,0.3094155381327255,5.75,96.46636607239861
23095730671,116,5800.0,5850.0,50.0,284.24000000000007,285.5213086292023,284.71768411440365,0.2847176841144037,2.5626172584044298,5.8,97.74767470160083
23095730671,117,5850.0,5900.0,50.0,285.5213086292023,287.7223178067715,286.79626223513094,0.28679626223513094,4.402018355138466,5.85,99.94868387917006
23095730671,118,5900.0,5950.0,50.0,287.7223178067715,287.0828813559322,287.4977874310721,0.28749778743107207,-1.2788729016785965,5.9,99.94868387917006
23095730671,119,5950.0,6000.0,50.0,287.0828813559322,286.36360315303074,286.6694258188558,0.2866694258188558,-1.4385564058029559,5.95,99.94868387917006
23095730671,120,6000.0,6050.0,50.0,286.36360315303074,285.7405739631612,286.0586627702894,0.2860586627702894,-1.246058379739111,6.0,99.94868387917006
23095730671,121,6050.0,6100.0,50.0,285.7405739631612,284.8840650406504,285.31425007222145,0.28531425007222144,-1.713017845021568,6.05,99.94868387917006
23095730671,122,6100.0,6150.0,50.0,284.8840650406504,284.12,284.50067750677505,0.28450067750677505,-1.5281300813007874,6.1,99.94868387917006
23095730671,123,6150.0,6200.0,50.0,284.12,283.56,283.85999999999996,0.28385999999999995,-1.1200000000000045,6.15,99.94868387917006
23095730671,124,6200.0,6250.0,50.0,283.56,282.26619990699965,282.9219943440736,0.2829219943440736,-2.5876001860007136,6.2,99.94868387917006
23095730671,125,6250.0,6300.0,50.0,282.26619990699965,281.09030727915194,281.67639920250195,0.281676399202502,-2.351785255695404,6.25,99.94868387917006
23095730671,126,6300.0,6350.0,50.0,281.09030727915194,280.89180076628355,280.83538056167043,0.28083538056167046,-0.39701302573678277,6.3,99.94868387917006
23095730671,127,6350.0,6400.0,50.0,280.89180076628355,282.4942099471831,281.72346466871954,0.28172346466871956,3.2048183617990844,6.35,101.5510930600696
23095730671,128,6400.0,6450.0,50.0,282.4942099471831,281.1353256704981,282.0103876794853,0.2820103876794853,-2.7177685533699787,6.4,101.5510930600696
23095730671,129,6450.0,6500.0,50.0,281.1353256704981,280.55072924187726,280.5964601942911,0.28059646019429113,-1.1691928572416828,6.45,101.5510930600696
23095730671,130,6500.0,6550.0,50.0,280.55072924187726,281.75,281.21615282791817,0.2812161528279182,2.398541516245473,6.5,102.75036381819234
23095730671,131,6550.0,6556.17,6.170000000000073,281.75,281.8219833333333,281.75,0.28175,1.1666666666664578,6.55,102.82234715152566
23119535339,0,0.0,50.0,50.0,281.8071296296296,283.5826496357546,282.710767204238,0.282710767204238,3.5510400122499277,0.0,1.7755200061249639
23119535339,1,50.0,100.0,50.0,283.5826496357546,282.94350878892067,283.34463878233925,0.28334463878233923,-1.27828169366785,0.05,1.7755200061249639
23119535339,2,100.0,150.0,50.0,282.94350878892067,282.43999999999994,282.6725785676238,0.2826725785676238,-1.0070175778414523,0.1,1.7755200061249639
23119535339,3,150.0,200.0,50.0,282.43999999999994,282.05849246231156,282.28616415410386,0.28228616415410385,-0.7630150753767566,0.15,1.7755200061249639
23119535339,4,200.0,250.0,50.0,282.05849246231156,280.8733617021276,281.41011554225025,0.28141011554225026,-2.370261520367876,0.2,1.7755200061249639
23119535339,5,250.0,300.0,50.0,280.8733617021276,280.52,280.7155744680851,0.2807155744680851,-0.7067234042552855,0.25,1.7755200061249639
23119535339,6,300.0,350.0,50.0,280.52,280.1505132886995,280.3470805437208,0.28034708054372076,-0.7389734226009068,0.3,1.7755200061249639
23119535339,7,350.0,400.0,50.0,280.1505132886995,279.28003300330033,279.77512141384557,0.2797751214138456,-1.7409605707983928,0.35,1.7755200061249639
23119535339,8,400.0,450.0,50.0,279.28003300330033,278.02536170212767,278.65257128478805,0.27865257128478804,-2.5093426023453276,0.4,1.7755200061249639
23119535339,9,450.0,500.0,50.0,278.02536170212767,276.28311688311686,277.13654600718434,0.27713654600718435,-3.484489638021614,0.45,1.7755200061249639
23119535339,10,500.0,550.0,50.0,276.28311688311686,277.0473732718894,276.47139226365033,0.2764713922636503,1.5285127775450746,0.5,2.539776394897501
23119535339,11,550.0,600.0,50.0,277.0473732718894,276.377810298103,277.0007453531985,0.2770007453531985,-1.3391259475728248,0.55,2.539776394897501
23119535339,12,600.0,650.0,50.0,276.377810298103,274.226132523258,275.2486004511738,0.2752486004511738,-4.303355549689968,0.6,2.539776394897501
23119535339,13,650.0,700.0,50.0,274.226132523258,272.43008460004125,273.32815182360076,0.27332815182360076,-3.5920958464334944,0.65,2.539776394897501
23119535339,14,700.0,750.0,50.0,272.43008460004125,272.49284380962206,272.30777654556704,0.27230777654556704,0.1255184191616081,0.7,2.6025356044783052
23119535339,15,750.0,800.0,50.0,272.49284380962206,272.9126619090098,272.6964618082074,0.2726964618082074,0.8396361987754517,0.75,3.022353703866031
23119535339,16,800.0,850.0,50.0,272.9126619090098,273.2852964669739,273.13969372766707,0.27313969372766705,0.7452691159281812,0.8,3.3949882618301217
23119535339,17,850.0,900.0,50.0,273.2852964669739,271.9964808009438,272.7958656286958,0.27279586562869584,-2.5776313320601503,0.85,3.3949882618301217
23119535339,18,900.0,950.0,50.0,271.9964808009438,269.3609808780308,270.7059639468896,0.2707059639468896,-5.270999845826054,0.9,3.3949882618301217
23119535339,19,950.0,1000.0,50.0,269.3609808780308,266.20109004680245,267.81203854182087,0.2678120385418209,-6.3197816624566485,0.95,3.3949882618301217
23119535339,20,1000.0,1050.0,50.0,266.20109004680245,262.9776271798816,264.5601575025617,0.26456015750256173,-6.446925733841681,1.0,3.3949882618301217
23119535339,21,1050.0,1100.0,50.0,262.9776271798816,260.10446334362837,261.54963566257953,0.26154963566257955,-5.746327672506482,1.05,3.3949882618301217
23119535339,22,1100.0,1150.0,50.0,260.10446334362837,257.5705417576151,258.782917387862,0.258782917387862,-5.067843172026528,1.1,3.3949882618301217
23119535339,23,1150.0,1200.0,50.0,257.5705417576151,256.03661764705885,256.69666736022674,0.2566966673602267,-3.067848221112513,1.15,3.3949882618301217
23119535339,24,1200.0,1250.0,50.0,256.03661764705885,256.11937254901966,256.0648709150327,0.2560648709150327,0.16550980392162273,1.2,3.477743163790933
23119535339,25,1250.0,1300.0,50.0,256.11937254901966,252.9143536799335,254.79274212249004,0.25479274212249003,-6.410037738172321,1.25,3.477743163790933
23119535339,26,1300.0,1350.0,50.0,252.9143536799335,250.4597155230209,251.50853388507883,0.2515085338850788,-4.909276313825217,1.3,3.477743163790933
23119535339,27,1350.0,1400.0,50.0,250.4597155230209,248.22243201784968,249.39312329218976,0.24939312329218977,-4.474567010342412,1.35,3.477743163790933
23119535339,28,1400.0,1450.0,50.0,248.22243201784968,246.96944444444443,247.3612086748581,0.24736120867485809,-2.505975146810499,1.4,3.477743163790933
23119535339,29,1450.0,1500.0,50.0,246.96944444444443,247.66115702479337,247.37334098561368,0.24737334098561367,1.3834251606978683,1.45,4.169455744139867
23119535339,30,1500.0,1550.0,50.0,247.66115702479337,244.7098426001064,246.61287888869228,0.24661287888869227,-5.902628849373912,1.5,4.169455744139867
23119535339,31,1550.0,1600.0,50.0,244.7098426001064,238.63738507452007,241.59103461047607,0.24159103461047607,-12.144915051172688,1.55,4.169455744139867
23119535339,32,1600.0,1650.0,50.0,238.63738507452007,234.11007914438505,236.2092109831068,0.2362092109831068,-9.054611860270029,1.6,4.169455744139867
23119535339,33,1650.0,1700.0,50.0,234.11007914438505,232.92,233.38181319073087,0.23338181319073087,-2.380158288770133,1.65,4.169455744139867
23119535339,34,1700.0,1750.0,50.0,232.92,230.95560386116057,232.12912173141436,0.23212912173141437,-3.9287922776788378,1.7,4.169455744139867
23119535339,35,1750.0,1800.0,50.0,230.95560386116057,226.92800545299366,229.03780546804634,0.22903780546804633,-8.055196816333819,1.75,4.169455744139867
23119535339,36,1800.0,1850.0,50.0,226.92800545299366,222.61120928205924,224.8080711939687,0.22480807119396867,-8.633592341868848,1.8,4.169455744139867
23119535339,37,1850.0,1900.0,50.0,222.61120928205924,220.0305172413793,220.91349836370355,0.22091349836370355,-5.16138408135987,1.85,4.169455744139867
23119535339,38,1900.0,1950.0,50.0,220.0305172413793,219.2830769230769,219.7783775419982,0.2197783775419982,-1.4948806366048188,1.9,4.169455744139867
23119535339,39,1950.0,2000.0,50.0,219.2830769230769,218.58301252025336,218.8709446578364,0.21887094465783638,-1.400128805647057,1.95,4.169455744139867
23119535339,40,2000.0,2050.0,50.0,218.58301252025336,218.75091677440204,218.62218165793516,0.21862218165793515,0.33580850829736164,2.0,4.337359998288548
23119535339,41,2050.0,2100.0,50.0,218.75091677440204,214.73794133676478,217.1599012638848,0.2171599012638848,-8.025950875274532,2.05,4.337359998288548
23119535339,42,2100.0,2150.0,50.0,214.73794133676478,211.4,212.82038151330235,0.21282038151330235,-6.675882673529543,2.1,4.337359998288548
23119535339,43,2150.0,2200.0,50.0,211.4,209.89823974954797,210.55906239862801,0.210559062398628,-3.0035205009040737,2.15,4.337359998288548
23119535339,44,2200.0,2250.0,50.0,209.89823974954797,209.56669456066942,209.6380894848112,0.2096380894848112,-0.6630903777571007,2.2,4.337359998288548
23119535339,45,2250.0,2300.0,50.0,209.56669456066942,209.31034922506737,209.77358616667038,0.20977358616667038,-0.5126906712040977,2.25,4.337359998288548
23119535339,46,2300.0,2350.0,50.0,209.31034922506737,205.27811648892535,207.13691299953123,0.20713691299953124,-8.064465472284041,2.3,4.337359998288548
23119535339,47,2350.0,2400.0,50.0,205.27811648892535,204.20000000000002,204.61908230790266,0.20461908230790266,-2.1562329778506637,2.35,4.337359998288548
23119535339,48,2400.0,2450.0,50.0,204.20000000000002,203.7471796997329,204.0356111264622,0.20403561112646218,-0.905640600534241,2.4,4.337359998288548
23119535339,49,2450.0,2500.0,50.0,203.7471796997329,202.6,203.15823523993734,0.20315823523993734,-2.2943593994658045,2.45,4.337359998288548
23119535339,50,2500.0,2550.0,50.0,202.6,202.51427195952837,202.3643636190554,0.2023643636190554,-0.17145608094324416,2.5,4.337359998288548
23119535339,51,2550.0,2600.0,50.0,202.51427195952837,202.6975427878352,202.97310795714188,0.20297310795714188,0.3665416566136628,2.55,4.520630826595379
23119535339,52,2600.0,2650.0,50.0,202.6975427878352,200.5627705627706,201.43572845255161,0.20143572845255162,-4.269544450129217,2.6,4.520630826595379
23119535339,53,2650.0,2700.0,50.0,200.5627705627706,200.12000000000003,200.34138528138533,0.20034138528138531,-0.8855411255411241,2.65,4.520630826595379
23119535339,54,2700.0,2750.0,50.0,200.12000000000003,199.27856410256408,199.71261538461536,0.19971261538461535,-1.6828717948719145,2.7,4.520630826595379
23119535339,55,2750.0,2800.0,50.0,199.27856410256408,198.31772151898738,198.77109639727362,0.1987710963972736,-1.9216851671533846,2.75,4.520630826595379
23119535339,56,2800.0,2850.0,50.0,198.31772151898738,199.88817204301077,198.8393838755048,0.19883938387550482,3.1409010480467714,2.8,6.091081350618765
23119535339,57,2850.0,2900.0,50.0,199.88817204301077,203.0925376676858,201.52319076415733,0.20152319076415734,6.408731249350069,2.85,9.2954469752938
23119535339,58,2900.0,2950.0,50.0,203.0925376676858,205.7412609376439,204.4360228402662,0.20443602284026618,5.297446539916166,2.9,11.944170245251883
23119535339,59,2950.0,3000.0,50.0,205.7412609376439,208.37688610928245,207.0837690401133,0.2070837690401133,5.271250343277131,2.95,14.579795416890448
23119535339,60,3000.0,3050.0,50.0,208.37688610928245,210.1332663316583,209.32457496501596,0.20932457496501594,3.5127604447516774,3.0,16.336175639266287
23119535339,61,3050.0,3100.0,50.0,210.1332663316583,211.68358370956048,210.87130024415433,0.21087130024415432,3.1006347558043785,3.05,17.886493017168476
23119535339,62,3100.0,3150.0,50.0,211.68358370956048,213.50759259259257,212.60176730435396,0.21260176730435396,3.6480177660641857,3.1,19.71050190020057
23119535339,63,3150.0,3200.0,50.0,213.50759259259257,215.66123473687958,214.534794891611,0.214534794891611,4.30728428857401,3.15,21.864144044487574
23119535339,64,3200.0,3250.0,50.0,215.66123473687958,218.54329411764706,217.05116678789747,0.21705116678789746,5.764118761534974,3.2,24.74620342525506
23119535339,65,3250.0,3300.0,50.0,218.54329411764706,221.8437893256781,220.1821256330993,0.2201821256330993,6.600990416062075,3.25,28.0466986332861
23119535339,66,3300.0,3350.0,50.0,221.8437893256781,225.529436111952,223.6664945660956,0.22366649456609558,7.371293572547813,3.3,31.732345419560005
23119535339,67,3350.0,3400.0,50.0,225.529436111952,229.19094089342744,227.38422389634994,0.22738422389634994,7.323009562950858,3.35,35.393850201035434
23119535339,68,3400.0,3450.0,50.0,229.19094089342744,232.7599488529965,230.94454892622403,0.23094454892622404,7.138015919138127,3.4,38.9628581606045
23119535339,69,3450.0,3500.0,50.0,232.7599488529965,236.4746500989964,234.63009006336108,0.23463009006336108,7.429402491999781,3.45,42.67755940660439
23119535339,70,3500.0,3550.0,50.0,236.4746500989964,239.84319546158525,238.17082364984336,0.23817082364984335,6.737090725177723,3.5,46.04610476919325
23119535339,71,3550.0,3600.0,50.0,239.84319546158525,243.1967436130529,241.5519083553679,0.2415519083553679,6.70709630293527,3.55,49.399652920660884
23119535339,72,3600.0,3650.0,50.0,243.1967436130529,246.3161847619082,244.70684311699128,0.24470684311699128,6.2388822977106315,3.6,52.5190940695162
23119535339,73,3650.0,3700.0,50.0,246.3161847619082,249.3814268298751,247.94751211480454,0.24794751211480454,6.130484135933784,3.65,55.58433613748309
23119535339,74,3700.0,3750.0,50.0,249.3814268298751,251.15735020291237,250.31775414637866,0.25031775414637863,3.5518467460745455,3.7,57.360259510520365
23119535339,75,3750.0,3800.0,50.0,251.15735020291237,252.67999999999998,251.93910638975092,0.2519391063897509,3.0452995941752192,3.75,58.882909307607974
23119535339,76,3800.0,3850.0,50.0,252.67999999999998,253.04000000000002,252.92666666666665,0.25292666666666663,0.7200000000000841,3.8,59.242909307608016
23119535339,77,3850.0,3900.0,50.0,253.04000000000002,253.6,253.28666666666663,0.25328666666666666,1.1199999999999477,3.85,59.80290930760799
23119535339,78,3900.0,3950.0,50.0,253.6,254.2392514505913,253.89738243935565,0.25389738243935567,1.2785029011826055,3.9,60.44216075819929
23119535339,79,3950.0,4000.0,50.0,254.2392514505913,255.16000000000003,254.7085356779023,0.2547085356779023,1.841497098817456,3.95,61.36290930760802
23119535339,80,4000.0,4050.0,50.0,255.16000000000003,255.67999999999998,255.49333333333334,0.25549333333333335,1.0399999999999068,4.0,61.882909307607974
23119535339,81,4050.0,4100.0,50.0,255.67999999999998,256.26848011891497,255.91477517651433,0.25591477517651434,1.1769602378299737,4.05,62.47138942652296
23119535339,82,4100.0,4150.0,50.0,256.26848011891497,257.7683425414365,256.9195428797855,0.2569195428797855,2.9997248450430334,4.1,63.97125184904448
23119535339,83,4150.0,4200.0,50.0,257.7683425414365,258.64939472374317,258.3063516257871,0.2583063516257871,1.7621043646133785,4.15,64.85230403135117
23119535339,84,4200.0,4250.0,50.0,258.64939472374317,259.2,258.95221436867433,0.2589522143686743,1.1012105525136349,4.2,65.40290930760798
23119535339,85,4250.0,4300.0,50.0,259.2,259.3308771929825,259.28239766081873,0.25928239766081873,0.26175438596499134,4.25,65.53378650059048
23119535339,86,4300.0,4350.0,50.0,259.3308771929825,259.0,259.2084795321637,0.25920847953216375,-0.6617543859649686,4.3,65.53378650059048
23119535339,87,4350.0,4400.0,50.0,259.0,258.7502,258.8601333333333,0.2588601333333333,-0.4995999999999867,4.35,65.53378650059048
23119535339,88,4400.0,4450.0,50.0,258.7502,258.8729203539823,258.73868023598817,0.25873868023598817,0.24544070796457618,4.4,65.65650685457277
23119535339,89,4450.0,4500.0,50.0,258.8729203539823,259.20000000000005,259.0843067846608,0.25908430678466077,0.6541592920355015,4.45,65.98358650059052
23119535339,90,4500.0,4550.0,50.0,259.20000000000005,258.63961165048545,259.07326860841425,0.25907326860841423,-1.120776699029193,4.5,65.98358650059052
23119535339,91,4550.0,4600.0,50.0,258.63961165048545,254.80039965104606,256.78259793209037,0.25678259793209035,-7.67842399887877,4.55,65.98358650059052
23119535339,92,4600.0,4650.0,50.0,254.80039965104606,253.04692272277407,253.81399571823843,0.2538139957182384,-3.506953856543987,4.6,65.98358650059052
23119535339,93,4650.0,4700.0,50.0,253.04692272277407,250.78891832845255,251.98724297986703,0.251987242979867,-4.516008788643035,4.65,65.98358650059052
23119535339,94,4700.0,4750.0,50.0,250.78891832845255,250.16000000000003,250.23874711414805,0.25023874711414806,-1.2578366569050559,4.7,65.98358650059052
23119535339,95,4750.0,4800.0,50.0,250.16000000000003,250.56860517946387,250.5206830228684,0.2505206830228684,0.8172103589276958,4.75,66.39219168005437
23119535339,96,4800.0,4850.0,50.0,250.56860517946387,246.20876198561183,248.76232422738994,0.24876232422738995,-8.719686387704087,4.8,66.39219168005437
23119535339,97,4850.0,4900.0,50.0,246.20876198561183,240.31414720709822,243.1256938225578,0.2431256938225578,-11.789229557027227,4.85,66.39219168005437
23119535339,98,4900.0,4950.0,50.0,240.31414720709822,237.07853061224492,238.41587452384758,0.23841587452384758,-6.471233189706595,4.9,66.39219168005437
23119535339,99,4950.0,5000.0,50.0,237.07853061224492,236.32,236.71213605442176,0.23671213605442176,-1.5170612244898507,4.95,66.39219168005437
23119535339,100,5000.0,5050.0,50.0,236.32,233.8541830335535,235.27030436431133,0.23527030436431132,-4.931633932892964,5.0,66.39219168005437
23119535339,101,5050.0,5100.0,50.0,233.8541830335535,229.62941447569338,231.7469836971441,0.23174698369714408,-8.449537115720261,5.05,66.39219168005437
23119535339,102,5100.0,5150.0,50.0,229.62941447569338,225.57707676574643,227.70371702543,0.22770371702543,-8.104675419893908,5.1,66.39219168005437
23119535339,103,5150.0,5200.0,50.0,225.57707676574643,223.8,224.36633585477455,0.22436633585477456,-3.5541535314928296,5.15,66.39219168005437
23119535339,104,5200.0,5250.0,50.0,223.8,222.60986547085204,223.2499551569507,0.2232499551569507,-2.380269058295937,5.2,66.39219168005437
23119535339,105,5250.0,5300.0,50.0,222.60986547085204,222.16,222.32657698056803,0.22232657698056804,-0.8997309417040924,5.25,66.39219168005437
23119535339,106,5300.0,5350.0,50.0,222.16,222.02558704453446,222.1309311740891,0.2221309311740891,-0.26882591093107067,5.3,66.39219168005437
23119535339,107,5350.0,5400.0,50.0,222.02558704453446,217.5361471472348,220.02192617483922,0.22002192617483923,-8.978879794599322,5.35,66.39219168005437
23119535339,108,5400.0,5450.0,50.0,217.5361471472348,214.77832746249183,216.00699991307354,0.21600699991307354,-5.515639369485939,5.4,66.39219168005437
23119535339,109,5450.0,5500.0,50.0,214.77832746249183,213.4483769633508,214.0216005528176,0.2140216005528176,-2.659900998282069,5.45,66.39219168005437
23119535339,110,5500.0,5550.0,50.0,213.4483769633508,213.37515981735163,213.3341954146645,0.2133341954146645,-0.14643429199833236,5.5,66.39219168005437
23119535339,111,5550.0,5600.0,50.0,213.37515981735163,212.54943820791124,213.34146397389017,0.21334146397389017,-1.651443218880786,5.55,66.39219168005437
23119535339,112,5600.0,5650.0,50.0,212.54943820791124,208.53209491700218,210.3312803587281,0.21033128035872808,-8.034686581818107,5.6,66.39219168005437
23119535339,113,5650.0,5700.0,50.0,208.53209491700218,207.527854049289,207.90704585499233,0.20790704585499234,-2.0084817354263578,5.65,66.39219168005437
23119535339,114,5700.0,5750.0,50.0,207.527854049289,207.03149054926598,207.36513537241876,0.20736513537241877,-0.9927270000460453,5.7,66.39219168005437
23119535339,115,5750.0,5800.0,50.0,207.03149054926598,205.76102564102567,206.39107685609807,0.20639107685609806,-2.5409298164806273,5.75,66.39219168005437
23119535339,116,5800.0,5850.0,50.0,205.76102564102567,205.49636846653652,205.391563615891,0.20539156361589098,-0.5293143489782892,5.8,66.39219168005437
23119535339,117,5850.0,5900.0,50.0,205.49636846653652,205.4147944076707,205.86337427502926,0.20586337427502927,-0.1631481177316232,5.85,66.39219168005437
23119535339,118,5900.0,5950.0,50.0,205.4147944076707,203.36116666666666,204.15084891491094,0.20415084891491095,-4.1072554820080995,5.9,66.39219168005437
23119535339,119,5950.0,6000.0,50.0,203.36116666666666,202.71999999999997,203.04705555555554,0.20304705555555555,-1.2823333333333835,5.95,66.39219168005437
23119535339,120,6000.0,6050.0,50.0,202.71999999999997,201.75747899159666,202.27249299719884,0.20227249299719885,-1.9250420168066285,6.0,66.39219168005437
23119535339,121,6050.0,6100.0,50.0,201.75747899159666,200.86672131147537,201.24946686871468,0.20124946686871467,-1.7815153602425653,6.05,66.39219168005437
23119535339,122,6100.0,6150.0,50.0,200.86672131147537,202.71999999999997,201.5555737704918,0.2015555737704918,3.7065573770491937,6.1,68.24547036857896
23119535339,123,6150.0,6200.0,50.0,202.71999999999997,205.80857006729798,204.28338693347624,0.20428338693347622,6.177140134596016,6.15,71.33404043587697
23119535339,124,6200.0,6250.0,50.0,205.80857006729798,208.67973516878965,207.2522686082034,0.2072522686082034,5.742330202983339,6.2,74.20520553736864
23119535339,125,6250.0,6300.0,50.0,208.67973516878965,211.23556894426946,210.01441426604518,0.21001441426604517,5.111667550959623,6.25,76.76103931284845
23119535339,126,6300.0,6350.0,50.0,211.23556894426946,212.90227027027026,212.12122779605568,0.2121212277960557,3.3334026520016096,6.3,78.42774063884926
23119535339,127,6350.0,6400.0,50.0,212.90227027027026,214.40977915708385,213.6253950286566,0.2136253950286566,3.0150177736271644,6.35,79.93524952566284
23119535339,128,6400.0,6450.0,50.0,214.40977915708385,216.03999999999996,215.23923097527404,0.21523923097527403,3.260441685832234,6.4,81.56547036857896
23119535339,129,6450.0,6500.0,50.0,216.03999999999996,218.09019207317073,216.98984400406502,0.216989844004065,4.100384146341526,6.45,83.61566244174972
23119535339,130,6500.0,6550.0,50.0,218.09019207317073,221.01587255269706,219.51866891359876,0.21951866891359875,5.85136095905267,6.5,86.54134292127605
23119535339,131,6550.0,6600.0,50.0,221.01587255269706,224.4261677560621,222.69799618878096,0.22269799618878097,6.820590406730105,6.55,89.95163812464111
23119535339,132,6600.0,6650.0,50.0,224.4261677560621,228.13240649511062,226.26745184219283,0.22626745184219282,7.412477478097003,6.6,93.65787686368961
23119535339,133,6650.0,6700.0,50.0,228.13240649511062,231.6302633844035,229.89824205303717,0.22989824205303716,6.995713778585753,6.65,97.15573375298248
23119535339,134,6700.0,6750.0,50.0,231.6302633844035,235.03915820368198,233.33929719802254,0.23333929719802254,6.817789638556974,6.7,100.56462857226097
23119535339,135,6750.0,6800.0,50.0,235.03915820368198,238.63627976900088,236.82491348723633,0.23682491348723633,7.194243130637801,6.75,104.16175013757987
23119535339,136,6800.0,6850.0,50.0,238.63627976900088,241.64374246443214,240.19120007825993,0.24019120007825992,6.0149253908625155,6.8,107.16921283301113
23119535339,137,6850.0,6900.0,50.0,241.64374246443214,244.9504433962264,243.24636673210762,0.24324636673210762,6.613401863588535,6.85,110.4759137648054
23119535339,138,6900.0,6950.0,50.0,244.9504433962264,248.22031541218638,246.61460772412704,0.24661460772412705,6.539744031919952,6.9,113.74578578076537
23119535339,139,6950.0,7000.0,50.0,248.22031541218638,251.00145471337777,249.67131916221206,0.24967131916221205,5.562278602382776,6.95,116.52692508195676
23119535339,140,7000.0,7050.0,50.0,251.00145471337777,252.5471186440678,251.82424194405397,0.25182424194405395,3.09132786138008,7.0,118.0725890126468
23119535339,141,7050.0,7100.0,50.0,252.5471186440678,253.94189473684213,253.2735462384776,0.2532735462384776,2.7895521855486436,7.05,119.46736510542112
23119535339,142,7100.0,7150.0,50.0,253.94189473684213,254.32000000000002,254.1642807017544,0.2541642807017544,0.7562105263157832,7.1,119.84547036857902
23119535339,143,7150.0,7200.0,50.0,254.32000000000002,254.821287553648,254.58440629470672,0.25458440629470674,1.0025751072959679,7.15,120.346757922227
23119535339,144,7200.0,7250.0,50.0,254.821287553648,255.3624034334764,255.05728183118742,0.2550572818311874,1.0822317596567927,7.2,120.8878738020554
23119535339,145,7250.0,7300.0,50.0,255.3624034334764,256.12,255.74200286123036,0.2557420028612304,1.5151931330472053,7.25,121.645470368579
23119535339,146,7300.0,7350.0,50.0,256.12,256.64,256.42,0.25642000000000004,1.0399999999999636,7.3,122.16547036857898
23119535339,147,7350.0,7400.0,50.0,256.64,257.4061537008618,256.96660937315545,0.25696660937315546,1.5323074017236422,7.35,122.9316240694408
23119535339,148,7400.0,7450.0,50.0,257.4061537008618,258.6,257.9928776610396,0.25799287766103957,2.3876925982764305,7.4,124.12547036857902
23119535339,149,7450.0,7500.0,50.0,258.6,259.58761904761906,259.11587301587304,0.259115873015873,1.975238095238069,7.45,125.11308941619805
23119535339,150,7500.0,7550.0,50.0,259.58761904761906,260.4851376146789,260.06012523663895,0.26006012523663896,1.7950371341196387,7.5,126.01060798325787
23119535339,151,7550.0,7600.0,50.0,260.4851376146789,260.79999999999995,260.6767584097859,0.26067675840978594,0.6297247706421558,7.55,126.32547036857895
23119535339,152,7600.0,7650.0,50.0,260.79999999999995,260.7208333333333,260.7802777777777,0.26078027777777774,-0.15833333333330302,7.6,126.32547036857895
23119535339,153,7650.0,7700.0,50.0,260.7208333333333,260.25348837209305,260.50063307493537,0.2605006330749354,-0.9346899224805156,7.65,126.32547036857895
23119535339,154,7700.0,7750.0,50.0,260.25348837209305,260.36,260.22007751937986,0.26022007751937987,0.21302325581393688,7.7,126.43198199648592
23119535339,155,7750.0,7800.0,50.0,260.36,261.2013917283028,260.7121094767168,0.2607121094767168,1.6827834566055344,7.75,127.27337372478868
23119535339,156,7800.0,7850.0,50.0,261.2013917283028,263.6477093198102,262.34976639595936,0.26234976639595936,4.892635183014818,7.8,129.7196913162961
23119535339,157,7850.0,7900.0,50.0,263.6477093198102,266.7957142857143,265.2317489849606,0.2652317489849606,6.296009931808271,7.85,132.86769628220023
23119535339,158,7900.0,7950.0,50.0,266.7957142857143,269.672771809794,268.2165325107418,0.2682165325107418,5.754115048159406,7.9,135.74475380627993
23119535339,159,7950.0,8000.0,50.0,269.672771809794,272.8631920087313,271.24241444774367,0.27124241444774366,6.380840397874522,7.95,138.9351740052172
23119535339,160,8000.0,8050.0,50.0,272.8631920087313,276.06083768882553,274.50769081972186,0.2745076908197219,6.39529136018848,8.0,142.13281968531143
23119535339,161,8050.0,8100.0,50.0,276.06083768882553,278.42425925925926,277.31712581027233,0.27731712581027235,4.726843140867459,8.05,144.49624125574516
23119535339,162,8100.0,8150.0,50.0,278.42425925925926,279.12,278.9018209876543,0.27890182098765426,1.3914814814814918,8.1,145.1919819964859
23119535339,163,8150.0,8200.0,50.0,279.12,279.0,279.04,0.27904,-0.2400000000000091,8.15,145.1919819964859
23119535339,164,8200.0,8250.0,50.0,279.0,278.771655195018,278.91669179503987,0.27891669179503986,-0.45668960996397345,8.2,145.1919819964859
23119535339,165,8250.0,8300.0,50.0,278.771655195018,280.4461449149418,279.4025778499678,0.2794025778499678,3.3489794398475397,8.25,146.86647171640968
23119535339,166,8300.0,8350.0,50.0,280.4461449149418,282.7626036284609,281.64520046960405,0.28164520046960406,4.632917427038251,8.3,149.1829304299288
23119535339,167,8350.0,8400.0,50.0,282.7626036284609,284.8342372881356,283.8616398384984,0.2838616398384984,4.143267319349434,8.35,151.25456408960352
23119535339,168,8400.0,8450.0,50.0,284.8342372881356,283.93725927574394,284.5556771651261,0.2845556771651261,-1.7939560247833697,8.4,151.25456408960352
23119535339,169,8450.0,8500.0,50.0,283.93725927574394,284.78037521075396,284.1082880774509,0.28410828807745087,1.6862318700200376,8.45,152.09768002461354
23119535339,170,8500.0,8550.0,50.0,284.78037521075396,286.28000000000003,285.60220031736725,0.28560220031736727,2.9992495784921402,8.5,153.5973048138596
23119535339,171,8550.0,8600.0,50.0,286.28000000000003,287.4645581395349,286.9148527131783,0.2869148527131783,2.3691162790697717,8.55,154.7818629533945
23119535339,172,8600.0,8650.0,50.0,287.4645581395349,288.3387496789438,287.92461818469974,0.2879246181846997,1.7483830788178238,8.6,155.6560544928034
23119535339,173,8650.0,8700.0,50.0,288.3387496789438,288.88,288.5838369206006,0.28858383692060063,1.0825006421123362,8.65,156.19730481385957
23119535339,174,8700.0,8750.0,50.0,288.88,289.324741404126,289.07909654032727,0.28907909654032726,0.8894828082519552,8.7,156.64204621798555
23119535339,175,8750.0,8800.0,50.0,289.324741404126,290.5462686567164,289.96086874439567,0.2899608687443957,2.4430545051808394,8.75,157.86357347057597
23119535339,176,8800.0,8850.0,50.0,290.5462686567164,290.85196721311473,290.71702838267674,0.29071702838267677,0.6113971127966806,8.8,158.1692720269743
23119535339,177,8850.0,8900.0,50.0,290.85196721311473,291.37275675675676,291.10569531826906,0.2911056953182691,1.041579087284049,8.85,158.69006157061634
23119535339,178,8900.0,8950.0,50.0,291.37275675675676,290.9402542748731,291.3718168711263,0.29137181687112634,-0.8650049637673192,8.9,158.69006157061634
23119535339,179,8950.0,9000.0,50.0,290.9402542748731,288.73040935672515,289.6953810842694,0.2896953810842694,-4.419689836295902,8.95,158.69006157061634
23119535339,180,9000.0,9008.31,8.30999999999949,288.73040935672515,288.60033274853805,288.73040935672515,0.28873040935672517,-1.5653021442491464,9.0,158.69006157061634
23161986328,0,0.0,50.0,50.0,502.6666666666667,503.0400000000001,502.7661111111111,0.5027661111111111,0.7466666666667834,0.0,0.3733333333333917
23161986328,1,50.0,100.0,50.0,503.0400000000001,504.4875286780769,503.7699650898972,0.5037699650898972,2.895057356153643,0.05,1.8208620114102132
23161986328,2,100.0,150.0,50.0,504.4875286780769,505.3492063492064,504.91532020193637,0.5049153202019364,1.7233553422589694,0.1,2.682539682539698
23161986328,3,150.0,200.0,50.0,505.3492063492064,507.1738049951741,506.1915970433017,0.5061915970433017,3.6491972919354794,0.15,4.507138328507438
23161986328,4,200.0,250.0,50.0,507.1738049951741,509.66643561136954,508.38537231763365,0.5083853723176337,4.985261232390826,0.2,6.999768944702851
23161986328,5,250.0,300.0,50.0,509.66643561136954,512.7056912702388,511.10439137556847,0.5111043913755685,6.0785113177386165,0.25,10.039024603572159
23161986328,6,300.0,350.0,50.0,512.7056912702388,516.7952860325984,514.8098299330615,0.5148098299330615,8.17918952471905,0.3,14.128619365931684
23161986328,7,350.0,400.0,50.0,516.7952860325984,519.9829340730699,518.3809742491654,0.5183809742491654,6.375296080943144,0.35,17.316267406403256
23161986328,8,400.0,450.0,50.0,519.9829340730699,523.237790854191,521.5616854547884,0.5215616854547884,6.509713562242041,0.4,20.571124187524276
23161986328,9,450.0,500.0,50.0,523.237790854191,526.5221393624456,524.8994312563707,0.5248994312563707,6.568697016509304,0.45,23.85547269577893
23161986328,10,500.0,550.0,50.0,526.5221393624456,530.584163329318,528.5045251118268,0.5285045251118268,8.124047933744805,0.5,27.91749666265133
23161986328,11,550.0,600.0,50.0,530.584163329318,535.4282553350371,532.8821007181484,0.5328821007181485,9.688184011438125,0.55,32.76158866837039
23161986328,12,600.0,650.0,50.0,535.4282553350371,542.6204773963624,538.9639465256025,0.5389639465256025,14.38444412265062,0.6,39.953810729695704
23161986328,13,650.0,700.0,50.0,542.6204773963624,549.0010900473966,545.9028443629984,0.5459028443629984,12.761225302068397,0.65,46.3344233807299
23161986328,14,700.0,750.0,50.0,549.0010900473966,553.83693414292,551.5014822977913,0.5515014822977913,9.67168819104677,0.7,51.17026747625329
23161986328,15,750.0,800.0,50.0,553.83693414292,558.667294325051,556.2131089418789,0.5562131089418789,9.660720364262033,0.75,56.0006276583843
23161986328,16,800.0,850.0,50.0,558.667294325051,564.6219918012315,561.4760615829822,0.5614760615829822,11.909394952361026,0.8,61.955325134564816
23161986328,17,850.0,900.0,50.0,564.6219918012315,571.5820281679519,568.1914016897578,0.5681914016897578,13.920072733440747,0.85,68.91536150128519
23161986328,18,900.0,950.0,50.0,571.5820281679519,576.2546297866543,574.0961463677273,0.5740961463677273,9.345203237404803,0.9,73.58796311998759
23161986328,19,950.0,1000.0,50.0,576.2546297866543,583.9789007089388,579.621165335594,0.579621165335594,15.448541844569036,0.95,81.31223404227211
23161986328,20,1000.0,1050.0,50.0,583.9789007089388,591.7855448997384,588.3812946024248,0.5883812946024247,15.613288381599205,1.0,89.11887823307171
23161986328,21,1050.0,1100.0,50.0,591.7855448997384,594.1658576351858,592.6291981645459,0.5926291981645458,4.760625470894865,1.05,91.49919096851914
23161986328,22,1100.0,1150.0,50.0,594.1658576351858,603.7336637454686,598.9054543250036,0.5989054543250035,19.135612220565463,1.1,101.06699707880188
23161986328,23,1150.0,1200.0,50.0,603.7336637454686,611.9083247473401,607.9373441663405,0.6079373441663405,16.349322003743055,1.15,109.2416580806734
23161986328,24,1200.0,1250.0,50.0,611.9083247473401,619.540424630043,615.6089975536173,0.6156089975536173,15.26419976540592,1.2,116.87375796337636
23161986328,25,1250.0,1300.0,50.0,619.540424630043,630.2953355997179,624.8192617307735,0.6248192617307735,21.50982193934965,1.25,127.62866893305119
23161986328,26,1300.0,1350.0,50.0,630.2953355997179,643.9302866277865,636.8476171052447,0.6368476171052447,27.269902056137198,1.3,141.2636199611198
23161986328,27,1350.0,1400.0,50.0,643.9302866277865,660.0854058546614,651.9550558484335,0.6519550558484335,32.31023845374989,1.35,157.41873918799473
23161986328,28,1400.0,1450.0,50.0,660.0854058546614,675.9631601887708,667.850182454902,0.667850182454902,31.75550866821868,1.4,173.29649352210407
23161986328,29,1450.0,1500.0,50.0,675.9631601887708,694.8988448927637,685.3667925647868,0.6853667925647868,37.87136940798587,1.45,192.232178226097
23161986328,30,1500.0,1550.0,50.0,694.8988448927637,711.8739459203309,703.7559403329374,0.7037559403329374,33.95020205513447,1.5,209.20727925366424
23161986328,31,1550.0,1600.0,50.0,711.8739459203309,724.9338366505802,718.4803527670551,0.7184803527670551,26.119781460498643,1.55,222.26716998391356
23161986328,32,1600.0,1650.0,50.0,724.9338366505802,732.633552563184,729.2854291540028,0.7292854291540029,15.399431825207557,1.6,229.96688589651734
23161986328,33,1650.0,1700.0,50.0,732.633552563184,737.4166357100734,734.928020689731,0.7349280206897311,9.566166293778679,1.65,234.74996904340668
23161986328,34,1700.0,1750.0,50.0,737.4166357100734,747.4122370223173,741.9321861981534,0.7419321861981534,19.99120262448787,1.7,244.7455703556506
23161986328,35,1750.0,1800.0,50.0,747.4122370223173,758.7220988700565,753.2178827218139,0.7532178827218139,22.619723695478342,1.75,256.0554322033898
23161986328,36,1800.0,1850.0,50.0,758.7220988700565,777.233344719706,767.3652182833071,0.7673652182833071,37.02249169929905,1.8,274.5666780530393
23161986328,37,1850.0,1900.0,50.0,777.233344719706,797.7018956101292,787.3357389214261,0.7873357389214262,40.93710178084643,1.85,295.0352289434625
23161986328,38,1900.0,1950.0,50.0,797.7018956101292,816.2514796310385,807.6384906047491,0.8076384906047491,37.09916804181853,1.9,313.5848129643718
23161986328,39,1950.0,2000.0,50.0,816.2514796310385,824.7490627518116,821.0959075007103,0.8210959075007103,16.995166241546258,1.95,322.0823960851449
23161986328,40,2000.0,2050.0,50.0,824.7490627518116,826.8162209197328,826.0544721620968,0.8260544721620968,4.1343163358424135,2.0,324.1495542530661
23161986328,41,2050.0,2100.0,50.0,826.8162209197328,824.0051417816798,825.6371934221047,0.8256371934221047,-5.62215827610612,2.05,324.1495542530661
23161986328,42,2100.0,2150.0,50.0,824.0051417816798,822.2725494744475,822.8718309722725,0.8228718309722725,-3.4651846144645333,2.1,324.1495542530661
23161986328,43,2150.0,2200.0,50.0,822.2725494744475,819.7501949067486,821.5487863361755,0.8215487863361755,-5.044709135397852,2.15,324.1495542530661
23161986328,44,2200.0,2250.0,50.0,819.7501949067486,812.2257833271469,815.8968776911497,0.8158968776911497,-15.048823159203266,2.2,324.1495542530661
23161986328,45,2250.0,2300.0,50.0,812.2257833271469,803.9680352258029,808.2572732691277,0.8082572732691278,-16.515496202688155,2.25,324.1495542530661
23161986328,46,2300.0,2350.0,50.0,803.9680352258029,795.9377247188152,799.9043755967826,0.7999043755967826,-16.06062101397538,2.3,324.1495542530661
23161986328,47,2350.0,2400.0,50.0,795.9377247188152,789.2208679284221,792.3683410591624,0.7923683410591624,-13.433713580786161,2.35,324.1495542530661
23161986328,48,2400.0,2450.0,50.0,789.2208679284221,783.8622151240636,786.565530406086,0.786565530406086,-10.71730560871697,2.4,324.1495542530661
23161986328,49,2450.0,2500.0,50.0,783.8622151240636,779.7132284359643,781.679305393167,0.7816793053931671,-8.29797337619857,2.45,324.1495542530661
23161986328,50,2500.0,2550.0,50.0,779.7132284359643,775.3953721733258,777.6272341179128,0.7776272341179129,-8.635712525277086,2.5,324.1495542530661
23161986328,51,2550.0,2600.0,50.0,775.3953721733258,771.9547265000651,773.4880184554268,0.7734880184554268,-6.881291346521266,2.55,324.1495542530661
23161986328,52,2600.0,2650.0,50.0,771.9547265000651,769.626708564158,770.8329250167699,0.7708329250167699,-4.656035871814311,2.6,324.1495542530661
23161986328,53,2650.0,2700.0,50.0,769.626708564158,766.3824275526871,768.075022176264,0.768075022176264,-6.488562022941778,2.65,324.1495542530661
23161986328,54,2700.0,2750.0,50.0,766.3824275526871,763.131799126047,764.7737753269838,0.7647737753269838,-6.501256853280211,2.7,324.1495542530661
23161986328,55,2750.0,2800.0,50.0,763.131799126047,762.9352702129128,762.7384857880857,0.7627384857880857,-0.3930578262684321,2.75,324.1495542530661
23161986328,56,2800.0,2850.0,50.0,762.9352702129128,759.0972639080771,761.4742883983987,0.7614742883983987,-7.676012609671261,2.8,324.1495542530661
23161986328,57,2850.0,2900.0,50.0,759.0972639080771,754.5571951418767,756.6632941511607,0.7566632941511607,-9.08013753240084,2.85,324.1495542530661
23161986328,58,2900.0,2950.0,50.0,754.5571951418767,748.204185812597,751.6787377259275,0.7516787377259275,-12.706018658559515,2.9,324.1495542530661
23161986328,59,2950.0,3000.0,50.0,748.204185812597,739.7098626815934,744.0098324218287,0.7440098324218287,-16.988646262007023,2.95,324.1495542530661
23161986328,60,3000.0,3050.0,50.0,739.7098626815934,730.7822551580091,735.1682365839753,0.7351682365839752,-17.855215047168713,3.0,324.1495542530661
23161986328,61,3050.0,3100.0,50.0,730.7822551580091,727.2022160218762,728.4509824852429,0.7284509824852429,-7.160078272265764,3.05,324.1495542530661
23161986328,62,3100.0,3150.0,50.0,727.2022160218762,725.7151527777778,726.6025864417696,0.7266025864417697,-2.9741264881968164,3.1,324.1495542530661
23161986328,63,3150.0,3200.0,50.0,725.7151527777778,723.7765333333333,724.6165748456791,0.7246165748456791,-3.8772388888889964,3.15,324.1495542530661
23161986328,64,3200.0,3250.0,50.0,723.7765333333333,724.6978923616653,724.1328785461304,0.7241328785461304,1.842718056663898,3.2,325.0709132813981
23161986328,65,3250.0,3300.0,50.0,724.6978923616653,726.7009709354378,725.6576612957779,0.7256576612957779,4.006157147545082,3.25,327.0739918551706
23161986328,66,3300.0,3350.0,50.0,726.7009709354378,727.5657250994371,727.4544719786351,0.7274544719786351,1.7295083279987011,3.3,327.93874601916997
23161986328,67,3350.0,3400.0,50.0,727.5657250994371,722.1384045766775,725.0918760883816,0.7250918760883815,-10.854641045519202,3.35,327.93874601916997
23161986328,68,3400.0,3450.0,50.0,722.1384045766775,715.21053948805,718.7263475861561,0.7187263475861561,-13.855730177255055,3.4,327.93874601916997
23161986328,69,3450.0,3500.0,50.0,715.21053948805,709.2510162357125,712.0838936234983,0.7120838936234983,-11.919046504674952,3.45,327.93874601916997
23161986328,70,3500.0,3550.0,50.0,709.2510162357125,705.2276551572264,707.1377524072333,0.7071377524072333,-8.046722156972237,3.5,327.93874601916997
23161986328,71,3550.0,3600.0,50.0,705.2276551572264,700.9662508867098,703.229348611304,0.7032293486113039,-8.522808541033328,3.55,327.93874601916997
23161986328,72,3600.0,3650.0,50.0,700.9662508867098,695.0818525377128,698.1421908270116,0.6981421908270117,-11.768796697993821,3.6,327.93874601916997
23161986328,73,3650.0,3700.0,50.0,695.0818525377128,687.1059277901893,691.0738337912867,0.6910738337912867,-15.9518494950471,3.65,327.93874601916997
23161986328,74,3700.0,3750.0,50.0,687.1059277901893,682.7029437162915,684.6091265387736,0.6846091265387736,-8.805968147795511,3.7,327.93874601916997
23161986328,75,3750.0,3800.0,50.0,682.7029437162915,679.6947974873361,681.2874958070805,0.6812874958070805,-6.016292457910822,3.75,327.93874601916997
23161986328,76,3800.0,3850.0,50.0,679.6947974873361,676.7361948549764,678.17439606913,0.67817439606913,-5.9172052647195414,3.8,327.93874601916997
23161986328,77,3850.0,3900.0,50.0,676.7361948549764,671.1230261807522,674.1829273750376,0.6741829273750376,-11.226337348448396,3.85,327.93874601916997
23161986328,78,3900.0,3950.0,50.0,671.1230261807522,664.5896605395893,667.8312348986211,0.6678312348986212,-13.06673128232569,3.9,327.93874601916997
23161986328,79,3950.0,4000.0,50.0,664.5896605395893,659.8014642364552,661.8647308950881,0.6618647308950881,-9.5763926062682,3.95,327.93874601916997
23161986328,80,4000.0,4050.0,50.0,659.8014642364552,656.2594229410453,658.2908220002668,0.6582908220002668,-7.0840825908198894,4.0,327.93874601916997
23161986328,81,4050.0,4100.0,50.0,656.2594229410453,650.7231039916857,653.5871608233297,0.6535871608233297,-11.072637898719222,4.05,327.93874601916997
23161986328,82,4100.0,4150.0,50.0,650.7231039916857,648.25771943633,648.7789573785532,0.6487789573785532,-4.930769110711253,4.1,327.93874601916997
23161986328,83,4150.0,4200.0,50.0,648.25771943633,654.4313699411247,651.0253633163604,0.6510253633163604,12.347301009589273,4.15,334.1123965239646
23161986328,84,4200.0,4250.0,50.0,654.4313699411247,665.4441600945787,659.77186988502,0.65977186988502,22.02558030690807,4.2,345.12518667741864
23161986328,85,4250.0,4300.0,50.0,665.4441600945787,673.5298003632631,669.8133948462311,0.669813394846231,16.17128053736883,4.25,353.21082694610305
23161986328,86,4300.0,4350.0,50.0,673.5298003632631,679.3940090036157,676.4772101305448,0.6764772101305447,11.728417280705116,4.3,359.0750355864556
23161986328,87,4350.0,4400.0,50.0,679.3940090036157,685.7828115947332,682.5763657181587,0.6825763657181587,12.777605182234993,4.35,365.4638381775731
23161986328,88,4400.0,4450.0,50.0,685.7828115947332,691.5277652142737,688.6786381807925,0.6886786381807926,11.489907239081049,4.4,371.20879179711363
23161986328,89,4450.0,4500.0,50.0,691.5277652142737,697.6109795557984,694.5625835675877,0.6945625835675877,12.16642868304939,4.45,377.2920061386383
23161986328,90,4500.0,4550.0,50.0,697.6109795557984,701.8329977397234,699.974854224974,0.6999748542249741,8.444036367850003,4.5,381.51402432256333
23161986328,91,4550.0,4600.0,50.0,701.8329977397234,703.7173954088764,702.6974338817994,0.7026974338817994,3.768795338306063,4.55,383.39842199171636
23161986328,92,4600.0,4650.0,50.0,703.7173954088764,707.1921228783336,705.4956337774541,0.7054956337774542,6.949454938914414,4.6,386.87314946117357
23161986328,93,4650.0,4700.0,50.0,707.1921228783336,709.3251388888889,708.3945641403456,0.7083945641403455,4.2660320211105045,4.65,389.0061654717288
23161986328,94,4700.0,4750.0,50.0,709.3251388888889,708.7560902304897,709.2702449047142,0.7092702449047142,-1.1380973167983939,4.7,389.0061654717288
23161986328,95,4750.0,4800.0,50.0,708.7560902304897,706.3533955717951,707.3330905787016,0.7073330905787015,-4.805389317389199,4.75,389.0061654717288
23161986328,96,4800.0,4850.0,50.0,706.3533955717951,711.966364730083,708.6269561299514,0.7086269561299514,11.22593831657582,4.8,394.61913463001673
23161986328,97,4850.0,4900.0,50.0,711.966364730083,719.7952526434294,715.9686714015851,0.715968671401585,15.657775826692841,4.85,402.44802254336315
23161986328,98,4900.0,4950.0,50.0,719.7952526434294,727.592233004115,723.5707174613254,0.7235707174613254,15.593960721371104,4.9,410.2450029040487
23161986328,99,4950.0,5000.0,50.0,727.592233004115,737.7800760125647,732.5350897162384,0.7325350897162384,20.375686016899408,4.95,420.4328459124984
23161986328,100,5000.0,5050.0,50.0,737.7800760125647,748.314098002042,743.1450150837226,0.7431450150837225,21.06804397895462,5.0,430.9668679019757
23161986328,101,5050.0,5100.0,50.0,748.314098002042,759.3433250968862,753.7441736914657,0.7537441736914656,22.05845418968852,5.05,441.99609499682
23161986328,102,5100.0,5150.0,50.0,759.3433250968862,771.7679598402234,765.4063342313539,0.7654063342313538,24.849269486674302,5.1,454.4207297401571
23161986328,103,5150.0,5200.0,50.0,771.7679598402234,785.2653991359933,778.470164371684,0.7784701643716839,26.994878591539873,5.15,467.91816903592706
23161986328,104,5200.0,5250.0,50.0,785.2653991359933,801.1126970735677,792.8569277216526,0.7928569277216526,31.694595875148707,5.2,483.7654669735014
23161986328,105,5250.0,5300.0,50.0,801.1126970735677,819.4365140985141,810.4957936367073,0.8104957936367073,36.64763404989276,5.25,502.0892839984478
23161986328,106,5300.0,5350.0,50.0,819.4365140985141,834.8556004316767,826.9611998942877,0.8269611998942877,30.838172666325363,5.3,517.5083703316104
23161986328,107,5350.0,5400.0,50.0,834.8556004316767,844.6243655197928,840.7747818399915,0.8407747818399915,19.537530176232167,5.35,527.2771354197265
23161986328,108,5400.0,5450.0,50.0,844.6243655197928,848.5076563488274,846.5263556543547,0.8465263556543546,7.766581658069072,5.4,531.160426248761
23161986328,109,5450.0,5500.0,50.0,848.5076563488274,849.5595789473684,849.2195608862024,0.8492195608862024,2.103845197082137,5.45,532.2123488473021
23161986328,110,5500.0,5550.0,50.0,849.5595789473684,851.3712201922372,850.2858439222091,0.8502858439222091,3.6232824897374485,5.5,534.0239900921708
23161986328,111,5550.0,5600.0,50.0,851.3712201922372,855.6241156694056,853.300635878606,0.853300635878606,8.505790954336817,5.55,538.2768855693392
23161986328,112,5600.0,5650.0,50.0,855.6241156694056,858.9585628742514,857.700711087616,0.857700711087616,6.668894409691575,5.6,541.611332774185
23161986328,113,5650.0,5700.0,50.0,858.9585628742514,858.1900395256919,858.668113575221,0.858668113575221,-1.5370466971189671,5.65,541.611332774185
23161986328,114,5700.0,5750.0,50.0,858.1900395256919,856.5600000000001,857.415019762846,0.857415019762846,-3.2600790513836273,5.7,541.611332774185
23161986328,115,5750.0,5800.0,50.0,856.5600000000001,853.126863888597,855.0310108236193,0.8550310108236193,-6.866272222806174,5.75,541.611332774185
23161986328,116,5800.0,5850.0,50.0,853.126863888597,847.750641080261,850.8040156186121,0.8508040156186121,-10.752445616672048,5.8,541.611332774185
23161986328,117,5850.0,5900.0,50.0,847.750641080261,833.9169534210725,840.8601070566115,0.8408601070566115,-27.6673753183768,5.85,541.611332774185
23161986328,118,5900.0,5950.0,50.0,833.9169534210725,826.5610197406437,830.0350710106185,0.8300350710106185,-14.711867360857696,5.9,541.611332774185
23161986328,119,5950.0,6000.0,50.0,826.5610197406437,819.7455735910665,823.2409862399116,0.8232409862399116,-13.630892299154311,5.95,541.611332774185
23161986328,120,6000.0,6050.0,50.0,819.7455735910665,808.205130905157,814.1991628625219,0.8141991628625219,-23.080885371819022,6.0,541.611332774185
23161986328,121,6050.0,6100.0,50.0,808.205130905157,795.7291100778174,802.002083854118,0.8020020838541181,-24.952041654679306,6.05,541.611332774185
23161986328,122,6100.0,6150.0,50.0,795.7291100778174,783.6202798586359,789.7001720769216,0.7897001720769216,-24.217660438363055,6.1,541.611332774185
23161986328,123,6150.0,6200.0,50.0,783.6202798586359,769.5095952737846,776.5541642015538,0.7765541642015538,-28.221369169702484,6.15,541.611332774185
23161986328,124,6200.0,6250.0,50.0,769.5095952737846,756.6566159628273,763.2047229650665,0.7632047229650665,-25.705958621914533,6.2,541.611332774185
23161986328,125,6250.0,6300.0,50.0,756.6566159628273,743.967757569813,749.7848577158456,0.7497848577158457,-25.377716786028714,6.25,541.611332774185
23161986328,126,6300.0,6350.0,50.0,743.967757569813,737.0606656891496,740.9499376774132,0.7409499376774132,-13.81418376132683,6.3,541.611332774185
23161986328,127,6350.0,6400.0,50.0,737.0606656891496,722.1181475611846,729.5614051676838,0.7295614051676838,-29.88503625592989,6.35,541.611332774185
23161986328,128,6400.0,6450.0,50.0,722.1181475611846,713.3700847063998,717.1833683008708,0.7171833683008708,-17.496125709569696,6.4,541.611332774185
23161986328,129,6450.0,6500.0,50.0,713.3700847063998,705.3124697148105,709.825094018404,0.709825094018404,-16.11522998317855,6.45,541.611332774185
23161986328,130,6500.0,6550.0,50.0,705.3124697148105,696.4863797919968,700.4772711591608,0.7004772711591607,-17.652179845627415,6.5,541.611332774185
23161986328,131,6550.0,6600.0,50.0,696.4863797919968,690.6036639165359,693.6962693249907,0.6936962693249907,-11.765431750921834,6.55,541.611332774185
23161986328,132,6600.0,6650.0,50.0,690.6036639165359,682.8050907851289,686.6354884603402,0.6866354884603402,-15.597146262814022,6.6,541.611332774185
23161986328,133,6650.0,6700.0,50.0,682.8050907851289,679.1455254235188,680.5365090503971,0.6805365090503971,-7.3191307232200415,6.65,541.611332774185
23161986328,134,6700.0,6750.0,50.0,679.1455254235188,680.4858966317619,679.7595332895822,0.6797595332895823,2.680742416486055,6.7,542.9517039824281
23161986328,135,6750.0,6800.0,50.0,680.4858966317619,681.4224671522319,680.9362090434597,0.6809362090434598,1.8731410409400269,6.75,543.8882745028981
23161986328,136,6800.0,6850.0,50.0,681.4224671522319,682.2,681.8158261580251,0.681815826158025,1.5550656955363138,6.8,544.6658073506662
23161986328,137,6850.0,6900.0,50.0,682.2,683.1183059512134,682.6279222486859,0.6826279222486858,1.836611902426739,6.85,545.5841133018796
23161986328,138,6900.0,6950.0,50.0,683.1183059512134,687.2772498544938,684.9592144954289,0.684959214495429,8.317887806560748,6.9,549.74305720516
23161986328,139,6950.0,7000.0,50.0,687.2772498544938,689.3792156862744,688.7116216759715,0.6887116216759716,4.203931663561207,6.95,551.8450230369406
23161986328,140,7000.0,7050.0,50.0,689.3792156862744,690.1823302896217,689.3991511752852,0.6893991511752852,1.6062292066947066,7.0,552.6481376402879
23161986328,141,7050.0,7100.0,50.0,690.1823302896217,689.8450142431238,690.7319276245411,0.690731927624541,-0.6746320929958074,7.05,552.6481376402879
23161986328,142,7100.0,7150.0,50.0,689.8450142431238,683.7491501352908,686.8433229063667,0.6868433229063666,-12.19172821566599,7.1,552.6481376402879
23161986328,143,7150.0,7200.0,50.0,683.7491501352908,677.1495751059077,680.3808872293527,0.6803808872293526,-13.199150058766236,7.15,552.6481376402879
23161986328,144,7200.0,7250.0,50.0,677.1495751059077,677.8381226546126,676.8483145616054,0.6768483145616054,1.377095097409665,7.2,553.3366851889928
23161986328,145,7250.0,7300.0,50.0,677.8381226546126,683.3702676851381,680.4785131369877,0.6804785131369877,11.064290061050997,7.25,558.8688302195183
23161986328,146,7300.0,7350.0,50.0,683.3702676851381,690.9065121227461,687.0839497161091,0.6870839497161092,15.072488875216095,7.3,566.4050746571263
23161986328,147,7350.0,7400.0,50.0,690.9065121227461,693.9952755905512,692.870131556514,0.692870131556514,6.1775269356101035,7.35,569.4938381249314
23161986328,148,7400.0,7450.0,50.0,693.9952755905512,697.058977407665,695.2832412481089,0.6952832412481089,6.127403634227676,7.4,572.5575399420452
23161986328,149,7450.0,7500.0,50.0,697.058977407665,701.4488878904816,699.1388996112992,0.6991388996112992,8.779820965633235,7.45,576.9474504248618
23161986328,150,7500.0,7550.0,50.0,701.4488878904816,708.236488544437,704.8629205770758,0.7048629205770758,13.575201307910675,7.5,583.7350510788172
23161986328,151,7550.0,7600.0,50.0,708.236488544437,711.4560747663552,710.0780345259517,0.7100780345259516,6.439172443836469,7.55,586.9546373007354
23161986328,152,7600.0,7650.0,50.0,711.4560747663552,718.9560245809207,714.7115595923373,0.7147115595923372,14.99989962913105,7.6,594.4545871153009
23161986328,153,7650.0,7700.0,50.0,718.9560245809207,726.7718058076225,723.2367520367712,0.7232367520367713,15.631562453403603,7.65,602.2703683420027
23161986328,154,7700.0,7750.0,50.0,726.7718058076225,729.6092049537796,728.2834714559572,0.7282834714559572,5.674798292314108,7.7,605.1077674881598
23161986328,155,7750.0,7800.0,50.0,729.6092049537796,730.195783223618,730.112745322425,0.730112745322425,1.1731565396769383,7.75,605.6943457579982
23161986328,156,7800.0,7850.0,50.0,730.195783223618,734.6966985482497,731.9515710534064,0.7319515710534064,9.001830649263411,7.8,610.1952610826299
23161986328,157,7850.0,7900.0,50.0,734.6966985482497,740.5724240864641,737.9498035132302,0.7379498035132303,11.751451076428793,7.85,616.0709866208443
23161986328,158,7900.0,7950.0,50.0,740.5724240864641,742.4843256682495,741.5680020451144,0.7415680020451144,3.823803163570801,7.9,617.9828882026297
23161986328,159,7950.0,8000.0,50.0,742.4843256682495,743.8434716981133,743.1596694379778,0.7431596694379777,2.718292059727446,7.95,619.3420342324935
23161986328,160,8000.0,8050.0,50.0,743.8434716981133,745.1901437747672,744.5323583731493,0.7445323583731493,2.693344153307862,8.0,620.6887063091474
23161986328,161,8050.0,8100.0,50.0,745.1901437747672,746.0215637860082,745.6683876740511,0.7456683876740511,1.662840022481987,8.05,621.5201263203884
23161986328,162,8100.0,8150.0,50.0,746.0215637860082,747.0719672131147,746.4978436663743,0.7464978436663743,2.100806854213033,8.1,622.5705297474949
23161986328,163,8150.0,8200.0,50.0,747.0719672131147,748.241913875598,747.6495730384081,0.7476495730384081,2.3398933249666243,8.15,623.7404764099782
23161986328,164,8200.0,8250.0,50.0,748.241913875598,749.7714018691588,748.9993532471791,0.7489993532471791,3.0589759871215847,8.2,625.269964403539
23161986328,165,8250.0,8300.0,50.0,749.7714018691588,751.6909676753601,750.6512472468688,0.7506512472468688,3.839131612402525,8.25,627.1895302097403
23161986328,166,8300.0,8350.0,50.0,751.6909676753601,754.348625592417,753.1168589618069,0.7531168589618069,5.31531583411379,8.3,629.8471881267972
23161986328,167,8350.0,8400.0,50.0,754.348625592417,755.7781818181818,755.0493092058022,0.7550493092058022,2.859112451529654,8.35,631.276744352562
23161986328,168,8400.0,8450.0,50.0,755.7781818181818,756.7178217821781,756.2990309030903,0.7562990309030903,1.879279927992684,8.4,632.2163843165583
23161986328,169,8450.0,8500.0,50.0,756.7178217821781,760.5371336944745,758.0999208964882,0.7580999208964883,7.638623824592742,8.45,636.0356962288547
23161986328,170,8500.0,8550.0,50.0,760.5371336944745,770.6338392709197,765.2860355617871,0.7652860355617871,20.19341115289035,8.5,646.1324018052999
23161986328,171,8550.0,8600.0,50.0,770.6338392709197,779.2256202907723,774.9085172818554,0.7749085172818554,17.183562039705294,8.55,654.7241828251525
23161986328,172,8600.0,8650.0,50.0,779.2256202907723,789.5744487248082,784.7601906819405,0.7847601906819405,20.697656868071817,8.6,665.0730112591884
23161986328,173,8650.0,8700.0,50.0,789.5744487248082,800.6250347161524,795.0559498580551,0.795055949858055,22.101171982688356,8.65,676.1235972505326
23161986328,174,8700.0,8750.0,50.0,800.6250347161524,810.1307028250234,805.5442044086491,0.805544204408649,19.011336217741928,8.7,685.6292653594036
23161986328,175,8750.0,8800.0,50.0,810.1307028250234,817.5172378797673,813.5868164842926,0.8135868164842927,14.77307010948789,8.75,693.0158004141475
23161986328,176,8800.0,8850.0,50.0,817.5172378797673,826.0195461543681,821.91117027488,0.8219111702748799,17.0046165492015,8.8,701.5181086887483
23161986328,177,8850.0,8900.0,50.0,826.0195461543681,834.0472882108581,830.1502024168644,0.8301502024168644,16.05548411298014,8.85,709.5458507452383
23161986328,178,8900.0,8950.0,50.0,834.0472882108581,839.0857286496157,836.5232473392099,0.8365232473392099,10.076880877515123,8.9,714.5842911839959
23161986328,179,8950.0,9000.0,50.0,839.0857286496157,845.5607123194455,842.3615927226774,0.8423615927226774,12.949967339659679,8.95,721.0592748538257
23161986328,180,9000.0,9050.0,50.0,845.5607123194455,851.3079374811377,848.5286460189014,0.8485286460189014,11.494450323384399,9.0,726.8065000155179
23161986328,181,9050.0,9100.0,50.0,851.3079374811377,857.7653149882905,854.2331857272262,0.8542331857272262,12.914755014305456,9.05,733.2638775226707
23161986328,182,9100.0,9150.0,50.0,857.7653149882905,866.5400242250669,862.1288392454925,0.8621288392454924,17.549418473552805,9.1,742.0385867594471
23161986328,183,9150.0,9200.0,50.0,866.5400242250669,874.6787016694695,870.823459689681,0.870823459689681,16.27735488880535,9.15,750.1772642038497
23161986328,184,9200.0,9250.0,50.0,874.6787016694695,882.9022260945874,878.4278737897571,0.8784278737897571,16.44704885023566,9.2,758.4007886289676
23161986328,185,9250.0,9300.0,50.0,882.9022260945874,892.7743724812295,888.1729211603738,0.8881729211603738,19.744292773284315,9.25,768.2729350156097
23161986328,186,9300.0,9350.0,50.0,892.7743724812295,899.6355100724766,896.1264744462047,0.8961264744462047,13.722275182494059,9.3,775.1340726068568
23161986328,187,9350.0,9400.0,50.0,899.6355100724766,907.0156125766956,903.2171828908708,0.9032171828908708,14.760205008438106,9.35,782.5141751110758
23161986328,188,9400.0,9450.0,50.0,907.0156125766956,914.178336230726,910.7245637720811,0.9107245637720811,14.325447308060802,9.4,789.6768987651062
23161986328,189,9450.0,9500.0,50.0,914.178336230726,921.5170610043815,918.009371869645,0.9180093718696449,14.677449547310971,9.45,797.0156235387617
23161986328,190,9500.0,9550.0,50.0,921.5170610043815,925.2493182409577,923.6512239750449,0.923651223975045,7.464514473152349,9.5,800.7478807753379
23161986328,191,9550.0,9600.0,50.0,925.2493182409577,926.2,925.7216354410616,0.9257216354410616,1.901363518084736,9.55,801.6985625343802
23161986328,192,9600.0,9650.0,50.0,926.2,926.9027450980393,926.5751633986928,0.9265751633986927,1.4054901960785173,9.6,802.4013076324195
23161986328,193,9650.0,9700.0,50.0,926.9027450980393,929.3970706841295,927.729677778619,0.927729677778619,4.988651172180425,9.65,804.8956332185097
23161986328,194,9700.0,9750.0,50.0,929.3970706841295,939.1727332017884,933.9246968386227,0.9339246968386227,19.55132503531786,9.7,814.6712957361686
23161986328,195,9750.0,9800.0,50.0,939.1727332017884,952.6271652839644,945.7313638865452,0.9457313638865452,26.908864164351826,9.75,828.1257278183446
23161986328,196,9800.0,9850.0,50.0,952.6271652839644,968.2187456166405,960.4163264555878,0.9604163264555877,31.18316066535226,9.8,843.7173081510207
23161986328,197,9850.0,9900.0,50.0,968.2187456166405,981.0390051570557,975.008448089938,0.975008448089938,25.640519080830472,9.85,856.5375676914359
23161986328,198,9900.0,9950.0,50.0,981.0390051570557,987.3284644405579,984.3896855429174,0.9843896855429174,12.578918567004393,9.9,862.8270269749381
23161986328,199,9950.0,10000.0,50.0,987.3284644405579,992.0049361303176,989.9222281029956,0.9899222281029957,9.352943379519274,9.95,867.5034986646978
23161986328,200,10000.0,10050.0,50.0,992.0049361303176,995.5838118076966,993.6719318316196,0.9936719318316196,7.1577513547581475,10.0,871.0823743420768
23161986328,201,10050.0,10100.0,50.0,995.5838118076966,1000.0647069667715,997.746463192671,0.9977464631926709,8.961790318149724,10.05,875.5632695011517
23161986328,202,10100.0,10150.0,50.0,1000.0647069667715,1005.816444756292,1002.880649367285,1.002880649367285,11.503475579040924,10.1,881.3150072906722
23161986328,203,10150.0,10200.0,50.0,1005.816444756292,1012.6472507286401,1009.1730143757504,1.0091730143757505,13.661611944696233,10.15,888.1458132630203
23161986328,204,10200.0,10250.0,50.0,1012.6472507286401,1018.8645007343882,1015.9323944497246,1.0159323944497245,12.434500011496311,10.2,894.3630632687684
23161986328,205,10250.0,10300.0,50.0,1018.8645007343882,1023.9333922419606,1021.4230396042534,1.0214230396042534,10.137783015144805,10.25,899.4319547763408
23161986328,206,10300.0,10350.0,50.0,1023.9333922419606,1027.4750948303413,1025.7336363761935,1.0257336363761935,7.083405176761289,10.3,902.9736573647215
23161986328,207,10350.0,10400.0,50.0,1027.4750948303413,1030.9587052145894,1029.3927863388005,1.0293927863388006,6.96722076849619,10.35,906.4572677489696
23161986328,208,10400.0,10450.0,50.0,1030.9587052145894,1033.3463216549976,1031.9916378043317,1.0319916378043317,4.775232880816475,10.4,908.8448841893778
23161986328,209,10450.0,10500.0,50.0,1033.3463216549976,1036.316066475371,1034.9126019983667,1.0349126019983665,5.939489640746615,10.45,911.8146290097511
23161986328,210,10500.0,10550.0,50.0,1036.316066475371,1036.9334426229507,1036.703656027785,1.036703656027785,1.2347522951595238,10.5,912.4320051573309
23161986328,211,10550.0,10600.0,50.0,1036.9334426229507,1040.7481632653062,1038.7346715735473,1.0387346715735473,7.6294412847109925,10.55,916.2467257996864
23161986328,212,10600.0,10650.0,50.0,1040.7481632653062,1043.4279931963843,1042.0681783341531,1.0420681783341532,5.35965986215615,10.6,918.9265557307644
23161986328,213,10650.0,10700.0,50.0,1043.4279931963843,1047.4105119716455,1045.5182228629385,1.0455182228629385,7.965037550522538,10.65,922.9090745060257
23161986328,214,10700.0,10750.0,50.0,1047.4105119716455,1048.08,1047.8834645151558,1.0478834645151558,1.338976056708816,10.7,923.5785625343801
23161986328,215,10750.0,10800.0,50.0,1048.08,1046.610023358949,1047.4587923310426,1.0474587923310426,-2.939953282101669,10.75,923.5785625343801
23161986328,216,10800.0,10850.0,50.0,1046.610023358949,1043.3420767479151,1045.138295661813,1.045138295661813,-6.535893222067898,10.8,923.5785625343801
23161986328,217,10850.0,10900.0,50.0,1043.3420767479151,1038.9685424791487,1041.0816562799268,1.0410816562799268,-8.747068537532869,10.85,923.5785625343801
23161986328,218,10900.0,10950.0,50.0,1038.9685424791487,1035.8693960727608,1037.436856315074,1.037436856315074,-6.19829281277589,10.9,923.5785625343801
23161986328,219,10950.0,11000.0,50.0,1035.8693960727608,1034.2038311909619,1034.7383792416476,1.0347383792416476,-3.3311297635978008,10.95,923.5785625343801
23161986328,220,11000.0,11050.0,50.0,1034.2038311909619,1033.3841786534583,1033.9682578747656,1.0339682578747655,-1.639305075007087,11.0,923.5785625343801
23161986328,221,11050.0,11100.0,50.0,1033.3841786534583,1033.4250980392158,1033.0805770131026,1.0330805770131026,0.0818387715148674,11.05,923.6194819201376
23161986328,222,11100.0,11150.0,50.0,1033.4250980392158,1035.6959221424138,1034.5024722879268,1.0345024722879268,4.541648206396076,11.1,925.8903060233356
23161986328,223,11150.0,11200.0,50.0,1035.6959221424138,1040.9258462855257,1038.215191522829,1.038215191522829,10.45984828622386,11.15,931.1202301664475
23161986328,224,11200.0,11250.0,50.0,1040.9258462855257,1048.371591416831,1044.4112612823974,1.0444112612823975,14.89149026261066,11.2,938.5659752977529
23161986328,225,11250.0,11300.0,50.0,1048.371591416831,1053.7926114649683,1051.355637064978,1.0513556370649781,10.842040096274559,11.25,943.9869953458901
23161986328,226,11300.0,11350.0,50.0,1053.7926114649683,1059.2803779606834,1056.2836978007956,1.0562836978007957,10.9755329914301,11.3,949.4747618416052
23161986328,227,11350.0,11400.0,50.0,1059.2803779606834,1067.8446888242477,1063.9963032680184,1.0639963032680184,17.128621727128575,11.35,958.0390727051695
23161986328,228,11400.0,11450.0,50.0,1067.8446888242477,1071.140198019802,1069.1468726993633,1.0691468726993631,6.591018391108719,11.4,961.3345819007238
23161986328,229,11450.0,11500.0,50.0,1071.140198019802,1079.8476724909729,1075.530280621656,1.075530280621656,17.414948942341653,11.45,970.0420563718947
23161986328,230,11500.0,11550.0,50.0,1079.8476724909729,1085.7568090134182,1082.7739058646507,1.0827739058646506,11.818273044890702,11.5,975.95119289434
23161986328,231,11550.0,11600.0,50.0,1085.7568090134182,1092.092573174276,1088.947632121506,1.0889476321215061,12.671528321715414,11.55,982.2869570551977
23161986328,232,11600.0,11650.0,50.0,1092.092573174276,1099.445371015181,1095.7665683554492,1.0957665683554492,14.705595681810337,11.6,989.6397548961029
23161986328,233,11650.0,11700.0,50.0,1099.445371015181,1110.136897891292,1104.5404406457856,1.1045404406457855,21.383053752221713,11.65,1000.3312817722137
23161986328,234,11700.0,11750.0,50.0,1110.136897891292,1120.58047900647,1115.4830952211425,1.1154830952211425,20.887162230355898,11.7,1010.7748628873917
23161986328,235,11750.0,11800.0,50.0,1120.58047900647,1129.5449086352244,1124.9582639201367,1.1249582639201368,17.928859257508975,11.75,1019.7392925161462
23161986328,236,11800.0,11850.0,50.0,1129.5449086352244,1137.072651333337,1133.4829341816985,1.1334829341816985,15.055485396225322,11.8,1027.2670352142588
23161986328,237,11850.0,11900.0,50.0,1137.072651333337,1144.5436544422896,1140.809106356998,1.140809106356998,14.942006217905146,11.85,1034.7380383232114
23161986328,238,11900.0,11950.0,50.0,1144.5436544422896,1153.6296351766161,1149.0712153919774,1.1490712153919773,18.17196146865308,11.9,1043.824019057538
23161986328,239,11950.0,12000.0,50.0,1153.6296351766161,1156.1715757491288,1155.51514127899,1.1555151412789901,5.083881145025316,11.95,1046.3659596300506
23161986328,240,12000.0,12050.0,50.0,1156.1715757491288,1151.6428656867324,1154.0753209593806,1.1540753209593806,-9.05742012479277,12.0,1046.3659596300506
23161986328,241,12050.0,12100.0,50.0,1151.6428656867324,1146.1623757867383,1148.9593272594786,1.1489593272594787,-10.960979799988309,12.05,1046.3659596300506
23161986328,242,12100.0,12150.0,50.0,1146.1623757867383,1139.635130775469,1142.9479361428546,1.1429479361428545,-13.05449002253863,12.1,1046.3659596300506
23161986328,243,12150.0,12200.0,50.0,1139.635130775469,1134.241206342723,1136.845005436365,1.136845005436365,-10.787848865491924,12.15,1046.3659596300506
23161986328,244,12200.0,12250.0,50.0,1134.241206342723,1128.64172789152,1131.4880870595355,1.1314880870595354,-11.198956902405826,12.2,1046.3659596300506
23161986328,245,12250.0,12300.0,50.0,1128.64172789152,1124.0688343118068,1126.2841484858718,1.1262841484858719,-9.145787159426618,12.25,1046.3659596300506
23161986328,246,12300.0,12350.0,50.0,1124.0688343118068,1119.3259772895476,1121.8892547100215,1.1218892547100214,-9.485714044518318,12.3,1046.3659596300506
23161986328,247,12350.0,12400.0,50.0,1119.3259772895476,1114.5968991491568,1116.614141815807,1.116614141815807,-9.458156280781623,12.35,1046.3659596300506
23161986328,248,12400.0,12450.0,50.0,1114.5968991491568,1114.7437299131318,1114.52756873425,1.11452756873425,0.29366152795000744,12.4,1046.5127903940256
23161986328,249,12450.0,12500.0,50.0,1114.7437299131318,1110.333767855687,1112.9440674534646,1.1129440674534647,-8.819924114889545,12.45,1046.5127903940256
23161986328,250,12500.0,12550.0,50.0,1110.333767855687,1107.3350280526447,1108.7639844721377,1.1087639844721378,-5.997479606084653,12.5,1046.5127903940256
23161986328,251,12550.0,12600.0,50.0,1107.3350280526447,1100.5138578556994,1104.0967095507212,1.1040967095507213,-13.642340393890663,12.55,1046.5127903940256
23161986328,252,12600.0,12650.0,50.0,1100.5138578556994,1091.7016892060853,1096.278530319175,1.0962785303191749,-17.624337299228046,12.6,1046.5127903940256
23161986328,253,12650.0,12700.0,50.0,1091.7016892060853,1081.990096885481,1086.869840520161,1.0868698405201611,-19.423184641208536,12.65,1046.5127903940256
23161986328,254,12700.0,12750.0,50.0,1081.990096885481,1073.227727208648,1077.658197662861,1.0776581976628612,-17.524739353666064,12.7,1046.5127903940256
23161986328,255,12750.0,12800.0,50.0,1073.227727208648,1065.090938777572,1068.7169743512588,1.0687169743512588,-16.273576862151913,12.75,1046.5127903940256
23161986328,256,12800.0,12850.0,50.0,1065.090938777572,1057.8255460309617,1061.4119124265928,1.0614119124265928,-14.53078549322072,12.8,1046.5127903940256
23161986328,257,12850.0,12900.0,50.0,1057.8255460309617,1056.1406695544222,1057.0321430186693,1.0570321430186693,-3.3697529530791144,12.85,1046.5127903940256
23161986328,258,12900.0,12950.0,50.0,1056.1406695544222,1048.3213540705988,1052.4924440881593,1.0524924440881593,-15.638630967646804,12.9,1046.5127903940256
23161986328,259,12950.0,13000.0,50.0,1048.3213540705988,1044.9691126056066,1046.3979890598405,1.0463979890598405,-6.704482929984351,12.95,1046.5127903940256
23161986328,260,13000.0,13050.0,50.0,1044.9691126056066,1039.1416943897536,1042.2512447570105,1.0422512447570105,-11.654836431705917,13.0,1046.5127903940256
23161986328,261,13050.0,13100.0,50.0,1039.1416943897536,1034.2595154271448,1036.4321283216761,1.0364321283216762,-9.76435792521761,13.05,1046.5127903940256
23161986328,262,13100.0,13150.0,50.0,1034.2595154271448,1030.6146073587238,1032.5884833192101,1.03258848331921,-7.2898161368420915,13.1,1046.5127903940256
23161986328,263,13150.0,13200.0,50.0,1030.6146073587238,1026.212201670956,1028.2573177563602,1.02825731775636,-8.804811375535792,13.15,1046.5127903940256
23161986328,264,13200.0,13250.0,50.0,1026.212201670956,1022.607272134944,1024.5989646090907,1.0245989646090907,-7.209859072023846,13.2,1046.5127903940256
23161986328,265,13250.0,13300.0,50.0,1022.607272134944,1014.0654087366299,1018.609547122746,1.018609547122746,-17.08372679662807,13.25,1046.5127903940256
23161986328,266,13300.0,13350.0,50.0,1014.0654087366299,1008.5048709405985,1010.917849755926,1.010917849755926,-11.12107559206288,13.3,1046.5127903940256
23161986328,267,13350.0,13400.0,50.0,1008.5048709405985,1003.2992175746958,1005.8849080868763,1.0058849080868764,-10.411306731805325,13.35,1046.5127903940256
23161986328,268,13400.0,13450.0,50.0,1003.2992175746958,999.5814160535747,1001.2886668301059,1.0012886668301058,-7.435603042242292,13.4,1046.5127903940256
23161986328,269,13450.0,13500.0,50.0,999.5814160535747,992.9051922330342,996.6254998129297,0.9966254998129297,-13.352447641080971,13.45,1046.5127903940256
23161986328,270,13500.0,13550.0,50.0,992.9051922330342,986.1904911297852,989.5832490954126,0.9895832490954126,-13.429402206498025,13.5,1046.5127903940256
23161986328,271,13550.0,13600.0,50.0,986.1904911297852,980.1185210588061,982.9571785378608,0.9829571785378608,-12.143940141958183,13.55,1046.5127903940256
23161986328,272,13600.0,13650.0,50.0,980.1185210588061,974.8754471544714,977.3588409559111,0.9773588409559111,-10.48614780866933,13.6,1046.5127903940256
23161986328,273,13650.0,13700.0,50.0,974.8754471544714,970.4761427119132,973.0996820687151,0.9730996820687151,-8.798608885116437,13.65,1046.5127903940256
23161986328,274,13700.0,13750.0,50.0,970.4761427119132,962.9142058162437,966.4454076632514,0.9664454076632515,-15.123873791339065,13.7,1046.5127903940256
23161986328,275,13750.0,13800.0,50.0,962.9142058162437,954.29121094615,958.8364011540066,0.9588364011540066,-17.24598974018727,13.75,1046.5127903940256
23161986328,276,13800.0,13850.0,50.0,954.29121094615,948.2122355970474,951.0773436924402,0.9510773436924402,-12.15795069820524,13.8,1046.5127903940256
23161986328,277,13850.0,13900.0,50.0,948.2122355970474,939.4314149227645,943.9421164390513,0.9439421164390513,-17.5616413485659,13.85,1046.5127903940256
23161986328,278,13900.0,13950.0,50.0,939.4314149227645,931.1365052923135,935.1703563887703,0.9351703563887703,-16.589819260902004,13.9,1046.5127903940256
23161986328,279,13950.0,14000.0,50.0,931.1365052923135,926.94329869184,928.7273886485491,0.9287273886485491,-8.38641320094689,13.95,1046.5127903940256
23161986328,280,14000.0,14050.0,50.0,926.94329869184,927.662168881088,927.123996855164,0.927123996855164,1.437740378495846,14.0,1047.2316605832734
23161986328,281,14050.0,14100.0,50.0,927.662168881088,925.0612445638781,926.7381514831833,0.9267381514831833,-5.201848634419775,14.05,1047.2316605832734
23161986328,282,14100.0,14150.0,50.0,925.0612445638781,920.5912579040281,922.6233574493823,0.9226233574493823,-8.939973319699902,14.1,1047.2316605832734
23161986328,283,14150.0,14200.0,50.0,920.5912579040281,918.4767786037768,919.5304303088943,0.9195304303088944,-4.228958600502665,14.15,1047.2316605832734
23161986328,284,14200.0,14250.0,50.0,918.4767786037768,915.9099182821355,917.3144511255904,0.9173144511255904,-5.133720643282459,14.2,1047.2316605832734
23161986328,285,14250.0,14300.0,50.0,915.9099182821355,909.5169842382172,913.0601461357279,0.913060146135728,-12.785868087836661,14.25,1047.2316605832734
23161986328,286,14300.0,14350.0,50.0,909.5169842382172,902.1923859761695,905.6343170881936,0.9056343170881936,-14.649196524095487,14.3,1047.2316605832734
23161986328,287,14350.0,14400.0,50.0,902.1923859761695,896.5784920999802,899.430975949352,0.8994309759493521,-11.227787752378617,14.35,1047.2316605832734
23161986328,288,14400.0,14450.0,50.0,896.5784920999802,893.8,894.7537600176537,0.8947537600176537,-5.556984199960425,14.4,1047.2316605832734
23161986328,289,14450.0,14500.0,50.0,893.8,894.8011289167696,894.1943657235793,0.8941943657235792,2.002257833539261,14.45,1048.232789500043
23161986328,290,14500.0,14550.0,50.0,894.8011289167696,895.0302432761184,895.2038641527794,0.8952038641527794,0.4582287186976828,14.5,1048.461903859392
23161986328,291,14550.0,14600.0,50.0,895.0302432761184,894.5604880791723,894.4718726359174,0.8944718726359174,-0.9395103938923057,14.55,1048.461903859392
23161986328,292,14600.0,14650.0,50.0,894.5604880791723,898.0764942143908,896.130689055622,0.896130689055622,7.032012270437008,14.6,1051.9779099946104
23161986328,293,14650.0,14700.0,50.0,898.0764942143908,900.9203516483516,899.7647643837541,0.8997647643837542,5.687714867921613,14.65,1054.821767428571
23161986328,294,14700.0,14750.0,50.0,900.9203516483516,899.0965511515124,900.4842850989511,0.9004842850989511,-3.647600993678452,14.7,1054.821767428571
23161986328,295,14750.0,14800.0,50.0,899.0965511515124,885.9264713474089,893.1779960127002,0.8931779960127002,-26.340159608206932,14.75,1054.821767428571
23161986328,296,14800.0,14850.0,50.0,885.9264713474089,869.2092681529875,877.5585105804466,0.8775585105804466,-33.43440638884272,14.8,1054.821767428571
23161986328,297,14850.0,14900.0,50.0,869.2092681529875,853.2675203478944,861.3453202447253,0.8613453202447252,-31.883495610186174,14.85,1054.821767428571
23161986328,298,14900.0,14950.0,50.0,853.2675203478944,838.6550116938597,845.6249241451422,0.8456249241451422,-29.225017308069482,14.9,1054.821767428571
23161986328,299,14950.0,15000.0,50.0,838.6550116938597,825.2168328079912,832.4412773679552,0.8324412773679551,-26.876357771737048,14.95,1054.821767428571
23161986328,300,15000.0,15050.0,50.0,825.2168328079912,809.6093465184715,816.8957848154447,0.8168957848154447,-31.21497257903934,15.0,1054.821767428571
23161986328,301,15050.0,15100.0,50.0,809.6093465184715,797.2664752581984,803.3338090315533,0.8033338090315533,-24.685742520546228,15.05,1054.821767428571
23161986328,302,15100.0,15150.0,50.0,797.2664752581984,788.737768466143,792.6535020411856,0.7926535020411856,-17.05741358411069,15.1,1054.821767428571
23161986328,303,15150.0,15200.0,50.0,788.737768466143,781.333206496812,785.2685895092205,0.7852685895092205,-14.809123938662196,15.15,1054.821767428571
23161986328,304,15200.0,15250.0,50.0,781.333206496812,775.372422954789,778.0561710723823,0.7780561710723823,-11.921567084045819,15.2,1054.821767428571
23161986328,305,15250.0,15300.0,50.0,775.372422954789,769.2833445741226,772.4705618957577,0.7724705618957577,-12.178156761332957,15.25,1054.821767428571
23161986328,306,15300.0,15350.0,50.0,769.2833445741226,763.763782650999,766.3804969629737,0.7663804969629736,-11.039123846247094,15.3,1054.821767428571
23161986328,307,15350.0,15400.0,50.0,763.763782650999,760.7380325970205,761.9233689916106,0.7619233689916106,-6.051500107957054,15.35,1054.821767428571
23161986328,308,15400.0,15450.0,50.0,760.7380325970205,761.7500985473392,761.118082820269,0.761118082820269,2.024131900637485,15.4,1055.8338333788897
23161986328,309,15450.0,15500.0,50.0,761.7500985473392,764.0551789210145,762.9794624204184,0.7629794624204184,4.610160747350619,15.45,1058.138913752565
23161986328,310,15500.0,15550.0,50.0,764.0551789210145,764.5381399808244,764.368388690617,0.7643683886906171,0.9659221196197905,15.5,1058.621874812375
23161986328,311,15550.0,15600.0,50.0,764.5381399808244,764.7274615384615,764.6308359064498,0.7646308359064498,0.3786431152741443,15.55,1058.811196370012
23161986328,312,15600.0,15650.0,50.0,764.7274615384615,765.810098017939,765.2132828452832,0.7652132828452832,2.165272958955029,15.6,1059.8938328494896
23161986328,313,15650.0,15700.0,50.0,765.810098017939,763.2266966698863,764.8917026333053,0.7648917026333053,-5.166802696105378,15.65,1059.8938328494896
23161986328,314,15700.0,15750.0,50.0,763.2266966698863,757.9698396386724,760.8168311594123,0.7608168311594123,-10.51371406242788,15.7,1059.8938328494896
23161986328,315,15750.0,15800.0,50.0,757.9698396386724,748.0616398103716,753.1311924408674,0.7531311924408673,-19.81639965660156,15.75,1059.8938328494896
23161986328,316,15800.0,15850.0,50.0,748.0616398103716,738.439165976495,743.3984147273845,0.7433984147273845,-19.244947667753195,15.8,1059.8938328494896
23161986328,317,15850.0,15900.0,50.0,738.439165976495,731.9490947934353,734.6335956462781,0.7346335956462781,-12.98014236611948,15.85,1059.8938328494896
23161986328,318,15900.0,15950.0,50.0,731.9490947934353,725.8566535715729,729.2696772996434,0.7292696772996434,-12.184882443724746,15.9,1059.8938328494896
23161986328,319,15950.0,16000.0,50.0,725.8566535715729,717.3771722776343,721.4687723974143,0.7214687723974144,-16.958962587877295,15.95,1059.8938328494896
23161986328,320,16000.0,16050.0,50.0,717.3771722776343,711.1092169514343,714.4709301652756,0.7144709301652756,-12.535910652399934,16.0,1059.8938328494896
23161986328,321,16050.0,16100.0,50.0,711.1092169514343,701.7464028350315,706.3511605931459,0.7063511605931458,-18.725628232805548,16.05,1059.8938328494896
23161986328,322,16100.0,16150.0,50.0,701.7464028350315,691.3615606720238,696.7335899628473,0.6967335899628473,-20.769684326015522,16.1,1059.8938328494896
23161986328,323,16150.0,16200.0,50.0,691.3615606720238,683.6746498152254,686.7724637809574,0.6867724637809575,-15.373821713596726,16.15,1059.8938328494896
23161986328,324,16200.0,16250.0,50.0,683.6746498152254,678.7834213747385,681.7455882021173,0.6817455882021174,-9.782456880973768,16.2,1059.8938328494896
23161986328,325,16250.0,16300.0,50.0,678.7834213747385,671.5248436762383,675.0533386580383,0.6750533386580383,-14.517155397000352,16.25,1059.8938328494896
23161986328,326,16300.0,16350.0,50.0,671.5248436762383,662.9869728800336,667.3165743109956,0.6673165743109957,-17.075741592409486,16.3,1059.8938328494896
23161986328,327,16350.0,16400.0,50.0,662.9869728800336,654.3990070557336,658.8221649159192,0.6588221649159192,-17.1759316486,16.35,1059.8938328494896
23161986328,328,16400.0,16450.0,50.0,654.3990070557336,643.8331485635467,649.0225562714664,0.6490225562714664,-21.131716984373725,16.4,1059.8938328494896
23161986328,329,16450.0,16500.0,50.0,643.8331485635467,637.6595356263269,640.4389951862429,0.6404389951862429,-12.347225874439573,16.45,1059.8938328494896
23161986328,330,16500.0,16550.0,50.0,637.6595356263269,632.2361185470369,635.2918115337145,0.6352918115337145,-10.846834158580123,16.5,1059.8938328494896
23161986328,331,16550.0,16600.0,50.0,632.2361185470369,628.5268272902109,629.7622477541244,0.6297622477541244,-7.418582513651927,16.55,1059.8938328494896
23161986328,332,16600.0,16650.0,50.0,628.5268272902109,627.7978817313553,628.2994367274936,0.6282994367274936,-1.4578911177111422,16.6,1059.8938328494896
23161986328,333,16650.0,16700.0,50.0,627.7978817313553,623.5102804482302,626.0157223623629,0.6260157223623629,-8.575202566250255,16.65,1059.8938328494896
23161986328,334,16700.0,16750.0,50.0,623.5102804482302,618.5149581018334,621.037077989601,0.6210370779896011,-9.990644692793694,16.7,1059.8938328494896
23161986328,335,16750.0,16800.0,50.0,618.5149581018334,613.8959069767442,616.1669413888231,0.6161669413888231,-9.238102250178372,16.75,1059.8938328494896
23161986328,336,16800.0,16850.0,50.0,613.8959069767442,607.9428802375103,610.9264507028787,0.6109264507028787,-11.906053478467811,16.8,1059.8938328494896
23161986328,337,16850.0,16900.0,50.0,607.9428802375103,603.0922529914529,605.3743350802487,0.6053743350802486,-9.701254492114685,16.85,1059.8938328494896
23161986328,338,16900.0,16950.0,50.0,603.0922529914529,594.4692820427587,599.0708253165873,0.5990708253165873,-17.245941897388548,16.9,1059.8938328494896
23161986328,339,16950.0,17000.0,50.0,594.4692820427587,590.0959540096355,591.6544338387354,0.5916544338387354,-8.74665606624626,16.95,1059.8938328494896
23161986328,340,17000.0,17050.0,50.0,590.0959540096355,585.5049454621435,588.3779325394058,0.5883779325394058,-9.182017094984076,17.0,1059.8938328494896
23161986328,341,17050.0,17100.0,50.0,585.5049454621435,581.5290083391942,583.0383489289899,0.5830383489289899,-7.95187424589858,17.05,1059.8938328494896
23161986328,342,17100.0,17150.0,50.0,581.5290083391942,581.6284303451563,581.5981138723357,0.5815981138723357,0.1988440119241659,17.1,1059.9932548554516
23161986328,343,17150.0,17200.0,50.0,581.6284303451563,576.6874886047466,579.5016888511242,0.5795016888511242,-9.881883480819397,17.15,1059.9932548554516
23161986328,344,17200.0,17250.0,50.0,576.6874886047466,572.7733826279901,574.5322055366646,0.5745322055366646,-7.828211953512891,17.2,1059.9932548554516
23161986328,345,17250.0,17300.0,50.0,572.7733826279901,566.3528611329806,569.7967922717642,0.5697967922717642,-12.841042990019105,17.25,1059.9932548554516
23161986328,346,17300.0,17350.0,50.0,566.3528611329806,562.7306629259681,564.1368736757967,0.5641368736757967,-7.244396414025005,17.3,1059.9932548554516
23161986328,347,17350.0,17400.0,50.0,562.7306629259681,560.0843058011282,561.8040520500289,0.5618040520500289,-5.292714249679875,17.35,1059.9932548554516
23161986328,348,17400.0,17450.0,50.0,560.0843058011282,556.92,558.0517894530044,0.5580517894530044,-6.328611602256387,17.4,1059.9932548554516
23161986328,349,17450.0,17500.0,50.0,556.92,552.0988507921709,555.0255636438204,0.5550255636438204,-9.64229841565816,17.45,1059.9932548554516
23161986328,350,17500.0,17550.0,50.0,552.0988507921709,545.9640517566387,548.6230262657364,0.5486230262657363,-12.269598071064365,17.5,1059.9932548554516
23161986328,351,17550.0,17600.0,50.0,545.9640517566387,544.8365487511572,545.6621921266002,0.5456621921266002,-2.2550060109629158,17.55,1059.9932548554516
23161986328,352,17600.0,17650.0,50.0,544.8365487511572,540.4910413251662,542.4984193572733,0.5424984193572733,-8.691014851982118,17.6,1059.9932548554516
23161986328,353,17650.0,17700.0,50.0,540.4910413251662,538.7252210646911,539.4983652651327,0.5394983652651327,-3.531640520950077,17.65,1059.9932548554516
23161986328,354,17700.0,17750.0,50.0,538.7252210646911,537.2314893802039,537.9465129377664,0.5379465129377664,-2.9874633689744314,17.7,1059.9932548554516
23161986328,355,17750.0,17800.0,50.0,537.2314893802039,536.2391836734694,536.7325792560117,0.5367325792560117,-1.9846114134691106,17.75,1059.9932548554516
23161986328,356,17800.0,17850.0,50.0,536.2391836734694,535.3299188140998,535.7522102951325,0.5357522102951325,-1.818529718739228,17.8,1059.9932548554516
23161986328,357,17850.0,17900.0,50.0,535.3299188140998,534.6445476588628,535.0179265160324,0.5350179265160324,-1.3707423104738155,17.85,1059.9932548554516
23161986328,358,17900.0,17950.0,50.0,534.6445476588628,533.7920308703439,534.1890217101121,0.5341890217101121,-1.705033577037966,17.9,1059.9932548554516
23161986328,359,17950.0,18000.0,50.0,533.7920308703439,533.537461928934,533.549977034675,0.533549977034675,-0.5091378828196866,17.95,1059.9932548554516
23161986328,360,18000.0,18050.0,50.0,533.537461928934,535.989075405889,534.6258242405871,0.5346258242405871,4.903226953910007,18.0,1062.4448683324067
23161986328,361,18050.0,18100.0,50.0,535.989075405889,537.768004052685,537.0230104728483,0.5370230104728484,3.557857293591951,18.05,1064.2237969792027
23161986328,362,18100.0,18150.0,50.0,537.768004052685,538.9687878787879,538.3775943323816,0.5383775943323816,2.401567652205813,18.1,1065.4245808053056
23161986328,363,18150.0,18200.0,50.0,538.9687878787879,539.7849491525424,539.4081141927751,0.5394081141927751,1.6323225475089203,18.15,1066.24074207906
23161986328,364,18200.0,18250.0,50.0,539.7849491525424,538.2068477796686,539.2274193148178,0.5392274193148178,-3.156202745747578,18.2,1066.24074207906
23161986328,365,18250.0,18300.0,50.0,538.2068477796686,534.3726519454005,536.384142471285,0.5363841424712851,-7.66839166853606,18.25,1066.24074207906
23161986328,366,18300.0,18350.0,50.0,534.3726519454005,530.118172255313,532.218356570021,0.532218356570021,-8.508959380175156,18.3,1066.24074207906
23161986328,367,18350.0,18400.0,50.0,530.118172255313,526.657285264693,528.2994892512666,0.5282994892512666,-6.921773981239994,18.35,1066.24074207906
23161986328,368,18400.0,18450.0,50.0,526.657285264693,523.508067859171,525.1009054588025,0.5251009054588025,-6.29843481104399,18.4,1066.24074207906
23161986328,369,18450.0,18500.0,50.0,523.508067859171,520.4300570120707,521.9513123701546,0.5219513123701546,-6.15602169420049,18.45,1066.24074207906
23161986328,370,18500.0,18550.0,50.0,520.4300570120707,516.8791207979814,518.8014840397768,0.5188014840397768,-7.1018724281786945,18.5,1066.24074207906
23161986328,371,18550.0,18600.0,50.0,516.8791207979814,513.5518961603382,515.019811911079,0.515019811911079,-6.654449275286424,18.55,1066.24074207906
23161986328,372,18600.0,18650.0,50.0,513.5518961603382,511.07912790576336,512.357291849901,0.512357291849901,-4.945536509149633,18.6,1066.24074207906
23161986328,373,18650.0,18700.0,50.0,511.07912790576336,508.46779732165606,509.7119772902099,0.5097119772902099,-5.222661168214586,18.65,1066.24074207906
23161986328,374,18700.0,18750.0,50.0,508.46779732165606,507.41000453715486,507.87937275585483,0.5078793727558548,-2.1155855690024055,18.7,1066.24074207906
23161986328,375,18750.0,18800.0,50.0,507.41000453715486,506.3592019081874,506.89241553548936,0.5068924155354894,-2.1016052579349207,18.75,1066.24074207906
23161986328,376,18800.0,18850.0,50.0,506.3592019081874,505.57021943573676,505.91020113441476,0.5059102011344148,-1.5779649449012823,18.8,1066.24074207906
23161986328,377,18850.0,18860.0,10.0,505.57021943573676,505.5602925809823,505.56525600835954,0.5055652560083596,-0.09926854754439773,18.85,1066.24074207906
23192176528,0,0.0,50.0,50.0,283.93304843304844,285.57998759046393,284.7643820533754,0.2847643820533754,3.2938783148309767,0.0,1.6469391574154884
23192176528,1,50.0,100.0,50.0,285.57998759046393,285.0616740088106,285.37160760720457,0.2853716076072046,-1.0366271633066617,0.05,1.6469391574154884
23192176528,2,100.0,150.0,50.0,285.0616740088106,284.9838139534884,284.97696096711405,0.28497696096711406,-0.15572011064443814,0.1,1.6469391574154884
23192176528,3,150.0,200.0,50.0,284.9838139534884,284.54814070351756,284.87734922675395,0.28487734922675395,-0.8713464999416374,0.15,1.6469391574154884
23192176528,4,200.0,250.0,50.0,284.54814070351756,283.4035294117647,283.9060153709725,0.2839060153709725,-2.2892225835057616,0.2,1.6469391574154884
23192176528,5,250.0,300.0,50.0,283.4035294117647,282.88,283.17627450980393,0.2831762745098039,-1.047058823529369,0.25,1.6469391574154884
23192176528,6,300.0,350.0,50.0,282.88,282.4036994219653,282.67394990366085,0.28267394990366085,-0.9526011560693632,0.3,1.6469391574154884
23192176528,7,350.0,400.0,50.0,282.4036994219653,281.2491675702469,281.84805058091484,0.28184805058091483,-2.3090637034367774,0.35,1.6469391574154884
23192176528,8,400.0,450.0,50.0,281.2491675702469,279.85045550527906,280.55141049959235,0.28055141049959237,-2.7974241299357345,0.4,1.6469391574154884
23192176528,9,450.0,500.0,50.0,279.85045550527906,278.02054069222623,278.92537497803403,0.27892537497803405,-3.6598296261056475,0.45,1.6469391574154884
23192176528,10,500.0,550.0,50.0,278.02054069222623,278.89804651162797,278.25410048332947,0.2782541004833295,1.7550116388034667,0.5,2.5244449768172217
23192176528,11,550.0,600.0,50.0,278.89804651162797,278.2774264841304,278.86248510123113,0.27886248510123113,-1.2412400549951599,0.55,2.5244449768172217
23192176528,12,600.0,650.0,50.0,278.2774264841304,276.0516940081443,277.1712190501928,0.2771712190501928,-4.451464951972184,0.6,2.5244449768172217
23192176528,13,650.0,700.0,50.0,276.0516940081443,273.51675675675676,274.756691848917,0.274756691848917,-5.069874502775065,0.65,2.5244449768172217
23192176528,14,700.0,750.0,50.0,273.51675675675676,273.4798612091273,273.3191751702302,0.2733191751702302,-0.07379109525891181,0.7,2.5244449768172217
23192176528,15,750.0,800.0,50.0,273.4798612091273,273.8145652173913,273.67247315209715,0.27367247315209714,0.6694080165279956,0.75,2.8591489850812195
23192176528,16,800.0,850.0,50.0,273.8145652173913,273.94861196740004,273.9256086928982,0.2739256086928982,0.26809350001747134,0.8,2.993195735089955
23192176528,17,850.0,900.0,50.0,273.94861196740004,272.4259067357513,273.3185414963236,0.27331854149632356,-3.0454104632974577,0.85,2.993195735089955
23192176528,18,900.0,950.0,50.0,272.4259067357513,269.8165900422994,271.16166754543457,0.2711616675454346,-5.218633386903775,0.9,2.993195735089955
23192176528,19,950.0,1000.0,50.0,269.8165900422994,266.7566044491597,268.2953182292956,0.26829531822929564,-6.119971186279486,0.95,2.993195735089955
23192176528,20,1000.0,1050.0,50.0,266.7566044491597,263.6812612612613,265.18803401352835,0.26518803401352836,-6.150686375796795,1.0,2.993195735089955
23192176528,21,1050.0,1100.0,50.0,263.6812612612613,260.66084522347666,262.2004852753431,0.2622004852753431,-6.040832075569256,1.05,2.993195735089955
23192176528,22,1100.0,1150.0,50.0,260.66084522347666,257.8094941634241,259.18236272912463,0.25918236272912465,-5.702702120105073,1.1,2.993195735089955
23192176528,23,1150.0,1200.0,50.0,257.8094941634241,256.2372549019608,256.9056242211541,0.2569056242211541,-3.144478522926647,1.15,2.993195735089955
23192176528,24,1200.0,1250.0,50.0,256.2372549019608,256.36,256.3062091503268,0.2563062091503268,0.24549019607843547,1.2,3.115940833129173
23192176528,25,1250.0,1300.0,50.0,256.36,252.990225066103,254.89049056305137,0.25489049056305135,-6.7395498677940395,1.25,3.115940833129173
23192176528,26,1300.0,1350.0,50.0,252.990225066103,250.6594664141966,251.670160869991,0.251670160869991,-4.661517303812786,1.3,3.115940833129173
23192176528,27,1350.0,1400.0,50.0,250.6594664141966,248.71770971516116,249.73455332225953,0.24973455332225952,-3.8835133980708747,1.35,3.115940833129173
23192176528,28,1400.0,1450.0,50.0,248.71770971516116,247.48953488372095,247.90870806806586,0.24790870806806586,-2.4563496628804273,1.4,3.115940833129173
23192176528,29,1450.0,1500.0,50.0,247.48953488372095,248.16222159775194,247.87952559757764,0.24787952559757764,1.3453734280619756,1.45,3.7886275471601607
23192176528,30,1500.0,1550.0,50.0,248.16222159775194,245.1215578539108,247.06502651735434,0.24706502651735435,-6.081327487682302,1.5,3.7886275471601607
23192176528,31,1550.0,1600.0,50.0,245.1215578539108,239.29339984526305,242.090601874532,0.24209060187453202,-11.656316017295467,1.55,3.7886275471601607
23192176528,32,1600.0,1650.0,50.0,239.29339984526305,235.2456506938989,237.12039463991013,0.23712039463991014,-8.095498302728288,1.6,3.7886275471601607
23192176528,33,1650.0,1700.0,50.0,235.2456506938989,234.11096153846157,234.57427897623893,0.23457427897623892,-2.2693783108746857,1.65,3.7886275471601607
23192176528,34,1700.0,1750.0,50.0,234.11096153846157,232.10809595973177,233.27602936790686,0.23327602936790687,-4.005731157459593,1.7,3.7886275471601607
23192176528,35,1750.0,1800.0,50.0,232.10809595973177,227.74246848767697,229.99809913856234,0.22999809913856234,-8.731254944109594,1.75,3.7886275471601607
23192176528,36,1800.0,1850.0,50.0,227.74246848767697,223.91469323743823,225.89375256854942,0.2258937525685494,-7.655550500477489,1.8,3.7886275471601607
23192176528,37,1850.0,1900.0,50.0,223.91469323743823,221.75999999999993,222.4543637893156,0.2224543637893156,-4.3093864748765895,1.85,3.7886275471601607
23192176528,38,1900.0,1950.0,50.0,221.75999999999993,220.85187416443856,221.4259370822193,0.2214259370822193,-1.8162516711227568,1.9,3.7886275471601607
23192176528,39,1950.0,2000.0,50.0,220.85187416443856,220.08,220.3792704155526,0.2203792704155526,-1.5437483288770864,1.95,3.7886275471601607
23192176528,40,2000.0,2050.0,50.0,220.08,219.94797008194467,220.00757355771876,0.22000757355771874,-0.2640598361106754,2.0,3.7886275471601607
23192176528,41,2050.0,2100.0,50.0,219.94797008194467,215.98543498478898,218.2775965970192,0.2182775965970192,-7.925070194311388,2.05,3.7886275471601607
23192176528,42,2100.0,2150.0,50.0,215.98543498478898,212.91736842105266,214.24735771901325,0.21424735771901326,-6.136133127472647,2.1,3.7886275471601607
23192176528,43,2150.0,2200.0,50.0,212.91736842105266,211.51485456741938,212.13235536219975,0.21213235536219974,-2.805027707266561,2.15,3.7886275471601607
23192176528,44,2200.0,2250.0,50.0,211.51485456741938,211.48000000000002,211.41407815258802,0.21141407815258803,-0.06970913483871755,2.2,3.7886275471601607
23192176528,45,2250.0,2300.0,50.0,211.48000000000002,211.1255669618303,211.6578661309217,0.2116578661309217,-0.7088660763394614,2.25,3.7886275471601607
23192176528,46,2300.0,2350.0,50.0,211.1255669618303,207.11163969763348,208.93848496342534,0.20893848496342535,-8.027854528393618,2.3,3.7886275471601607
23192176528,47,2350.0,2400.0,50.0,207.11163969763348,206.07619047619045,206.50498254924378,0.20650498254924377,-2.0708984428860617,2.35,3.7886275471601607
23192176528,48,2400.0,2450.0,50.0,206.07619047619045,205.51999999999998,205.84539682539682,0.20584539682539682,-1.1123809523809314,2.4,3.7886275471601607
23192176528,49,2450.0,2500.0,50.0,205.51999999999998,203.98304309545273,204.76065949062283,0.20476065949062283,-3.073913809094506,2.45,3.7886275471601607
23192176528,50,2500.0,2550.0,50.0,203.98304309545273,203.7014814814815,203.67621076532373,0.20367621076532372,-0.5631232279424694,2.5,3.7886275471601607
23192176528,51,2550.0,2600.0,50.0,203.7014814814815,203.9951616897264,204.12381121579946,0.20412381121579945,0.587360416489787,2.55,4.082307755405054
23192176528,52,2600.0,2650.0,50.0,203.9951616897264,201.98326923076922,202.82506248722225,0.20282506248722226,-4.023784917914327,2.6,4.082307755405054
23192176528,53,2650.0,2700.0,50.0,201.98326923076922,201.52,201.75721153846155,0.20175721153846154,-0.9265384615384278,2.65,4.082307755405054
23192176528,54,2700.0,2750.0,50.0,201.52,200.64877192982456,201.10959064327486,0.20110959064327485,-1.742456140350896,2.7,4.082307755405054
23192176528,55,2750.0,2800.0,50.0,200.64877192982456,199.72,200.17251461988303,0.20017251461988303,-1.8575438596491267,2.75,4.082307755405054
23192176528,56,2800.0,2850.0,50.0,199.72,199.25995169082125,199.54258454106278,0.19954258454106277,-0.9200966183574906,2.8,4.082307755405054
23192176528,57,2850.0,2900.0,50.0,199.25995169082125,196.84243264539145,198.07424325009552,0.1980742432500955,-4.835038090859598,2.85,4.082307755405054
23192176528,58,2900.0,2950.0,50.0,196.84243264539145,195.72050533858152,196.18937031144526,0.19618937031144526,-2.243854613619874,2.9,4.082307755405054
23192176528,59,2950.0,3000.0,50.0,195.72050533858152,195.44,195.5233582388573,0.1955233582388573,-0.5610106771630399,2.95,4.082307755405054
23192176528,60,3000.0,3050.0,50.0,195.44,195.9506042692939,195.71589436234265,0.19571589436234266,1.021208538587814,3.0,4.592912024698961
23192176528,61,3050.0,3100.0,50.0,195.9506042692939,195.81645933014352,195.87352968366577,0.19587352968366575,-0.2682898783007772,3.05,4.592912024698961
23192176528,62,3100.0,3150.0,50.0,195.81645933014352,195.83999999999997,195.817639553429,0.19581763955342898,0.047081339712917725,3.1,4.61645269455542
23192176528,63,3150.0,3200.0,50.0,195.83999999999997,196.6097619047619,196.16650793650794,0.19616650793650794,1.539523809523871,3.15,5.386214599317356
23192176528,64,3200.0,3250.0,50.0,196.6097619047619,198.1048318462594,197.31862802453398,0.19731862802453398,2.9901398829949812,3.2,6.881284540814846
23192176528,65,3250.0,3300.0,50.0,198.1048318462594,199.87276952227987,198.9968312487779,0.1989968312487779,3.5358753520409323,3.25,8.649222216835312
23192176528,66,3300.0,3350.0,50.0,199.87276952227987,201.32,200.61206273014798,0.20061206273014798,2.894460955440252,3.3,10.096452694555438
23192176528,67,3350.0,3400.0,50.0,201.32,202.78543480656893,201.96835188654984,0.20196835188654985,2.9308696131378724,3.35,11.561887501124374
23192176528,68,3400.0,3450.0,50.0,202.78543480656893,204.8,203.8570829200191,0.2038570829200191,4.029130386862164,3.4,13.576452694555456
23192176528,69,3450.0,3500.0,50.0,204.8,206.04165075926966,205.42801207887806,0.20542801207887806,2.4833015185392924,3.45,14.818103453825103
23192176528,70,3500.0,3550.0,50.0,206.04165075926966,208.13498871841784,207.12757316111018,0.2071275731611102,4.186675918296373,3.5,16.91144141297329
23192176528,71,3550.0,3600.0,50.0,208.13498871841784,208.5718272354389,208.33664485842667,0.20833664485842668,0.873677034042089,3.55,17.348279929994334
23192176528,72,3600.0,3650.0,50.0,208.5718272354389,209.6,209.1362366147115,0.20913623661471148,2.0563455291222112,3.6,18.37645269455544
23192176528,73,3650.0,3700.0,50.0,209.6,209.87999999999997,209.74666666666664,0.20974666666666664,0.5599999999999454,3.65,18.656452694555412
23192176528,74,3700.0,3750.0,50.0,209.87999999999997,211.36694836567176,210.42830550053853,0.21042830550053854,2.9738967313435865,3.7,20.143401060227205
23192176528,75,3750.0,3800.0,50.0,211.36694836567176,214.59780007838964,212.96021379327877,0.21296021379327876,6.461703425435758,3.75,23.374252772945084
23192176528,76,3800.0,3850.0,50.0,214.59780007838964,218.2721839014091,216.42581747724898,0.21642581747724898,7.348767646038937,3.8,27.048636595964552
23192176528,77,3850.0,3900.0,50.0,218.2721839014091,222.0045410096565,220.1816483389399,0.2201816483389399,7.4647142164947695,3.85,30.780993704211937
23192176528,78,3900.0,3950.0,50.0,222.0045410096565,224.69781247705163,223.395221619904,0.223395221619904,5.3865429347902705,3.9,33.47426517160707
23192176528,79,3950.0,4000.0,50.0,224.69781247705163,227.47465346534653,226.06451474583284,0.22606451474583283,5.553681976589814,3.95,36.25110615990198
23192176528,80,4000.0,4050.0,50.0,227.47465346534653,230.4481928960332,228.95603650642485,0.22895603650642485,5.947078861373313,4.0,39.224645590588636
23192176528,81,4050.0,4100.0,50.0,230.4481928960332,232.80714285714285,231.68180278281912,0.2316818027828191,4.717899922219317,4.05,41.583595551698295
23192176528,82,4100.0,4150.0,50.0,232.80714285714285,234.84742771684947,233.81812870911082,0.2338181287091108,4.0805697194132335,4.1,43.62388041140491
23192176528,83,4150.0,4200.0,50.0,234.84742771684947,237.1955799204653,235.97603767750664,0.23597603767750663,4.696304407231651,4.15,45.97203261502074
23192176528,84,4200.0,4250.0,50.0,237.1955799204653,239.8641278192851,238.53391123695062,0.2385339112369506,5.33709579763962,4.2,48.64058051384055
23192176528,85,4250.0,4300.0,50.0,239.8641278192851,242.59752957639662,241.2378230660861,0.2412378230660861,5.466803514223045,4.25,51.37398227095207
23192176528,86,4300.0,4350.0,50.0,242.59752957639662,245.4843796948357,244.0409470367249,0.2440409470367249,5.773700236878142,4.3,54.26083238939114
23192176528,87,4350.0,4400.0,50.0,245.4843796948357,248.339746835443,246.9044935656485,0.2469044935656485,5.710734281214627,4.35,57.116199529998454
23192176528,88,4400.0,4450.0,50.0,248.339746835443,250.397893207774,249.45402026390116,0.24945402026390115,4.116292744661962,4.4,59.174345902329435
23192176528,89,4450.0,4500.0,50.0,250.397893207774,252.01092783505155,251.16552547334342,0.2511655254733434,3.2260692545551137,4.45,60.78738052960699
23192176528,90,4500.0,4550.0,50.0,252.01092783505155,254.45515789473683,253.2033521432447,0.2532033521432447,4.8884601193705635,4.5,63.23161058929227
23192176528,91,4550.0,4600.0,50.0,254.45515789473683,256.59814354066987,255.5385677830941,0.2555385677830941,4.285971291866076,4.55,65.37459623522531
23192176528,92,4600.0,4650.0,50.0,256.59814354066987,259.00954188664537,257.79835367348954,0.2577983536734895,4.822796691950998,4.6,67.78599458120081
23192176528,93,4650.0,4700.0,50.0,259.00954188664537,261.78225987175335,260.34690742795334,0.26034690742795336,5.545435970215976,4.65,70.5587125663088
23192176528,94,4700.0,4750.0,50.0,261.78225987175335,265.0152744494503,263.3957489181396,0.2633957489181396,6.466029155393926,4.7,73.79172714400576
23192176528,95,4750.0,4800.0,50.0,265.0152744494503,267.8378947368421,266.45287001601776,0.26645287001601775,5.645240574783543,4.75,76.61434743139753
23192176528,96,4800.0,4850.0,50.0,267.8378947368421,270.66954027031136,269.23235151965713,0.26923235151965713,5.663291066938541,4.8,79.4459929648668
23192176528,97,4850.0,4900.0,50.0,270.66954027031136,273.79107655344916,272.24902814211595,0.27224902814211593,6.2430725662756,4.85,82.5675292480046
23192176528,98,4900.0,4950.0,50.0,273.79107655344916,276.9421557345608,275.3417814590553,0.2753417814590553,6.302158362223281,4.9,85.71860842911624
23192176528,99,4950.0,5000.0,50.0,276.9421557345608,279.6301770926233,278.3352210469414,0.2783352210469414,5.376042716124971,4.95,88.40662978717873
23192176528,100,5000.0,5050.0,50.0,279.6301770926233,281.940663507109,280.7930342662462,0.2807930342662462,4.620972828971389,5.0,90.71711620166442
23192176528,101,5050.0,5100.0,50.0,281.940663507109,284.2511384986162,283.15300785753635,0.28315300785753633,4.620949983014498,5.05,93.02759119317167
23192176528,102,5100.0,5150.0,50.0,284.2511384986162,285.4,284.8585729791526,0.2848585729791526,2.2977230027674977,5.1,94.17645269455542
23192176528,103,5150.0,5200.0,50.0,285.4,286.4856842105263,285.95522807017545,0.2859552280701754,2.171368421052648,5.15,95.26213690508175
23192176528,104,5200.0,5250.0,50.0,286.4856842105263,287.16,286.84378947368424,0.2868437894736842,1.3486315789474475,5.2,95.93645269455547
23192176528,105,5250.0,5300.0,50.0,287.16,287.71999999999997,287.44,0.28744,1.1199999999998909,5.25,96.49645269455542
23192176528,106,5300.0,5350.0,50.0,287.71999999999997,288.4453571428571,288.0160119047619,0.2880160119047619,1.450714285714298,5.3,97.22180983741256
23192176528,107,5350.0,5400.0,50.0,288.4453571428571,289.06186326291083,288.84767661524705,0.2888476766152471,1.2330122401074277,5.35,97.83831595746628
23192176528,108,5400.0,5450.0,50.0,289.06186326291083,289.4738755980861,289.26046968480205,0.28926046968480207,0.8240246703505818,5.4,98.25032829264157
23192176528,109,5450.0,5500.0,50.0,289.4738755980861,290.2536791493297,289.8092435472323,0.2898092435472323,1.5596071024871208,5.45,99.03013184388513
23192176528,110,5500.0,5526.0,26.0,290.2536791493297,290.48451872399454,290.3560889197103,0.2903560889197103,0.8878445179417528,5.5,99.26097141854999
23219229363,0,0.0,50.0,50.0,22.26666666666669,21.55198067632849,21.906832089006013,0.021906832089006012,-1.4293719806764003,0.0,0.0
23219229363,1,50.0,100.0,50.0,21.55198067632849,19.830264944051383,20.95751842106338,0.02095751842106338,-3.4434314645542154,0.05,0.0
23219229363,2,100.0,150.0,50.0,19.830264944051383,17.61396423021422,18.161481662647038,0.018161481662647038,-4.432601427674328,0.1,0.0
23219229363,3,150.0,200.0,50.0,17.61396423021422,20.554727194022547,19.296807642933913,0.019296807642933914,5.881525927616657,0.15,2.9407629638083286
23219229363,4,200.0,250.0,50.0,20.554727194022547,20.839999999999986,20.776075006744083,0.020776075006744082,0.5705456119548771,0.2,3.226035769785767
23219229363,5,250.0,300.0,50.0,20.839999999999986,20.330387596899232,20.620258397932812,0.02062025839793281,-1.0192248062015068,0.25,3.226035769785767
23219229363,6,300.0,350.0,50.0,20.330387596899232,19.542253937926972,19.94928293270671,0.01994928293270671,-1.5762673179445201,0.3,3.226035769785767
23219229363,7,350.0,400.0,50.0,19.542253937926972,19.598071729345143,19.481424583451965,0.019481424583451964,0.11163558283634245,0.35,3.2818535612039383
23219229363,8,400.0,450.0,50.0,19.598071729345143,19.32000000000003,19.513080683413204,0.019513080683413203,-0.5561434586902294,0.4,3.2818535612039383
23219229363,9,450.0,500.0,50.0,19.32000000000003,18.841452145214507,19.047634763476363,0.019047634763476363,-0.9570957095710426,0.45,3.2818535612039383
23219229363,10,500.0,550.0,50.0,18.841452145214507,18.75173883983536,18.851518862724546,0.018851518862724546,-0.17942661075829136,0.5,3.2818535612039383
23219229363,11,550.0,600.0,50.0,18.75173883983536,18.120000000000026,18.394037358848994,0.018394037358848994,-1.2634776796706717,0.55,3.2818535612039383
23219229363,12,600.0,650.0,50.0,18.120000000000026,17.599999999999977,17.886666666666667,0.017886666666666665,-1.0400000000000986,0.6,3.2818535612039383
23219229363,13,650.0,700.0,50.0,17.599999999999977,17.562166666666656,17.54180555555554,0.01754180555555554,-0.0756666666666419,0.65,3.2818535612039383
23219229363,14,700.0,750.0,50.0,17.562166666666656,17.120000000000005,17.32702777777778,0.017327027777777778,-0.8843333333333021,0.7,3.2818535612039383
23219229363,15,750.0,800.0,50.0,17.120000000000005,17.4,17.299999999999997,0.017299999999999996,0.5599999999999881,0.75,3.5618535612039324
23219229363,16,800.0,850.0,50.0,17.4,17.320000000000004,17.33333333333334,0.01733333333333334,-0.15999999999998948,0.8,3.5618535612039324
23219229363,17,850.0,900.0,50.0,17.320000000000004,16.857397515527943,17.061918219461692,0.01706191821946169,-0.9252049689441222,0.85,3.5618535612039324
23219229363,18,900.0,950.0,50.0,16.857397515527943,17.008904815229563,16.94991751928386,0.01694991751928386,0.30301459940324094,0.9,3.713360860905553
23219229363,19,950.0,1000.0,50.0,17.008904815229563,17.35975350140057,17.191171540658075,0.017191171540658075,0.7016973723420108,0.95,4.064209547076558
23219229363,20,1000.0,1050.0,50.0,17.35975350140057,16.718301158301163,17.029432079137965,0.017029432079137964,-1.2829046861988118,1.0,4.064209547076558
23219229363,21,1050.0,1100.0,50.0,16.718301158301163,16.90494192022196,16.852481250224784,0.016852481250224784,0.3732815238415981,1.05,4.250850308997357
23219229363,22,1100.0,1150.0,50.0,16.90494192022196,16.64472573839661,16.798499258314248,0.016798499258314246,-0.5204323636507056,1.1,4.250850308997357
23219229363,23,1150.0,1200.0,50.0,16.64472573839661,16.520000000000003,16.577271448663847,0.016577271448663847,-0.24945147679321167,1.15,4.250850308997357
23219229363,24,1200.0,1250.0,50.0,16.520000000000003,16.44736401673641,16.441227336122747,0.016441227336122747,-0.14527196652718288,1.2,4.250850308997357
23219229363,25,1250.0,1300.0,50.0,16.44736401673641,16.75999999999999,16.572803347280338,0.016572803347280337,0.6252719665271584,1.25,4.5634862922609365
23219229363,26,1300.0,1350.0,50.0,16.75999999999999,16.500240963855425,16.65686746987951,0.016656867469879513,-0.5195180722891308,1.3,4.5634862922609365
23219229363,27,1350.0,1400.0,50.0,16.500240963855425,16.2,16.410040160642573,0.016410040160642573,-0.6004819277108524,1.35,4.5634862922609365
23219229363,28,1400.0,1450.0,50.0,16.2,14.783667811870647,15.577486079848358,0.015577486079848357,-2.8326643762587054,1.4,4.5634862922609365
23219229363,29,1450.0,1500.0,50.0,14.783667811870647,13.679999999999996,14.13284839868895,0.01413284839868895,-2.207335623741301,1.45,4.5634862922609365
23219229363,30,1500.0,1550.0,50.0,13.679999999999996,12.314048557927341,13.0926713377872,0.0130926713377872,-2.7319028841453097,1.5,4.5634862922609365
23219229363,31,1550.0,1600.0,50.0,12.314048557927341,11.002991822991827,11.599302504732089,0.011599302504732088,-2.622113469871028,1.55,4.5634862922609365
23219229363,32,1600.0,1650.0,50.0,11.002991822991827,10.119999999999994,10.54506653839987,0.01054506653839987,-1.7659836459836669,1.6,4.5634862922609365
23219229363,33,1650.0,1700.0,50.0,10.119999999999994,9.640000000000024,9.806666666666679,0.009806666666666679,-0.9599999999999405,1.65,4.5634862922609365
23219229363,34,1700.0,1750.0,50.0,9.640000000000024,9.458995433789944,9.569832572298333,0.009569832572298332,-0.36200913242015886,1.7,4.5634862922609365
23219229363,35,1750.0,1800.0,50.0,9.458995433789944,9.357116757065366,9.400889952556424,0.009400889952556423,-0.2037573534491557,1.75,4.5634862922609365
23219229363,36,1800.0,1850.0,50.0,9.357116757065366,9.297263157894724,9.359775630912837,0.009359775630912838,-0.11970719834128474,1.8,4.5634862922609365
23219229363,37,1850.0,1900.0,50.0,9.297263157894724,9.406230948075434,9.311198901412657,0.009311198901412658,0.21793558036142002,1.85,4.6724540824416465
23219229363,38,1900.0,1950.0,50.0,9.406230948075434,9.533905370814187,9.489501694996958,0.009489501694996958,0.25534884547750636,1.9,4.8001285051804
23219229363,39,1950.0,2000.0,50.0,9.533905370814187,9.562130177514808,9.542667945048267,0.009542667945048267,0.05644961340124155,1.95,4.8283533118810205
23219229363,40,2000.0,2050.0,50.0,9.562130177514808,9.697127071823216,9.58938104111501,0.00958938104111501,0.2699937886168158,2.0,4.963350206189428
23219229363,41,2050.0,2100.0,50.0,9.697127071823216,9.840000000000009,9.762854511970547,0.009762854511970547,0.28574585635358574,2.05,5.106223134366221
23219229363,42,2100.0,2150.0,50.0,9.840000000000009,9.875244755244761,9.903496503496507,0.009903496503496508,0.07048951048950514,2.1,5.141467889610974
23219229363,43,2150.0,2200.0,50.0,9.875244755244761,9.729065637065641,9.742077724077731,0.009742077724077732,-0.29235823635823976,2.15,5.141467889610974
23219229363,44,2200.0,2250.0,50.0,9.729065637065641,9.56261247153825,9.747391547334553,0.009747391547334554,-0.33290633105478307,2.2,5.141467889610974
23219229363,45,2250.0,2300.0,50.0,9.56261247153825,9.445434782608682,9.422435349809419,0.009422435349809419,-0.23435537785913496,2.25,5.141467889610974
23219229363,46,2300.0,2350.0,50.0,9.445434782608682,9.502623611111114,9.502091012479868,0.009502091012479869,0.11437765700486224,2.3,5.198656718113405
23219229363,47,2350.0,2400.0,50.0,9.502623611111114,9.821358776260167,9.614558461200817,0.009614558461200818,0.6374703302981075,2.35,5.517391883262459
23219229363,48,2400.0,2450.0,50.0,9.821358776260167,10.159999999999991,10.01762276876305,0.01001762276876305,0.6772824474796479,2.4,5.856033107002283
23219229363,49,2450.0,2500.0,50.0,10.159999999999991,10.030489510489508,10.146993006992998,0.010146993006992998,-0.259020979020967,2.45,5.856033107002283
23219229363,50,2500.0,2550.0,50.0,10.030489510489508,10.153388706528238,10.079345816723391,0.01007934581672339,0.2457983920774609,2.5,5.978932303041013
23219229363,51,2550.0,2600.0,50.0,10.153388706528238,10.06473988439306,10.05657600216455,0.01005657600216455,-0.17729764427035732,2.55,5.978932303041013
23219229363,52,2600.0,2650.0,50.0,10.06473988439306,10.013926701570679,10.108024392458304,0.010108024392458304,-0.10162636564476202,2.6,5.978932303041013
23219229363,53,2650.0,2700.0,50.0,10.013926701570679,9.633758972334878,9.866226422722645,0.009866226422722646,-0.7603354584716016,2.65,5.978932303041013
23219229363,54,2700.0,2750.0,50.0,9.633758972334878,9.397620095422758,9.449589467921852,0.009449589467921852,-0.4722777538242404,2.7,5.978932303041013
23219229363,55,2750.0,2800.0,50.0,9.397620095422758,9.594697788697799,9.433689646276262,0.009433689646276262,0.3941553865500822,2.75,6.176009996316054
23219229363,56,2800.0,2850.0,50.0,9.594697788697799,10.0,9.83484357084358,0.00983484357084358,0.8106044226044027,2.8,6.5813122076182555
23219229363,57,2850.0,2900.0,50.0,10.0,10.168569200311952,10.102850000999856,0.010102850000999856,0.3371384006239033,2.85,6.749881407930207
23219229363,58,2900.0,2950.0,50.0,10.168569200311952,10.237278133694058,10.194518300871598,0.010194518300871598,0.13741786676421341,2.9,6.818590341312314
23219229363,59,2950.0,3000.0,50.0,10.237278133694058,9.96093356848913,10.15025367450179,0.010150253674501791,-0.5526891304098562,2.95,6.818590341312314
23219229363,60,3000.0,3050.0,50.0,9.96093356848913,10.214164002007731,10.07669936028649,0.01007669936028649,0.5064608670372017,3.0,7.071820774830915
23219229363,61,3050.0,3100.0,50.0,10.214164002007731,9.93697916666667,10.071779817843137,0.010071779817843136,-0.5543696706821208,3.05,7.071820774830915
23219229363,62,3100.0,3150.0,50.0,9.93697916666667,9.840000000000009,9.85515625000001,0.009855156250000009,-0.1939583333333239,3.1,7.071820774830915
23219229363,63,3150.0,3200.0,50.0,9.840000000000009,9.760000000000014,9.806666666666677,0.009806666666666677,-0.15999999999998948,3.15,7.071820774830915
23219229363,64,3200.0,3250.0,50.0,9.760000000000014,10.036957494407156,9.937464578672634,0.009937464578672634,0.5539149888142845,3.2,7.348778269238057
23219229363,65,3250.0,3300.0,50.0,10.036957494407156,9.343644444444424,9.65676698980859,0.00965676698980859,-1.386626099925465,3.25,7.348778269238057
23219229363,66,3300.0,3350.0,50.0,9.343644444444424,9.561433615358895,9.394355210844914,0.009394355210844915,0.4355783418289434,3.3,7.566567440152529
23219229363,67,3350.0,3400.0,50.0,9.561433615358895,10.481137440758312,10.006971681677397,0.010006971681677397,1.839407650798833,3.35,8.486271265551945
23219229363,68,3400.0,3450.0,50.0,10.481137440758312,11.290407655290657,10.88090029829587,0.01088090029829587,1.618540429064691,3.4,9.29554148008429
23219229363,69,3450.0,3500.0,50.0,11.290407655290657,12.686378192161827,11.892826526442557,0.011892826526442557,2.79194107374234,3.45,10.69151201695546
23219229363,70,3500.0,3550.0,50.0,12.686378192161827,14.170780759004128,13.459238539355978,0.013459238539355978,2.968805133684601,3.5,12.175914583797761
23219229363,71,3550.0,3600.0,50.0,14.170780759004128,14.540284360189608,14.559119409818786,0.014559119409818785,0.73900720237096,3.55,12.545418184983241
23219229363,72,3600.0,3650.0,50.0,14.540284360189608,13.174035087719295,13.94607078517781,0.01394607078517781,-2.7324985449406256,3.6,12.545418184983241
23219229363,73,3650.0,3700.0,50.0,13.174035087719295,11.767658371040735,12.328699855785773,0.012328699855785772,-2.81275343335712,3.65,12.545418184983241
23219229363,74,3700.0,3750.0,50.0,11.767658371040735,10.913880343836789,11.392323844079153,0.011392323844079153,-1.7075560544078916,3.7,12.545418184983241
23219229363,75,3750.0,3800.0,50.0,10.913880343836789,10.101990521327007,10.4361886382492,0.0104361886382492,-1.623779645019564,3.75,12.545418184983241
23219229363,76,3800.0,3850.0,50.0,10.101990521327007,10.093212279615742,10.096188190025908,0.010096188190025907,-0.017556483422531244,3.8,12.545418184983241
23219229363,77,3850.0,3900.0,50.0,10.093212279615742,9.753107212383929,9.927810991188805,0.009927810991188805,-0.6802101344636249,3.85,12.545418184983241
23219229363,78,3900.0,3950.0,50.0,9.753107212383929,9.784455958549236,9.742952877147953,0.009742952877147952,0.06269749233061361,3.9,12.576766931148548
23219229363,79,3950.0,4000.0,50.0,9.784455958549236,9.920000000000005,9.868151986183081,0.009868151986183082,0.27108808290153874,3.95,12.712310972599317
23219229363,80,4000.0,4050.0,50.0,9.920000000000005,9.866131820156323,9.896911979841597,0.009896911979841598,-0.10773635968736528,4.0,12.712310972599317
23219229363,81,4050.0,4100.0,50.0,9.866131820156323,10.166604042586098,10.02811749165866,0.01002811749165866,0.6009444448595502,4.05,13.012783195029092
23219229363,82,4100.0,4150.0,50.0,10.166604042586098,10.263058772599937,10.229741294900597,0.010229741294900598,0.1929094600276784,4.1,13.109237925042931
23219229363,83,4150.0,4200.0,50.0,10.263058772599937,10.384104803493448,10.294444538519382,0.010294444538519382,0.24209206178702303,4.15,13.230283955936443
23219229363,84,4200.0,4250.0,50.0,10.384104803493448,10.391596421492265,10.433852229794718,0.010433852229794718,0.01498323599763296,4.2,13.23777557393526
23219229363,85,4250.0,4300.0,50.0,10.391596421492265,10.0,10.228428325613123,0.010228428325613123,-0.7831928429845298,4.25,13.23777557393526
23219229363,86,4300.0,4350.0,50.0,10.0,9.645885261431106,9.776558150997738,0.009776558150997738,-0.7082294771377882,4.3,13.23777557393526
23219229363,87,4350.0,4400.0,50.0,9.645885261431106,9.445607476635516,9.511196269311872,0.009511196269311873,-0.4005555695911802,4.35,13.23777557393526
23219229363,88,4400.0,4450.0,50.0,9.445607476635516,9.399999999999988,9.423738317757007,0.009423738317757007,-0.09121495327105578,4.4,13.23777557393526
23219229363,89,4450.0,4500.0,50.0,9.399999999999988,9.386915887850472,9.346791277258557,0.009346791277258557,-0.026168224299031095,4.45,13.23777557393526
23219229363,90,4500.0,4550.0,50.0,9.386915887850472,9.570000000000006,9.523457943925244,0.009523457943925244,0.3661682242990665,4.5,13.420859686084793
23219229363,91,4550.0,4600.0,50.0,9.570000000000006,10.215067264573982,9.86251121076233,0.00986251121076233,1.290134529147952,4.55,14.065926950658769
23219229363,92,4600.0,4650.0,50.0,10.215067264573982,10.2809009009009,10.312856354111956,0.010312856354111955,0.1316672726538357,4.6,14.131760586985687
23219229363,93,4650.0,4700.0,50.0,10.2809009009009,9.864303797468358,10.063469798912832,0.010063469798912832,-0.8331942068650839,4.65,14.131760586985687
23219229363,94,4700.0,4750.0,50.0,9.864303797468358,9.456631578947361,9.640311792138572,0.009640311792138572,-0.8153444370419933,4.7,14.131760586985687
23219229363,95,4750.0,4800.0,50.0,9.456631578947361,9.399999999999975,9.431087719298231,0.009431087719298232,-0.11326315789477093,4.75,14.131760586985687
23219229363,96,4800.0,4850.0,50.0,9.399999999999975,9.0,9.193333333333323,0.009193333333333322,-0.799999999999951,4.8,14.131760586985687
23219229363,97,4850.0,4900.0,50.0,9.0,9.142285452462769,9.030461244749906,0.009030461244749906,0.2845709049255376,4.85,14.274046039448455
23219229363,98,4900.0,4950.0,50.0,9.142285452462769,9.134089824043292,9.167698946238753,0.009167698946238752,-0.01639125683895415,4.9,14.274046039448455
23219229363,99,4950.0,5000.0,50.0,9.134089824043292,9.337886977886956,9.261196248498551,0.009261196248498551,0.4075943076873294,4.95,14.47784319329212
23219229363,100,5000.0,5050.0,50.0,9.337886977886956,9.395897435897439,9.326187866187855,0.009326187866187855,0.11602091602096465,5.0,14.535853651302602
23219229363,101,5050.0,5100.0,50.0,9.395897435897439,9.499578754578753,9.483920431420435,0.009483920431420436,0.20736263736262828,5.05,14.639534969983917
23219229363,102,5100.0,5150.0,50.0,9.499578754578753,9.175820646174946,9.354110085693568,0.009354110085693567,-0.6475162168076132,5.1,14.639534969983917
23219229363,103,5150.0,5200.0,50.0,9.175820646174946,9.35999999999999,9.268650934921745,0.009268650934921744,0.3683587076500885,5.15,14.82371432380896
23219229363,104,5200.0,5250.0,50.0,9.35999999999999,8.863404761904775,9.112297619047622,0.009112297619047622,-0.9931904761904313,5.2,14.82371432380896
23219229363,105,5250.0,5300.0,50.0,8.863404761904775,8.840000000000009,8.844440476190487,0.008844440476190487,-0.046809523809532294,5.25,14.82371432380896
23219229363,106,5300.0,5350.0,50.0,8.840000000000009,8.657010174022815,8.741134902756807,0.008741134902756806,-0.36597965195438675,5.3,14.82371432380896
23219229363,107,5350.0,5400.0,50.0,8.657010174022815,8.949253454668028,8.762163890522283,0.008762163890522283,0.5844865612904258,5.35,15.115957604454174
23219229363,108,5400.0,5450.0,50.0,8.949253454668028,8.995748792270529,9.028214432835265,0.009028214432835264,0.0929906752050016,5.4,15.162452942056674
23219229363,109,5450.0,5500.0,50.0,8.995748792270529,9.036053811659187,8.98721070456301,0.00898721070456301,0.08061003877731565,5.45,15.202757961445332
23219229363,110,5500.0,5550.0,50.0,9.036053811659187,9.103647798742132,9.087224901523905,0.009087224901523906,0.13518797416589123,5.5,15.270351948528278
23219229363,111,5550.0,5600.0,50.0,9.103647798742132,9.425299576581473,9.21233573969845,0.00921233573969845,0.6433035556786812,5.55,15.592003726367619
23219229363,112,5600.0,5650.0,50.0,9.425299576581473,9.494157036014055,9.568856594563202,0.009568856594563203,0.1377149188651643,5.6,15.6608611858002
23219229363,113,5650.0,5700.0,50.0,9.494157036014055,9.75062421326563,9.52500583329886,0.00952500583329886,0.5129343545031482,5.65,15.917328363051775
23219229363,114,5700.0,5750.0,50.0,9.75062421326563,9.378058252427175,9.61233394160446,0.00961233394160446,-0.7451319216769079,5.7,15.917328363051775
23219229363,115,5750.0,5800.0,50.0,9.378058252427175,9.206468085106373,9.281939544171307,0.009281939544171306,-0.34318033464160536,5.75,15.917328363051775
23219229363,116,5800.0,5850.0,50.0,9.206468085106373,9.2272436796644,9.183360306432357,0.009183360306432357,0.041551189116056264,5.8,15.938103957609803
23219229363,117,5850.0,5900.0,50.0,9.2272436796644,9.1438766395562,9.26041345264292,0.00926041345264292,-0.16673408021640057,5.85,15.938103957609803
23219229363,118,5900.0,5950.0,50.0,9.1438766395562,8.96229944600331,9.016774813313182,0.009016774813313182,-0.3631543871057801,5.9,15.938103957609803
23219229363,119,5950.0,6000.0,50.0,8.96229944600331,9.2336032388664,9.117697678033716,0.009117697678033715,0.5426075857261807,5.95,16.20940775047289
23219229363,120,6000.0,6050.0,50.0,9.2336032388664,9.166630620711341,9.159193247739509,0.009159193247739509,-0.1339452363101188,6.0,16.20940775047289
23219229363,121,6050.0,6100.0,50.0,9.166630620711341,9.540580808080808,9.276363152358138,0.00927636315235814,0.7479003747389328,6.05,16.583357937842358
23219229363,122,6100.0,6150.0,50.0,9.540580808080808,11.063138996308036,10.32626667108136,0.01032626667108136,3.0451163764544553,6.1,18.105916126069587
23219229363,123,6150.0,6200.0,50.0,11.063138996308036,11.951569687631316,11.497810597263944,0.011497810597263944,1.7768613826465616,6.15,18.994346817392866
23219229363,124,6200.0,6250.0,50.0,11.951569687631316,13.120000000000028,12.540963907176552,0.012540963907176551,2.3368606247374224,6.2,20.16277712976158
23219229363,125,6250.0,6300.0,50.0,13.120000000000028,14.119531199182978,13.564046678522551,0.013564046678522552,1.9990623983659006,6.25,21.16230832894453
23219229363,126,6300.0,6350.0,50.0,14.119531199182978,14.974953271028056,14.63212003467914,0.01463212003467914,1.7108441436901562,6.3,22.01773040078961
23219229363,127,6350.0,6400.0,50.0,14.974953271028056,15.440000000000008,15.224984423676021,0.015224984423676022,0.9300934579439044,6.35,22.482777129761562
23219229363,128,6400.0,6450.0,50.0,15.440000000000008,15.32543459915612,15.393811533052054,0.015393811533052054,-0.2291308016877771,6.4,22.482777129761562
23219229363,129,6450.0,6500.0,50.0,15.32543459915612,14.440860465054655,14.914531407808534,0.014914531407808533,-1.7691482682029294,6.45,22.482777129761562
23219229363,130,6500.0,6550.0,50.0,14.440860465054655,13.321311475409846,13.93215977362342,0.01393215977362342,-2.2390979792896175,6.5,22.482777129761562
23219229363,131,6550.0,6600.0,50.0,13.321311475409846,12.360000000000014,12.760437158469962,0.012760437158469962,-1.9226229508196653,6.55,22.482777129761562
23219229363,132,6600.0,6650.0,50.0,12.360000000000014,13.695442392237137,12.860822054381375,0.012860822054381375,2.670884784474247,6.6,23.818219521998685
23219229363,133,6650.0,6700.0,50.0,13.695442392237137,14.679999999999973,14.327953671189093,0.014327953671189093,1.9691152155256726,6.65,24.802777129761523
23219229363,134,6700.0,6750.0,50.0,14.679999999999973,15.389995517964286,15.034728065736504,0.015034728065736504,1.419991035928625,6.7,25.512772647725836
23219229363,135,6750.0,6800.0,50.0,15.389995517964286,15.96741139157252,15.687934011711725,0.015687934011711726,1.1548317472164698,6.75,26.09018852133407
23219229363,136,6800.0,6850.0,50.0,15.96741139157252,18.264992115674723,16.91080760308259,0.016910807603082587,4.595161448204404,6.8,28.387769245436274
23219229363,137,6850.0,6900.0,50.0,18.264992115674723,19.56033935413246,19.149053409632348,0.019149053409632348,2.5906944769154734,6.85,29.68311648389401
23219229363,138,6900.0,6950.0,50.0,19.56033935413246,19.55999999999999,19.526881955847465,0.019526881955847463,-0.0006787082649353238,6.9,29.68311648389401
23219229363,139,6950.0,7000.0,50.0,19.55999999999999,19.4,19.553333333333338,0.01955333333333334,-0.3199999999999861,6.95,29.68311648389401
23219229363,140,7000.0,7050.0,50.0,19.4,19.167625418060208,19.211750278706795,0.019211750278706793,-0.4647491638795813,7.0,29.68311648389401
23219229363,141,7050.0,7100.0,50.0,19.167625418060208,18.833659896543104,19.056876844704163,0.019056876844704165,-0.6679310430342085,7.05,29.68311648389401
23219229363,142,7100.0,7150.0,50.0,18.833659896543104,18.744504504504494,18.77974527827943,0.01877974527827943,-0.1783107840772189,7.1,29.68311648389401
23219229363,143,7150.0,7200.0,50.0,18.744504504504494,19.2116176470588,18.885162515456617,0.01888516251545662,0.9342262851086147,7.15,30.15022962644832
23219229363,144,7200.0,7250.0,50.0,19.2116176470588,19.715316133195856,19.468499093723363,0.019468499093723363,1.0073969722741083,7.2,30.653928112585373
23219229363,145,7250.0,7267.45,17.449999999999818,19.715316133195856,19.915287571901064,19.73745422708111,0.01973745422708111,1.1459681301158213,7.25,30.85389955129058
23299035298,0,0.0,50.0,50.0,281.5043912175649,283.36479821265357,282.3832194261151,0.2823832194261151,3.720813990177362,0.0,1.860406995088681
23299035298,1,50.0,100.0,50.0,283.36479821265357,282.9190189376168,283.2734442080233,0.2832734442080233,-0.8915585500735688,0.05,1.860406995088681
23299035298,2,100.0,150.0,50.0,282.9190189376168,282.32000000000005,282.5912361493152,0.2825912361493152,-1.1980378752334673,0.1,1.860406995088681
23299035298,3,150.0,200.0,50.0,282.32000000000005,282.2,282.24000000000007,0.28224000000000005,-0.24000000000012278,0.15,1.860406995088681
23299035298,4,200.0,250.0,50.0,282.2,281.2904347826087,281.78028985507245,0.2817802898550725,-1.8191304347825508,0.2,1.860406995088681
23299035298,5,250.0,300.0,50.0,281.2904347826087,280.84,281.0501449275362,0.2810501449275362,-0.9008695652174765,0.25,1.860406995088681
23299035298,6,300.0,350.0,50.0,280.84,280.4727848101266,280.65759493670885,0.28065759493670883,-0.7344303797467546,0.3,1.860406995088681
23299035298,7,350.0,400.0,50.0,280.4727848101266,279.5067353067353,280.0433837816117,0.2800433837816117,-1.9320990067825505,0.35,1.860406995088681
23299035298,8,400.0,450.0,50.0,279.5067353067353,278.19662985302864,278.8336548128647,0.2788336548128647,-2.620210907413366,0.4,1.860406995088681
23299035298,9,450.0,500.0,50.0,278.19662985302864,276.4696905783758,277.3902646358435,0.2773902646358435,-3.4538785493057276,0.45,1.860406995088681
23299035298,10,500.0,550.0,50.0,276.4696905783758,277.15103127311284,276.5700873538592,0.2765700873538592,1.362681389474119,0.5,2.5417476898257405
23299035298,11,550.0,600.0,50.0,277.15103127311284,276.6309737364685,277.20827112848036,0.27720827112848034,-1.040115073288689,0.55,2.5417476898257405
23299035298,12,600.0,650.0,50.0,276.6309737364685,274.6389805447471,275.55807269576854,0.27555807269576854,-3.9839863834428115,0.6,2.5417476898257405
23299035298,13,650.0,700.0,50.0,274.6389805447471,272.41779810157277,273.5556226264155,0.27355562262641553,-4.442364886348628,0.65,2.5417476898257405
23299035298,14,700.0,750.0,50.0,272.41779810157277,271.834427244582,271.9563616031001,0.2719563616031001,-1.166741713981537,0.7,2.5417476898257405
23299035298,15,750.0,800.0,50.0,271.834427244582,272.1203246753247,271.97942835028744,0.27197942835028743,0.5717948614853867,0.75,2.827645120568434
23299035298,16,800.0,850.0,50.0,272.1203246753247,272.43999999999994,272.29330086580086,0.27229330086580084,0.6393506493504901,0.8,3.147320445243679
23299035298,17,850.0,900.0,50.0,272.43999999999994,271.40556956276833,272.063827971457,0.272063827971457,-2.068860874463212,0.85,3.147320445243679
23299035298,18,900.0,950.0,50.0,271.40556956276833,268.81913789290434,270.16609579866434,0.27016609579866435,-5.172863339727996,0.9,3.147320445243679
23299035298,19,950.0,1000.0,50.0,268.81913789290434,265.6846827573334,267.2518225146944,0.2672518225146944,-6.268910271141863,0.95,3.147320445243679
23299035298,20,1000.0,1050.0,50.0,265.6846827573334,262.8200214623165,264.2432141587164,0.2642432141587164,-5.729322590033803,1.0,3.147320445243679
23299035298,21,1050.0,1100.0,50.0,262.8200214623165,259.9920244136838,261.4241700023389,0.26142417000233886,-5.65599409726542,1.05,3.147320445243679
23299035298,22,1100.0,1150.0,50.0,259.9920244136838,257.30236958443857,258.5712151627345,0.2585712151627345,-5.379309658490456,1.1,3.147320445243679
23299035298,23,1150.0,1200.0,50.0,257.30236958443857,255.66810810810813,256.41084745222673,0.25641084745222675,-3.2685229526608737,1.15,3.147320445243679
23299035298,24,1200.0,1250.0,50.0,255.66810810810813,255.64780141843966,255.60202095712734,0.25560202095712736,-0.04061337933694631,1.2,3.147320445243679
23299035298,25,1250.0,1300.0,50.0,255.64780141843966,252.9889531280778,254.62196164669015,0.25462196164669015,-5.317696580723691,1.25,3.147320445243679
23299035298,26,1300.0,1350.0,50.0,252.9889531280778,250.30664351208665,251.45118739343832,0.2514511873934383,-5.364619231982317,1.3,3.147320445243679
23299035298,27,1350.0,1400.0,50.0,250.30664351208665,248.31337171052633,249.34740547066562,0.2493474054706656,-3.9865436031206514,1.35,3.147320445243679
23299035298,28,1400.0,1450.0,50.0,248.31337171052633,246.88618588020282,247.43322673184738,0.2474332267318474,-2.8543716606470184,1.4,3.147320445243679
23299035298,29,1450.0,1500.0,50.0,246.88618588020282,247.8781043600893,247.37681940474295,0.24737681940474296,1.9838369597729866,1.45,4.139238925130172
23299035298,30,1500.0,1550.0,50.0,247.8781043600893,245.51029802420535,247.06109426925877,0.24706109426925876,-4.73561267176791,1.5,4.139238925130172
23299035298,31,1550.0,1600.0,50.0,245.51029802420535,239.65629477118378,242.5716357507572,0.2425716357507572,-11.708006506043148,1.55,4.139238925130172
23299035298,32,1600.0,1650.0,50.0,239.65629477118378,235.55977558476962,237.48039651329452,0.23748039651329453,-8.193038372828312,1.6,4.139238925130172
23299035298,33,1650.0,1700.0,50.0,235.55977558476962,234.32286589813052,234.79782748772163,0.23479782748772163,-2.473819373278218,1.65,4.139238925130172
23299035298,34,1700.0,1750.0,50.0,234.32286589813052,232.68774774774775,233.6498880815875,0.23364988808158751,-3.270236300765532,1.7,4.139238925130172
23299035298,35,1750.0,1800.0,50.0,232.68774774774775,229.1370020529324,231.03382055019128,0.23103382055019128,-7.1014913896307235,1.75,4.139238925130172
23299035298,36,1800.0,1850.0,50.0,229.1370020529324,225.29401562852837,227.2207208767261,0.2272207208767261,-7.685972848808035,1.8,4.139238925130172
23299035298,37,1850.0,1900.0,50.0,225.29401562852837,222.11423630632936,223.37391574712822,0.22337391574712823,-6.359558644398021,1.85,4.139238925130172
23299035298,38,1900.0,1950.0,50.0,222.11423630632936,221.74010025062657,222.03990705744684,0.22203990705744683,-0.7482721114055835,1.9,4.139238925130172
23299035298,39,1950.0,2000.0,50.0,221.74010025062657,220.80654275092934,221.14665088992615,0.22114665088992616,-1.8671149993944596,1.95,4.139238925130172
23299035298,40,2000.0,2050.0,50.0,220.80654275092934,220.71999999999997,220.7955142503098,0.2207955142503098,-0.17308550185873628,2.0,4.139238925130172
23299035298,41,2050.0,2100.0,50.0,220.71999999999997,217.66211021825697,219.5627279117169,0.2195627279117169,-6.115779563486001,2.05,4.139238925130172
23299035298,42,2100.0,2150.0,50.0,217.66211021825697,214.19410301237684,215.6676990607632,0.2156676990607632,-6.9360144117602545,2.1,4.139238925130172
23299035298,43,2150.0,2200.0,50.0,214.19410301237684,212.70257217847765,213.37108809542406,0.21337108809542404,-2.9830616677983812,2.15,4.139238925130172
23299035298,44,2200.0,2250.0,50.0,212.70257217847765,212.44,212.51060367454068,0.21251060367454067,-0.5251443569553089,2.2,4.139238925130172
23299035298,45,2250.0,2300.0,50.0,212.44,212.49597564990148,212.63546695444415,0.21263546695444416,0.1119512998029677,2.25,4.195214575031656
23299035298,46,2300.0,2350.0,50.0,212.49597564990148,208.2485205477692,210.3737148604304,0.21037371486043038,-8.494910204264556,2.3,4.195214575031656
23299035298,47,2350.0,2400.0,50.0,208.2485205477692,207.1124363636364,207.55693862522037,0.20755693862522037,-2.272168368265625,2.35,4.195214575031656
23299035298,48,2400.0,2450.0,50.0,207.1124363636364,206.69630662020904,206.94958099461516,0.20694958099461516,-0.8322594868546958,2.4,4.195214575031656
23299035298,49,2450.0,2500.0,50.0,206.69630662020904,205.4170247933884,206.06605014350023,0.20606605014350024,-2.558563653641272,2.45,4.195214575031656
23299035298,50,2500.0,2550.0,50.0,205.4170247933884,205.0583408214699,205.0861558579314,0.2050861558579314,-0.7173679438370186,2.5,4.195214575031656
23299035298,51,2550.0,2600.0,50.0,205.0583408214699,205.35424392051019,205.4851403228429,0.2054851403228429,0.591806198080576,2.55,4.491117674071944
23299035298,52,2600.0,2650.0,50.0,205.35424392051019,203.0,204.01646762456667,0.20401646762456668,-4.708487841020371,2.6,4.491117674071944
23299035298,53,2650.0,2700.0,50.0,203.0,202.34701897601147,202.67359112065878,0.20267359112065877,-1.3059620479770615,2.65,4.491117674071944
23299035298,54,2700.0,2750.0,50.0,202.34701897601147,201.5401587301587,201.96014743207226,0.20196014743207227,-1.6137204917055215,2.7,4.491117674071944
23299035298,55,2750.0,2800.0,50.0,201.5401587301587,200.50006692406694,200.991705991706,0.200991705991706,-2.080183612183532,2.75,4.491117674071944
23299035298,56,2800.0,2850.0,50.0,200.50006692406694,201.83310179436148,200.93096841915784,0.20093096841915783,2.66606974058908,2.8,5.824152544366484
23299035298,57,2850.0,2900.0,50.0,201.83310179436148,204.7551737519023,203.28942874755185,0.20328942874755185,5.844143915081645,2.85,8.746224501907307
23299035298,58,2900.0,2950.0,50.0,204.7551737519023,207.4976607066447,206.1661040567717,0.2061661040567717,5.484973909484779,2.9,11.488711456649696
23299035298,59,2950.0,3000.0,50.0,207.4976607066447,210.00860500456116,208.74947502187067,0.20874947502187066,5.021888595832934,2.95,13.999655754566163
23299035298,60,3000.0,3050.0,50.0,210.00860500456116,211.6625513173958,210.89712916177618,0.21089712916177616,3.3078926256692966,3.0,15.653602067400811
23299035298,61,3050.0,3100.0,50.0,211.6625513173958,213.01747294236094,212.3575894181483,0.2123575894181483,2.709843249930259,3.05,17.00852369236594
23299035298,62,3100.0,3150.0,50.0,213.01747294236094,214.48305581023442,213.72265163496897,0.21372265163496898,2.9311657357469585,3.1,18.47410656023942
23299035298,63,3150.0,3200.0,50.0,214.48305581023442,216.36232035219047,215.39245099011487,0.21539245099011486,3.7585290839120944,3.15,20.353371102195467
23299035298,64,3200.0,3250.0,50.0,216.36232035219047,219.12272314498796,217.67474246113224,0.21767474246113225,5.520805585594985,3.2,23.11377389499296
23299035298,65,3250.0,3300.0,50.0,219.12272314498796,222.36718081173368,220.71283809592566,0.22071283809592565,6.488915333491434,3.25,26.358231561738677
23299035298,66,3300.0,3350.0,50.0,222.36718081173368,225.88111771975272,224.14283683070167,0.22414283683070166,7.027873816038095,3.3,29.872168469757725
23299035298,67,3350.0,3400.0,50.0,225.88111771975272,229.33915315204626,227.63338540117095,0.22763338540117095,6.916070864587084,3.35,33.33020390205127
23299035298,68,3400.0,3450.0,50.0,229.33915315204626,232.7490712235614,230.99424210764786,0.23099424210764785,6.8198361430302725,3.4,36.7401219735664
23299035298,69,3450.0,3500.0,50.0,232.7490712235614,236.45314404893492,234.6110454258425,0.2346110454258425,7.408145650747031,3.45,40.44419479893992
23299035298,70,3500.0,3550.0,50.0,236.45314404893492,239.74697916666665,238.14384478813147,0.23814384478813147,6.587670235463463,3.5,43.73802991667165
23299035298,71,3550.0,3600.0,50.0,239.74697916666665,242.9717100481051,241.34045429491525,0.24134045429491524,6.449461762876922,3.55,46.96276079811011
23299035298,72,3600.0,3650.0,50.0,242.9717100481051,246.22397185917458,244.57755763832964,0.24457755763832964,6.504523622138947,3.6,50.215022609179584
23299035298,73,3650.0,3700.0,50.0,246.22397185917458,249.07246376811594,247.73879240760962,0.24773879240760963,5.69698381788271,3.65,53.06351451812094
23299035298,74,3700.0,3750.0,50.0,249.07246376811594,250.6692365165227,249.93991616508367,0.24993991616508368,3.193545496813499,3.7,54.66028726652769
23299035298,75,3750.0,3800.0,50.0,250.6692365165227,251.9297049180328,251.30951010355747,0.25130951010355745,2.52093680302022,3.75,55.9207556680378
23299035298,76,3800.0,3850.0,50.0,251.9297049180328,252.4,252.2032349726776,0.2522032349726776,0.9405901639344165,3.8,56.39105075000501
23299035298,77,3850.0,3900.0,50.0,252.4,252.8472586872587,252.60787644787646,0.25260787644787647,0.8945173745173634,3.85,56.83830943726369
23299035298,78,3900.0,3950.0,50.0,252.8472586872587,253.5997037037037,253.22580199246863,0.25322580199246864,1.5048900328900459,3.9,57.59075445370871
23299035298,79,3950.0,4000.0,50.0,253.5997037037037,254.22996610169494,253.8982557020297,0.2538982557020297,1.2605247959824624,3.95,58.22101685169994
23299035298,80,4000.0,4050.0,50.0,254.22996610169494,254.8124822695035,254.55539624153542,0.2545553962415354,1.165032335617127,4.0,58.80353301950851
23299035298,81,4050.0,4100.0,50.0,254.8124822695035,255.5380357142857,255.15475894967918,0.25515475894967915,1.4511068895644144,4.05,59.529086464290714
23299035298,82,4100.0,4150.0,50.0,255.5380357142857,256.5154948805461,255.97052210303914,0.25597052210303917,1.9549183325207764,4.1,60.5065456305511
23299035298,83,4150.0,4200.0,50.0,256.5154948805461,257.7714101486748,257.18656767444,0.25718656767444004,2.5118305362574347,4.15,61.76246089867982
23299035298,84,4200.0,4250.0,50.0,257.7714101486748,258.12,257.96850572793215,0.2579685057279322,0.6971797026503737,4.2,62.111050750005006
23299035298,85,4250.0,4300.0,50.0,258.12,258.3246253848785,258.2544645911734,0.2582544645911734,0.4092507697570227,4.25,62.31567613488352
23299035298,86,4300.0,4350.0,50.0,258.3246253848785,258.16,258.25682746037177,0.25825682746037176,-0.32925076975698175,4.3,62.31567613488352
23299035298,87,4350.0,4400.0,50.0,258.16,257.69171908569797,257.92487433101843,0.2579248743310184,-0.9365618286041126,4.35,62.31567613488352
23299035298,88,4400.0,4450.0,50.0,257.69171908569797,257.71999999999997,257.6735114213462,0.2576735114213462,0.056561828604003495,4.4,62.34395704918552
23299035298,89,4450.0,4500.0,50.0,257.71999999999997,257.9625447006996,257.85676254642823,0.25785676254642825,0.48508940139925016,4.45,62.586501749885144
23299035298,90,4500.0,4550.0,50.0,257.9625447006996,257.43755353230944,257.8501283457135,0.25785012834571347,-1.0499823367803174,4.5,62.586501749885144
23299035298,91,4550.0,4600.0,50.0,257.43755353230944,253.6065038572806,255.54776383395642,0.25554776383395644,-7.6620993500577015,4.55,62.586501749885144
23299035298,92,4600.0,4650.0,50.0,253.6065038572806,251.7761379310345,252.65334966304218,0.2526533496630422,-3.6607318524921766,4.6,62.586501749885144
23299035298,93,4650.0,4700.0,50.0,251.7761379310345,249.63056432902926,250.70932167889404,0.25070932167889404,-4.291147204010485,4.65,62.586501749885144
23299035298,94,4700.0,4750.0,50.0,249.63056432902926,248.98059701492534,249.10970962560273,0.24910970962560272,-1.2999346282078363,4.7,62.586501749885144
23299035298,95,4750.0,4800.0,50.0,248.98059701492534,249.2991013584117,249.32577794710576,0.24932577794710575,0.6370086869727061,4.75,62.9050060933715
23299035298,96,4800.0,4850.0,50.0,249.2991013584117,244.86699368073286,247.42311296688823,0.24742311296688824,-8.864215355357658,4.8,62.9050060933715
23299035298,97,4850.0,4900.0,50.0,244.86699368073286,239.1280623919099,241.86582622422034,0.24186582622422034,-11.477862577645908,4.85,62.9050060933715
23299035298,98,4900.0,4950.0,50.0,239.1280623919099,236.11905084745763,237.36567319612027,0.23736567319612026,-6.018023088904556,4.9,62.9050060933715
23299035298,99,4950.0,5000.0,50.0,236.11905084745763,235.2,235.66635028248587,0.23566635028248586,-1.8381016949152809,4.95,62.9050060933715
23299035298,100,5000.0,5050.0,50.0,235.2,232.76716388481128,234.1333904368481,0.23413339043684808,-4.865672230377413,5.0,62.9050060933715
23299035298,101,5050.0,5100.0,50.0,232.76716388481128,228.57737575646428,230.6403823482627,0.2306403823482627,-8.379576256694008,5.05,62.9050060933715
23299035298,102,5100.0,5150.0,50.0,228.57737575646428,224.71794651210274,226.7462345086076,0.22674623450860762,-7.718858488723072,5.1,62.9050060933715
23299035298,103,5150.0,5200.0,50.0,224.71794651210274,223.16789473684213,223.67844377194058,0.22367844377194057,-3.1001035505212258,5.15,62.9050060933715
23299035298,104,5200.0,5250.0,50.0,223.16789473684213,222.0995890410959,222.70172434510934,0.22270172434510935,-2.1366113914924654,5.2,62.9050060933715
23299035298,105,5250.0,5300.0,50.0,222.0995890410959,221.58477541371158,221.74434928808145,0.22174434928808145,-1.0296272547686272,5.25,62.9050060933715
23299035298,106,5300.0,5350.0,50.0,221.58477541371158,221.05287211979672,221.44954491599538,0.2214495449159954,-1.0638065878297311,5.3,62.9050060933715
23299035298,107,5350.0,5400.0,50.0,221.05287211979672,216.2043957909935,218.7101281905934,0.2187101281905934,-9.69695265760646,5.35,62.9050060933715
23299035298,108,5400.0,5450.0,50.0,216.2043957909935,213.71604824766595,214.88169079023535,0.21488169079023536,-4.97669508665507,5.4,62.9050060933715
23299035298,109,5450.0,5500.0,50.0,213.71604824766595,212.43535673187571,212.9830998992434,0.2129830998992434,-2.561383031580476,5.45,62.9050060933715
23299035298,110,5500.0,5550.0,50.0,212.43535673187571,212.54433390802797,212.36820869547344,0.21236820869547343,0.21795435230450266,5.5,63.01398326952375
23299035298,111,5550.0,5600.0,50.0,212.54433390802797,211.13261700994818,212.32550035023314,0.21232550035023315,-2.823433796159577,5.55,63.01398326952375
23299035298,112,5600.0,5650.0,50.0,211.13261700994818,208.4168923418424,209.40336282001252,0.2094033628200125,-5.431449336211529,5.6,63.01398326952375
23299035298,113,5650.0,5700.0,50.0,208.4168923418424,207.74836653386456,208.09205106814082,0.20809205106814083,-1.3370516159557155,5.65,63.01398326952375
23299035298,114,5700.0,5750.0,50.0,207.74836653386456,207.85969230769234,207.6807473694964,0.2076807473694964,0.22265154765557327,5.7,63.125309043351535
23299035298,115,5750.0,5800.0,50.0,207.85969230769234,206.9395520744296,207.5649502348475,0.2075649502348475,-1.8402804665254848,5.75,63.125309043351535
23299035298,116,5800.0,5850.0,50.0,206.9395520744296,205.54185509096715,206.28973153423053,0.20628973153423052,-2.7953939669249053,5.8,63.125309043351535
23299035298,117,5850.0,5900.0,50.0,205.54185509096715,202.24511155756704,203.93150912052917,0.20393150912052918,-6.593487066800208,5.85,63.125309043351535
23299035298,118,5900.0,5950.0,50.0,202.24511155756704,201.6519613319012,201.70604178857434,0.20170604178857435,-1.1863004513317037,5.9,63.125309043351535
23299035298,119,5950.0,6000.0,50.0,201.6519613319012,201.31370786516854,201.60499355933976,0.20160499355933975,-0.6765069334653049,5.95,63.125309043351535
23299035298,120,6000.0,6050.0,50.0,201.31370786516854,200.32537815126048,200.83167532181412,0.20083167532181412,-1.9766594278161165,6.0,63.125309043351535
23299035298,121,6050.0,6100.0,50.0,200.32537815126048,199.40382888843652,199.80351172156566,0.19980351172156566,-1.8430985256479175,6.05,63.125309043351535
23299035298,122,6100.0,6150.0,50.0,199.40382888843652,197.51591765154404,198.61895857290583,0.19861895857290582,-3.775822473784956,6.1,63.125309043351535
23299035298,123,6150.0,6200.0,50.0,197.51591765154404,195.69301548668878,196.52550380125535,0.19652550380125536,-3.645804329710529,6.15,63.125309043351535
23299035298,124,6200.0,6250.0,50.0,195.69301548668878,195.10439461883408,195.31731308450165,0.19531731308450165,-1.1772417357094014,6.2,63.125309043351535
23299035298,125,6250.0,6300.0,50.0,195.10439461883408,195.15326860841427,195.09029648656886,0.19509029648656886,0.09774797916037414,6.25,63.17418303293172
23299035298,126,6300.0,6350.0,50.0,195.15326860841427,195.20075297585674,195.22820129502725,0.19522820129502724,0.09496873488495794,6.3,63.2216674003742
23299035298,127,6350.0,6400.0,50.0,195.20075297585674,194.87999999999997,195.03585265170327,0.19503585265170326,-0.6415059517135546,6.35,63.2216674003742
23299035298,128,6400.0,6450.0,50.0,194.87999999999997,195.04,194.88666666666666,0.19488666666666665,0.32000000000005,6.4,63.381667400374226
23299035298,129,6450.0,6500.0,50.0,195.04,196.49017690218037,195.70392417333866,0.19570392417333865,2.9003538043607477,6.45,64.8318443025546
23299035298,130,6500.0,6550.0,50.0,196.49017690218037,198.13373528567325,197.33876875908382,0.19733876875908382,3.2871167669857755,6.5,66.47540268604749
23299035298,131,6550.0,6600.0,50.0,198.13373528567325,199.44998987021214,198.8045697883002,0.1988045697883002,2.632509169077764,6.55,67.79165727058637
23299035298,132,6600.0,6650.0,50.0,199.44998987021214,200.963346790805,200.16170895916062,0.20016170895916063,3.0267138411857104,6.6,69.30501419117923
23299035298,133,6650.0,6700.0,50.0,200.963346790805,202.75755594961475,201.86573151247114,0.20186573151247114,3.588418317619528,6.65,71.09922334998899
23299035298,134,6700.0,6750.0,50.0,202.75755594961475,204.36788583574562,203.5745059697015,0.2035745059697015,3.2206597722617403,6.7,72.70955323611986
23299035298,135,6750.0,6800.0,50.0,204.36788583574562,206.13597193635286,205.2258135069834,0.2052258135069834,3.5361722012144696,6.75,74.4776393367271
23299035298,136,6800.0,6850.0,50.0,206.13597193635286,208.31410117978277,207.13037025511392,0.2071303702551139,4.356258486859815,6.8,76.655768580157
23299035298,137,6850.0,6900.0,50.0,208.31410117978277,211.74501462098019,210.01183947010927,0.21001183947010926,6.861826882394837,6.85,80.08668202135442
23299035298,138,6900.0,6950.0,50.0,211.74501462098019,214.93632609271012,213.3491892210337,0.21334918922103369,6.3826229434598645,6.9,83.27799349308435
23299035298,139,6950.0,7000.0,50.0,214.93632609271012,218.22877042099708,216.60871101195758,0.21660871101195758,6.5848886565739235,6.95,86.57043782137131
23299035298,140,7000.0,7050.0,50.0,218.22877042099708,221.12327062561434,219.71175740066778,0.21971175740066778,5.789000409234518,7.0,89.46493802598857
23299035298,141,7050.0,7100.0,50.0,221.12327062561434,223.48140203649342,222.3421462403169,0.2223421462403169,4.716262821758164,7.05,91.82306943686766
23299035298,142,7100.0,7150.0,50.0,223.48140203649342,225.9537880079568,224.70278995657802,0.22470278995657803,4.944771942926764,7.1,94.29545540833104
23299035298,143,7150.0,7200.0,50.0,225.9537880079568,228.505886010965,227.20461799908836,0.22720461799908837,5.104196006016423,7.15,96.84755341133925
23299035298,144,7200.0,7250.0,50.0,228.505886010965,231.17925055845862,229.81260500627926,0.22981260500627926,5.346729094987211,7.2,99.52091795883285
23299035298,145,7250.0,7300.0,50.0,231.17925055845862,233.75821923858922,232.4746474192373,0.2324746474192373,5.157937360261201,7.25,102.09988663896345
23299035298,146,7300.0,7350.0,50.0,233.75821923858922,236.50799356609187,235.1997861128538,0.23519978611285378,5.499548655005299,7.3,104.8496609664661
23299035298,147,7350.0,7400.0,50.0,236.50799356609187,238.63829239000796,237.56645857106332,0.23756645857106332,4.260597647832185,7.35,106.9799597903822
23299035298,148,7400.0,7450.0,50.0,238.63829239000796,241.00295787545787,239.78050790286468,0.23978050790286468,4.7293309708998095,7.4,109.3446252758321
23299035298,149,7450.0,7500.0,50.0,241.00295787545787,243.49703456657926,242.26454597353458,0.24226454597353458,4.9881533822427855,7.45,111.8387019669535
23299035298,150,7500.0,7550.0,50.0,243.49703456657926,245.96585525859328,244.7364103489234,0.2447364103489234,4.937641384028041,7.5,114.30752265896751
23299035298,151,7550.0,7600.0,50.0,245.96585525859328,248.3968697270859,247.17768550036806,0.24717768550036806,4.8620289369852685,7.55,116.73853712746015
23299035298,152,7600.0,7650.0,50.0,248.3968697270859,251.09445522553239,249.71149656204793,0.2497114965620479,5.3951709968929435,7.6,119.43612262590662
23299035298,153,7650.0,7700.0,50.0,251.09445522553239,253.52754188043235,252.35477849334916,0.25235477849334914,4.866173309799933,7.65,121.86920928080659
23299035298,154,7700.0,7750.0,50.0,253.52754188043235,256.0056745339761,254.74249289546557,0.2547424928954656,4.956265307087506,7.7,124.34734193435034
23299035298,155,7750.0,7800.0,50.0,256.0056745339761,258.7799231325737,257.3985292314609,0.2573985292314609,5.548497197195161,7.75,127.12159053294792
23299035298,156,7800.0,7850.0,50.0,258.7799231325737,261.4306717303442,260.09423417878924,0.26009423417878924,5.30149719554106,7.8,129.77233913071845
23299035298,157,7850.0,7900.0,50.0,261.4306717303442,263.8947541928721,262.67594880520596,0.26267594880520595,4.928164925055739,7.85,132.23642159324632
23299035298,158,7900.0,7950.0,50.0,263.8947541928721,266.6931288448291,265.29714621147497,0.265297146211475,5.596749303914066,7.9,135.03479624520335
23299035298,159,7950.0,8000.0,50.0,266.6931288448291,269.2615408594121,267.9314843699239,0.2679314843699239,5.13682402916595,7.95,137.60320825978633
23299035298,160,8000.0,8050.0,50.0,269.2615408594121,272.18845031117837,270.7278247412203,0.27072782474122026,5.853818903532556,8.0,140.5301177115526
23299035298,161,8050.0,8100.0,50.0,272.18845031117837,275.16505031882286,273.7068481122321,0.27370684811223206,5.953200015288985,8.05,143.5067177191971
23299035298,162,8100.0,8150.0,50.0,275.16505031882286,277.3992156343382,276.30860729157877,0.27630860729157875,4.468330631030653,8.1,145.74088303471243
23299035298,163,8150.0,8200.0,50.0,277.3992156343382,279.7389645373263,278.5594459455117,0.2785594459455117,4.679497805976212,8.15,148.08063193770053
23299035298,164,8200.0,8250.0,50.0,279.7389645373263,281.40117433489826,280.66112407111837,0.2806611240711184,3.3244195951439224,8.2,149.7428417352725
23299035298,165,8250.0,8300.0,50.0,281.40117433489826,282.59999999999997,282.01518831507565,0.28201518831507566,2.3976513302034164,8.25,150.9416674003742
23299035298,166,8300.0,8350.0,50.0,282.59999999999997,283.42441947565544,283.02701622971284,0.2830270162297128,1.6488389513109496,8.3,151.76608687602968
23299035298,167,8350.0,8400.0,50.0,283.42441947565544,283.86456692913384,283.6522588889872,0.2836522588889872,0.8802949069568058,8.35,152.20623432950808
23299035298,168,8400.0,8450.0,50.0,283.86456692913384,284.35403225806454,284.0877220387774,0.28408772203877736,0.9789306578613832,8.4,152.69569965843877
23299035298,169,8450.0,8500.0,50.0,284.35403225806454,285.28,284.8360215053763,0.28483602150537635,1.851935483870875,8.45,153.6216674003742
23299035298,170,8500.0,8550.0,50.0,285.28,285.44,285.38000000000005,0.2853800000000001,0.32000000000005,8.5,153.78166740037423
23299035298,171,8550.0,8600.0,50.0,285.44,285.8575438596491,285.60584795321637,0.28560584795321636,0.835087719298258,8.55,154.19921126002336
23299035298,172,8600.0,8650.0,50.0,285.8575438596491,285.66162679425844,285.9522381711855,0.28595223817118554,-0.3918341307813762,8.6,154.19921126002336
23299035298,173,8650.0,8700.0,50.0,285.66162679425844,283.32,284.47441786283895,0.28447441786283895,-4.683253588516891,8.65,154.19921126002336
23299035298,174,8700.0,8750.0,50.0,283.32,282.34257261410795,282.77504840940526,0.28277504840940526,-1.9548547717840847,8.7,154.19921126002336
23299035298,175,8750.0,8800.0,50.0,282.34257261410795,282.35999999999996,282.24752420470264,0.2822475242047026,0.03485477178401197,8.75,154.21663864591537
23299035298,176,8800.0,8850.0,50.0,282.35999999999996,283.4330807231984,282.80173279008574,0.28280173279008575,2.1461614463968317,8.8,155.28971936911378
23299035298,177,8850.0,8900.0,50.0,283.4330807231984,285.7356395628037,284.6711488641076,0.2846711488641076,4.605117679210707,8.85,157.59227820871914
23299035298,178,8900.0,8950.0,50.0,285.7356395628037,285.12656716417916,285.51355007459483,0.28551355007459484,-1.2181447972491242,8.9,157.59227820871914
23299035298,179,8950.0,9000.0,50.0,285.12656716417916,284.518783269962,284.821175113028,0.284821175113028,-1.2155677884343277,8.95,157.59227820871914
23299035298,180,9000.0,9050.0,50.0,284.518783269962,283.68149377593363,284.12770869160505,0.28412770869160503,-1.6745789880567372,9.0,157.59227820871914
23299035298,181,9050.0,9100.0,50.0,283.68149377593363,282.9433879781421,283.29748029234594,0.2832974802923459,-1.476211595583095,9.05,157.59227820871914
23299035298,182,9100.0,9150.0,50.0,282.9433879781421,282.3135902108826,282.61266189882053,0.28261266189882056,-1.2595955345190077,9.1,157.59227820871914
23299035298,183,9150.0,9200.0,50.0,282.3135902108826,281.699385946837,282.06311216018406,0.28206311216018404,-1.2284085280911086,9.15,157.59227820871914
23299035298,184,9200.0,9250.0,50.0,281.699385946837,280.4396172248804,281.06303976790036,0.28106303976790037,-2.5195374439132365,9.2,157.59227820871914
23299035298,185,9250.0,9300.0,50.0,280.4396172248804,279.47072961373385,279.9353010110137,0.27993530101101366,-1.9377752222931122,9.25,157.59227820871914
23299035298,186,9300.0,9350.0,50.0,279.47072961373385,279.0524731182796,279.15744365991355,0.2791574436599136,-0.8365129909085454,9.3,157.59227820871914
23299035298,187,9350.0,9400.0,50.0,279.0524731182796,280.35742574257426,279.7015823840448,0.2797015823840448,2.609905248589371,9.35,158.89723083301382
23299035298,188,9400.0,9433.0,33.0,280.35742574257426,280.635,280.5218564356436,0.2805218564356436,0.8411341134112924,9.4,159.17480509043955
23356119297,0,0.0,50.0,50.0,283.26666666666665,284.8374165614288,284.04408633511736,0.28404408633511735,3.141499789524346,0.0,1.570749894762173
23356119297,1,50.0,100.0,50.0,284.8374165614288,284.21443397934206,284.603239976785,0.284603239976785,-1.2459651641735263,0.05,1.570749894762173
23356119297,2,100.0,150.0,50.0,284.21443397934206,283.6920930232558,283.9420306888169,0.2839420306888169,-1.044681912172564,0.1,1.570749894762173
23356119297,3,150.0,200.0,50.0,283.6920930232558,283.32000000000005,283.52403100775194,0.2835240310077519,-0.7441860465114587,0.15,1.570749894762173
23356119297,4,200.0,250.0,50.0,283.32000000000005,282.4746229898749,282.9258959698233,0.28292589596982326,-1.6907540202503242,0.2,1.570749894762173
23356119297,5,250.0,300.0,50.0,282.4746229898749,281.95274014714516,282.15474350768017,0.28215474350768016,-1.043765685459448,0.25,1.570749894762173
23356119297,6,300.0,350.0,50.0,281.95274014714516,281.50744394618835,281.77835295697554,0.28177835295697556,-0.8905924019136364,0.3,1.570749894762173
23356119297,7,350.0,400.0,50.0,281.50744394618835,280.56000000000006,281.0491479820628,0.28104914798206276,-1.8948878923765733,0.35,1.570749894762173
23356119297,8,400.0,450.0,50.0,280.56000000000006,279.32,279.9533333333333,0.27995333333333333,-2.480000000000132,0.4,1.570749894762173
23356119297,9,450.0,500.0,50.0,279.32,277.7521875425806,278.52481303560194,0.27852481303560195,-3.135624914838786,0.45,1.570749894762173
23356119297,10,500.0,550.0,50.0,277.7521875425806,278.815098989899,278.09895161135574,0.2780989516113557,2.1258228946368263,0.5,2.633661342080586
23356119297,11,550.0,600.0,50.0,278.815098989899,277.8256602588605,278.5943475188677,0.27859434751886775,-1.97887746207698,0.55,2.633661342080586
23356119297,12,600.0,650.0,50.0,277.8256602588605,276.0643037785694,276.9177169937133,0.2769177169937133,-3.5227129605822256,0.6,2.633661342080586
23356119297,13,650.0,700.0,50.0,276.0643037785694,274.23989430336303,275.09411347168407,0.27509411347168405,-3.6488189504127604,0.65,2.633661342080586
23356119297,14,700.0,750.0,50.0,274.23989430336303,273.8875821744627,273.9617945302926,0.27396179453029257,-0.7046242578006741,0.7,2.633661342080586
23356119297,15,750.0,800.0,50.0,273.8875821744627,274.0,273.95298988622,0.27395298988622,0.22483565107461345,0.75,2.746079167617893
23356119297,16,800.0,850.0,50.0,274.0,274.12,274.0933333333333,0.2740933333333333,0.2400000000000091,0.8,2.8660791676178974
23356119297,17,850.0,900.0,50.0,274.12,272.7654299018026,273.57360180105417,0.27357360180105417,-2.7091401963948556,0.85,2.8660791676178974
23356119297,18,900.0,950.0,50.0,272.7654299018026,270.1062960069201,271.47290479065884,0.27147290479065883,-5.3182677897649455,0.9,2.8660791676178974
23356119297,19,950.0,1000.0,50.0,270.1062960069201,267.3241916181562,268.7417206394468,0.2687417206394468,-5.564208777527824,0.95,2.8660791676178974
23356119297,20,1000.0,1050.0,50.0,267.3241916181562,264.43442307692305,265.83342747520607,0.26583342747520605,-5.779537082466277,1.0,2.8660791676178974
23356119297,21,1050.0,1100.0,50.0,264.43442307692305,261.5901851180607,263.03258779900744,0.26303258779900746,-5.688475917724759,1.05,2.8660791676178974
23356119297,22,1100.0,1150.0,50.0,261.5901851180607,259.0014519704433,260.2525966401344,0.2602525966401344,-5.177466295234694,1.1,2.8660791676178974
23356119297,23,1150.0,1200.0,50.0,259.0014519704433,257.4860198244123,258.12040428832546,0.25812040428832544,-3.030864292062006,1.15,2.8660791676178974
23356119297,24,1200.0,1250.0,50.0,257.4860198244123,257.19962860147615,257.3075372221499,0.2573075372221499,-0.5727824458723489,1.2,2.8660791676178974
23356119297,25,1250.0,1300.0,50.0,257.19962860147615,257.68396626410924,257.42691965752357,0.25742691965752357,0.9686753252661902,1.25,3.3504168302509925
23356119297,26,1300.0,1350.0,50.0,257.68396626410924,258.07327635327636,257.8731969121016,0.2578731969121016,0.7786201783342221,1.3,3.7397269194181035
23356119297,27,1350.0,1400.0,50.0,258.07327635327636,258.44,258.2966381766382,0.2582966381766382,0.7334472934472842,1.35,4.106450566141746
23356119297,28,1400.0,1450.0,50.0,258.44,258.2876595744681,258.3904964539007,0.2583904964539007,-0.3046808510638357,1.4,4.106450566141746
23356119297,29,1450.0,1500.0,50.0,258.2876595744681,257.76,258.0171631205674,0.2580171631205674,-1.055319148936178,1.45,4.106450566141746
23356119297,30,1500.0,1550.0,50.0,257.76,257.03985897435894,257.4716111111111,0.2574716111111111,-1.4402820512821108,1.5,4.106450566141746
23356119297,31,1550.0,1600.0,50.0,257.03985897435894,256.09959798994976,256.51804685822276,0.25651804685822277,-1.880521968818357,1.55,4.106450566141746
23356119297,32,1600.0,1650.0,50.0,256.09959798994976,256.0733834586466,256.0464907242983,0.2560464907242983,-0.05242906260627933,1.6,4.106450566141746
23356119297,33,1650.0,1700.0,50.0,256.0733834586466,255.46219382032018,255.79536854815922,0.2557953685481592,-1.2223792766528732,1.65,4.106450566141746
23356119297,34,1700.0,1750.0,50.0,255.46219382032018,254.93589427972447,255.19079927162508,0.2551907992716251,-1.0525990811914312,1.7,4.106450566141746
23356119297,35,1750.0,1800.0,50.0,254.93589427972447,254.47748691099477,254.7015264947495,0.2547015264947495,-0.91681473745939,1.75,4.106450566141746
23356119297,36,1800.0,1850.0,50.0,254.47748691099477,254.32000000000002,254.3779057591623,0.2543779057591623,-0.3149738219894971,1.8,4.106450566141746
23356119297,37,1850.0,1900.0,50.0,254.32000000000002,253.63451551321168,254.05615598256293,0.2540561559825629,-1.3709689735766801,1.85,4.106450566141746
23356119297,38,1900.0,1950.0,50.0,253.63451551321168,254.02430489027515,253.69396942259485,0.25369396942259487,0.7795787541269306,1.9,4.496239943205211
23356119297,39,1950.0,2000.0,50.0,254.02430489027515,254.53678399824707,254.35511839369317,0.2543551183936932,1.0249582159438546,1.95,5.008719051177138
23356119297,40,2000.0,2050.0,50.0,254.53678399824707,253.9894277929155,254.27350320052145,0.25427350320052144,-1.094712410663135,2.0,5.008719051177138
23356119297,41,2050.0,2100.0,50.0,253.9894277929155,253.15198335173704,253.62306653110193,0.25362306653110195,-1.6748888823569246,2.05,5.008719051177138
23356119297,42,2100.0,2150.0,50.0,253.15198335173704,252.07604938271606,252.59923493772283,0.25259923493772285,-2.15186793804196,2.1,5.008719051177138
23356119297,43,2150.0,2200.0,50.0,252.07604938271606,250.6068003080176,251.42159045668586,0.2514215904566859,-2.938498149396935,2.15,5.008719051177138
23356119297,44,2200.0,2250.0,50.0,250.6068003080176,248.48945166760882,249.4571245598346,0.2494571245598346,-4.2346972808175565,2.2,5.008719051177138
23356119297,45,2250.0,2300.0,50.0,248.48945166760882,248.71999999999997,248.51622008667798,0.24851622008667798,0.4610966647823034,2.25,5.23926738356829
23356119297,46,2300.0,2350.0,50.0,248.71999999999997,248.68941176470585,248.77450980392155,0.24877450980392155,-0.0611764705882365,2.3,5.23926738356829
23356119297,47,2350.0,2400.0,50.0,248.68941176470585,248.0,248.3749019607843,0.24837490196078432,-1.3788235294117044,2.35,5.23926738356829
23356119297,48,2400.0,2450.0,50.0,248.0,247.12633879781424,247.54422586520946,0.24754422586520947,-1.7473224043715163,2.4,5.23926738356829
23356119297,49,2450.0,2500.0,50.0,247.12633879781424,246.65591160220993,246.85408346667472,0.24685408346667473,-0.9408543912086316,2.45,5.23926738356829
23356119297,50,2500.0,2550.0,50.0,246.65591160220993,246.02320241691842,246.39167520711274,0.24639167520711275,-1.2654183705830064,2.5,5.23926738356829
23356119297,51,2550.0,2600.0,50.0,246.02320241691842,244.6582674543926,245.36759878690157,0.24536759878690156,-2.7298699250516734,2.55,5.23926738356829
23356119297,52,2600.0,2650.0,50.0,244.6582674543926,243.6912599055644,244.13071867765402,0.244130718677654,-1.9340150976563564,2.6,5.23926738356829
23356119297,53,2650.0,2700.0,50.0,243.6912599055644,242.94900243309002,243.3041802009221,0.2433041802009221,-1.4845149449487849,2.65,5.23926738356829
23356119297,54,2700.0,2750.0,50.0,242.94900243309002,242.32,242.65816707218167,0.24265816707218166,-1.2580048661800447,2.7,5.23926738356829
23356119297,55,2750.0,2800.0,50.0,242.32,241.24821782178213,241.81214521452145,0.24181214521452146,-2.143564356435718,2.75,5.23926738356829
23356119297,56,2800.0,2850.0,50.0,241.24821782178213,240.08043012843754,240.65259853091618,0.24065259853091617,-2.335575386689186,2.8,5.23926738356829
23356119297,57,2850.0,2900.0,50.0,240.08043012843754,239.32000000000002,239.6772375381154,0.2396772375381154,-1.5208602568750393,2.85,5.23926738356829
23356119297,58,2900.0,2950.0,50.0,239.32000000000002,238.58274801061006,238.95127851458884,0.23895127851458883,-1.4745039787799215,2.9,5.23926738356829
23356119297,59,2950.0,3000.0,50.0,238.58274801061006,237.66727272727272,238.13177252632428,0.23813177252632428,-1.8309505666746873,2.95,5.23926738356829
23356119297,60,3000.0,3050.0,50.0,237.66727272727272,236.74782047647287,237.21605353139668,0.2372160535313967,-1.8389045015996999,3.0,5.23926738356829
23356119297,61,3050.0,3100.0,50.0,236.74782047647287,235.6170833333333,236.1815838642681,0.2361815838642681,-2.2614742862791104,3.05,5.23926738356829
23356119297,62,3100.0,3150.0,50.0,235.6170833333333,235.05234784275603,235.30796679906496,0.23530796679906496,-1.1294709811545545,3.1,5.23926738356829
23356119297,63,3150.0,3200.0,50.0,235.05234784275603,233.97154316712835,234.5758264884433,0.2345758264884433,-2.161609351255379,3.15,5.23926738356829
23356119297,64,3200.0,3250.0,50.0,233.97154316712835,232.92927103132698,233.41768419441647,0.23341768419441647,-2.084544271602738,3.2,5.23926738356829
23356119297,65,3250.0,3300.0,50.0,232.92927103132698,232.11999999999998,232.50592067039773,0.23250592067039771,-1.6185420626540008,3.25,5.23926738356829
23356119297,66,3300.0,3350.0,50.0,232.11999999999998,231.4,231.78,0.23178,-1.4399999999999409,3.3,5.23926738356829
23356119297,67,3350.0,3400.0,50.0,231.4,230.4,230.9,0.2309,-2.0,3.35,5.23926738356829
23356119297,68,3400.0,3450.0,50.0,230.4,229.16746197688235,229.7637683260031,0.2297637683260031,-2.4650760462353105,3.4,5.23926738356829
23356119297,69,3450.0,3500.0,50.0,229.16746197688235,229.72000000000003,229.31036031754593,0.22931036031754592,1.1050760462353537,3.45,5.791805406685967
23356119297,70,3500.0,3550.0,50.0,229.72000000000003,230.68,230.2266666666667,0.2302266666666667,1.919999999999959,3.5,6.751805406685946
23356119297,71,3550.0,3600.0,50.0,230.68,231.40505050505053,231.05754208754206,0.23105754208754206,1.4501010101010365,3.55,7.476855911736465
23356119297,72,3600.0,3650.0,50.0,231.40505050505053,232.04000000000002,231.71417508417505,0.23171417508417505,1.2698989898989907,3.6,8.11180540668596
23356119297,73,3650.0,3700.0,50.0,232.04000000000002,232.83999999999997,232.4333333333333,0.2324333333333333,1.599999999999909,3.65,8.911805406685914
23356119297,74,3700.0,3750.0,50.0,232.83999999999997,233.76,233.30666666666664,0.23330666666666663,1.8400000000000318,3.7,9.83180540668593
23356119297,75,3750.0,3800.0,50.0,233.76,234.24,234.02,0.23402,0.9600000000000364,3.75,10.311805406685949
23356119297,76,3800.0,3850.0,50.0,234.24,234.87649144432726,234.53774344555427,0.23453774344555428,1.2729828886544965,3.8,10.948296851013197
23356119297,77,3850.0,3900.0,50.0,234.87649144432726,235.8044444444444,235.32689614692117,0.23532689614692118,1.855906000234313,3.85,11.876249851130353
23356119297,78,3900.0,3950.0,50.0,235.8044444444444,236.86771291940642,236.3427980159383,0.23634279801593833,2.1265369499240023,3.9,12.939518326092355
23356119297,79,3950.0,4000.0,50.0,236.86771291940642,237.71999999999997,237.30787786643103,0.23730787786643104,1.7045741611871108,3.95,13.79180540668591
23356119297,80,4000.0,4050.0,50.0,237.71999999999997,238.3929240805623,238.0733629723767,0.23807336297237672,1.3458481611246498,4.0,14.464729487248235
23356119297,81,4050.0,4100.0,50.0,238.3929240805623,239.27984318452187,238.79234403197066,0.23879234403197067,1.773838207919141,4.05,15.351648591207805
23356119297,82,4100.0,4150.0,50.0,239.27984318452187,240.36388392857143,239.83031174883203,0.23983031174883204,2.1680814880991193,4.1,16.435689335257365
23356119297,83,4150.0,4200.0,50.0,240.36388392857143,241.23086224862737,240.80416473999432,0.24080416473999433,1.7339566401118987,4.15,17.302667655313314
23356119297,84,4200.0,4250.0,50.0,241.23086224862737,241.93162477428672,241.6059842165945,0.2416059842165945,1.4015250513186857,4.2,18.003430180972657
23356119297,85,4250.0,4300.0,50.0,241.93162477428672,242.69683501683502,242.27858217907985,0.24227858217907985,1.530420485096613,4.25,18.768640423520964
23356119297,86,4300.0,4350.0,50.0,242.69683501683502,243.93456139787367,243.30044014559311,0.24330044014559313,2.475452762077282,4.3,20.006366804559605
23356119297,87,4350.0,4400.0,50.0,243.93456139787367,244.86078549848943,244.4325349291635,0.2444325349291635,1.8524482012315389,4.35,20.932590905175374
23356119297,88,4400.0,4450.0,50.0,244.86078549848943,245.28000000000003,245.1002618328298,0.2451002618328298,0.8384290030211901,4.4,21.35180540668597
23356119297,89,4450.0,4500.0,50.0,245.28000000000003,246.03574076035156,245.61124501394332,0.24561124501394332,1.5114815207030574,4.45,22.107546167037498
23356119297,90,4500.0,4550.0,50.0,246.03574076035156,246.99140686131858,246.5152561391611,0.2465152561391611,1.9113322019340444,4.5,23.06321226800452
23356119297,91,4550.0,4600.0,50.0,246.99140686131858,247.64000000000001,247.37397980189914,0.24737397980189915,1.2971862773628686,4.55,23.711805406685954
23356119297,92,4600.0,4650.0,50.0,247.64000000000001,247.191905982906,247.4595612535613,0.2474595612535613,-0.8961880341880146,4.6,23.711805406685954
23356119297,93,4650.0,4700.0,50.0,247.191905982906,248.0308650004071,247.39444158407625,0.24739444158407625,1.6779180350021647,4.65,24.550764424187037
23356119297,94,4700.0,4750.0,50.0,248.0308650004071,250.35999999999999,249.2887681456756,0.24928876814567558,4.658269999185791,4.7,26.879899423779932
23356119297,95,4750.0,4800.0,50.0,250.35999999999999,251.40570028868865,250.88198291196454,0.25088198291196456,2.0914005773773283,4.75,27.925599712468596
23356119297,96,4800.0,4850.0,50.0,251.40570028868865,252.7445857709643,252.1032573950625,0.2521032573950625,2.677770964551314,4.8,29.264485194744253
23356119297,97,4850.0,4900.0,50.0,252.7445857709643,253.56,253.18504575262588,0.2531850457526259,1.6308284580713917,4.85,30.07989942377995
23356119297,98,4900.0,4950.0,50.0,253.56,253.67621399176952,253.66414266117968,0.2536641426611797,0.23242798353902572,4.9,30.196113415549462
23356119297,99,4950.0,5000.0,50.0,253.67621399176952,253.29476310074133,253.51610616074632,0.2535161061607463,-0.7629017820563604,4.95,30.196113415549462
23356119297,100,5000.0,5050.0,50.0,253.29476310074133,253.87385066546358,253.45597603357456,0.25345597603357456,1.158175129444487,5.0,30.775200980271705
23356119297,101,5050.0,5100.0,50.0,253.87385066546358,254.3656509695291,254.1733120437481,0.2541733120437481,0.9836006081310416,5.05,31.267001284337226
23356119297,102,5100.0,5150.0,50.0,254.3656509695291,254.83942857142856,254.57417992349292,0.2545741799234929,0.9475552037989132,5.1,31.740778886236683
23356119297,103,5150.0,5200.0,50.0,254.83942857142856,255.57658158282192,255.1975751902534,0.2551975751902534,1.4743060227867204,5.15,32.47793189763004
23356119297,104,5200.0,5250.0,50.0,255.57658158282192,256.32,255.93853020209235,0.25593853020209234,1.4868368343561542,5.2,33.22135031480812
23356119297,105,5250.0,5300.0,50.0,256.32,256.9151546391752,256.65919243986247,0.25665919243986246,1.190309278350469,5.25,33.816504953983355
23356119297,106,5300.0,5350.0,50.0,256.9151546391752,257.71945587248985,257.266169008797,0.257266169008797,1.608602466629236,5.3,34.62080618729797
23356119297,107,5350.0,5400.0,50.0,257.71945587248985,258.83209682037096,258.2872235656618,0.2582872235656618,2.2252818957622367,5.35,35.73344713517909
23356119297,108,5400.0,5450.0,50.0,258.83209682037096,259.8129230769231,259.32509667668893,0.2593250966766889,1.9616525131042408,5.4,36.71427339173121
23356119297,109,5450.0,5500.0,50.0,259.8129230769231,260.42625196296734,260.1521456787675,0.2601521456787675,1.2266577720885152,5.45,37.32760227777547
23356119297,110,5500.0,5550.0,50.0,260.42625196296734,260.64,260.56938833548185,0.2605693883354818,0.42749607406528867,5.5,37.54135031480811
23356119297,111,5550.0,5600.0,50.0,260.64,260.4746666666666,260.564,0.260564,-0.3306666666667297,5.55,37.54135031480811
23356119297,112,5600.0,5650.0,50.0,260.4746666666666,260.28000000000003,260.3906666666666,0.2603906666666666,-0.3893333333331839,5.6,37.54135031480811
23356119297,113,5650.0,5700.0,50.0,260.28000000000003,260.33042979942695,260.2518815663802,0.2602518815663802,0.10085959885384455,5.65,37.591780114235036
23356119297,114,5700.0,5750.0,50.0,260.33042979942695,260.44,260.4052148997135,0.26040521489971347,0.2191404011460918,5.7,37.70135031480808
23356119297,115,5750.0,5800.0,50.0,260.44,260.1594476126537,260.43332035813927,0.26043332035813926,-0.5611047746925806,5.75,37.70135031480808
23356119297,116,5800.0,5850.0,50.0,260.1594476126537,256.6147893044157,258.468161009927,0.258468161009927,-7.089316616476026,5.8,37.70135031480808
23356119297,117,5850.0,5900.0,50.0,256.6147893044157,254.20987759428402,255.36386259784328,0.25536386259784327,-4.809823420263342,5.85,37.70135031480808
23356119297,118,5900.0,5950.0,50.0,254.20987759428402,253.29585013146362,253.44462651973552,0.25344462651973554,-1.8280549256407994,5.9,37.70135031480808
23356119297,119,5950.0,6000.0,50.0,253.29585013146362,259.1266399789842,255.90849400732637,0.25590849400732635,11.661579695041155,5.95,43.53214016232866
23356119297,120,6000.0,6050.0,50.0,259.1266399789842,267.6999376473621,263.22736663167,0.26322736663167,17.14659533675581,6.0,52.10543783070656
23356119297,121,6050.0,6100.0,50.0,267.6999376473621,276.0156241148326,272.1833684119329,0.2721833684119329,16.63137293494094,6.05,60.421124298177034
23356119297,122,6100.0,6150.0,50.0,276.0156241148326,277.66358056265983,277.15298389771993,0.2771529838977199,3.29591289565451,6.1,62.06908074600429
23356119297,123,6150.0,6200.0,50.0,277.66358056265983,277.5968490354973,277.61691322316034,0.27761691322316034,-0.13346305432503414,6.15,62.06908074600429
23356119297,124,6200.0,6250.0,50.0,277.5968490354973,277.3365082723559,277.54407314898555,0.27754407314898555,-0.5206815262828286,6.2,62.06908074600429
23356119297,125,6250.0,6300.0,50.0,277.3365082723559,278.45086408494416,277.69858711378646,0.2776985871137865,2.2287116251765156,6.25,63.18343655859255
23356119297,126,6300.0,6350.0,50.0,278.45086408494416,280.38430204081635,279.44022366412446,0.27944022366412447,3.866875911744387,6.3,65.11687451446474
23356119297,127,6350.0,6400.0,50.0,280.38430204081635,282.0564030825934,281.2611296350874,0.2812611296350874,3.344202083554137,6.35,66.78897555624181
23356119297,128,6400.0,6439.52,39.52000000000044,282.0564030825934,282.0048,282.12634486513656,0.28212634486513655,-0.13057460170402393,6.4,66.78897555624181
23379302381,0,0.0,50.0,50.0,76.40000000000002,75.51852075561082,76.03838514833897,0.07603838514833898,-1.762958488778395,0.0,0.0
23379302381,1,50.0,100.0,50.0,75.51852075561082,74.0550622596594,74.79999832300307,0.07479999832300306,-2.926916991902857,0.05,0.0
23379302381,2,100.0,150.0,50.0,74.0550622596594,72.99244094488188,73.4344788805469,0.07343447888054691,-2.125242629555032,0.1,0.0
23379302381,3,150.0,200.0,50.0,72.99244094488188,72.91018181818181,72.92590455738487,0.07292590455738487,-0.16451825340013215,0.15,0.0
23379302381,4,200.0,250.0,50.0,72.91018181818181,71.98333333333333,72.53453535353536,0.07253453535353536,-1.853696969696955,0.2,0.0
23379302381,5,250.0,300.0,50.0,71.98333333333333,71.28544739716055,71.57764231687092,0.07157764231687092,-1.3957718723455628,0.25,0.0
23379302381,6,300.0,350.0,50.0,71.28544739716055,70.8572434017595,71.06318957035151,0.07106318957035151,-0.8564079908020972,0.3,0.0
23379302381,7,350.0,400.0,50.0,70.8572434017595,71.14268656716418,70.93330998964122,0.07093330998964122,0.5708863308093441,0.35,0.2854431654046721
23379302381,8,400.0,450.0,50.0,71.14268656716418,72.4716743402583,71.73105812319649,0.0717310581231965,2.657975546188254,0.4,1.6144309384987992
23379302381,9,450.0,500.0,50.0,72.4716743402583,74.79096736586331,73.56886233953868,0.07356886233953869,4.638586051210012,0.45,3.9337239641038053
23379302381,10,500.0,550.0,50.0,74.79096736586331,77.41462637740457,76.16421216500059,0.07616421216500059,5.247318023082528,0.5,6.557382975645069
23379302381,11,550.0,600.0,50.0,77.41462637740457,78.35999999999999,78.00159316723322,0.07800159316723322,1.8907472451908234,0.55,7.502756598240481
23379302381,12,600.0,650.0,50.0,78.35999999999999,78.6,78.46666666666665,0.07846666666666666,0.4800000000000182,0.6,7.74275659824049
23379302381,13,650.0,700.0,50.0,78.6,79.02619883040936,78.83103313840155,0.07883103313840155,0.852397660818724,0.65,8.168955428649852
23379302381,14,700.0,750.0,50.0,79.02619883040936,79.34743902439024,79.1801250416013,0.0791801250416013,0.6424803879617684,0.7,8.490195622630736
23379302381,15,750.0,800.0,50.0,79.34743902439024,79.64000000000001,79.49581300813009,0.07949581300813008,0.5851219512195485,0.75,8.78275659824051
23379302381,16,800.0,850.0,50.0,79.64000000000001,79.79999999999995,79.7333333333333,0.07973333333333331,0.3199999999998795,0.8,8.94275659824045
23379302381,17,850.0,900.0,50.0,79.79999999999995,79.96,79.85333333333331,0.0798533333333333,0.32000000000007844,0.85,9.10275659824049
23379302381,18,900.0,950.0,50.0,79.96,80.36039800995027,80.16033167495856,0.08016033167495856,0.8007960199005595,0.9,9.50315460819077
23379302381,19,950.0,1000.0,50.0,80.36039800995027,80.59763899573396,80.48681832231017,0.08048681832231017,0.4744819715673714,0.95,9.740395593974455
23379302381,20,1000.0,1050.0,50.0,80.59763899573396,81.08000000000001,80.83755367508218,0.08083755367508218,0.9647220085321067,1.0,10.222756598240508
23379302381,21,1050.0,1100.0,50.0,81.08000000000001,81.4717201166181,81.27448007774541,0.0812744800777454,0.7834402332361776,1.05,10.614476714858597
23379302381,22,1100.0,1150.0,50.0,81.4717201166181,81.8,81.61724003887271,0.0816172400388727,0.6565597667637917,1.1,10.942756598240493
23379302381,23,1150.0,1200.0,50.0,81.8,82.28,82.04666666666667,0.08204666666666667,0.960000000000008,1.15,11.422756598240497
23379302381,24,1200.0,1250.0,50.0,82.28,82.55999999999999,82.41999999999999,0.08242,0.5599999999999739,1.2,11.702756598240484
23379302381,25,1250.0,1300.0,50.0,82.55999999999999,83.05346024878588,82.8223666425413,0.08282236664254129,0.9869204975717878,1.25,12.196216847026378
23379302381,26,1300.0,1350.0,50.0,83.05346024878588,83.32000000000001,83.1844269395779,0.08318442693957791,0.5330795024282509,1.3,12.462756598240503
23379302381,27,1350.0,1400.0,50.0,83.32000000000001,83.75999999999996,83.54666666666667,0.08354666666666667,0.8799999999999102,1.35,12.902756598240458
23379302381,28,1400.0,1450.0,50.0,83.75999999999996,84.03207430340558,83.89603715170277,0.08389603715170277,0.544148606811234,1.4,13.174830901646075
23379302381,29,1450.0,1500.0,50.0,84.03207430340558,84.44072507552872,84.22282466429091,0.08422282466429092,0.817301544246277,1.45,13.583481673769214
23379302381,30,1500.0,1550.0,50.0,84.44072507552872,84.79459241323647,84.60847885968529,0.0846084788596853,0.7077346754155087,1.5,13.937349011476968
23379302381,31,1550.0,1600.0,50.0,84.79459241323647,85.24836158192089,85.01368576809254,0.08501368576809254,0.9075383373688339,1.55,14.391118180161385
23379302381,32,1600.0,1650.0,50.0,85.24836158192089,85.9137443218689,85.60632545941378,0.08560632545941378,1.33076547989603,1.6,15.0565009201094
23379302381,33,1650.0,1700.0,50.0,85.9137443218689,86.39881148384441,86.13547483853228,0.08613547483853227,0.9701343239510152,1.65,15.541568082084908
23379302381,34,1700.0,1750.0,50.0,86.39881148384441,87.0,86.69881577142071,0.08669881577142072,1.2023770323111762,1.7,16.142756598240496
23379302381,35,1750.0,1800.0,50.0,87.0,87.46844192634562,87.24474032105762,0.08724474032105763,0.9368838526912384,1.75,16.611198524586115
23379302381,36,1800.0,1850.0,50.0,87.46844192634562,87.62377224199288,87.54495901928566,0.08754495901928566,0.3106606312945246,1.8,16.766528840233377
23379302381,37,1850.0,1900.0,50.0,87.62377224199288,87.77744186046507,87.73875513807275,0.08773875513807275,0.3073392369443866,1.85,16.92019845870557
23379302381,38,1900.0,1950.0,50.0,87.77744186046507,87.94849059086721,87.81982593078851,0.0878198259307885,0.3420974608042684,1.9,17.091247189107705
23379302381,39,1950.0,2000.0,50.0,87.94849059086721,88.4,88.18319954379963,0.08818319954379963,0.9030188182655934,1.95,17.5427565982405
23379302381,40,2000.0,2050.0,50.0,88.4,89.05435897435896,88.69811965811965,0.08869811965811965,1.3087179487179128,2.0,18.197115572599458
23379302381,41,2050.0,2100.0,50.0,89.05435897435896,90.02028658906403,89.52004837377878,0.08952004837377878,1.9318552294101323,2.05,19.163043187304524
23379302381,42,2100.0,2150.0,50.0,90.02028658906403,91.12038814281034,90.56205919982897,0.09056205919982896,2.2002031074926265,2.1,20.263144741050837
23379302381,43,2150.0,2200.0,50.0,91.12038814281034,91.83224489795916,91.52296973981207,0.09152296973981207,1.423713510297631,2.15,20.975001496199653
23379302381,44,2200.0,2250.0,50.0,91.83224489795916,92.00932515337425,91.94207754267349,0.09194207754267349,0.35416051083018374,2.2,21.152081751614745
23379302381,45,2250.0,2300.0,50.0,92.00932515337425,92.04792452830189,92.05529150750475,0.09205529150750474,0.07719874985528463,2.25,21.190681126542387
23379302381,46,2300.0,2350.0,50.0,92.04792452830189,91.5664864864865,91.80936766955635,0.09180936766955636,-0.962876083630789,2.3,21.190681126542387
23379302381,47,2350.0,2400.0,50.0,91.5664864864865,90.78278483198945,91.2649735504433,0.0912649735504433,-1.567403308994102,2.35,21.190681126542387
23379302381,48,2400.0,2450.0,50.0,90.78278483198945,89.56724233983286,90.10130647590485,0.09010130647590485,-2.4310849843131734,2.4,21.190681126542387
23379302381,49,2450.0,2500.0,50.0,89.56724233983286,89.77239130434782,89.58435721206247,0.08958435721206247,0.4102979290299231,2.45,21.39583009105735
23379302381,50,2500.0,2550.0,50.0,89.77239130434782,90.52385093167702,90.14145445134575,0.09014145445134575,1.5029192546583943,2.5,22.147289718386546
23379302381,51,2550.0,2600.0,50.0,90.52385093167702,91.36102040816328,90.97664201912652,0.09097664201912652,1.6743389529725334,2.55,22.984459194872812
23379302381,52,2600.0,2650.0,50.0,91.36102040816328,92.04,91.71297052154195,0.09171297052154195,1.3579591836734437,2.6,23.663438786709534
23379302381,53,2650.0,2700.0,50.0,92.04,92.24000000000004,92.16000000000001,0.09216,0.40000000000006253,2.65,23.863438786709565
23379302381,54,2700.0,2750.0,50.0,92.24000000000004,92.0,92.12666666666671,0.0921266666666667,-0.48000000000007503,2.7,23.863438786709565
23379302381,55,2750.0,2800.0,50.0,92.0,91.83849529780562,91.93899686520375,0.09193899686520375,-0.32300940438875614,2.75,23.863438786709565
23379302381,56,2800.0,2850.0,50.0,91.83849529780562,91.60000000000002,91.68616509926856,0.09168616509926857,-0.4769905956111984,2.8,23.863438786709565
23379302381,57,2850.0,2900.0,50.0,91.60000000000002,91.08046109510089,91.36038424591742,0.09136038424591741,-1.0390778097982718,2.85,23.863438786709565
23379302381,58,2900.0,2950.0,50.0,91.08046109510089,90.57033883155927,90.837716674757,0.090837716674757,-1.0202445270832357,2.9,23.863438786709565
23379302381,59,2950.0,3000.0,50.0,90.57033883155927,90.04883720930233,90.29339668040437,0.09029339668040437,-1.0430032445138693,2.95,23.863438786709565
23379302381,60,3000.0,3050.0,50.0,90.04883720930233,89.82027249789739,89.96038960497062,0.08996038960497062,-0.457129422809885,3.0,23.863438786709565
23379302381,61,3050.0,3100.0,50.0,89.82027249789739,89.79999999999995,89.76802242781046,0.08976802242781047,-0.040544995794874694,3.05,23.863438786709565
23379302381,62,3100.0,3150.0,50.0,89.79999999999995,90.08,89.8933333333333,0.0898933333333333,0.5600000000000875,3.1,24.14343878670961
23379302381,63,3150.0,3200.0,50.0,90.08,90.16121951219516,90.1608130081301,0.0901608130081301,0.16243902439032354,3.15,24.22465829890477
23379302381,64,3200.0,3250.0,50.0,90.16121951219516,90.04,90.08040650406507,0.09008040650406507,-0.24243902439030762,3.2,24.22465829890477
23379302381,65,3250.0,3300.0,50.0,90.04,90.24000000000004,90.15333333333336,0.09015333333333336,0.40000000000006253,3.25,24.424658298904802
23379302381,66,3300.0,3350.0,50.0,90.24000000000004,90.56000000000002,90.41333333333336,0.09041333333333336,0.6399999999999579,3.3,24.74465829890478
23379302381,67,3350.0,3400.0,50.0,90.56000000000002,90.92862533692721,90.72287511230907,0.09072287511230907,0.7372506738543905,3.35,25.113283635831976
23379302381,68,3400.0,3450.0,50.0,90.92862533692721,91.4332394366197,91.1867830884679,0.09118678308846791,1.009228199384978,3.4,25.617897735524465
23379302381,69,3450.0,3500.0,50.0,91.4332394366197,91.8,91.59220657276995,0.09159220657276995,0.7335211267605928,3.45,25.984658298904762
23379302381,70,3500.0,3550.0,50.0,91.8,91.3235578558155,91.70969172105735,0.09170969172105735,-0.9528842883690061,3.5,25.984658298904762
23379302381,71,3550.0,3600.0,50.0,91.3235578558155,89.70371277029783,90.47762333136723,0.09047762333136723,-3.2396901710353347,3.55,25.984658298904762
23379302381,72,3600.0,3650.0,50.0,89.70371277029783,88.33236510379713,89.03566285016775,0.08903566285016776,-2.742695333001393,3.6,25.984658298904762
23379302381,73,3650.0,3700.0,50.0,88.33236510379713,86.92089916770954,87.62885311478762,0.08762885311478762,-2.8229318721751895,3.65,25.984658298904762
23379302381,74,3700.0,3750.0,50.0,86.92089916770954,86.51999999999998,86.59537054690668,0.08659537054690668,-0.8017983354191074,3.7,25.984658298904762
23379302381,75,3750.0,3800.0,50.0,86.51999999999998,87.60505518590998,87.06373776908022,0.08706373776908022,2.1701103718199874,3.75,27.069713484814756
23379302381,76,3800.0,3850.0,50.0,87.60505518590998,87.34233998390883,87.55390383937906,0.08755390383937905,-0.525430404002293,3.8,27.069713484814756
23379302381,77,3850.0,3900.0,50.0,87.34233998390883,86.73296398891965,87.01389021879255,0.08701389021879255,-1.218751989978358,3.85,27.069713484814756
23379302381,78,3900.0,3950.0,50.0,86.73296398891965,86.667217630854,86.68456654177128,0.08668456654177127,-0.1314927161313051,3.9,27.069713484814756
23379302381,79,3950.0,4000.0,50.0,86.667217630854,86.44000000000001,86.57147842056935,0.08657147842056935,-0.454435261707971,3.95,27.069713484814756
23379302381,80,4000.0,4050.0,50.0,86.44000000000001,85.46499409681226,85.99614521841794,0.08599614521841793,-1.9500118063754996,4.0,27.069713484814756
23379302381,81,4050.0,4100.0,50.0,85.46499409681226,84.32000000000001,84.89551554506099,0.08489551554506099,-2.2899881936245094,4.05,27.069713484814756
23379302381,82,4100.0,4150.0,50.0,84.32000000000001,83.58684755957707,83.94162018626618,0.08394162018626618,-1.4663048808458825,4.1,27.069713484814756
23379302381,83,4150.0,4200.0,50.0,83.58684755957707,82.92,83.23856070664424,0.08323856070664423,-1.3336951191541289,4.15,27.069713484814756
23379302381,84,4200.0,4250.0,50.0,82.92,82.32707780092875,82.61035759193437,0.08261035759193437,-1.1858443981425069,4.2,27.069713484814756
23379302381,85,4250.0,4300.0,50.0,82.32707780092875,81.5641935483871,81.96408580039223,0.08196408580039223,-1.525768505083306,4.25,27.069713484814756
23379302381,86,4300.0,4350.0,50.0,81.5641935483871,80.91612011707755,81.22508201905538,0.08122508201905537,-1.2961468626190822,4.3,27.069713484814756
23379302381,87,4350.0,4400.0,50.0,80.91612011707755,79.96035551182412,80.52395860793203,0.08052395860793203,-1.9115292105068704,4.35,27.069713484814756
23379302381,88,4400.0,4450.0,50.0,79.96035551182412,79.06736842105263,79.36882436241228,0.07936882436241229,-1.7859741815429686,4.4,27.069713484814756
23379302381,89,4450.0,4500.0,50.0,79.06736842105263,80.31492881543355,79.65783581388952,0.07965783581388952,2.495120788761824,4.45,28.317273879195668
23379302381,90,4500.0,4550.0,50.0,80.31492881543355,80.02701978405204,80.28586277588933,0.08028586277588932,-0.5758180627630054,4.5,28.317273879195668
23379302381,91,4550.0,4600.0,50.0,80.02701978405204,79.31375785626275,79.65951065933761,0.07965951065933762,-1.42652385557858,4.55,28.317273879195668
23379302381,92,4600.0,4650.0,50.0,79.31375785626275,78.5455360006843,78.92982282506388,0.07892982282506388,-1.5364437111569202,4.6,28.317273879195668
23379302381,93,4650.0,4700.0,50.0,78.5455360006843,77.95777777777778,78.23583221461097,0.07823583221461096,-1.175516445813031,4.65,28.317273879195668
23379302381,94,4700.0,4750.0,50.0,77.95777777777778,77.67999999999999,77.76629629629629,0.07776629629629629,-0.5555555555555713,4.7,28.317273879195668
23379302381,95,4750.0,4800.0,50.0,77.67999999999999,78.33881004912533,77.93909810814482,0.07793909810814482,1.3176200982506714,4.75,28.976083928321003
23379302381,96,4800.0,4850.0,50.0,78.33881004912533,79.79041481073266,79.08212421032822,0.07908212421032822,2.903209523214656,4.8,30.42768868992833
23379302381,97,4850.0,4900.0,50.0,79.79041481073266,80.32634573520369,80.1323578455978,0.0801323578455978,1.0718618489420635,4.85,30.963619614399363
23379302381,98,4900.0,4950.0,50.0,80.32634573520369,80.45844559585491,80.37839803029998,0.08037839803029997,0.26419972130244673,4.9,31.095719475050586
23379302381,99,4950.0,5000.0,50.0,80.45844559585491,80.5,80.47870466321244,0.08047870466321244,0.0831088082901772,4.95,31.137273879195675
23379302381,100,5000.0,5008.72,8.720000000000255,80.5,80.52906666666668,80.5,0.0805,0.3333333333334702,5.0,31.166340545862354
23996168837,0,0.0,50.0,50.0,75.46254110430556,74.21690996551709,74.87865586715975,0.07487865586715975,-2.4912622775769364,0.0,0.0
23996168837,1,50.0,100.0,50.0,74.21690996551709,72.69263843648207,73.45486445241106,0.07345486445241106,-3.048543058070038,0.05,0.0
23996168837,2,100.0,150.0,50.0,72.69263843648207,71.97759835174465,72.25134457506006,0.07225134457506006,-1.4300801694748486,0.1,0.0
23996168837,3,150.0,200.0,50.0,71.97759835174465,72.20420289855073,72.07186259822384,0.07207186259822385,0.4532090936121733,0.15,0.22660454680608666
23996168837,4,200.0,250.0,50.0,72.20420289855073,72.39999999999998,72.33403381642512,0.07233403381642511,0.3915942028984887,0.2,0.422401648255331
23996168837,5,250.0,300.0,50.0,72.39999999999998,72.91141993957703,72.5585699899295,0.07255856998992949,1.0228398791541053,0.25,0.9338215878323837
23996168837,6,300.0,350.0,50.0,72.91141993957703,74.22908101977757,73.57128386816869,0.07357128386816869,2.635322160401074,0.3,2.2514826680329207
23996168837,7,350.0,400.0,50.0,74.22908101977757,75.20800521343915,74.8987123428221,0.0748987123428221,1.9578483873231676,0.35,3.2304068616945045
23996168837,8,400.0,450.0,50.0,75.20800521343915,74.91266187050357,74.96049153062643,0.07496049153062642,-0.5906866858711624,0.4,3.2304068616945045
23996168837,9,450.0,500.0,50.0,74.91266187050357,75.16593886462883,75.00742326662687,0.07500742326662688,0.5065539882505163,0.45,3.4836838558197627
23996168837,10,500.0,550.0,50.0,75.16593886462883,76.24000000000001,75.63729257641923,0.07563729257641923,2.1481222707423626,0.5,4.557744991190944
23996168837,11,550.0,600.0,50.0,76.24000000000001,76.84,76.69333333333334,0.07669333333333334,1.1999999999999886,0.55,5.157744991190938
23996168837,12,600.0,650.0,50.0,76.84,76.83999999999996,76.78666666666665,0.07678666666666664,-8.526512829121202e-14,0.6,5.157744991190938
23996168837,13,650.0,700.0,50.0,76.83999999999996,77.39074829931972,77.0584580498866,0.07705845804988659,1.1014965986395282,0.65,5.708493290510702
23996168837,14,700.0,750.0,50.0,77.39074829931972,79.6843830973831,78.41299273763559,0.07841299273763559,4.5872695961267596,0.7,8.002128088574082
23996168837,15,750.0,800.0,50.0,79.6843830973831,78.28046767925181,79.47591312771043,0.07947591312771042,-2.807830836262582,0.75,8.002128088574082
23996168837,16,800.0,850.0,50.0,78.28046767925181,74.07883813333322,76.10410125014482,0.07610410125014483,-8.403259091837185,0.8,8.002128088574082
23996168837,17,850.0,900.0,50.0,74.07883813333322,73.52013559322035,73.52966130944715,0.07352966130944714,-1.1174050802257511,0.85,8.002128088574082
23996168837,18,900.0,950.0,50.0,73.52013559322035,74.07874015748031,73.89281640642378,0.07389281640642377,1.1172091285199315,0.9,8.560732652834048
23996168837,19,950.0,1000.0,50.0,74.07874015748031,74.01364389233956,73.97987042380572,0.07397987042380572,-0.13019253028150501,0.95,8.560732652834048
23996168837,20,1000.0,1050.0,50.0,74.01364389233956,74.1344377548542,74.0538206019795,0.0740538206019795,0.24158772502929082,1.0,8.681526515348693
23996168837,21,1050.0,1100.0,50.0,74.1344377548542,75.44858237547892,74.72852442939518,0.07472852442939518,2.6282892412494334,1.05,9.99567113597341
23996168837,22,1100.0,1150.0,50.0,75.44858237547892,78.06506429471325,76.6473600245419,0.0766473600245419,5.232963838468663,1.1,12.612153055207742
23996168837,23,1150.0,1200.0,50.0,78.06506429471325,80.88004436600019,79.51607261757626,0.07951607261757626,5.629960142573879,1.15,15.427133126494681
23996168837,24,1200.0,1250.0,50.0,80.88004436600019,82.50337662337661,81.80995353928658,0.08180995353928658,3.246664514752837,1.2,17.0504653838711
23996168837,25,1250.0,1300.0,50.0,82.50337662337661,82.8684277499915,82.7698713288118,0.0827698713288118,0.7301022532297736,1.25,17.415516510485986
23996168837,26,1300.0,1350.0,50.0,82.8684277499915,82.81352517985609,82.78982429000148,0.08278982429000148,-0.10980514027082222,1.3,17.415516510485986
23996168837,27,1350.0,1400.0,50.0,82.81352517985609,82.99559233449477,82.96111408434227,0.08296111408434227,0.3641343092773752,1.35,17.597583665124674
23996168837,28,1400.0,1450.0,50.0,82.99559233449477,82.0372640904587,82.54270155086145,0.08254270155086145,-1.9166564880721353,1.4,17.597583665124674
23996168837,29,1450.0,1500.0,50.0,82.0372640904587,81.79999999999998,81.8735491830351,0.08187354918303509,-0.47452818091744575,1.45,17.597583665124674
23996168837,30,1500.0,1550.0,50.0,81.79999999999998,81.92820083682007,81.83880055788003,0.08183880055788004,0.25640167364016975,1.5,17.72578450194476
23996168837,31,1550.0,1600.0,50.0,81.92820083682007,81.43846877144817,81.80145724530927,0.08180145724530927,-0.9794641307437928,1.55,17.72578450194476
23996168837,32,1600.0,1650.0,50.0,81.43846877144817,80.71536423841057,80.93588200375441,0.08093588200375441,-1.4462090660751983,1.6,17.72578450194476
23996168837,33,1650.0,1700.0,50.0,80.71536423841057,81.95411941817083,81.26622553527851,0.08126622553527851,2.4775103595205223,1.65,18.96453968170502
23996168837,34,1700.0,1750.0,50.0,81.95411941817083,84.40023426685981,83.01534700573272,0.08301534700573272,4.892229697377957,1.7,21.410654530393998
23996168837,35,1750.0,1800.0,50.0,84.40023426685981,89.00616539990753,86.68381229894958,0.08668381229894957,9.211862266095437,1.75,26.016585663441717
23996168837,36,1800.0,1850.0,50.0,89.00616539990753,92.52893698612331,90.88727117574622,0.09088727117574621,7.0455431724315645,1.8,29.5393572496575
23996168837,37,1850.0,1900.0,50.0,92.52893698612331,93.40612612612611,93.17038178277723,0.09317038178277723,1.7543782800055965,1.85,30.416546389660297
23996168837,38,1900.0,1950.0,50.0,93.40612612612611,91.66314389701778,92.68961749119173,0.09268961749119173,-3.485964458216671,1.9,30.416546389660297
23996168837,39,1950.0,2000.0,50.0,91.66314389701778,90.06709163346613,90.6100259332419,0.0906100259332419,-3.1921045271032824,1.95,30.416546389660297
23996168837,40,2000.0,2050.0,50.0,90.06709163346613,90.21857627118644,90.16855596821755,0.09016855596821755,0.3029692754406028,2.0,30.5680310273806
23996168837,41,2050.0,2100.0,50.0,90.21857627118644,90.77199918200408,90.49285030212701,0.090492850302127,1.1068458216352894,2.05,31.121453938198243
23996168837,42,2100.0,2150.0,50.0,90.77199918200408,91.13920634920638,91.0112685104035,0.0910112685104035,0.7344143344045904,2.1,31.48866110540054
23996168837,43,2150.0,2200.0,50.0,91.13920634920638,90.67999999999999,90.93280423280424,0.09093280423280424,-0.9184126984127658,2.15,31.48866110540054
23996168837,44,2200.0,2250.0,50.0,90.67999999999999,90.23857992105391,90.39077107211364,0.09039077107211364,-0.8828401578921614,2.2,31.48866110540054
23996168837,45,2250.0,2300.0,50.0,90.23857992105391,92.03879399585921,91.06522315765893,0.09106522315765893,3.600428149610593,2.25,33.288875180205835
23996168837,46,2300.0,2350.0,50.0,92.03879399585921,92.84255892255894,92.46265914842002,0.09246265914842001,1.6075298533994555,2.3,34.09264010690556
23996168837,47,2350.0,2400.0,50.0,92.84255892255894,94.50265446284357,93.59280349466928,0.09359280349466928,3.320191080569259,2.35,35.75273564719019
23996168837,48,2400.0,2450.0,50.0,94.50265446284357,95.84,95.27113042945376,0.09527113042945376,2.674691074312875,2.4,37.09008118434663
23996168837,49,2450.0,2500.0,50.0,95.84,96.82935938209903,96.29274420717854,0.09629274420717854,1.9787187641980495,2.45,38.079440566445655
23996168837,50,2500.0,2550.0,50.0,96.82935938209903,97.53144581109306,97.29010786463967,0.09729010786463967,1.4041728579880726,2.5,38.78152699543969
23996168837,51,2550.0,2600.0,50.0,97.53144581109306,97.71381672810682,97.63597066322144,0.09763597066322144,0.36474183402751237,2.55,38.96389791245345
23996168837,52,2600.0,2650.0,50.0,97.71381672810682,93.98083702691574,96.12834683944736,0.09612834683944736,-7.465959402382168,2.6,38.96389791245345
23996168837,53,2650.0,2700.0,50.0,93.98083702691574,91.58051142600566,92.50956683527836,0.09250956683527836,-4.800651201820159,2.65,38.96389791245345
23996168837,54,2700.0,2750.0,50.0,91.58051142600566,93.76947529836846,92.33174832504442,0.09233174832504441,4.377927744725611,2.7,41.15286178481625
23996168837,55,2750.0,2800.0,50.0,93.76947529836846,96.05452478277357,95.19409869539872,0.09519409869539872,4.570098968810214,2.75,43.43791126922136
23996168837,56,2800.0,2850.0,50.0,96.05452478277357,96.67537906137186,96.26328353538246,0.09626328353538245,1.2417085571965742,2.8,44.05876554781965
23996168837,57,2850.0,2900.0,50.0,96.67537906137186,98.06057142857142,97.32300636066701,0.09732300636066701,2.77038473439913,2.85,45.44395791501921
23996168837,58,2900.0,2950.0,50.0,98.06057142857142,100.824100717963,99.38858031335324,0.09938858031335325,5.527058578783169,2.9,48.207487204410796
23996168837,59,2950.0,3000.0,50.0,100.824100717963,102.73913911126581,102.01127514358622,0.10201127514358622,3.8300767866056162,2.95,50.122525597713604
23996168837,60,3000.0,3050.0,50.0,102.73913911126581,102.34827586206897,102.51399520972778,0.10251399520972779,-0.7817264983936809,3.0,50.122525597713604
23996168837,61,3050.0,3100.0,50.0,102.34827586206897,104.178222876962,102.93816321087593,0.10293816321087593,3.659894029786045,3.05,51.95247261260663
23996168837,62,3100.0,3150.0,50.0,104.178222876962,109.34124933451642,106.88674095809311,0.10688674095809311,10.326052915108846,3.1,57.11549907016105
23996168837,63,3150.0,3200.0,50.0,109.34124933451642,111.09142193532819,110.33111667396099,0.11033111667396099,3.5003452016235315,3.15,58.865671670972816
23996168837,64,3200.0,3250.0,50.0,111.09142193532819,112.14923588039866,111.63112526095448,0.11163112526095448,2.1156278901409564,3.2,59.923485616043294
23996168837,65,3250.0,3300.0,50.0,112.14923588039866,114.80023975035435,113.28029208025708,0.11328029208025708,5.3020077399113745,3.25,62.57448948599898
23996168837,66,3300.0,3350.0,50.0,114.80023975035435,120.6834386256822,117.45255302381946,0.11745255302381946,11.766397750655699,3.3,68.45768836132683
23996168837,67,3350.0,3400.0,50.0,120.6834386256822,128.59073384872872,124.85517714790755,0.12485517714790756,15.814590446093034,3.35,76.36498358437335
23996168837,68,3400.0,3450.0,50.0,128.59073384872872,130.64796296296294,129.93738900891586,0.12993738900891585,4.114458228468436,3.4,78.42221269860757
23996168837,69,3450.0,3500.0,50.0,130.64796296296294,132.05236196112006,131.16288977503825,0.13116288977503826,2.80879799631424,3.45,79.82661169676469
23996168837,70,3500.0,3550.0,50.0,132.05236196112006,137.79377412623893,134.65291470991164,0.13465291470991164,11.482824330237747,3.5,85.56802386188356
23996168837,71,3550.0,3600.0,50.0,137.79377412623893,144.77416767214476,141.34005395818141,0.14134005395818142,13.960787091811653,3.55,92.54841740778939
23996168837,72,3600.0,3650.0,50.0,144.77416767214476,151.3027168576105,148.14687449541512,0.1481468744954151,13.057098370931499,3.6,99.07696659325514
23996168837,73,3650.0,3700.0,50.0,151.3027168576105,153.91570469798654,152.86684973839047,0.15286684973839046,5.225975680752072,3.65,101.68995443363117
23996168837,74,3700.0,3750.0,50.0,153.91570469798654,155.99547195811482,154.79331332625802,0.154793313326258,4.159534520256557,3.7,103.76972169375945
23996168837,75,3750.0,3800.0,50.0,155.99547195811482,159.782654507406,157.87409063874202,0.15787409063874203,7.574365098582348,3.75,107.55690424305062
23996168837,76,3800.0,3850.0,50.0,159.782654507406,165.01460918448433,162.22275879619482,0.16222275879619483,10.46390935415667,3.8,112.78885892012896
23996168837,77,3850.0,3900.0,50.0,165.01460918448433,171.147962543554,168.20007469215378,0.16820007469215378,12.266706718139346,3.85,118.92221227919863
23996168837,78,3900.0,3950.0,50.0,171.147962543554,174.46560656961555,172.90880080555146,0.17290880080555146,6.635288052123087,3.9,122.23985630526018
23996168837,79,3950.0,4000.0,50.0,174.46560656961555,178.50093955237818,176.31481547309195,0.17631481547309197,8.07066596552528,3.95,126.27518928802282
23996168837,80,4000.0,4050.0,50.0,178.50093955237818,183.1678733251038,180.9662801929393,0.1809662801929393,9.333867545451255,4.0,130.94212306074843
23996168837,81,4050.0,4100.0,50.0,183.1678733251038,187.31550426963162,185.22348818612917,0.1852234881861292,8.29526188905561,4.05,135.08975400527623
23996168837,82,4100.0,4150.0,50.0,187.31550426963162,183.36907885358087,186.11967619899713,0.18611967619899714,-7.892850832101487,4.1,135.08975400527623
23996168837,83,4150.0,4200.0,50.0,183.36907885358087,178.91181818181818,180.73217528277223,0.18073217528277224,-8.914521343525394,4.15,135.08975400527623
23996168837,84,4200.0,4250.0,50.0,178.91181818181818,174.84975743685243,177.233990532538,0.177233990532538,-8.124121489931497,4.2,135.08975400527623
23996168837,85,4250.0,4300.0,50.0,174.84975743685243,167.07284407840564,171.04397336334924,0.17104397336334923,-15.553826716893582,4.25,135.08975400527623
23996168837,86,4300.0,4350.0,50.0,167.07284407840564,159.64548071921624,163.17340314536185,0.16317340314536186,-14.8547267183788,4.3,135.08975400527623
23996168837,87,4350.0,4400.0,50.0,159.64548071921624,155.12062992125985,157.13708861245692,0.15713708861245693,-9.04970159591278,4.35,135.08975400527623
23996168837,88,4400.0,4450.0,50.0,155.12062992125985,154.80000000000004,154.9267716535433,0.15492677165354332,-0.6412598425196165,4.4,135.08975400527623
23996168837,89,4450.0,4500.0,50.0,154.80000000000004,152.84304035523047,153.98012346001482,0.15398012346001483,-3.9139192895391375,4.45,135.08975400527623
23996168837,90,4500.0,4550.0,50.0,152.84304035523047,151.55642857142857,151.9617264190252,0.15196172641902522,-2.5732235676038044,4.5,135.08975400527623
23996168837,91,4550.0,4600.0,50.0,151.55642857142857,150.315,151.03511904761908,0.15103511904761907,-2.482857142857142,4.55,135.08975400527623
23996168837,92,4600.0,4650.0,50.0,150.315,148.1857357679914,149.31853114930183,0.14931853114930183,-4.258528464017218,4.6,135.08975400527623
23996168837,93,4650.0,4700.0,50.0,148.1857357679914,145.44858638743455,146.78519327488505,0.14678519327488504,-5.474298761113687,4.65,135.08975400527623
23996168837,94,4700.0,4750.0,50.0,145.44858638743455,143.47579148267496,144.42380841336768,0.1444238084133677,-3.945589809519163,4.7,135.08975400527623
23996168837,95,4750.0,4800.0,50.0,143.47579148267496,143.47366906474818,143.29586017704517,0.14329586017704518,-0.004244835853569384,4.75,135.08975400527623
23996168837,96,4800.0,4850.0,50.0,143.47366906474818,142.4552077345179,143.23933903935122,0.1432393390393512,-2.0369226604605615,4.8,135.08975400527623
23996168837,97,4850.0,4900.0,50.0,142.4552077345179,139.71905882352945,141.03313093243568,0.1410331309324357,-5.472297821976895,4.85,135.08975400527623
23996168837,98,4900.0,4950.0,50.0,139.71905882352945,137.95169884596658,139.05104435747398,0.13905104435747398,-3.5347199551257518,4.9,135.08975400527623
23996168837,99,4950.0,5000.0,50.0,137.95169884596658,132.97683485002494,135.3091722120345,0.1353091722120345,-9.949727991883265,4.95,135.08975400527623
23996168837,100,5000.0,5050.0,50.0,132.97683485002494,131.73617950394927,132.20920814349253,0.13220920814349252,-2.4813106921513395,5.0,135.08975400527623
23996168837,101,5050.0,5100.0,50.0,131.73617950394927,130.44,131.12164142811628,0.13112164142811628,-2.5923590078985512,5.05,135.08975400527623
23996168837,102,5100.0,5150.0,50.0,130.44,128.10255476943945,129.41965159358048,0.1294196515935805,-4.674890461121095,5.1,135.08975400527623
23996168837,103,5150.0,5200.0,50.0,128.10255476943945,123.8197490870032,126.04538180099321,0.1260453818009932,-8.565611364872495,5.15,135.08975400527623
23996168837,104,5200.0,5250.0,50.0,123.8197490870032,119.98411767548164,121.79731082155575,0.12179731082155576,-7.671262823043122,5.2,135.08975400527623
23996168837,105,5250.0,5300.0,50.0,119.98411767548164,117.05540165355917,118.48258733797674,0.11848258733797674,-5.857432043844938,5.25,135.08975400527623
23996168837,106,5300.0,5350.0,50.0,117.05540165355917,114.03359793046369,115.56214370177447,0.11556214370177448,-6.0436074461909755,5.3,135.08975400527623
23996168837,107,5350.0,5400.0,50.0,114.03359793046369,109.97158305361522,112.21184158113455,0.11221184158113455,-8.12402975369693,5.35,135.08975400527623
23996168837,108,5400.0,5450.0,50.0,109.97158305361522,103.23507002801121,106.5568361654136,0.1065568361654136,-13.473026051208024,5.4,135.08975400527623
23996168837,109,5450.0,5500.0,50.0,103.23507002801121,98.88341177268144,100.92534576110971,0.10092534576110972,-8.703316510659533,5.45,135.08975400527623
23996168837,110,5500.0,5550.0,50.0,98.88341177268144,95.30555555555554,97.0862390585683,0.0970862390585683,-7.155712434251797,5.5,135.08975400527623
23996168837,111,5550.0,5600.0,50.0,95.30555555555554,91.76223987938128,93.52009703730475,0.09352009703730475,-7.086631352348519,5.55,135.08975400527623
23996168837,112,5600.0,5650.0,50.0,91.76223987938128,89.1832876712329,90.4374903813967,0.0904374903813967,-5.157904416296759,5.6,135.08975400527623
23996168837,113,5650.0,5700.0,50.0,89.1832876712329,88.04,88.44497716894978,0.08844497716894978,-2.2865753424657953,5.65,135.08975400527623
23996168837,114,5700.0,5750.0,50.0,88.04,88.1946409754629,88.14999448040544,0.08814999448040543,0.3092819509257936,5.7,135.24439498073912
23996168837,115,5750.0,5800.0,50.0,88.1946409754629,88.44000000000003,88.22464649505748,0.08822464649505748,0.4907180490742462,5.75,135.48975400527624
23996168837,116,5800.0,5850.0,50.0,88.44000000000003,89.18401778042228,88.88376204101515,0.08888376204101514,1.4880355608445086,5.8,136.23377178569848
23996168837,117,5850.0,5900.0,50.0,89.18401778042228,87.85563274233184,88.6234751251991,0.08862347512519911,-2.656770076180891,5.85,136.23377178569848
23996168837,118,5900.0,5950.0,50.0,87.85563274233184,86.54222222222222,87.1672281713547,0.0871672281713547,-2.6268210402192267,5.9,136.23377178569848
23996168837,119,5950.0,6000.0,50.0,86.54222222222222,85.10496350364966,85.82821032711546,0.08582821032711546,-2.87451743714513,5.95,136.23377178569848
23996168837,120,6000.0,6050.0,50.0,85.10496350364966,84.28000000000002,84.61749391727496,0.08461749391727495,-1.6499270072992829,6.0,136.23377178569848
23996168837,121,6050.0,6100.0,50.0,84.28000000000002,84.7346712802768,84.42311418685121,0.08442311418685121,0.9093425605535685,6.05,136.68844306597526
23996168837,122,6100.0,6150.0,50.0,84.7346712802768,85.26007968127492,85.08162349448803,0.08508162349448803,1.050816801996234,6.1,137.21385146697338
23996168837,123,6150.0,6200.0,50.0,85.26007968127492,84.69912280701756,85.01320041471543,0.08501320041471543,-1.1219137485147144,6.15,137.21385146697338
23996168837,124,6200.0,6250.0,50.0,84.69912280701756,84.4,84.52926900584798,0.08452926900584798,-0.5982456140351076,6.2,137.21385146697338
23996168837,125,6250.0,6300.0,50.0,84.4,84.3799298245614,84.34998830409357,0.08434998830409357,-0.04014035087720913,6.25,137.21385146697338
23996168837,126,6300.0,6350.0,50.0,84.3799298245614,84.17643951246133,84.36797365921018,0.08436797365921019,-0.4069806242001448,6.3,137.21385146697338
23996168837,127,6350.0,6400.0,50.0,84.17643951246133,83.08314501108649,83.63720707807967,0.08363720707807967,-2.1865890027496846,6.35,137.21385146697338
23996168837,128,6400.0,6450.0,50.0,83.08314501108649,81.99529345070312,82.53888267766366,0.08253888267766367,-2.175703120766741,6.4,137.21385146697338
23996168837,129,6450.0,6500.0,50.0,81.99529345070312,81.53096774193548,81.71774532707708,0.08171774532707708,-0.9286514175352636,6.45,137.21385146697338
23996168837,130,6500.0,6550.0,50.0,81.53096774193548,81.08116326530615,81.30761454904545,0.08130761454904545,-0.899608953258678,6.5,137.21385146697338
23996168837,131,6550.0,6600.0,50.0,81.08116326530615,80.40530349887817,80.7404544641336,0.08074045446413361,-1.3517195328559524,6.55,137.21385146697338
23996168837,132,6600.0,6650.0,50.0,80.40530349887817,79.67999999999999,80.0590429122956,0.0800590429122956,-1.4506069977563527,6.6,137.21385146697338
23996168837,133,6650.0,6700.0,50.0,79.67999999999999,78.9988839336764,79.34996302649132,0.07934996302649132,-1.3622321326471933,6.65,137.21385146697338
23996168837,134,6700.0,6750.0,50.0,78.9988839336764,78.43765757421386,78.74551193205423,0.07874551193205423,-1.122452718925075,6.7,137.21385146697338
23996168837,135,6750.0,6800.0,50.0,78.43765757421386,77.53963376976283,77.93164759759897,0.07793164759759896,-1.7960476089020574,6.75,137.21385146697338
23996168837,136,6800.0,6850.0,50.0,77.53963376976283,77.23652733118975,77.37282549749999,0.07737282549749999,-0.606212877146163,6.8,137.21385146697338
23996168837,137,6850.0,6900.0,50.0,77.23652733118975,77.11648484848483,77.24491617135992,0.07724491617135992,-0.24008496540983515,6.85,137.21385146697338
23996168837,138,6900.0,6950.0,50.0,77.11648484848483,76.0364577817005,76.51590114739629,0.07651590114739629,-2.16005413356865,6.9,137.21385146697338
23996168837,139,6950.0,7000.0,50.0,76.0364577817005,76.28412322274883,76.1079999298186,0.0761079999298186,0.49533088209665266,6.95,137.4615169080217
23996168837,140,7000.0,7007.13,7.130000000000109,76.28412322274883,76.35164984202214,76.28412322274883,0.07628412322274883,0.9470774091628054,7.0,137.52904352729502
24069625931,0,0.0,50.0,50.0,76.20661764705882,77.37831265508687,76.77215359375761,0.07677215359375761,2.343390016056105,0.0,1.1716950080280526
24069625931,1,50.0,100.0,50.0,77.37831265508687,77.50864197530862,77.47418640035129,0.07747418640035128,0.26065864044349496,0.05,1.3020243282498
24069625931,2,100.0,150.0,50.0,77.50864197530862,77.8218413693346,77.71204494406544,0.07771204494406544,0.6263987880519721,0.1,1.6152237222757861
24069625931,3,150.0,200.0,50.0,77.8218413693346,76.87677469229087,77.4447470185337,0.07744474701853371,-1.8901333540874816,0.15,1.6152237222757861
24069625931,4,200.0,250.0,50.0,76.87677469229087,75.48303448275861,76.11953149224327,0.07611953149224326,-2.787480419064508,0.2,1.6152237222757861
24069625931,5,250.0,300.0,50.0,75.48303448275861,74.43999999999998,74.91586206896551,0.07491586206896551,-2.0860689655172564,0.25,1.6152237222757861
24069625931,6,300.0,350.0,50.0,74.43999999999998,75.00134528459202,74.60421696014038,0.07460421696014037,1.1226905691840727,0.3,2.1765690068678225
24069625931,7,350.0,400.0,50.0,75.00134528459202,76.79345147020557,75.88919034197268,0.07588919034197268,3.584212371227096,0.35,3.9686751924813706
24069625931,8,400.0,450.0,50.0,76.79345147020557,78.03999999999999,77.47472278601786,0.07747472278601786,2.493097059588848,0.4,5.215223722275795
24069625931,9,450.0,500.0,50.0,78.03999999999999,78.37058365758756,78.31019455252918,0.07831019455252919,0.6611673151751347,0.45,5.545807379863362
24069625931,10,500.0,550.0,50.0,78.37058365758756,77.2291615072996,77.77397976978871,0.07777397976978871,-2.282844300575931,0.5,5.545807379863362
24069625931,11,550.0,600.0,50.0,77.2291615072996,77.97052375759463,77.5189971291144,0.07751899712911439,1.4827245005900807,0.55,6.287169630158402
24069625931,12,600.0,650.0,50.0,77.97052375759463,78.0619863945578,78.00652150733066,0.07800652150733066,0.18292527392634383,0.6,6.378632267121574
24069625931,13,650.0,700.0,50.0,78.0619863945578,80.01810195288456,79.07762903986507,0.07907762903986507,3.9122311166535155,0.65,8.334747825448332
24069625931,14,700.0,750.0,50.0,80.01810195288456,77.10202356100746,78.87394553711651,0.07887394553711652,-5.832156783754215,0.7,8.334747825448332
24069625931,15,750.0,800.0,50.0,77.10202356100746,73.85769696969695,75.2725274366012,0.07527252743660119,-6.488653182621022,0.75,8.334747825448332
24069625931,16,800.0,850.0,50.0,73.85769696969695,73.75999999999996,73.71628282828281,0.07371628282828281,-0.19539393939396632,0.8,8.334747825448332
24069625931,17,850.0,900.0,50.0,73.75999999999996,73.71999999999998,73.7733333333333,0.0737733333333333,-0.07999999999995566,0.85,8.334747825448332
24069625931,18,900.0,950.0,50.0,73.71999999999998,73.79999999999998,73.71333333333332,0.07371333333333333,0.1599999999999966,0.9,8.41474782544833
24069625931,19,950.0,1000.0,50.0,73.79999999999998,74.14038314176244,73.93126436781607,0.07393126436781607,0.6807662835249175,0.95,8.755130967210789
24069625931,20,1000.0,1050.0,50.0,74.14038314176244,76.16517901835739,75.04385870252753,0.07504385870252753,4.049591753189901,1.0,10.77992684380574
24069625931,21,1050.0,1100.0,50.0,76.16517901835739,79.44488873714758,77.72403987591291,0.0777240398759129,6.559419437580374,1.05,14.059636562595927
24069625931,22,1100.0,1150.0,50.0,79.44488873714758,82.60956416765387,81.13942183341253,0.08113942183341252,6.3293508610125855,1.1,17.22431199310222
24069625931,23,1150.0,1200.0,50.0,82.60956416765387,83.9028773793714,83.35297816779615,0.08335297816779615,2.5866264234350638,1.15,18.51762520481975
24069625931,24,1200.0,1250.0,50.0,83.9028773793714,84.08000000000001,84.04466283016086,0.08404466283016086,0.35424524125721746,1.2,18.69474782544836
24069625931,25,1250.0,1300.0,50.0,84.08000000000001,84.32000000000001,84.17333333333335,0.08417333333333335,0.47999999999998977,1.25,18.934747825448355
24069625931,26,1300.0,1350.0,50.0,84.32000000000001,83.95691042171283,84.24728137249286,0.08424728137249286,-0.7261791565743465,1.3,18.934747825448355
24069625931,27,1350.0,1400.0,50.0,83.95691042171283,83.04,83.42296238255332,0.08342296238255333,-1.8338208434256558,1.35,18.934747825448355
24069625931,28,1400.0,1450.0,50.0,83.04,83.09600000000002,83.03866666666669,0.08303866666666669,0.11200000000002319,1.4,18.990747825448366
24069625931,29,1450.0,1500.0,50.0,83.09600000000002,83.27695501730106,83.18914417531722,0.08318914417531723,0.36191003460209004,1.45,19.17170284274941
24069625931,30,1500.0,1550.0,50.0,83.27695501730106,82.72035190702066,83.13133411231145,0.08313133411231145,-1.1132062205608122,1.5,19.17170284274941
24069625931,31,1550.0,1600.0,50.0,82.72035190702066,82.51331058020479,82.42415059346213,0.08242415059346213,-0.4140826536317377,1.55,19.17170284274941
24069625931,32,1600.0,1650.0,50.0,82.51331058020479,84.15198709634508,83.25500852211322,0.08325500852211322,3.277353032280587,1.6,20.810379358889705
24069625931,33,1650.0,1700.0,50.0,84.15198709634508,87.40089751640218,85.6082421365886,0.0856082421365886,6.497820840114201,1.65,24.059289778946805
24069625931,34,1700.0,1750.0,50.0,87.40089751640218,92.12953700476845,89.8099642681151,0.08980996426811509,9.457278976732539,1.7,28.787929267313075
24069625931,35,1750.0,1800.0,50.0,92.12953700476845,95.00438398999374,93.74523346297758,0.09374523346297758,5.749693970450579,1.75,31.662776252538364
24069625931,36,1800.0,1850.0,50.0,95.00438398999374,95.20048192771085,95.26525347167279,0.09526525347167279,0.3921958754342256,1.8,31.858874190255477
24069625931,37,1850.0,1900.0,50.0,95.20048192771085,92.95340181903319,94.27687778662238,0.09427687778662237,-4.494160217355329,1.85,31.858874190255477
24069625931,38,1900.0,1950.0,50.0,92.95340181903319,92.22338107836876,92.2901921977584,0.0922901921977584,-1.460041481328858,1.9,31.858874190255477
24069625931,39,1950.0,2000.0,50.0,92.22338107836876,92.71535483870966,92.49274957580133,0.09249274957580132,0.9839475206817951,1.95,32.350847950596375
24069625931,40,2000.0,2050.0,50.0,92.71535483870966,93.20000000000002,92.95255913978495,0.09295255913978495,0.9692903225807186,2.0,32.835493111886734
24069625931,41,2050.0,2100.0,50.0,93.20000000000002,93.03939361889653,93.18252188730243,0.09318252188730243,-0.3212127622069829,2.05,32.835493111886734
24069625931,42,2100.0,2150.0,50.0,93.03939361889653,92.27421009373796,92.67346678564168,0.09267346678564167,-1.5303670503171247,2.1,32.835493111886734
24069625931,43,2150.0,2200.0,50.0,92.27421009373796,92.15483962618046,91.9953280007651,0.0919953280007651,-0.23874093511500405,2.15,32.835493111886734
24069625931,44,2200.0,2250.0,50.0,92.15483962618046,93.89641025641028,93.12259675057584,0.09312259675057584,3.4831412604596323,2.2,34.57706374211655
24069625931,45,2250.0,2300.0,50.0,93.89641025641028,94.89250909090909,94.36635835275837,0.09436635835275836,1.992197668997619,2.25,35.57316257661536
24069625931,46,2300.0,2350.0,50.0,94.89250909090909,96.78756451940663,95.8282165271902,0.09582821652719019,3.790110856995085,2.3,37.4682180051129
24069625931,47,2350.0,2400.0,50.0,96.78756451940663,97.82116923076924,97.32074659361501,0.09732074659361502,2.0672094227252273,2.35,38.501822716475516
24069625931,48,2400.0,2450.0,50.0,97.82116923076924,99.0897124600639,98.45505110182683,0.09845505110182683,2.5370864585893003,2.4,39.770365945770166
24069625931,49,2450.0,2500.0,50.0,99.0897124600639,98.73163918096293,98.99887209426363,0.09899887209426363,-0.7161465582019275,2.45,39.770365945770166
24069625931,50,2500.0,2550.0,50.0,98.73163918096293,98.31748944395022,98.70800155696132,0.09870800155696133,-0.8282994740254139,2.5,39.770365945770166
24069625931,51,2550.0,2600.0,50.0,98.31748944395022,94.11370998239325,96.2451609790594,0.09624516097905941,-8.407558923113953,2.55,39.770365945770166
24069625931,52,2600.0,2650.0,50.0,94.11370998239325,93.33148441247002,93.39745796884455,0.09339745796884455,-1.5644511398464545,2.6,39.770365945770166
24069625931,53,2650.0,2700.0,50.0,93.33148441247002,96.75887673469389,94.9221111404754,0.0949221111404754,6.854784644447733,2.65,43.19775826799403
24069625931,54,2700.0,2750.0,50.0,96.75887673469389,97.78858098423316,97.5030010584033,0.0975030010584033,2.0594084990785575,2.7,44.22746251753331
24069625931,55,2750.0,2800.0,50.0,97.78858098423316,98.55267012987014,98.09277935687503,0.09809277935687502,1.5281782912739459,2.75,44.991551663170284
24069625931,56,2800.0,2850.0,50.0,98.55267012987014,100.66286140544207,99.4678075471532,0.0994678075471532,4.220382551143871,2.8,47.10174293874222
24069625931,57,2850.0,2900.0,50.0,100.66286140544207,103.66315313057041,102.19779662710096,0.10219779662710096,6.00058345025667,2.85,50.102034663870555
24069625931,58,2900.0,2950.0,50.0,103.66315313057041,104.33574007220219,104.23616002028272,0.10423616002028273,1.3451738832635556,2.9,50.77462160550233
24069625931,59,2950.0,3000.0,50.0,104.33574007220219,104.56944253736913,104.37035302387186,0.10437035302387186,0.46740493033388475,2.95,51.008324070669275
24069625931,60,3000.0,3050.0,50.0,104.56944253736913,108.69290093092577,106.20324035786784,0.10620324035786784,8.246916787113292,3.0,55.13178246422592
24069625931,61,3050.0,3100.0,50.0,108.69290093092577,112.61761372809417,110.94804863087712,0.11094804863087712,7.849425594336793,3.05,59.05649526139432
24069625931,62,3100.0,3150.0,50.0,112.61761372809417,114.04484375000001,113.466791041173,0.11346679104117299,2.8544600438116845,3.1,60.48372528330016
24069625931,63,3150.0,3200.0,50.0,114.04484375000001,115.05750796138098,114.41868344717267,0.11441868344717267,2.0253284227619304,3.15,61.496389494681125
24069625931,64,3200.0,3250.0,50.0,115.05750796138098,119.3020836413018,116.94739713961356,0.11694739713961355,8.489151359841657,3.2,65.74096517460195
24069625931,65,3250.0,3300.0,50.0,119.3020836413018,127.32744330451776,123.07015694030123,0.12307015694030123,16.050719326431903,3.25,73.7663248378179
24069625931,66,3300.0,3350.0,50.0,127.32744330451776,133.68932304498412,131.00772917642848,0.13100772917642847,12.723759480932726,3.3,80.12820457828427
24069625931,67,3350.0,3400.0,50.0,133.68932304498412,134.51999999999998,134.2073391653354,0.13420733916533542,1.6613539100317212,3.35,80.95888153330013
24069625931,68,3400.0,3450.0,50.0,134.51999999999998,137.54850246204876,135.6474814134456,0.1356474814134456,6.057004924097555,3.4,83.9873839953489
24069625931,69,3450.0,3500.0,50.0,137.54850246204876,144.89089626770365,141.19290178751854,0.14119290178751853,14.684787611309787,3.45,91.3297778010038
24069625931,70,3500.0,3550.0,50.0,144.89089626770365,152.1772445904337,148.44768680871604,0.14844768680871603,14.572696645460098,3.5,98.61612612373385
24069625931,71,3550.0,3600.0,50.0,152.1772445904337,157.7940136054422,155.34691798170772,0.15534691798170772,11.233538030016973,3.55,104.23289513874234
24069625931,72,3600.0,3650.0,50.0,157.7940136054422,159.73265586252273,158.79471203224784,0.15879471203224785,3.87728451416109,3.6,106.17153739582288
24069625931,73,3650.0,3700.0,50.0,159.73265586252273,162.8019907510623,161.19072727896324,0.16119072727896325,6.138669777079144,3.65,109.24087228436245
24069625931,74,3700.0,3750.0,50.0,162.8019907510623,166.96214023090596,164.7292050363337,0.1647292050363337,8.320298959687307,3.7,113.4010217642061
24069625931,75,3750.0,3800.0,50.0,166.96214023090596,173.19699647053326,170.02000741710344,0.17002000741710344,12.46971247925461,3.75,119.63587800383341
24069625931,76,3800.0,3850.0,50.0,173.19699647053326,178.30042633552733,175.97244135730637,0.17597244135730636,10.206859729988139,3.8,124.73930786882748
24069625931,77,3850.0,3900.0,50.0,178.30042633552733,181.45473793548243,179.83536475978852,0.1798353647597885,6.308623199910187,3.85,127.89361946878257
24069625931,78,3900.0,3950.0,50.0,181.45473793548243,186.35182496975642,183.80425933344145,0.18380425933344144,9.794174068547989,3.9,132.79070650305658
24069625931,79,3950.0,4000.0,50.0,186.35182496975642,190.4979094486609,188.54860589657554,0.18854860589657554,8.29216895780894,3.95,136.93679098196105
24069625931,80,4000.0,4050.0,50.0,190.4979094486609,194.79212271188652,192.53551576959364,0.19253551576959366,8.588426526451258,4.0,141.23100424518668
24069625931,81,4050.0,4100.0,50.0,194.79212271188652,199.04079233561666,197.06485994188935,0.19706485994188935,8.497339247460275,4.05,145.47967386891682
24069625931,82,4100.0,4150.0,50.0,199.04079233561666,198.80515558637427,199.18238626670487,0.19918238626670487,-0.47127349848477706,4.1,145.47967386891682
24069625931,83,4150.0,4200.0,50.0,198.80515558637427,197.78711409395976,198.16359822758758,0.19816359822758758,-2.0360829848290223,4.15,145.47967386891682
24069625931,84,4200.0,4250.0,50.0,197.78711409395976,198.73368938044635,198.24468972761474,0.19824468972761475,1.893150572973184,4.2,146.4262491554034
24069625931,85,4250.0,4300.0,50.0,198.73368938044635,199.22477777777777,199.1125742240471,0.1991125742240471,0.9821767946628484,4.25,146.91733755273484
24069625931,86,4300.0,4350.0,50.0,199.22477777777777,197.88056239790018,198.46880598842816,0.19846880598842817,-2.6884307597551924,4.3,146.91733755273484
24069625931,87,4350.0,4400.0,50.0,197.88056239790018,200.74696445793728,199.1273955461747,0.1991273955461747,5.732804120074206,4.35,149.78373961277194
24069625931,88,4400.0,4450.0,50.0,200.74696445793728,201.75999999999996,201.4770475434568,0.2014770475434568,2.0260710841253626,4.4,150.79677515483462
24069625931,89,4450.0,4500.0,50.0,201.75999999999996,202.68889385049968,201.98324091285943,0.20198324091285944,1.8577877009994381,4.45,151.72566900533434
24069625931,90,4500.0,4550.0,50.0,202.68889385049968,205.25433021018006,204.0553962553624,0.2040553962553624,5.130872719360752,4.5,154.29110536501472
24069625931,91,4550.0,4600.0,50.0,205.25433021018006,208.6015159434566,206.78510708971916,0.20678510708971917,6.694371466553093,4.55,157.63829109829126
24069625931,92,4600.0,4650.0,50.0,208.6015159434566,212.80577336518363,210.74376174599627,0.21074376174599627,8.408514843454043,4.6,161.84254852001828
24069625931,93,4650.0,4700.0,50.0,212.80577336518363,215.4099141486422,214.10129685678348,0.21410129685678347,5.208281566917151,4.65,164.44668930347686
24069625931,94,4700.0,4750.0,50.0,215.4099141486422,218.8684730434783,217.22122349782117,0.21722122349782116,6.917117789672204,4.7,167.90524819831296
24069625931,95,4750.0,4800.0,50.0,218.8684730434783,221.90765765765764,220.3630934221178,0.2203630934221178,6.078369228358667,4.75,170.9444328124923
24069625931,96,4800.0,4850.0,50.0,221.90765765765764,223.88000000000002,223.00343843843845,0.22300343843843845,3.9446846846847734,4.8,172.91677515483468
24069625931,97,4850.0,4900.0,50.0,223.88000000000002,224.55967169646175,224.3010956107693,0.2243010956107693,1.3593433929234493,4.85,173.5964468512964
24069625931,98,4900.0,4950.0,50.0,224.55967169646175,224.0900607418393,224.40267234704538,0.2244026723470454,-0.9392219092449068,4.9,173.5964468512964
24069625931,99,4950.0,5000.0,50.0,224.0900607418393,222.73829148333306,223.4612965450723,0.2234612965450723,-2.7035385170124755,4.95,173.5964468512964
24069625931,100,5000.0,5050.0,50.0,222.73829148333306,220.20038377989948,221.5620124201721,0.2215620124201721,-5.07581540686715,5.0,173.5964468512964
24069625931,101,5050.0,5100.0,50.0,220.20038377989948,217.273419396081,218.7074018127961,0.2187074018127961,-5.853928767636944,5.05,173.5964468512964
24069625931,102,5100.0,5150.0,50.0,217.273419396081,214.1423852365164,215.75627132768736,0.21575627132768735,-6.2620683191292414,5.1,173.5964468512964
24069625931,103,5150.0,5200.0,50.0,214.1423852365164,211.19720655958668,212.60551962953127,0.21260551962953128,-5.890357353859429,5.15,173.5964468512964
24069625931,104,5200.0,5250.0,50.0,211.19720655958668,209.1708584025918,210.15894055352783,0.21015894055352782,-4.05269631398977,5.2,173.5964468512964
24069625931,105,5250.0,5300.0,50.0,209.1708584025918,207.05684785473335,208.07825221111477,0.20807825221111478,-4.228021095716883,5.25,173.5964468512964
24069625931,106,5300.0,5350.0,50.0,207.05684785473335,204.3590285175941,205.76585821774643,0.20576585821774643,-5.395638674278473,5.3,173.5964468512964
24069625931,107,5350.0,5400.0,50.0,204.3590285175941,201.57913186295414,202.9937135846352,0.2029937135846352,-5.559793309279939,5.35,173.5964468512964
24069625931,108,5400.0,5450.0,50.0,201.57913186295414,198.0495378853903,199.88758752209935,0.19988758752209934,-7.0591879551276975,5.4,173.5964468512964
24069625931,109,5450.0,5500.0,50.0,198.0495378853903,193.69612959132732,195.95741203679566,0.19595741203679565,-8.706816588125946,5.45,173.5964468512964
24069625931,110,5500.0,5550.0,50.0,193.69612959132732,189.83359464569767,191.54374448419262,0.19154374448419262,-7.725069891259295,5.5,173.5964468512964
24069625931,111,5550.0,5600.0,50.0,189.83359464569767,186.9369383753612,188.6082150901202,0.1886082150901202,-5.793312540672957,5.55,173.5964468512964
24069625931,112,5600.0,5650.0,50.0,186.9369383753612,183.61687328178692,185.0676795633242,0.18506767956332418,-6.640130187148543,5.6,173.5964468512964
24069625931,113,5650.0,5700.0,50.0,183.61687328178692,183.56297835497836,183.39439775423602,0.18339439775423602,-0.10778985361713467,5.65,173.5964468512964
24069625931,114,5700.0,5750.0,50.0,183.56297835497836,183.52,183.61793362193362,0.18361793362193363,-0.08595670995669025,5.7,173.5964468512964
24069625931,115,5750.0,5800.0,50.0,183.52,183.06169865774888,183.31109426298352,0.1833110942629835,-0.9166026845022657,5.75,173.5964468512964
24069625931,116,5800.0,5850.0,50.0,183.06169865774888,181.71124322958545,182.43284100702678,0.18243284100702678,-2.700910856326857,5.8,173.5964468512964
24069625931,117,5850.0,5900.0,50.0,181.71124322958545,181.05564668769716,181.30204552373837,0.18130204552373838,-1.3111930837765726,5.85,173.5964468512964
24069625931,118,5900.0,5950.0,50.0,181.05564668769716,180.90440281030442,181.00363822624772,0.1810036382262477,-0.3024877547854885,5.9,173.5964468512964
24069625931,119,5950.0,6000.0,50.0,180.90440281030442,180.0815506871448,180.58418759806702,0.18058418759806702,-1.6457042463192124,5.95,173.5964468512964
24069625931,120,6000.0,6050.0,50.0,180.0815506871448,178.46789473684208,179.1773144017858,0.1791773144017858,-3.227311900605457,6.0,173.5964468512964
24069625931,121,6050.0,6100.0,50.0,178.46789473684208,178.18991452991455,178.28459214275006,0.17828459214275005,-0.5559604138550753,6.05,173.5964468512964
24069625931,122,6100.0,6150.0,50.0,178.18991452991455,178.48444444444448,178.3040455840456,0.1783040455840456,0.5890598290598632,6.1,173.89097676582634
24069625931,123,6150.0,6200.0,50.0,178.48444444444448,178.7588612099644,178.8031343086859,0.1788031343086859,0.5488335310398611,6.15,174.16539353134627
24069625931,124,6200.0,6250.0,50.0,178.7588612099644,177.6,178.07276393831555,0.17807276393831556,-2.3177224199288275,6.2,174.16539353134627
24069625931,125,6250.0,6300.0,50.0,177.6,177.3262608695652,177.46104347826085,0.17746104347826086,-0.5474782608695818,6.25,174.16539353134627
24069625931,126,6300.0,6350.0,50.0,177.3262608695652,177.83999999999997,177.5052173913043,0.17750521739130432,1.0274782608695432,6.3,174.67913266178104
24069625931,127,6350.0,6400.0,50.0,177.83999999999997,178.16000000000003,178.04,0.17804,0.6400000000001,6.35,174.9991326617811
24069625931,128,6400.0,6450.0,50.0,178.16000000000003,178.85789981413126,178.41811285417592,0.17841811285417591,1.3957996282624663,6.4,175.69703247591232
24069625931,129,6450.0,6500.0,50.0,178.85789981413126,181.111014988568,179.96185047083682,0.17996185047083682,4.506230348873487,6.45,177.95014765034907
24069625931,130,6500.0,6550.0,50.0,181.111014988568,183.71147578315816,182.34629040012445,0.18234629040012446,5.200921589180325,6.5,180.55060844493923
24069625931,131,6550.0,6600.0,50.0,183.71147578315816,185.8279480122324,184.8589268709139,0.1848589268709139,4.232944458148495,6.55,182.66708067401348
24069625931,132,6600.0,6650.0,50.0,185.8279480122324,187.02188547153781,186.49615953135057,0.18649615953135057,2.3878749186108053,6.6,183.86101813331888
24069625931,133,6650.0,6700.0,50.0,187.02188547153781,188.00029626703537,187.43149109213712,0.1874314910921371,1.956821590995105,6.65,184.83942892881643
24069625931,134,6700.0,6750.0,50.0,188.00029626703537,189.0363477576148,188.55582982843578,0.18855582982843577,2.072102981158878,6.7,185.87548041939587
24069625931,135,6750.0,6800.0,50.0,189.0363477576148,189.6,189.3315403796366,0.18933154037963662,1.1273044847703773,6.75,186.43913266178106
24069625931,136,6800.0,6850.0,50.0,189.6,190.3791570881226,190.01943805874842,0.1900194380587484,1.5583141762452328,6.8,187.21828974990368
24069625931,137,6850.0,6900.0,50.0,190.3791570881226,191.17612403100776,190.70907303454217,0.19070907303454218,1.5939338857702978,6.85,188.01525669278882
24069625931,138,6900.0,6950.0,50.0,191.17612403100776,192.94561923916848,192.07081149251448,0.19207081149251448,3.5389904163214396,6.9,189.78475190094954
24069625931,139,6950.0,7000.0,50.0,192.94561923916848,194.73065442733045,193.79162558620283,0.19379162558620283,3.5700703763239403,6.95,191.56978708911151
24069625931,140,7000.0,7050.0,50.0,194.73065442733045,199.0891767932074,196.64415789281318,0.19664415789281317,8.717044731753901,7.0,195.92830945498847
24069625931,141,7050.0,7100.0,50.0,199.0891767932074,201.7555294117647,200.80339021989798,0.200803390219898,5.332705237114624,7.05,198.59466207354578
24069625931,142,7100.0,7150.0,50.0,201.7555294117647,200.79151606678414,201.44344974657372,0.20144344974657372,-1.9280266899611433,7.1,198.59466207354578
24069625931,143,7150.0,7200.0,50.0,200.79151606678414,200.85701754385968,200.5971760553326,0.2005971760553326,0.13100295415108576,7.15,198.66016355062132
24069625931,144,7200.0,7250.0,50.0,200.85701754385968,200.6,200.88567251461987,0.20088567251461986,-0.5140350877193782,7.2,198.66016355062132
24069625931,145,7250.0,7300.0,50.0,200.6,197.65946055763942,199.29307314894345,0.19929307314894346,-5.881078884721148,7.25,198.66016355062132
24069625931,146,7300.0,7350.0,50.0,197.65946055763942,191.8451880006757,195.13733708472623,0.19513733708472622,-11.62854511392743,7.3,198.66016355062132
24069625931,147,7350.0,7400.0,50.0,191.8451880006757,178.6285591980377,185.58756822900568,0.18558756822900568,-26.433257605276026,7.35,198.66016355062132
24069625931,148,7400.0,7450.0,50.0,178.6285591980377,165.16919367627696,171.594005891458,0.171594005891458,-26.91873104352146,7.4,198.66016355062132
24069625931,149,7450.0,7500.0,50.0,165.16919367627696,158.05036340345117,161.38252872940737,0.16138252872940737,-14.237660545651579,7.45,198.66016355062132
24069625931,150,7500.0,7550.0,50.0,158.05036340345117,148.69297630398069,153.66763992059896,0.15366763992059895,-18.714774198940972,7.5,198.66016355062132
24069625931,151,7550.0,7600.0,50.0,148.69297630398069,143.8802333333333,145.38402146925515,0.14538402146925514,-9.625485941294755,7.55,198.66016355062132
24069625931,152,7600.0,7650.0,50.0,143.8802333333333,142.85924879476315,143.76598782060003,0.14376598782060004,-2.0419690771403225,7.6,198.66016355062132
24069625931,153,7650.0,7700.0,50.0,142.85924879476315,139.8347437899589,141.22538352721668,0.14122538352721667,-6.04901000960848,7.65,198.66016355062132
24069625931,154,7700.0,7750.0,50.0,139.8347437899589,139.1092396179402,139.3536159351335,0.13935361593513348,-1.4510083440374046,7.7,198.66016355062132
24069625931,155,7750.0,7800.0,50.0,139.1092396179402,141.00388281339505,139.92596495704865,0.13992596495704865,3.7892863909096945,7.75,200.55480674607617
24069625931,156,7800.0,7850.0,50.0,141.00388281339505,142.2762799856785,141.73787469872232,0.14173787469872232,2.544794344566924,7.8,201.82720391835963
24069625931,157,7850.0,7900.0,50.0,142.2762799856785,141.28331194968555,141.96256848230192,0.14196256848230193,-1.9859360719859183,7.85,201.82720391835963
24069625931,158,7900.0,7950.0,50.0,141.28331194968555,140.52399039176973,140.77988285256504,0.14077988285256504,-1.518643115831651,7.9,201.82720391835963
24069625931,159,7950.0,8000.0,50.0,140.52399039176973,141.66414339059003,140.9038583526501,0.1409038583526501,2.280305997640596,7.95,202.96735691717993
24069625931,160,8000.0,8050.0,50.0,141.66414339059003,142.50919158361017,142.3169570422052,0.14231695704220518,1.6900963860402953,8.0,203.81240511020007
24069625931,161,8050.0,8100.0,50.0,142.50919158361017,141.06177589650275,141.8602715620705,0.14186027156207048,-2.8948313742148457,8.05,203.81240511020007
24069625931,162,8100.0,8150.0,50.0,141.06177589650275,139.47989359701404,140.24982128334355,0.14024982128334354,-3.163764598977423,8.1,203.81240511020007
24069625931,163,8150.0,8200.0,50.0,139.47989359701404,137.5638549827828,138.5386427227791,0.13853864272277908,-3.832077228462481,8.15,203.81240511020007
24069625931,164,8200.0,8250.0,50.0,137.5638549827828,135.05878593374393,136.35543873446682,0.13635543873446682,-5.010138098077732,8.2,203.81240511020007
24069625931,165,8250.0,8300.0,50.0,135.05878593374393,132.8712581818182,133.9033777866345,0.1339033777866345,-4.375055503851456,8.25,203.81240511020007
24069625931,166,8300.0,8350.0,50.0,132.8712581818182,131.96671029872738,132.21654157995195,0.13221654157995194,-1.809095766181656,8.3,203.81240511020007
24069625931,167,8350.0,8400.0,50.0,131.96671029872738,133.81819035266508,132.87669100429505,0.13287669100429506,3.7029601078754126,8.35,205.66388516413778
24069625931,168,8400.0,8450.0,50.0,133.81819035266508,135.49486590038313,134.69466715224934,0.13469466715224934,3.3533510954360963,8.4,207.34056071185583
24069625931,169,8450.0,8500.0,50.0,135.49486590038313,137.04230019455719,136.12102040985937,0.13612102040985938,3.094868588348106,8.45,208.88799500602988
24069625931,170,8500.0,8550.0,50.0,137.04230019455719,142.064943485499,139.57256704545523,0.13957256704545523,10.045286581883602,8.5,213.91063829697168
24069625931,171,8550.0,8600.0,50.0,142.064943485499,143.55888551013624,142.83252323418574,0.14283252323418574,2.9878840492744985,8.55,215.40458032160893
24069625931,172,8600.0,8650.0,50.0,143.55888551013624,146.855142966801,145.14273750580278,0.14514273750580278,6.5925149133295236,8.6,218.7008377782737
24069625931,173,8650.0,8700.0,50.0,146.855142966801,147.58031496062995,147.54087007546624,0.14754087007546624,1.4503439876579023,8.65,219.42600977210265
24069625931,174,8700.0,8750.0,50.0,147.58031496062995,147.9527245295671,147.47741842215873,0.14747741842215872,0.7448191378742877,8.7,219.7984193410398
24069625931,175,8750.0,8800.0,50.0,147.9527245295671,150.15199130272867,149.18794498514998,0.14918794498514998,4.398533546323165,8.75,221.99768611420137
24069625931,176,8800.0,8850.0,50.0,150.15199130272867,152.803202711438,151.390821365437,0.151390821365437,5.3024228174186305,8.8,224.6488975229107
24069625931,177,8850.0,8900.0,50.0,152.803202711438,154.96,153.94189125130302,0.15394189125130303,4.313594577124036,8.85,226.8056948114727
24069625931,178,8900.0,8950.0,50.0,154.96,156.03296187683287,155.64746823069405,0.15564746823069406,2.145923753665727,8.9,227.87865668830557
24069625931,179,8950.0,9000.0,50.0,156.03296187683287,157.5060234986768,156.4983793040391,0.1564983793040391,2.9461232436878504,8.95,229.3517183101495
24069625931,180,9000.0,9050.0,50.0,157.5060234986768,159.22633744855966,158.5350857145762,0.15853508571457622,3.4406278997657296,9.0,231.07203226003236
24069625931,181,9050.0,9100.0,50.0,159.22633744855966,156.9309583963481,158.70595112663923,0.15870595112663924,-4.5907581044231165,9.05,231.07203226003236
24069625931,182,9100.0,9150.0,50.0,156.9309583963481,148.95812981538046,152.71104469249505,0.15271104469249505,-15.945657161935287,9.1,231.07203226003236
24069625931,183,9150.0,9200.0,50.0,148.95812981538046,140.77199670270028,145.35290045514316,0.14535290045514315,-16.372266225360363,9.15,231.07203226003236
24069625931,184,9200.0,9250.0,50.0,140.77199670270028,128.80340488846588,134.61572832330046,0.13461572832330046,-23.9371836284688,9.2,231.07203226003236
24069625931,185,9250.0,9300.0,50.0,128.80340488846588,120.24235563178294,124.29487951261198,0.12429487951261199,-17.12209851336587,9.25,231.07203226003236
24069625931,186,9300.0,9350.0,50.0,120.24235563178294,115.68793452045304,117.68342324558073,0.11768342324558073,-9.108842222659803,9.3,231.07203226003236
24069625931,187,9350.0,9400.0,50.0,115.68793452045304,111.86224335328343,113.86321881398571,0.11386321881398571,-7.6513823343392176,9.35,231.07203226003236
24069625931,188,9400.0,9450.0,50.0,111.86224335328343,108.82546029542195,110.33374663827435,0.11033374663827435,-6.073566115722969,9.4,231.07203226003236
24069625931,189,9450.0,9500.0,50.0,108.82546029542195,104.14058020629368,106.40975503994575,0.10640975503994575,-9.369760178256541,9.45,231.07203226003236
24069625931,190,9500.0,9550.0,50.0,104.14058020629368,104.6536927908902,104.07203161959637,0.10407203161959637,1.0262251691930544,9.5,231.58514484462887
24069625931,191,9550.0,9600.0,50.0,104.6536927908902,106.00645962732919,105.53051639764816,0.10553051639764816,2.7055336728779764,9.55,232.93791168106787
24069625931,192,9600.0,9650.0,50.0,106.00645962732919,105.38897271268058,105.82777269872288,0.10582777269872289,-1.2349738292972177,9.6,232.93791168106787
24069625931,193,9650.0,9700.0,50.0,105.38897271268058,102.7758075102337,104.11976625966662,0.10411976625966662,-5.226330404893758,9.65,232.93791168106787
24069625931,194,9700.0,9750.0,50.0,102.7758075102337,100.17291828793773,101.34929063172557,0.10134929063172557,-5.205778444591942,9.7,232.93791168106787
24069625931,195,9750.0,9800.0,50.0,100.17291828793773,99.90614405027702,100.00230771829604,0.10000230771829603,-0.5335484753214246,9.75,232.93791168106787
24069625931,196,9800.0,9850.0,50.0,99.90614405027702,99.83804444444445,99.77179667208763,0.09977179667208763,-0.1361992116651436,9.8,232.93791168106787
24069625931,197,9850.0,9900.0,50.0,99.83804444444445,100.30628158844763,100.21850375718678,0.10021850375718679,0.9364742880063659,9.85,233.40614882507106
24069625931,198,9900.0,9950.0,50.0,100.30628158844763,99.48720932560968,99.86587540053146,0.09986587540053146,-1.638144525675898,9.9,233.40614882507106
24069625931,199,9950.0,10000.0,50.0,99.48720932560968,98.73250881765425,99.16780385561749,0.09916780385561749,-1.5094010159108677,9.95,233.40614882507106
24069625931,200,10000.0,10050.0,50.0,98.73250881765425,96.936154074875,97.80608511901056,0.09780608511901057,-3.592709485558487,10.0,233.40614882507106
24069625931,201,10050.0,10100.0,50.0,96.936154074875,96.29578125000003,96.57854551220326,0.09657854551220327,-1.2807456497499459,10.05,233.40614882507106
24069625931,202,10100.0,10150.0,50.0,96.29578125000003,94.34139164784526,95.40402329575208,0.09540402329575208,-3.9087792043095533,10.1,233.40614882507106
24069625931,203,10150.0,10200.0,50.0,94.34139164784526,94.13262458471763,94.07226911690493,0.09407226911690493,-0.4175341262552479,10.15,233.40614882507106
24069625931,204,10200.0,10250.0,50.0,94.13262458471763,94.69058295964123,94.41263868817941,0.09441263868817941,1.1159167498472016,10.2,233.96410719999466
24069625931,205,10250.0,10300.0,50.0,94.69058295964123,94.71999999999998,94.74881913303436,0.09474881913303436,0.05883408071750296,10.25,233.9935242403534
24069625931,206,10300.0,10350.0,50.0,94.71999999999998,94.6885023554382,94.71243222722643,0.09471243222722643,-0.06299528912356323,10.3,233.9935242403534
24069625931,207,10350.0,10400.0,50.0,94.6885023554382,94.387,94.54723679487843,0.09454723679487843,-0.6030047108764052,10.35,233.9935242403534
24069625931,208,10400.0,10450.0,50.0,94.387,96.66754978843676,95.26645536082829,0.09526645536082828,4.5610995768735165,10.4,236.27407402879015
24069625931,209,10450.0,10500.0,50.0,96.66754978843676,98.11462962962965,97.60936603254676,0.09760936603254676,2.8941596823857765,10.45,237.72115386998303
24069625931,210,10500.0,10550.0,50.0,98.11462962962965,97.0801804511278,97.77641190940314,0.09777641190940314,-2.0688983570036896,10.5,237.72115386998303
24069625931,211,10550.0,10600.0,50.0,97.0801804511278,93.33244309100624,95.31086466810484,0.09531086466810484,-7.495474720243124,10.55,237.72115386998303
24069625931,212,10600.0,10650.0,50.0,93.33244309100624,89.08017583261221,91.2375089823197,0.09123750898231969,-8.504534516788055,10.6,237.72115386998303
24069625931,213,10650.0,10700.0,50.0,89.08017583261221,85.9922887569568,87.38060219004979,0.08738060219004978,-6.175774151310833,10.65,237.72115386998303
24069625931,214,10700.0,10750.0,50.0,85.9922887569568,84.56823529411763,85.19542115161498,0.08519542115161498,-2.848106925678337,10.7,237.72115386998303
24069625931,215,10750.0,10800.0,50.0,84.56823529411763,84.8168954612267,84.53296253016374,0.08453296253016375,0.4973203342181307,10.75,237.96981403709208
24069625931,216,10800.0,10850.0,50.0,84.8168954612267,84.92980891719743,85.00681291108043,0.08500681291108043,0.22582691194148197,10.8,238.0827274930628
24069625931,217,10850.0,10900.0,50.0,84.92980891719743,84.85320444261619,84.8810904619297,0.0848810904619297,-0.15320894916249017,10.85,238.0827274930628
24069625931,218,10900.0,10950.0,50.0,84.85320444261619,84.91999999999999,84.83374880021937,0.08483374880021936,0.13359111476759722,10.9,238.1495230504466
24069625931,219,10950.0,11000.0,50.0,84.91999999999999,85.94069522173004,85.41049201519714,0.08541049201519714,2.0413904434601022,10.95,239.17021827217664
24069625931,220,11000.0,11050.0,50.0,85.94069522173004,86.12186408284813,86.07230359617984,0.08607230359617983,0.362337722236191,11.0,239.35138713329474
24069625931,221,11050.0,11100.0,50.0,86.12186408284813,86.35999999999999,86.23976369320117,0.08623976369320117,0.47627183430370224,11.05,239.5895230504466
24069625931,222,11100.0,11150.0,50.0,86.35999999999999,86.05168784770072,86.2787539767604,0.0862787539767604,-0.6166243045985311,11.1,239.5895230504466
24069625931,223,11150.0,11200.0,50.0,86.05168784770072,84.46048648847609,85.34873956265058,0.08534873956265057,-3.1824027184492536,11.15,239.5895230504466
24069625931,224,11200.0,11250.0,50.0,84.46048648847609,81.57871325913382,83.0869659168405,0.08308696591684049,-5.763546458684544,11.2,239.5895230504466
24069625931,225,11250.0,11300.0,50.0,81.57871325913382,78.86472845608728,80.16127482576472,0.08016127482576473,-5.427969606093086,11.25,239.5895230504466
24069625931,226,11300.0,11350.0,50.0,78.86472845608728,77.67999999999998,78.14654843604835,0.07814654843604835,-2.3694569121745985,11.3,239.5895230504466
24069625931,227,11350.0,11400.0,50.0,77.67999999999998,77.32887417218544,77.47777041942605,0.07747777041942605,-0.7022516556290839,11.35,239.5895230504466
24069625931,228,11400.0,11450.0,50.0,77.32887417218544,77.61557755775577,77.44962960534464,0.07744962960534464,0.5734067711406681,11.4,239.8762264360169
24069625931,229,11450.0,11500.0,50.0,77.61557755775577,77.81511811023618,77.72298346370069,0.07772298346370068,0.39908110496082827,11.45,240.07576698849732
24069625931,230,11500.0,11550.0,50.0,77.81511811023618,78.31176680585216,77.9947971210512,0.0779947971210512,0.9932973912319483,11.5,240.5724156841133
24069625931,231,11550.0,11600.0,50.0,78.31176680585216,81.54063746879494,79.69038691399028,0.07969038691399027,6.457741325885564,11.55,243.80128634705608
24069625931,232,11600.0,11628.92,28.920000000000073,81.54063746879494,83.26351259716743,82.27045421497805,0.08227045421497804,5.9573828781897955,11.6,245.52416147542857
24225591249,0,0.0,50.0,50.0,279.51320754716977,280.69875559294815,280.2090418227329,0.2802090418227329,2.371096091556751,0.0,1.1855480457783756
24225591249,1,50.0,100.0,50.0,280.69875559294815,280.0,280.34127296136245,0.28034127296136246,-1.3975111858962919,0.05,1.1855480457783756
24225591249,2,100.0,150.0,50.0,280.0,279.56000000000006,279.7533333333333,0.2797533333333333,-0.8799999999998818,0.1,1.1855480457783756
24225591249,3,150.0,200.0,50.0,279.56000000000006,278.8,279.25333333333333,0.27925333333333335,-1.5200000000000955,0.15,1.1855480457783756
24225591249,4,200.0,250.0,50.0,278.8,277.82019834710746,278.2726997245179,0.2782726997245179,-1.9596033057850946,0.2,1.1855480457783756
24225591249,5,250.0,300.0,50.0,277.82019834710746,277.4131274131274,277.5896865247775,0.2775896865247775,-0.8141418679600747,0.25,1.1855480457783756
24225591249,6,300.0,350.0,50.0,277.4131274131274,276.8948972224269,277.215191088827,0.277215191088827,-1.0364603814010707,0.3,1.1855480457783756
24225591249,7,350.0,400.0,50.0,276.8948972224269,275.66014184397164,276.2507402071871,0.2762507402071871,-2.469510756910495,0.35,1.1855480457783756
24225591249,8,400.0,450.0,50.0,275.66014184397164,274.4448093656067,275.10436358148735,0.2751043635814873,-2.4306649567298564,0.4,1.1855480457783756
24225591249,9,450.0,500.0,50.0,274.4448093656067,273.0623216574282,273.6172159494311,0.2736172159494311,-2.7649754163570606,0.45,1.1855480457783756
24225591249,10,500.0,550.0,50.0,273.0623216574282,274.1552000415266,273.6204074265502,0.2736204074265502,2.185756768196825,0.5,2.278426429876788
24225591249,11,550.0,600.0,50.0,274.1552000415266,272.63671936339523,273.53466901883223,0.2735346690188322,-3.0369613562627364,0.55,2.278426429876788
24225591249,12,600.0,650.0,50.0,272.63671936339523,270.6532351858668,271.7019411809002,0.2717019411809002,-3.966968355056906,0.6,2.278426429876788
24225591249,13,650.0,700.0,50.0,270.6532351858668,268.7387692307692,269.5497870199976,0.2695497870199976,-3.828931910195138,0.65,2.278426429876788
24225591249,14,700.0,750.0,50.0,268.7387692307692,268.76186440677964,268.73062755323775,0.26873062755323773,0.04619035202085797,0.7,2.301521605887217
24225591249,15,750.0,800.0,50.0,268.76186440677964,268.79115942028983,268.7399209858348,0.26873992098583477,0.058590027020386515,0.75,2.3308166193974102
24225591249,16,800.0,850.0,50.0,268.79115942028983,268.62350989412187,268.800214582705,0.268800214582705,-0.3352990523359267,0.8,2.3308166193974102
24225591249,17,850.0,900.0,50.0,268.62350989412187,266.7224894256916,267.7673802864545,0.2677673802864545,-3.8020409368605215,0.85,2.3308166193974102
24225591249,18,900.0,950.0,50.0,266.7224894256916,263.93837072215376,265.36460369983575,0.2653646036998358,-5.568237407075685,0.9,2.3308166193974102
24225591249,19,950.0,1000.0,50.0,263.93837072215376,260.8917087881512,262.42871696047916,0.26242871696047915,-6.093323868005086,0.95,2.3308166193974102
24225591249,20,1000.0,1050.0,50.0,260.8917087881512,257.73974188708615,259.3136735217907,0.2593136735217907,-6.303933802130132,1.0,2.3308166193974102
24225591249,21,1050.0,1100.0,50.0,257.73974188708615,254.55537852358717,256.1379989769628,0.2561379989769628,-6.368726726997977,1.05,2.3308166193974102
24225591249,22,1100.0,1150.0,50.0,254.55537852358717,252.15650878155174,253.28916739032272,0.2532891673903227,-4.79773948407086,1.1,2.3308166193974102
24225591249,23,1150.0,1200.0,50.0,252.15650878155174,250.99321637426902,251.42549281906528,0.2514254928190653,-2.3265848145654218,1.15,2.3308166193974102
24225591249,24,1200.0,1250.0,50.0,250.99321637426902,249.75774806053056,250.66200857374497,0.250662008573745,-2.470936627476931,1.2,2.3308166193974102
24225591249,25,1250.0,1300.0,50.0,249.75774806053056,246.01916666666665,247.74391443805266,0.24774391443805266,-7.477162787727821,1.25,2.3308166193974102
24225591249,26,1300.0,1350.0,50.0,246.01916666666665,244.34464944229086,245.18098542799996,0.24518098542799996,-3.3490344487515813,1.3,2.3308166193974102
24225591249,27,1350.0,1400.0,50.0,244.34464944229086,242.22262393520458,243.28151818968539,0.24328151818968538,-4.244051014172555,1.35,2.3308166193974102
24225591249,28,1400.0,1450.0,50.0,242.22262393520458,242.31451025746938,242.04596282741304,0.24204596282741303,0.18377264452959707,1.4,2.422702941662209
24225591249,29,1450.0,1500.0,50.0,242.31451025746938,242.07882718274476,242.51285761909415,0.24251285761909414,-0.4713661494492385,1.45,2.422702941662209
24225591249,30,1500.0,1550.0,50.0,242.07882718274476,236.80080262271395,239.65452051114653,0.23965452051114652,-10.55604912006163,1.5,2.422702941662209
24225591249,31,1550.0,1600.0,50.0,236.80080262271395,231.61362847549418,234.06372535966878,0.23406372535966877,-10.374348294439528,1.55,2.422702941662209
24225591249,32,1600.0,1650.0,50.0,231.61362847549418,229.13389961389962,230.11024943693727,0.23011024943693725,-4.959457723189132,1.6,2.422702941662209
24225591249,33,1650.0,1700.0,50.0,229.13389961389962,228.4199553475449,228.84696001663073,0.22884696001663074,-1.427888532709403,1.65,2.422702941662209
24225591249,34,1700.0,1750.0,50.0,228.4199553475449,225.43093393583732,227.06936746817553,0.22706936746817552,-5.978042823415194,1.7,2.422702941662209
24225591249,35,1750.0,1800.0,50.0,225.43093393583732,221.57105279182846,223.46169991207321,0.2234616999120732,-7.719762288017705,1.75,2.422702941662209
24225591249,36,1800.0,1850.0,50.0,221.57105279182846,217.53601526978315,219.51937827102026,0.21951937827102025,-8.070075044090629,1.8,2.422702941662209
24225591249,37,1850.0,1900.0,50.0,217.53601526978315,216.90282010071786,217.12098856942103,0.21712098856942103,-1.2663903381305772,1.85,2.422702941662209
24225591249,38,1900.0,1950.0,50.0,216.90282010071786,215.69947267570097,216.28546749493796,0.21628546749493796,-2.406694850033773,1.9,2.422702941662209
24225591249,39,1950.0,2000.0,50.0,215.69947267570097,215.31644444444447,215.4369272136927,0.2154369272136927,-0.7660564625130064,1.95,2.422702941662209
24225591249,40,2000.0,2050.0,50.0,215.31644444444447,214.01292058266213,215.00654032126002,0.21500654032126001,-2.6070477235646763,2.0,2.422702941662209
24225591249,41,2050.0,2100.0,50.0,214.01292058266213,209.56968450292442,211.64662691685888,0.21164662691685887,-8.886472159475431,2.05,2.422702941662209
24225591249,42,2100.0,2150.0,50.0,209.56968450292442,207.5604485235021,208.4697651054249,0.2084697651054249,-4.018471958844657,2.1,2.422702941662209
24225591249,43,2150.0,2200.0,50.0,207.5604485235021,206.79463683874764,207.11908004713828,0.20711908004713828,-1.5316233695089068,2.15,2.422702941662209
24225591249,44,2200.0,2250.0,50.0,206.79463683874764,207.20446153846152,206.89538745886372,0.2068953874588637,0.8196493994277603,2.2,2.832527641376089
24225591249,45,2250.0,2300.0,50.0,207.20446153846152,204.42621172829706,206.26845467130383,0.20626845467130384,-5.556499620328907,2.25,2.832527641376089
24225591249,46,2300.0,2350.0,50.0,204.42621172829706,201.6280254358574,202.7089469051687,0.2027089469051687,-5.596372584879305,2.3,2.832527641376089
24225591249,47,2350.0,2400.0,50.0,201.6280254358574,201.04000000000002,201.29980994665627,0.20129980994665628,-1.1760508717147786,2.35,2.832527641376089
24225591249,48,2400.0,2450.0,50.0,201.04000000000002,199.9218508795817,200.53332694297697,0.20053332694297696,-2.236298240836618,2.4,2.832527641376089
24225591249,49,2450.0,2500.0,50.0,199.9218508795817,198.95999999999998,199.4018572699381,0.1994018572699381,-1.923701759163464,2.45,2.832527641376089
24225591249,50,2500.0,2550.0,50.0,198.95999999999998,199.74030291540845,199.22497068147845,0.19922497068147846,1.5606058308169395,2.5,3.6128305567845587
24225591249,51,2550.0,2600.0,50.0,199.74030291540845,198.1050676269738,199.174584590811,0.199174584590811,-3.270470576869286,2.55,3.6128305567845587
24225591249,52,2600.0,2650.0,50.0,198.1050676269738,197.08,197.4658152700928,0.1974658152700928,-2.0501352539475874,2.6,3.6128305567845587
24225591249,53,2650.0,2700.0,50.0,197.08,196.4806092691112,196.80166009790275,0.19680166009790276,-1.198781461777628,2.65,3.6128305567845587
24225591249,54,2700.0,2750.0,50.0,196.4806092691112,195.6911842105263,196.08747987296283,0.19608747987296282,-1.578850117169793,2.7,3.6128305567845587
24225591249,55,2750.0,2800.0,50.0,195.6911842105263,195.57735849056604,195.47510633896061,0.19547510633896062,-0.22765143992052117,2.75,3.6128305567845587
24225591249,56,2800.0,2850.0,50.0,195.57735849056604,198.2372311992478,196.8007595164189,0.1968007595164189,5.319745417363492,2.8,6.272703265466305
24225591249,57,2850.0,2900.0,50.0,198.2372311992478,201.13115593030358,199.7075674656787,0.1997075674656787,5.787849462111581,2.85,9.166627996522095
24225591249,58,2900.0,2950.0,50.0,201.13115593030358,203.697171669155,202.4531755722314,0.20245317557223141,5.132031477702867,2.9,11.732643735373529
24225591249,59,2950.0,3000.0,50.0,203.697171669155,205.6614376721763,204.72717385379062,0.2047271738537906,3.9285320060425875,2.95,13.696909738394822
24225591249,60,3000.0,3050.0,50.0,205.6614376721763,207.0741077027009,206.37182238779067,0.20637182238779067,2.8253400610491894,3.0,15.109579768919417
24225591249,61,3050.0,3100.0,50.0,207.0741077027009,208.4435563839702,207.76108730397178,0.20776108730397178,2.73889736253858,3.05,16.479028450188707
24225591249,62,3100.0,3150.0,50.0,208.4435563839702,210.1547940635697,209.25556624510384,0.20925556624510383,3.4224753591990407,3.1,18.190266129788228
24225591249,63,3150.0,3200.0,50.0,210.1547940635697,212.61657223652983,211.32451339528382,0.21132451339528383,4.923556345920247,3.15,20.65204430274835
24225591249,64,3200.0,3250.0,50.0,212.61657223652983,215.5855918678626,214.0869888834355,0.2140869888834355,5.938039262665541,3.2,23.62106393408112
24225591249,65,3250.0,3300.0,50.0,215.5855918678626,218.96451573409132,217.2516802865964,0.21725168028659642,6.757847732457435,3.25,26.99998780030984
24225591249,66,3300.0,3350.0,50.0,218.96451573409132,222.35944696716797,220.6762590043735,0.2206762590043735,6.789862466153295,3.3,30.394919033386486
24225591249,67,3350.0,3400.0,50.0,222.35944696716797,225.66137094484347,224.01283050382503,0.22401283050382503,6.603847955351,3.35,33.696843011061986
24225591249,68,3400.0,3450.0,50.0,225.66137094484347,229.20568425460505,227.43116811859454,0.22743116811859454,7.088626619523154,3.4,37.24115632082356
24225591249,69,3450.0,3500.0,50.0,229.20568425460505,232.765782219046,230.97734121270608,0.23097734121270608,7.1201959288819126,3.45,40.80125428526452
24225591249,70,3500.0,3550.0,50.0,232.765782219046,235.74126037806133,234.27977750211008,0.23427977750211007,5.950956318030649,3.5,43.776732444279844
24225591249,71,3550.0,3600.0,50.0,235.74126037806133,238.90850420270135,237.3123702355549,0.2373123702355549,6.3344876492800495,3.55,46.94397626891987
24225591249,72,3600.0,3650.0,50.0,238.90850420270135,242.0275706372741,240.48919234688765,0.24048919234688765,6.238132869145488,3.6,50.06304270349261
24225591249,73,3650.0,3700.0,50.0,242.0275706372741,244.32916962123286,243.24842145847492,0.24324842145847492,4.603197967917538,3.65,52.36464168745138
24225591249,74,3700.0,3750.0,50.0,244.32916962123286,245.86069786746816,245.1239078224236,0.2451239078224236,3.0630564924705936,3.7,53.89616993368668
24225591249,75,3750.0,3800.0,50.0,245.86069786746816,246.96026936026934,246.49243700397903,0.24649243700397905,2.19914298560235,3.75,54.995741426487854
24225591249,76,3800.0,3850.0,50.0,246.96026936026934,247.24,247.08008978675647,0.24708008978675647,0.5594612794613454,3.8,55.275472066218526
24225591249,77,3850.0,3900.0,50.0,247.24,247.72937499999998,247.4744791666666,0.24747447916666662,0.9787499999999341,3.85,55.76484706621849
24225591249,78,3900.0,3950.0,50.0,247.72937499999998,248.28845528455287,248.00053268970188,0.24800053268970187,1.1181605691057825,3.9,56.323927350771385
24225591249,79,3950.0,4000.0,50.0,248.28845528455287,249.08057971014492,248.69644161659008,0.24869644161659007,1.5842488511840997,3.95,57.116051776363435
24225591249,80,4000.0,4050.0,50.0,249.08057971014492,249.3419533799534,249.18162551940813,0.24918162551940812,0.5227473396169557,4.0,57.37742544617191
24225591249,81,4050.0,4100.0,50.0,249.3419533799534,250.23662447257385,249.7917006973336,0.24979170069733359,1.789342185240912,4.05,58.27209653879237
24225591249,82,4100.0,4150.0,50.0,250.23662447257385,251.4,250.79220815752464,0.2507922081575246,2.326751054852309,4.1,59.43547206621852
24225591249,83,4150.0,4200.0,50.0,251.4,252.44573770491803,251.95715846994537,0.2519571584699454,2.0914754098360504,4.15,60.48120977113655
24225591249,84,4200.0,4250.0,50.0,252.44573770491803,252.95274044471506,252.72616822544202,0.252726168225442,1.0140054795940614,4.2,60.98821251093358
24225591249,85,4250.0,4300.0,50.0,252.95274044471506,253.0,253.00848478757908,0.2530084847875791,0.09451911056987683,4.25,61.03547206621852
24225591249,86,4300.0,4350.0,50.0,253.0,252.67633233248839,252.85346657238392,0.25285346657238394,-0.6473353350232287,4.3,61.03547206621852
24225591249,87,4350.0,4400.0,50.0,252.67633233248839,252.48000000000002,252.56286576010447,0.25256286576010445,-0.3926646649767349,4.35,61.03547206621852
24225591249,88,4400.0,4450.0,50.0,252.48000000000002,252.72458204334362,252.5689576883385,0.2525689576883385,0.4891640866871967,4.4,61.280054109562116
24225591249,89,4450.0,4500.0,50.0,252.72458204334362,254.17833149799972,253.3325618462509,0.2533325618462509,2.90749890931221,4.45,62.73380356421822
24225591249,90,4500.0,4550.0,50.0,254.17833149799972,256.8588128433443,255.48173195724817,0.25548173195724816,5.360962690689178,4.5,65.41428490956281
24225591249,91,4550.0,4600.0,50.0,256.8588128433443,259.69081006775724,258.3018544864307,0.2583018544864307,5.663994448825861,4.55,68.24628213397574
24225591249,92,4600.0,4650.0,50.0,259.69081006775724,262.3911423499763,261.0009899905229,0.2610009899905229,5.400664564438102,4.6,70.94661441619479
24225591249,93,4650.0,4700.0,50.0,262.3911423499763,265.45435807500655,263.9159838971287,0.26391598389712867,6.126431450060522,4.65,74.00983014122505
24225591249,94,4700.0,4750.0,50.0,265.45435807500655,268.4583166246649,267.0031997273741,0.26700319972737413,6.007917099316728,4.7,77.01378869088342
24225591249,95,4750.0,4800.0,50.0,268.4583166246649,270.49558232931724,269.537392516563,0.269537392516563,4.0745314093046545,4.75,79.05105439553574
24225591249,96,4800.0,4850.0,50.0,270.49558232931724,271.08000000000004,270.8825970548862,0.2708825970548862,1.1688353413655932,4.8,79.63547206621854
24225591249,97,4850.0,4900.0,50.0,271.08000000000004,271.0126481726431,271.0492009881196,0.2710492009881196,-0.13470365471391688,4.85,79.63547206621854
24225591249,98,4900.0,4950.0,50.0,271.0126481726431,271.054700796909,271.01248863988855,0.2710124886398885,0.08410524853184143,4.9,79.67752469048446
24225591249,99,4950.0,5000.0,50.0,271.054700796909,272.9567347851361,271.8655220612148,0.2718655220612148,3.8040679764542347,4.95,81.57955867871158
24225591249,100,5000.0,5050.0,50.0,272.9567347851361,274.9668433971527,273.9898470286464,0.2739898470286464,4.020217224033104,5.0,83.58966729072813
24225591249,101,5050.0,5100.0,50.0,274.9668433971527,276.5723063973064,275.8886467729165,0.2758886467729165,3.210926000307495,5.05,85.19513029088188
24225591249,102,5100.0,5150.0,50.0,276.5723063973064,275.5891604180057,276.1733841844296,0.2761733841844296,-1.9662919586014596,5.1,85.19513029088188
24225591249,103,5150.0,5199.35,49.350000000000364,275.5891604180057,276.5146691823899,275.8258670371174,0.2758258670371174,1.8753976988535486,5.15,86.12063905526611
